-- Generated by Craft v2.2.2592 on 20 Oct 2014 13:50:57.

--
-- Disable foreign key checks and autocommit.
--

SET FOREIGN_KEY_CHECKS = 0;
SET SQL_MODE = "NO_AUTO_VALUE_ON_ZERO";
SET AUTOCOMMIT = 0;
SET NAMES utf8;


--
-- Schema for table `di_assetfiles`
--

DROP TABLE IF EXISTS `di_assetfiles`;

CREATE TABLE `di_assetfiles` (
  `id` int(11) NOT NULL,
  `sourceId` int(11) DEFAULT NULL,
  `folderId` int(11) NOT NULL,
  `filename` varchar(255) COLLATE utf8_unicode_ci NOT NULL,
  `kind` varchar(50) COLLATE utf8_unicode_ci NOT NULL DEFAULT 'unknown',
  `width` smallint(6) unsigned DEFAULT NULL,
  `height` smallint(6) unsigned DEFAULT NULL,
  `size` int(11) unsigned DEFAULT NULL,
  `dateModified` datetime DEFAULT NULL,
  `dateCreated` datetime NOT NULL,
  `dateUpdated` datetime NOT NULL,
  `uid` char(36) COLLATE utf8_unicode_ci NOT NULL DEFAULT '0',
  PRIMARY KEY (`id`),
  UNIQUE KEY `di_assetfiles_filename_folderId_unq_idx` (`filename`,`folderId`),
  KEY `di_assetfiles_sourceId_fk` (`sourceId`),
  KEY `di_assetfiles_folderId_fk` (`folderId`)
) ENGINE=InnoDB DEFAULT CHARSET=utf8 COLLATE=utf8_unicode_ci;

--
-- Data for table `di_assetfiles`
--

INSERT INTO `di_assetfiles` (`id`, `sourceId`, `folderId`, `filename`, `kind`, `width`, `height`, `size`, `dateModified`, `dateCreated`, `dateUpdated`, `uid`) VALUES ('5', '1', '3', '36522-Tabby-kitten-white-background.jpg', 'image', '1275', '1028', '224896', '2014-09-04 13:00:15', '2014-09-04 13:00:15', '2014-09-17 16:32:18', 'cac7b5bc-dfac-4d1f-8961-578bc0a51d51');
INSERT INTO `di_assetfiles` (`id`, `sourceId`, `folderId`, `filename`, `kind`, `width`, `height`, `size`, `dateModified`, `dateCreated`, `dateUpdated`, `uid`) VALUES ('18', '1', '3', 'forest-hills-hut-2745.jpg', 'image', '2048', '1536', '1404908', '2014-09-08 08:21:11', '2014-09-08 08:21:12', '2014-09-19 10:31:50', '9ec80324-dc6f-47aa-84a0-ecf365eb77ec');
INSERT INTO `di_assetfiles` (`id`, `sourceId`, `folderId`, `filename`, `kind`, `width`, `height`, `size`, `dateModified`, `dateCreated`, `dateUpdated`, `uid`) VALUES ('21', '1', '3', 'tree.jpg', 'image', '1920', '1080', '2752885', '2014-09-08 10:52:43', '2014-09-08 10:52:45', '2014-09-19 10:31:54', 'f1229442-b856-4294-ab89-881e8fddc8ff');
INSERT INTO `di_assetfiles` (`id`, `sourceId`, `folderId`, `filename`, `kind`, `width`, `height`, `size`, `dateModified`, `dateCreated`, `dateUpdated`, `uid`) VALUES ('25', '1', '3', 'burkina-faso-landscape.jpg', 'image', '2000', '1333', '217595', '2014-09-10 12:32:01', '2014-09-10 12:32:02', '2014-09-19 10:31:26', 'cb7d477f-11aa-4c2b-a9fe-5126397462b5');
INSERT INTO `di_assetfiles` (`id`, `sourceId`, `folderId`, `filename`, `kind`, `width`, `height`, `size`, `dateModified`, `dateCreated`, `dateUpdated`, `uid`) VALUES ('28', '1', '3', 'church.jpg', 'image', '2400', '1400', '1024503', '2014-09-15 08:25:20', '2014-09-15 08:25:21', '2014-09-17 16:32:07', 'bffcbd8f-b712-4518-8518-78d08be53b42');
INSERT INTO `di_assetfiles` (`id`, `sourceId`, `folderId`, `filename`, `kind`, `width`, `height`, `size`, `dateModified`, `dateCreated`, `dateUpdated`, `uid`) VALUES ('51', '1', '3', 'coffee-beans1.jpg', 'image', '1920', '1200', '618561', '2014-09-17 09:37:24', '2014-09-17 09:37:25', '2014-09-19 10:31:44', 'e89cbe62-9dde-47b6-8e83-75d3f0155ce6');
INSERT INTO `di_assetfiles` (`id`, `sourceId`, `folderId`, `filename`, `kind`, `width`, `height`, `size`, `dateModified`, `dateCreated`, `dateUpdated`, `uid`) VALUES ('59', '1', '3', 'african-girl-sad.jpg', 'image', '1698', '1131', '952829', '2014-09-18 08:41:53', '2014-09-18 08:41:54', '2014-09-18 08:41:54', 'ac4d2620-cf35-4ece-a35b-293e9f6eb925');
INSERT INTO `di_assetfiles` (`id`, `sourceId`, `folderId`, `filename`, `kind`, `width`, `height`, `size`, `dateModified`, `dateCreated`, `dateUpdated`, `uid`) VALUES ('60', '1', '4', 'church.png', 'image', '1600', '1600', '25352', '2014-09-18 12:23:01', '2014-09-18 10:49:24', '2014-09-18 12:23:04', '88dd816c-ff4a-4fa1-aaea-a4c424fa2e64');
INSERT INTO `di_assetfiles` (`id`, `sourceId`, `folderId`, `filename`, `kind`, `width`, `height`, `size`, `dateModified`, `dateCreated`, `dateUpdated`, `uid`) VALUES ('61', '1', '4', 'dropinn.png', 'image', '1600', '1600', '35669', '2014-09-19 10:16:07', '2014-09-18 11:07:47', '2014-09-19 10:16:10', '6657c5f9-e5b9-4843-9cba-2939897d9911');
INSERT INTO `di_assetfiles` (`id`, `sourceId`, `folderId`, `filename`, `kind`, `width`, `height`, `size`, `dateModified`, `dateCreated`, `dateUpdated`, `uid`) VALUES ('65', '1', '4', 'tinhouse.png', 'image', '1600', '1600', '234599', '2014-09-18 11:37:04', '2014-09-18 11:37:05', '2014-09-18 11:37:05', 'c49e52aa-4937-451d-a455-2e900ec8364b');
INSERT INTO `di_assetfiles` (`id`, `sourceId`, `folderId`, `filename`, `kind`, `width`, `height`, `size`, `dateModified`, `dateCreated`, `dateUpdated`, `uid`) VALUES ('70', '1', '4', 'church-w60pc.png', 'image', '1600', '1600', '24637', '2014-09-18 13:28:06', '2014-09-18 13:28:07', '2014-09-18 13:28:07', 'fed88c0e-3e42-4cac-b9fd-0d73ce819bf9');
INSERT INTO `di_assetfiles` (`id`, `sourceId`, `folderId`, `filename`, `kind`, `width`, `height`, `size`, `dateModified`, `dateCreated`, `dateUpdated`, `uid`) VALUES ('71', '1', '4', 'church-pridevhumility.png', 'image', '1600', '1600', '45438', '2014-09-18 13:37:12', '2014-09-18 13:31:47', '2014-09-18 13:37:14', '0bd6b5fa-3bc8-469a-8e0f-c5847dba97d0');
INSERT INTO `di_assetfiles` (`id`, `sourceId`, `folderId`, `filename`, `kind`, `width`, `height`, `size`, `dateModified`, `dateCreated`, `dateUpdated`, `uid`) VALUES ('111', '1', '5', 'profile-pic.jpg', 'image', '1907', '1263', '1046182', '2014-09-24 10:51:48', '2014-09-24 10:51:49', '2014-09-24 10:51:49', '3e6131d5-1b89-4032-aa8e-449cb6fc8db7');
INSERT INTO `di_assetfiles` (`id`, `sourceId`, `folderId`, `filename`, `kind`, `width`, `height`, `size`, `dateModified`, `dateCreated`, `dateUpdated`, `uid`) VALUES ('144', '1', '3', 'lampstand.jpg', 'image', '1700', '1700', '160954', '2014-10-02 08:02:36', '2014-10-02 08:02:37', '2014-10-02 08:02:37', 'd5ee25b0-694f-4c30-89e0-6b70c99f2f4e');
INSERT INTO `di_assetfiles` (`id`, `sourceId`, `folderId`, `filename`, `kind`, `width`, `height`, `size`, `dateModified`, `dateCreated`, `dateUpdated`, `uid`) VALUES ('146', '1', '3', 'portadown.jpg', 'image', '2304', '1728', '168636', '2014-10-02 09:05:54', '2014-10-02 09:03:10', '2014-10-02 09:05:56', '1d35b331-6aff-4804-bfc1-91713bfed555');
INSERT INTO `di_assetfiles` (`id`, `sourceId`, `folderId`, `filename`, `kind`, `width`, `height`, `size`, `dateModified`, `dateCreated`, `dateUpdated`, `uid`) VALUES ('150', '1', '3', 'fingerspelling-bsl-righthanded.jpg', 'image', '851', '551', '334993', '2014-10-02 10:18:42', '2014-10-02 10:16:39', '2014-10-02 10:18:44', 'f87a7cb0-d0d4-4d2b-a9bc-b26a5ead6fc8');
INSERT INTO `di_assetfiles` (`id`, `sourceId`, `folderId`, `filename`, `kind`, `width`, `height`, `size`, `dateModified`, `dateCreated`, `dateUpdated`, `uid`) VALUES ('154', '1', '3', 'ASL_family.jpg', 'image', '2048', '1536', '811236', '2014-10-02 10:22:50', '2014-10-02 10:22:51', '2014-10-02 10:22:51', '91f03f9e-9e14-4c0d-9ae9-30b9f9591fb4');
INSERT INTO `di_assetfiles` (`id`, `sourceId`, `folderId`, `filename`, `kind`, `width`, `height`, `size`, `dateModified`, `dateCreated`, `dateUpdated`, `uid`) VALUES ('155', '1', '3', 'sign.jpg', 'image', '2200', '1467', '663572', '2014-10-02 10:25:42', '2014-10-02 10:25:43', '2014-10-02 10:25:43', '49fbd7b5-0600-41ee-be85-854764992101');



--
-- Schema for table `di_assetfolders`
--

DROP TABLE IF EXISTS `di_assetfolders`;

CREATE TABLE `di_assetfolders` (
  `id` int(11) NOT NULL AUTO_INCREMENT,
  `parentId` int(11) DEFAULT NULL,
  `sourceId` int(11) DEFAULT NULL,
  `name` varchar(255) COLLATE utf8_unicode_ci NOT NULL,
  `path` varchar(255) COLLATE utf8_unicode_ci DEFAULT NULL,
  `dateCreated` datetime NOT NULL,
  `dateUpdated` datetime NOT NULL,
  `uid` char(36) COLLATE utf8_unicode_ci NOT NULL DEFAULT '0',
  PRIMARY KEY (`id`),
  UNIQUE KEY `di_assetfolders_name_parentId_sourceId_unq_idx` (`name`,`parentId`,`sourceId`),
  KEY `di_assetfolders_parentId_fk` (`parentId`),
  KEY `di_assetfolders_sourceId_fk` (`sourceId`)
) ENGINE=InnoDB AUTO_INCREMENT=6 DEFAULT CHARSET=utf8 COLLATE=utf8_unicode_ci;

--
-- Data for table `di_assetfolders`
--

INSERT INTO `di_assetfolders` (`id`, `parentId`, `sourceId`, `name`, `path`, `dateCreated`, `dateUpdated`, `uid`) VALUES ('1', NULL, '1', 'Images', '', '2014-09-04 12:32:41', '2014-09-04 12:32:41', '075be443-89b1-457d-96b6-f4b7142c59b0');
INSERT INTO `di_assetfolders` (`id`, `parentId`, `sourceId`, `name`, `path`, `dateCreated`, `dateUpdated`, `uid`) VALUES ('2', '1', '1', 'images', 'images/', '2014-09-04 14:15:52', '2014-09-04 14:15:52', 'daa88664-dd43-4352-a10c-ef343e3759ba');
INSERT INTO `di_assetfolders` (`id`, `parentId`, `sourceId`, `name`, `path`, `dateCreated`, `dateUpdated`, `uid`) VALUES ('3', '2', '1', 'content', 'images/content/', '2014-09-04 14:22:23', '2014-09-04 14:22:23', 'fdc4c5ca-61cd-4fd9-947e-1d5cb928b614');
INSERT INTO `di_assetfolders` (`id`, `parentId`, `sourceId`, `name`, `path`, `dateCreated`, `dateUpdated`, `uid`) VALUES ('4', '2', '1', 'emblem', 'images/emblem/', '2014-09-18 10:49:14', '2014-09-18 10:49:14', '4ab7e95d-14b1-4ec5-8bcd-0fef42fb065f');
INSERT INTO `di_assetfolders` (`id`, `parentId`, `sourceId`, `name`, `path`, `dateCreated`, `dateUpdated`, `uid`) VALUES ('5', '2', '1', 'profiles', 'images/profiles/', '2014-09-24 10:51:41', '2014-09-24 10:51:41', 'eac1d561-19a7-4d2b-879e-6accb041c8cf');



--
-- Schema for table `di_assetindexdata`
--

DROP TABLE IF EXISTS `di_assetindexdata`;

CREATE TABLE `di_assetindexdata` (
  `id` int(11) NOT NULL AUTO_INCREMENT,
  `sessionId` varchar(36) COLLATE utf8_unicode_ci NOT NULL DEFAULT '',
  `sourceId` int(10) NOT NULL,
  `offset` int(10) NOT NULL,
  `uri` varchar(255) COLLATE utf8_unicode_ci DEFAULT NULL,
  `size` int(10) DEFAULT NULL,
  `recordId` int(10) DEFAULT NULL,
  `dateCreated` datetime NOT NULL,
  `dateUpdated` datetime NOT NULL,
  `uid` char(36) COLLATE utf8_unicode_ci NOT NULL DEFAULT '0',
  PRIMARY KEY (`id`),
  UNIQUE KEY `di_assetindexdata_sessionId_sourceId_offset_unq_idx` (`sessionId`,`sourceId`,`offset`),
  KEY `di_assetindexdata_sourceId_fk` (`sourceId`)
) ENGINE=InnoDB DEFAULT CHARSET=utf8 COLLATE=utf8_unicode_ci;

--
-- Schema for table `di_assetsources`
--

DROP TABLE IF EXISTS `di_assetsources`;

CREATE TABLE `di_assetsources` (
  `id` int(11) NOT NULL AUTO_INCREMENT,
  `name` varchar(255) COLLATE utf8_unicode_ci NOT NULL,
  `type` varchar(150) COLLATE utf8_unicode_ci NOT NULL,
  `settings` text COLLATE utf8_unicode_ci,
  `sortOrder` tinyint(4) DEFAULT NULL,
  `fieldLayoutId` int(10) DEFAULT NULL,
  `dateCreated` datetime NOT NULL,
  `dateUpdated` datetime NOT NULL,
  `uid` char(36) COLLATE utf8_unicode_ci NOT NULL DEFAULT '0',
  PRIMARY KEY (`id`),
  UNIQUE KEY `di_assetsources_name_unq_idx` (`name`),
  KEY `di_assetsources_fieldLayoutId_fk` (`fieldLayoutId`)
) ENGINE=InnoDB AUTO_INCREMENT=2 DEFAULT CHARSET=utf8 COLLATE=utf8_unicode_ci;

--
-- Data for table `di_assetsources`
--

INSERT INTO `di_assetsources` (`id`, `name`, `type`, `settings`, `sortOrder`, `fieldLayoutId`, `dateCreated`, `dateUpdated`, `uid`) VALUES ('1', 'Images', 'Local', '{\"path\":\"images\\/\",\"url\":\"http:\\/\\/ontherocks.dev\\/images\\/\"}', '1', '110', '2014-09-04 12:32:41', '2014-09-15 08:28:22', '8bc05512-2116-4cf6-b413-9eadc843a646');



--
-- Schema for table `di_assettransformindex`
--

DROP TABLE IF EXISTS `di_assettransformindex`;

CREATE TABLE `di_assettransformindex` (
  `id` int(11) NOT NULL AUTO_INCREMENT,
  `fileId` int(11) NOT NULL,
  `filename` varchar(255) COLLATE utf8_unicode_ci DEFAULT NULL,
  `format` varchar(255) COLLATE utf8_unicode_ci DEFAULT NULL,
  `location` varchar(255) COLLATE utf8_unicode_ci NOT NULL,
  `sourceId` int(11) DEFAULT NULL,
  `fileExists` tinyint(1) DEFAULT NULL,
  `inProgress` tinyint(1) DEFAULT NULL,
  `dateIndexed` datetime DEFAULT NULL,
  `dateCreated` datetime NOT NULL,
  `dateUpdated` datetime NOT NULL,
  `uid` char(36) COLLATE utf8_unicode_ci NOT NULL DEFAULT '0',
  PRIMARY KEY (`id`),
  KEY `di_assettransformindex_sourceId_fileId_location_idx` (`sourceId`,`fileId`,`location`)
) ENGINE=InnoDB AUTO_INCREMENT=107 DEFAULT CHARSET=utf8 COLLATE=utf8_unicode_ci;

--
-- Data for table `di_assettransformindex`
--

INSERT INTO `di_assettransformindex` (`id`, `fileId`, `filename`, `format`, `location`, `sourceId`, `fileExists`, `inProgress`, `dateIndexed`, `dateCreated`, `dateUpdated`, `uid`) VALUES ('9', '28', 'church.jpg', NULL, '_posterDesktop', '1', '1', '0', '2014-09-29 15:10:44', '2014-09-29 15:10:44', '2014-09-29 15:10:44', 'c254c491-248e-4be2-bfd2-67f9433a7322');
INSERT INTO `di_assettransformindex` (`id`, `fileId`, `filename`, `format`, `location`, `sourceId`, `fileExists`, `inProgress`, `dateIndexed`, `dateCreated`, `dateUpdated`, `uid`) VALUES ('10', '28', 'church.jpg', NULL, '_posterDesktop2x', '1', '1', '0', '2014-09-29 15:10:44', '2014-09-29 15:10:44', '2014-09-29 15:10:45', 'ebbbf0c5-002b-4beb-b200-f1251cba63d0');
INSERT INTO `di_assettransformindex` (`id`, `fileId`, `filename`, `format`, `location`, `sourceId`, `fileExists`, `inProgress`, `dateIndexed`, `dateCreated`, `dateUpdated`, `uid`) VALUES ('11', '28', 'church.jpg', NULL, '_posterMobile', '1', '1', '0', '2014-09-29 15:10:44', '2014-09-29 15:10:44', '2014-09-29 15:10:45', '08acfb90-5292-4275-b30c-0cf3755f3a21');
INSERT INTO `di_assettransformindex` (`id`, `fileId`, `filename`, `format`, `location`, `sourceId`, `fileExists`, `inProgress`, `dateIndexed`, `dateCreated`, `dateUpdated`, `uid`) VALUES ('12', '28', 'church.jpg', NULL, '_posterMobile2x', '1', '1', '0', '2014-09-29 15:10:44', '2014-09-29 15:10:44', '2014-09-29 15:10:45', '3abfcac4-555f-4308-be3d-e8408534078c');
INSERT INTO `di_assettransformindex` (`id`, `fileId`, `filename`, `format`, `location`, `sourceId`, `fileExists`, `inProgress`, `dateIndexed`, `dateCreated`, `dateUpdated`, `uid`) VALUES ('13', '25', 'burkina-faso-landscape.jpg', NULL, '_posterDesktop', '1', '1', '0', '2014-09-29 16:10:13', '2014-09-29 16:10:13', '2014-09-29 16:10:13', 'b1518b73-ee45-4dd1-b7a9-57b6509be494');
INSERT INTO `di_assettransformindex` (`id`, `fileId`, `filename`, `format`, `location`, `sourceId`, `fileExists`, `inProgress`, `dateIndexed`, `dateCreated`, `dateUpdated`, `uid`) VALUES ('14', '25', 'burkina-faso-landscape.jpg', NULL, '_posterDesktop2x', '1', '1', '0', '2014-09-29 16:10:13', '2014-09-29 16:10:13', '2014-09-29 16:10:14', '1b0290ca-5033-411c-8ffa-331e092f207a');
INSERT INTO `di_assettransformindex` (`id`, `fileId`, `filename`, `format`, `location`, `sourceId`, `fileExists`, `inProgress`, `dateIndexed`, `dateCreated`, `dateUpdated`, `uid`) VALUES ('15', '25', 'burkina-faso-landscape.jpg', NULL, '_posterMobile', '1', '1', '0', '2014-09-29 16:10:13', '2014-09-29 16:10:13', '2014-09-29 16:10:14', 'ea80b35c-df19-48fb-862b-9e1a44b26908');
INSERT INTO `di_assettransformindex` (`id`, `fileId`, `filename`, `format`, `location`, `sourceId`, `fileExists`, `inProgress`, `dateIndexed`, `dateCreated`, `dateUpdated`, `uid`) VALUES ('16', '25', 'burkina-faso-landscape.jpg', NULL, '_posterMobile2x', '1', '1', '0', '2014-09-29 16:10:13', '2014-09-29 16:10:13', '2014-09-29 16:10:14', 'ca6a0c89-f1f6-42e4-a396-b8b1d5c9fced');
INSERT INTO `di_assettransformindex` (`id`, `fileId`, `filename`, `format`, `location`, `sourceId`, `fileExists`, `inProgress`, `dateIndexed`, `dateCreated`, `dateUpdated`, `uid`) VALUES ('17', '21', 'tree.jpg', NULL, '_posterDesktop', '1', '1', '0', '2014-09-29 16:13:57', '2014-09-29 16:13:57', '2014-09-29 16:13:57', 'f4226f9f-0a10-4f69-9962-706f490db533');
INSERT INTO `di_assettransformindex` (`id`, `fileId`, `filename`, `format`, `location`, `sourceId`, `fileExists`, `inProgress`, `dateIndexed`, `dateCreated`, `dateUpdated`, `uid`) VALUES ('18', '21', 'tree.jpg', NULL, '_posterDesktop2x', '1', '1', '0', '2014-09-29 16:13:57', '2014-09-29 16:13:57', '2014-09-29 16:13:58', '62f50711-12dd-4def-8ae7-a247fe592ac4');
INSERT INTO `di_assettransformindex` (`id`, `fileId`, `filename`, `format`, `location`, `sourceId`, `fileExists`, `inProgress`, `dateIndexed`, `dateCreated`, `dateUpdated`, `uid`) VALUES ('19', '21', 'tree.jpg', NULL, '_posterMobile', '1', '1', '0', '2014-09-29 16:14:15', '2014-09-29 16:14:15', '2014-09-29 16:14:15', 'ce6d92e3-35f1-492c-a7da-e882fd6de4f9');
INSERT INTO `di_assettransformindex` (`id`, `fileId`, `filename`, `format`, `location`, `sourceId`, `fileExists`, `inProgress`, `dateIndexed`, `dateCreated`, `dateUpdated`, `uid`) VALUES ('20', '21', 'tree.jpg', NULL, '_posterMobile2x', '1', '1', '0', '2014-09-29 16:14:15', '2014-09-29 16:14:15', '2014-09-29 16:14:16', '3ddd5a25-3b9e-4add-be37-fc1e6cb47a59');
INSERT INTO `di_assettransformindex` (`id`, `fileId`, `filename`, `format`, `location`, `sourceId`, `fileExists`, `inProgress`, `dateIndexed`, `dateCreated`, `dateUpdated`, `uid`) VALUES ('21', '59', 'african-girl-sad.jpg', NULL, '_article', '1', '1', '0', '2014-09-30 12:27:36', '2014-09-30 12:27:36', '2014-09-30 12:27:36', 'bc5fb1f6-9593-4d13-a99d-2cb50f19bc47');
INSERT INTO `di_assettransformindex` (`id`, `fileId`, `filename`, `format`, `location`, `sourceId`, `fileExists`, `inProgress`, `dateIndexed`, `dateCreated`, `dateUpdated`, `uid`) VALUES ('22', '59', 'african-girl-sad.jpg', NULL, '_article2x', '1', '1', '0', '2014-09-30 12:27:36', '2014-09-30 12:27:36', '2014-09-30 12:27:37', '2f5a7c8f-a33b-49ba-ad93-ab19dc1c383f');
INSERT INTO `di_assettransformindex` (`id`, `fileId`, `filename`, `format`, `location`, `sourceId`, `fileExists`, `inProgress`, `dateIndexed`, `dateCreated`, `dateUpdated`, `uid`) VALUES ('23', '111', 'profile-pic.jpg', NULL, '_posterDesktop', '1', '1', '0', '2014-09-30 12:42:37', '2014-09-30 12:42:37', '2014-09-30 12:42:38', '8a46572a-acef-4577-b36e-c1582a5103c6');
INSERT INTO `di_assettransformindex` (`id`, `fileId`, `filename`, `format`, `location`, `sourceId`, `fileExists`, `inProgress`, `dateIndexed`, `dateCreated`, `dateUpdated`, `uid`) VALUES ('24', '111', 'profile-pic.jpg', NULL, '_posterDesktop2x', '1', '1', '0', '2014-09-30 12:42:37', '2014-09-30 12:42:37', '2014-09-30 12:42:38', 'af51ee7f-fcb7-4373-bbba-6d8c99c990b1');
INSERT INTO `di_assettransformindex` (`id`, `fileId`, `filename`, `format`, `location`, `sourceId`, `fileExists`, `inProgress`, `dateIndexed`, `dateCreated`, `dateUpdated`, `uid`) VALUES ('25', '111', 'profile-pic.jpg', NULL, '_posterMobile', '1', '1', '0', '2014-09-30 12:42:37', '2014-09-30 12:42:37', '2014-09-30 12:42:39', '31e5cad7-ef76-42fc-b67b-19f2c7bcff4b');
INSERT INTO `di_assettransformindex` (`id`, `fileId`, `filename`, `format`, `location`, `sourceId`, `fileExists`, `inProgress`, `dateIndexed`, `dateCreated`, `dateUpdated`, `uid`) VALUES ('26', '111', 'profile-pic.jpg', NULL, '_posterMobile2x', '1', '1', '0', '2014-09-30 12:42:37', '2014-09-30 12:42:37', '2014-09-30 12:42:39', '82a4f1ed-38b7-4dda-9df9-498628f24043');
INSERT INTO `di_assettransformindex` (`id`, `fileId`, `filename`, `format`, `location`, `sourceId`, `fileExists`, `inProgress`, `dateIndexed`, `dateCreated`, `dateUpdated`, `uid`) VALUES ('29', '18', 'forest-hills-hut-2745.jpg', NULL, '_posterDesktop', '1', '1', '0', '2014-10-01 09:33:33', '2014-10-01 09:33:33', '2014-10-01 09:33:33', '21e02eb8-b7fa-4fb3-8959-8cf0ec81c49d');
INSERT INTO `di_assettransformindex` (`id`, `fileId`, `filename`, `format`, `location`, `sourceId`, `fileExists`, `inProgress`, `dateIndexed`, `dateCreated`, `dateUpdated`, `uid`) VALUES ('30', '18', 'forest-hills-hut-2745.jpg', NULL, '_posterDesktop2x', '1', '1', '0', '2014-10-01 09:33:33', '2014-10-01 09:33:33', '2014-10-01 09:33:34', 'cf0eba81-800c-43f2-9d45-efd87f72e8e5');
INSERT INTO `di_assettransformindex` (`id`, `fileId`, `filename`, `format`, `location`, `sourceId`, `fileExists`, `inProgress`, `dateIndexed`, `dateCreated`, `dateUpdated`, `uid`) VALUES ('31', '18', 'forest-hills-hut-2745.jpg', NULL, '_posterMobile', '1', '1', '0', '2014-10-01 09:33:33', '2014-10-01 09:33:33', '2014-10-01 09:33:34', '92d884ed-1a25-4a19-ba20-4ebafd723a73');
INSERT INTO `di_assettransformindex` (`id`, `fileId`, `filename`, `format`, `location`, `sourceId`, `fileExists`, `inProgress`, `dateIndexed`, `dateCreated`, `dateUpdated`, `uid`) VALUES ('32', '18', 'forest-hills-hut-2745.jpg', NULL, '_posterMobile2x', '1', '1', '0', '2014-10-01 09:33:33', '2014-10-01 09:33:33', '2014-10-01 09:33:35', '130ea3c1-e3d8-4c2a-9151-ad8ae69a43d3');
INSERT INTO `di_assettransformindex` (`id`, `fileId`, `filename`, `format`, `location`, `sourceId`, `fileExists`, `inProgress`, `dateIndexed`, `dateCreated`, `dateUpdated`, `uid`) VALUES ('33', '28', 'church.jpg', NULL, '_thumb', '1', '1', '0', '2014-10-01 10:20:49', '2014-10-01 10:20:49', '2014-10-01 10:20:50', '99e0920b-2851-4ce4-9d40-e8ca2571bd9e');
INSERT INTO `di_assettransformindex` (`id`, `fileId`, `filename`, `format`, `location`, `sourceId`, `fileExists`, `inProgress`, `dateIndexed`, `dateCreated`, `dateUpdated`, `uid`) VALUES ('34', '28', 'church.jpg', NULL, '_thumb2x', '1', '1', '0', '2014-10-01 10:20:49', '2014-10-01 10:20:49', '2014-10-01 10:20:50', '2c78319a-98fc-41f1-a0ba-996339ed536e');
INSERT INTO `di_assettransformindex` (`id`, `fileId`, `filename`, `format`, `location`, `sourceId`, `fileExists`, `inProgress`, `dateIndexed`, `dateCreated`, `dateUpdated`, `uid`) VALUES ('37', '51', 'coffee-beans1.jpg', NULL, '_posterDesktop', '1', '1', '0', '2014-10-01 12:43:52', '2014-10-01 12:43:52', '2014-10-01 12:43:53', '6e772a4b-9bab-4a66-b974-131a414fbbb9');
INSERT INTO `di_assettransformindex` (`id`, `fileId`, `filename`, `format`, `location`, `sourceId`, `fileExists`, `inProgress`, `dateIndexed`, `dateCreated`, `dateUpdated`, `uid`) VALUES ('38', '51', 'coffee-beans1.jpg', NULL, '_posterDesktop2x', '1', '1', '0', '2014-10-01 12:43:52', '2014-10-01 12:43:52', '2014-10-01 12:43:53', '51aa5644-8f2b-4f85-8ef1-ae1857f9f558');
INSERT INTO `di_assettransformindex` (`id`, `fileId`, `filename`, `format`, `location`, `sourceId`, `fileExists`, `inProgress`, `dateIndexed`, `dateCreated`, `dateUpdated`, `uid`) VALUES ('39', '51', 'coffee-beans1.jpg', NULL, '_posterMobile', '1', '1', '0', '2014-10-01 12:43:52', '2014-10-01 12:43:52', '2014-10-01 12:43:54', '94fe6ac5-4d9b-47d0-8874-327383a75f50');
INSERT INTO `di_assettransformindex` (`id`, `fileId`, `filename`, `format`, `location`, `sourceId`, `fileExists`, `inProgress`, `dateIndexed`, `dateCreated`, `dateUpdated`, `uid`) VALUES ('40', '51', 'coffee-beans1.jpg', NULL, '_posterMobile2x', '1', '1', '0', '2014-10-01 12:43:52', '2014-10-01 12:43:52', '2014-10-01 12:43:54', 'bd02febc-3be8-4529-a2f7-8968df656d39');
INSERT INTO `di_assettransformindex` (`id`, `fileId`, `filename`, `format`, `location`, `sourceId`, `fileExists`, `inProgress`, `dateIndexed`, `dateCreated`, `dateUpdated`, `uid`) VALUES ('41', '144', 'lampstand.jpg', NULL, '_posterDesktop', '1', '1', '0', '2014-10-02 08:02:45', '2014-10-02 08:02:45', '2014-10-02 08:02:46', '1b0b46af-a086-4f40-a8c0-b0af1d64a697');
INSERT INTO `di_assettransformindex` (`id`, `fileId`, `filename`, `format`, `location`, `sourceId`, `fileExists`, `inProgress`, `dateIndexed`, `dateCreated`, `dateUpdated`, `uid`) VALUES ('42', '144', 'lampstand.jpg', NULL, '_posterDesktop2x', '1', '1', '0', '2014-10-02 08:02:45', '2014-10-02 08:02:45', '2014-10-02 08:02:46', '038b1035-e0a2-4328-a765-ccf8cf04cd12');
INSERT INTO `di_assettransformindex` (`id`, `fileId`, `filename`, `format`, `location`, `sourceId`, `fileExists`, `inProgress`, `dateIndexed`, `dateCreated`, `dateUpdated`, `uid`) VALUES ('49', '146', 'portadown.jpg', NULL, '_posterDesktop', '1', '1', '0', '2014-10-02 09:05:59', '2014-10-02 09:05:59', '2014-10-02 09:06:00', '14ac765d-c908-4e92-94a0-d8fca962d60c');
INSERT INTO `di_assettransformindex` (`id`, `fileId`, `filename`, `format`, `location`, `sourceId`, `fileExists`, `inProgress`, `dateIndexed`, `dateCreated`, `dateUpdated`, `uid`) VALUES ('50', '146', 'portadown.jpg', NULL, '_posterDesktop2x', '1', '1', '0', '2014-10-02 09:05:59', '2014-10-02 09:05:59', '2014-10-02 09:06:01', '598b3d4f-a4b6-444a-b40a-2aa3d7f354ed');
INSERT INTO `di_assettransformindex` (`id`, `fileId`, `filename`, `format`, `location`, `sourceId`, `fileExists`, `inProgress`, `dateIndexed`, `dateCreated`, `dateUpdated`, `uid`) VALUES ('51', '146', 'portadown.jpg', NULL, '_posterMobile', '1', '1', '0', '2014-10-02 09:05:59', '2014-10-02 09:05:59', '2014-10-02 09:06:01', '4f536592-17e6-4c58-8cd9-f7b03e20a5d1');
INSERT INTO `di_assettransformindex` (`id`, `fileId`, `filename`, `format`, `location`, `sourceId`, `fileExists`, `inProgress`, `dateIndexed`, `dateCreated`, `dateUpdated`, `uid`) VALUES ('52', '146', 'portadown.jpg', NULL, '_posterMobile2x', '1', '1', '0', '2014-10-02 09:05:59', '2014-10-02 09:05:59', '2014-10-02 09:06:01', '2a070d65-2896-4f4d-808f-36a1c58741eb');
INSERT INTO `di_assettransformindex` (`id`, `fileId`, `filename`, `format`, `location`, `sourceId`, `fileExists`, `inProgress`, `dateIndexed`, `dateCreated`, `dateUpdated`, `uid`) VALUES ('55', '150', 'fingerspelling-bsl-righthanded.jpg', NULL, '_article', '1', '1', '0', '2014-10-02 10:18:46', '2014-10-02 10:18:46', '2014-10-02 10:18:47', 'b84a1e17-1ac0-4474-9d13-baab5d4523d4');
INSERT INTO `di_assettransformindex` (`id`, `fileId`, `filename`, `format`, `location`, `sourceId`, `fileExists`, `inProgress`, `dateIndexed`, `dateCreated`, `dateUpdated`, `uid`) VALUES ('56', '150', 'fingerspelling-bsl-righthanded.jpg', NULL, '_article2x', '1', '1', '0', '2014-10-02 10:18:46', '2014-10-02 10:18:46', '2014-10-02 10:18:47', '23d36c2f-e7b9-47e0-bf89-11b4b5bc86ab');
INSERT INTO `di_assettransformindex` (`id`, `fileId`, `filename`, `format`, `location`, `sourceId`, `fileExists`, `inProgress`, `dateIndexed`, `dateCreated`, `dateUpdated`, `uid`) VALUES ('57', '154', 'ASL_family.jpg', NULL, '_posterDesktop', '1', '1', '0', '2014-10-02 10:22:59', '2014-10-02 10:22:59', '2014-10-02 10:23:00', '98f441f8-870a-4193-b8f4-173de6dbc905');
INSERT INTO `di_assettransformindex` (`id`, `fileId`, `filename`, `format`, `location`, `sourceId`, `fileExists`, `inProgress`, `dateIndexed`, `dateCreated`, `dateUpdated`, `uid`) VALUES ('58', '154', 'ASL_family.jpg', NULL, '_posterDesktop2x', '1', '1', '0', '2014-10-02 10:22:59', '2014-10-02 10:22:59', '2014-10-02 10:23:01', 'c10dac5a-90db-4a1e-a67e-653805a8f90c');
INSERT INTO `di_assettransformindex` (`id`, `fileId`, `filename`, `format`, `location`, `sourceId`, `fileExists`, `inProgress`, `dateIndexed`, `dateCreated`, `dateUpdated`, `uid`) VALUES ('59', '154', 'ASL_family.jpg', NULL, '_posterMobile', '1', '1', '0', '2014-10-02 10:22:59', '2014-10-02 10:22:59', '2014-10-02 10:23:01', 'ee057a37-5f97-450b-9fd1-b46fe141077d');
INSERT INTO `di_assettransformindex` (`id`, `fileId`, `filename`, `format`, `location`, `sourceId`, `fileExists`, `inProgress`, `dateIndexed`, `dateCreated`, `dateUpdated`, `uid`) VALUES ('60', '154', 'ASL_family.jpg', NULL, '_posterMobile2x', '1', '1', '0', '2014-10-02 10:22:59', '2014-10-02 10:22:59', '2014-10-02 10:23:02', '8c8dfab5-d91e-41a5-b57e-3946cab443bf');
INSERT INTO `di_assettransformindex` (`id`, `fileId`, `filename`, `format`, `location`, `sourceId`, `fileExists`, `inProgress`, `dateIndexed`, `dateCreated`, `dateUpdated`, `uid`) VALUES ('61', '154', 'ASL_family.jpg', NULL, '_thumbHalf', '1', '1', '0', '2014-10-02 10:24:04', '2014-10-02 10:24:04', '2014-10-02 10:24:05', 'f072cf25-29c5-4805-8f32-8896c6ecb9bc');
INSERT INTO `di_assettransformindex` (`id`, `fileId`, `filename`, `format`, `location`, `sourceId`, `fileExists`, `inProgress`, `dateIndexed`, `dateCreated`, `dateUpdated`, `uid`) VALUES ('62', '154', 'ASL_family.jpg', NULL, '_thumbHalf2x', '1', '1', '0', '2014-10-02 10:24:04', '2014-10-02 10:24:04', '2014-10-02 10:24:05', '37f002ec-24b2-49aa-9a04-556d3dfdaad6');
INSERT INTO `di_assettransformindex` (`id`, `fileId`, `filename`, `format`, `location`, `sourceId`, `fileExists`, `inProgress`, `dateIndexed`, `dateCreated`, `dateUpdated`, `uid`) VALUES ('63', '155', 'sign.jpg', NULL, '_posterDesktop', '1', '1', '0', '2014-10-02 10:26:33', '2014-10-02 10:26:33', '2014-10-02 10:26:33', '5419b084-1480-4153-910b-f2a2dc12cc2d');
INSERT INTO `di_assettransformindex` (`id`, `fileId`, `filename`, `format`, `location`, `sourceId`, `fileExists`, `inProgress`, `dateIndexed`, `dateCreated`, `dateUpdated`, `uid`) VALUES ('64', '155', 'sign.jpg', NULL, '_posterDesktop2x', '1', '1', '0', '2014-10-02 10:26:33', '2014-10-02 10:26:33', '2014-10-02 10:26:34', '9f21dd19-3dbd-474e-9ea6-c3984bba880d');
INSERT INTO `di_assettransformindex` (`id`, `fileId`, `filename`, `format`, `location`, `sourceId`, `fileExists`, `inProgress`, `dateIndexed`, `dateCreated`, `dateUpdated`, `uid`) VALUES ('65', '155', 'sign.jpg', NULL, '_posterMobile', '1', '1', '0', '2014-10-02 10:26:33', '2014-10-02 10:26:33', '2014-10-02 10:26:34', '9e8eb9b9-fc24-4247-9dc0-6bb116c9e950');
INSERT INTO `di_assettransformindex` (`id`, `fileId`, `filename`, `format`, `location`, `sourceId`, `fileExists`, `inProgress`, `dateIndexed`, `dateCreated`, `dateUpdated`, `uid`) VALUES ('66', '155', 'sign.jpg', NULL, '_posterMobile2x', '1', '1', '0', '2014-10-02 10:26:33', '2014-10-02 10:26:33', '2014-10-02 10:26:35', '4301fffd-fcd3-4a22-9184-1fd5c01cebd3');
INSERT INTO `di_assettransformindex` (`id`, `fileId`, `filename`, `format`, `location`, `sourceId`, `fileExists`, `inProgress`, `dateIndexed`, `dateCreated`, `dateUpdated`, `uid`) VALUES ('69', '150', 'fingerspelling-bsl-righthanded.jpg', NULL, '_articleWide', '1', '1', '0', '2014-10-02 10:48:33', '2014-10-02 10:48:33', '2014-10-02 10:48:34', '8cee4ef6-bab8-4e4b-96c6-b511cdb227bc');
INSERT INTO `di_assettransformindex` (`id`, `fileId`, `filename`, `format`, `location`, `sourceId`, `fileExists`, `inProgress`, `dateIndexed`, `dateCreated`, `dateUpdated`, `uid`) VALUES ('70', '150', 'fingerspelling-bsl-righthanded.jpg', NULL, '_articleWide2x', '1', '1', '0', '2014-10-02 10:48:33', '2014-10-02 10:48:33', '2014-10-02 10:48:35', '3120683e-fb2d-4bcc-9f4a-59b3193882c3');
INSERT INTO `di_assettransformindex` (`id`, `fileId`, `filename`, `format`, `location`, `sourceId`, `fileExists`, `inProgress`, `dateIndexed`, `dateCreated`, `dateUpdated`, `uid`) VALUES ('71', '51', 'coffee-beans1.jpg', NULL, '_thumb', '1', '1', '0', '2014-10-02 11:39:22', '2014-10-02 11:39:22', '2014-10-02 11:39:23', 'bb1cd99b-f0d3-424e-99b6-f20fdd481b96');
INSERT INTO `di_assettransformindex` (`id`, `fileId`, `filename`, `format`, `location`, `sourceId`, `fileExists`, `inProgress`, `dateIndexed`, `dateCreated`, `dateUpdated`, `uid`) VALUES ('72', '51', 'coffee-beans1.jpg', NULL, '_thumb2x', '1', '1', '0', '2014-10-02 11:39:22', '2014-10-02 11:39:22', '2014-10-02 11:39:23', '96f0ab53-56a1-4726-b8ef-5b6e3e145649');
INSERT INTO `di_assettransformindex` (`id`, `fileId`, `filename`, `format`, `location`, `sourceId`, `fileExists`, `inProgress`, `dateIndexed`, `dateCreated`, `dateUpdated`, `uid`) VALUES ('73', '146', 'portadown.jpg', NULL, '_thumb', '1', '1', '0', '2014-10-02 11:39:23', '2014-10-02 11:39:23', '2014-10-02 11:39:24', '557afac2-bb66-4eab-8150-cd6af9cd0078');
INSERT INTO `di_assettransformindex` (`id`, `fileId`, `filename`, `format`, `location`, `sourceId`, `fileExists`, `inProgress`, `dateIndexed`, `dateCreated`, `dateUpdated`, `uid`) VALUES ('74', '146', 'portadown.jpg', NULL, '_thumb2x', '1', '1', '0', '2014-10-02 11:39:23', '2014-10-02 11:39:23', '2014-10-02 11:39:25', '7040e02a-f0b4-4dc8-8f0e-ac2801761f15');
INSERT INTO `di_assettransformindex` (`id`, `fileId`, `filename`, `format`, `location`, `sourceId`, `fileExists`, `inProgress`, `dateIndexed`, `dateCreated`, `dateUpdated`, `uid`) VALUES ('75', '144', 'lampstand.jpg', NULL, '_thumb', '1', '1', '0', '2014-10-02 11:39:23', '2014-10-02 11:39:23', '2014-10-02 11:39:23', '40907bfa-52c5-46ca-a0eb-7ee1fc824fff');
INSERT INTO `di_assettransformindex` (`id`, `fileId`, `filename`, `format`, `location`, `sourceId`, `fileExists`, `inProgress`, `dateIndexed`, `dateCreated`, `dateUpdated`, `uid`) VALUES ('76', '144', 'lampstand.jpg', NULL, '_thumb2x', '1', '1', '0', '2014-10-02 11:39:23', '2014-10-02 11:39:23', '2014-10-02 11:39:25', '2b21edbf-7dec-46c6-82cd-b3e612b53907');
INSERT INTO `di_assettransformindex` (`id`, `fileId`, `filename`, `format`, `location`, `sourceId`, `fileExists`, `inProgress`, `dateIndexed`, `dateCreated`, `dateUpdated`, `uid`) VALUES ('77', '155', 'sign.jpg', NULL, '_thumb', '1', '1', '0', '2014-10-03 12:53:48', '2014-10-03 12:53:48', '2014-10-03 12:53:49', 'ee3e87ee-ee60-4ca0-b466-1b9a1f0cbbab');
INSERT INTO `di_assettransformindex` (`id`, `fileId`, `filename`, `format`, `location`, `sourceId`, `fileExists`, `inProgress`, `dateIndexed`, `dateCreated`, `dateUpdated`, `uid`) VALUES ('78', '155', 'sign.jpg', NULL, '_thumb2x', '1', '1', '0', '2014-10-03 12:53:48', '2014-10-03 12:53:48', '2014-10-03 12:53:49', 'e11467be-19fd-4b8c-b339-47c6410c6def');
INSERT INTO `di_assettransformindex` (`id`, `fileId`, `filename`, `format`, `location`, `sourceId`, `fileExists`, `inProgress`, `dateIndexed`, `dateCreated`, `dateUpdated`, `uid`) VALUES ('79', '21', 'tree.jpg', NULL, '_thumb', '1', '1', '0', '2014-10-03 13:00:17', '2014-10-03 13:00:17', '2014-10-03 13:00:18', '0a424a5c-6cd6-4ddb-b943-a1dc0179a325');
INSERT INTO `di_assettransformindex` (`id`, `fileId`, `filename`, `format`, `location`, `sourceId`, `fileExists`, `inProgress`, `dateIndexed`, `dateCreated`, `dateUpdated`, `uid`) VALUES ('80', '21', 'tree.jpg', NULL, '_thumb2x', '1', '1', '0', '2014-10-03 13:00:17', '2014-10-03 13:00:17', '2014-10-03 13:00:18', 'b5cb580d-8e75-4c3a-82ee-68c742bca3ac');
INSERT INTO `di_assettransformindex` (`id`, `fileId`, `filename`, `format`, `location`, `sourceId`, `fileExists`, `inProgress`, `dateIndexed`, `dateCreated`, `dateUpdated`, `uid`) VALUES ('81', '111', 'profile-pic.jpg', NULL, '_thumb', '1', '1', '0', '2014-10-03 13:00:17', '2014-10-03 13:00:17', '2014-10-03 13:00:18', '565513bb-0402-4ce5-921b-b7de82d9d25d');
INSERT INTO `di_assettransformindex` (`id`, `fileId`, `filename`, `format`, `location`, `sourceId`, `fileExists`, `inProgress`, `dateIndexed`, `dateCreated`, `dateUpdated`, `uid`) VALUES ('82', '111', 'profile-pic.jpg', NULL, '_thumb2x', '1', '1', '0', '2014-10-03 13:00:17', '2014-10-03 13:00:17', '2014-10-03 13:00:18', '49dfa39a-c599-4170-8b2c-90aa59517590');
INSERT INTO `di_assettransformindex` (`id`, `fileId`, `filename`, `format`, `location`, `sourceId`, `fileExists`, `inProgress`, `dateIndexed`, `dateCreated`, `dateUpdated`, `uid`) VALUES ('83', '28', 'church.jpg', NULL, '_thumbHalf', '1', '1', '0', '2014-10-03 16:41:56', '2014-10-03 16:41:56', '2014-10-03 16:41:57', '351895b1-bc6b-42d1-86ff-4dbab80a6d8d');
INSERT INTO `di_assettransformindex` (`id`, `fileId`, `filename`, `format`, `location`, `sourceId`, `fileExists`, `inProgress`, `dateIndexed`, `dateCreated`, `dateUpdated`, `uid`) VALUES ('84', '28', 'church.jpg', NULL, '_thumbHalf2x', '1', '1', '0', '2014-10-03 16:41:56', '2014-10-03 16:41:56', '2014-10-03 16:41:58', 'ff5299ff-9a22-49aa-bf87-19dd8ccab943');
INSERT INTO `di_assettransformindex` (`id`, `fileId`, `filename`, `format`, `location`, `sourceId`, `fileExists`, `inProgress`, `dateIndexed`, `dateCreated`, `dateUpdated`, `uid`) VALUES ('85', '155', 'sign.jpg', NULL, '_thumbHalf', '1', '1', '0', '2014-10-03 16:44:02', '2014-10-03 16:44:02', '2014-10-03 16:44:03', 'a084d0e3-780f-475e-acf8-836d22493988');
INSERT INTO `di_assettransformindex` (`id`, `fileId`, `filename`, `format`, `location`, `sourceId`, `fileExists`, `inProgress`, `dateIndexed`, `dateCreated`, `dateUpdated`, `uid`) VALUES ('86', '155', 'sign.jpg', NULL, '_thumbHalf2x', '1', '1', '0', '2014-10-03 16:44:02', '2014-10-03 16:44:02', '2014-10-03 16:44:04', '3381fd94-d603-450d-b527-1729613f2927');
INSERT INTO `di_assettransformindex` (`id`, `fileId`, `filename`, `format`, `location`, `sourceId`, `fileExists`, `inProgress`, `dateIndexed`, `dateCreated`, `dateUpdated`, `uid`) VALUES ('87', '51', 'coffee-beans1.jpg', NULL, '_thumbHalf', '1', '1', '0', '2014-10-03 16:44:02', '2014-10-03 16:44:02', '2014-10-03 16:44:03', '439eb730-2b9d-4787-a36b-6f058e1ace92');
INSERT INTO `di_assettransformindex` (`id`, `fileId`, `filename`, `format`, `location`, `sourceId`, `fileExists`, `inProgress`, `dateIndexed`, `dateCreated`, `dateUpdated`, `uid`) VALUES ('88', '51', 'coffee-beans1.jpg', NULL, '_thumbHalf2x', '1', '1', '0', '2014-10-03 16:44:02', '2014-10-03 16:44:02', '2014-10-03 16:44:04', '099fa53c-d30b-4681-88fb-33de8ce3a90a');
INSERT INTO `di_assettransformindex` (`id`, `fileId`, `filename`, `format`, `location`, `sourceId`, `fileExists`, `inProgress`, `dateIndexed`, `dateCreated`, `dateUpdated`, `uid`) VALUES ('89', '144', 'lampstand.jpg', NULL, '_thumbHalf', '1', '1', '0', '2014-10-03 16:44:02', '2014-10-03 16:44:02', '2014-10-03 16:44:03', '558ed336-f5cd-4798-9624-944e34c8adda');
INSERT INTO `di_assettransformindex` (`id`, `fileId`, `filename`, `format`, `location`, `sourceId`, `fileExists`, `inProgress`, `dateIndexed`, `dateCreated`, `dateUpdated`, `uid`) VALUES ('90', '144', 'lampstand.jpg', NULL, '_thumbHalf2x', '1', '1', '0', '2014-10-03 16:44:02', '2014-10-03 16:44:02', '2014-10-03 16:44:05', 'f7a57854-5568-47e4-9d08-33485d700a91');
INSERT INTO `di_assettransformindex` (`id`, `fileId`, `filename`, `format`, `location`, `sourceId`, `fileExists`, `inProgress`, `dateIndexed`, `dateCreated`, `dateUpdated`, `uid`) VALUES ('91', '21', 'tree.jpg', NULL, '_thumbHalf', '1', '1', '0', '2014-10-03 16:50:51', '2014-10-03 16:50:51', '2014-10-03 16:50:51', '6cd0f06e-7274-4b2a-91d4-15c235868410');
INSERT INTO `di_assettransformindex` (`id`, `fileId`, `filename`, `format`, `location`, `sourceId`, `fileExists`, `inProgress`, `dateIndexed`, `dateCreated`, `dateUpdated`, `uid`) VALUES ('92', '21', 'tree.jpg', NULL, '_thumbHalf2x', '1', '1', '0', '2014-10-03 16:50:51', '2014-10-03 16:50:51', '2014-10-03 16:50:52', 'd4e03d5b-6c1d-465b-bf63-64cb9c6c6bef');
INSERT INTO `di_assettransformindex` (`id`, `fileId`, `filename`, `format`, `location`, `sourceId`, `fileExists`, `inProgress`, `dateIndexed`, `dateCreated`, `dateUpdated`, `uid`) VALUES ('93', '5', '36522-Tabby-kitten-white-background.jpg', NULL, '_thumb', '1', '1', '0', '2014-10-03 16:59:41', '2014-10-03 16:59:41', '2014-10-03 16:59:42', '6af4c55a-bc1b-4029-83c6-a5b720176faf');
INSERT INTO `di_assettransformindex` (`id`, `fileId`, `filename`, `format`, `location`, `sourceId`, `fileExists`, `inProgress`, `dateIndexed`, `dateCreated`, `dateUpdated`, `uid`) VALUES ('94', '5', '36522-Tabby-kitten-white-background.jpg', NULL, '_thumb2x', '1', '1', '0', '2014-10-03 16:59:41', '2014-10-03 16:59:41', '2014-10-03 16:59:42', 'f3bfabc9-e03d-4401-a721-bd575b7f2c55');
INSERT INTO `di_assettransformindex` (`id`, `fileId`, `filename`, `format`, `location`, `sourceId`, `fileExists`, `inProgress`, `dateIndexed`, `dateCreated`, `dateUpdated`, `uid`) VALUES ('95', '59', 'african-girl-sad.jpg', NULL, '_thumb', '1', '1', '0', '2014-10-03 16:59:41', '2014-10-03 16:59:41', '2014-10-03 16:59:42', 'bcf19b31-61f4-4152-ac23-a0f8db85d503');
INSERT INTO `di_assettransformindex` (`id`, `fileId`, `filename`, `format`, `location`, `sourceId`, `fileExists`, `inProgress`, `dateIndexed`, `dateCreated`, `dateUpdated`, `uid`) VALUES ('96', '59', 'african-girl-sad.jpg', NULL, '_thumb2x', '1', '1', '0', '2014-10-03 16:59:41', '2014-10-03 16:59:41', '2014-10-03 16:59:43', 'ed7e586a-b736-42ce-bb94-e9bbbed361d0');
INSERT INTO `di_assettransformindex` (`id`, `fileId`, `filename`, `format`, `location`, `sourceId`, `fileExists`, `inProgress`, `dateIndexed`, `dateCreated`, `dateUpdated`, `uid`) VALUES ('97', '154', 'ASL_family.jpg', NULL, '_thumb', '1', '1', '0', '2014-10-03 16:59:41', '2014-10-03 16:59:41', '2014-10-03 16:59:42', 'caa873e7-c10e-4bbb-a676-adde38d33b62');
INSERT INTO `di_assettransformindex` (`id`, `fileId`, `filename`, `format`, `location`, `sourceId`, `fileExists`, `inProgress`, `dateIndexed`, `dateCreated`, `dateUpdated`, `uid`) VALUES ('98', '154', 'ASL_family.jpg', NULL, '_thumb2x', '1', '1', '0', '2014-10-03 16:59:41', '2014-10-03 16:59:41', '2014-10-03 16:59:43', 'dd1d5472-42e9-4891-8433-a458c93cb4e6');
INSERT INTO `di_assettransformindex` (`id`, `fileId`, `filename`, `format`, `location`, `sourceId`, `fileExists`, `inProgress`, `dateIndexed`, `dateCreated`, `dateUpdated`, `uid`) VALUES ('99', '25', 'burkina-faso-landscape.jpg', NULL, '_thumb', '1', '1', '0', '2014-10-03 16:59:41', '2014-10-03 16:59:41', '2014-10-03 16:59:42', '33359496-880b-4b32-bc9c-8ff745fc5fab');
INSERT INTO `di_assettransformindex` (`id`, `fileId`, `filename`, `format`, `location`, `sourceId`, `fileExists`, `inProgress`, `dateIndexed`, `dateCreated`, `dateUpdated`, `uid`) VALUES ('100', '25', 'burkina-faso-landscape.jpg', NULL, '_thumb2x', '1', '1', '0', '2014-10-03 16:59:41', '2014-10-03 16:59:41', '2014-10-03 16:59:43', 'f6c5c3d1-3218-4ea0-8abd-9b6cc83e847e');
INSERT INTO `di_assettransformindex` (`id`, `fileId`, `filename`, `format`, `location`, `sourceId`, `fileExists`, `inProgress`, `dateIndexed`, `dateCreated`, `dateUpdated`, `uid`) VALUES ('101', '150', 'fingerspelling-bsl-righthanded.jpg', NULL, '_thumb', '1', '1', '0', '2014-10-03 16:59:41', '2014-10-03 16:59:41', '2014-10-03 16:59:42', '2cea8fdb-60ea-4365-824b-e80b0aea2a6f');
INSERT INTO `di_assettransformindex` (`id`, `fileId`, `filename`, `format`, `location`, `sourceId`, `fileExists`, `inProgress`, `dateIndexed`, `dateCreated`, `dateUpdated`, `uid`) VALUES ('102', '150', 'fingerspelling-bsl-righthanded.jpg', NULL, '_thumb2x', '1', '1', '0', '2014-10-03 16:59:41', '2014-10-03 16:59:41', '2014-10-03 16:59:44', '3a84de74-6791-4acb-aec4-21a8ddb8b4ee');
INSERT INTO `di_assettransformindex` (`id`, `fileId`, `filename`, `format`, `location`, `sourceId`, `fileExists`, `inProgress`, `dateIndexed`, `dateCreated`, `dateUpdated`, `uid`) VALUES ('103', '18', 'forest-hills-hut-2745.jpg', NULL, '_thumb', '1', '1', '0', '2014-10-03 16:59:41', '2014-10-03 16:59:41', '2014-10-03 16:59:42', 'd0b1c8d6-7209-4994-8b57-5dbeaeb05a76');
INSERT INTO `di_assettransformindex` (`id`, `fileId`, `filename`, `format`, `location`, `sourceId`, `fileExists`, `inProgress`, `dateIndexed`, `dateCreated`, `dateUpdated`, `uid`) VALUES ('104', '18', 'forest-hills-hut-2745.jpg', NULL, '_thumb2x', '1', '1', '0', '2014-10-03 16:59:41', '2014-10-03 16:59:41', '2014-10-03 16:59:44', 'fbe417d8-a277-45f8-8107-eb2ad184b4d2');
INSERT INTO `di_assettransformindex` (`id`, `fileId`, `filename`, `format`, `location`, `sourceId`, `fileExists`, `inProgress`, `dateIndexed`, `dateCreated`, `dateUpdated`, `uid`) VALUES ('105', '111', 'profile-pic.jpg', NULL, '_thumbHalf', '1', '1', '0', '2014-10-06 09:10:38', '2014-10-06 09:10:38', '2014-10-06 09:10:39', '295b1890-bca1-41bf-99b3-016e72830af9');
INSERT INTO `di_assettransformindex` (`id`, `fileId`, `filename`, `format`, `location`, `sourceId`, `fileExists`, `inProgress`, `dateIndexed`, `dateCreated`, `dateUpdated`, `uid`) VALUES ('106', '111', 'profile-pic.jpg', NULL, '_thumbHalf2x', '1', '1', '0', '2014-10-06 09:10:38', '2014-10-06 09:10:38', '2014-10-06 09:10:40', '97135942-dac0-435e-87d3-a2a61a0db2da');



--
-- Schema for table `di_assettransforms`
--

DROP TABLE IF EXISTS `di_assettransforms`;

CREATE TABLE `di_assettransforms` (
  `id` int(11) NOT NULL AUTO_INCREMENT,
  `name` varchar(255) COLLATE utf8_unicode_ci NOT NULL,
  `handle` varchar(255) COLLATE utf8_unicode_ci NOT NULL,
  `mode` enum('stretch','fit','crop') COLLATE utf8_unicode_ci NOT NULL DEFAULT 'crop',
  `position` enum('top-left','top-center','top-right','center-left','center-center','center-right','bottom-left','bottom-center','bottom-right') COLLATE utf8_unicode_ci NOT NULL DEFAULT 'center-center',
  `height` int(10) DEFAULT NULL,
  `width` int(10) DEFAULT NULL,
  `format` varchar(255) COLLATE utf8_unicode_ci DEFAULT NULL,
  `quality` int(10) DEFAULT NULL,
  `dimensionChangeTime` datetime DEFAULT NULL,
  `dateCreated` datetime NOT NULL,
  `dateUpdated` datetime NOT NULL,
  `uid` char(36) COLLATE utf8_unicode_ci NOT NULL DEFAULT '0',
  PRIMARY KEY (`id`),
  UNIQUE KEY `di_assettransforms_name_unq_idx` (`name`),
  UNIQUE KEY `di_assettransforms_handle_unq_idx` (`handle`)
) ENGINE=InnoDB AUTO_INCREMENT=13 DEFAULT CHARSET=utf8 COLLATE=utf8_unicode_ci;

--
-- Data for table `di_assettransforms`
--

INSERT INTO `di_assettransforms` (`id`, `name`, `handle`, `mode`, `position`, `height`, `width`, `format`, `quality`, `dimensionChangeTime`, `dateCreated`, `dateUpdated`, `uid`) VALUES ('1', 'Thumb Half 2x', 'thumbHalf2x', 'crop', 'center-center', '900', '1600', NULL, '60', '2014-10-03 16:40:37', '2014-09-04 13:04:14', '2014-10-03 16:40:37', '5d45fcdf-8fc3-45f7-bf88-0d35bade416c');
INSERT INTO `di_assettransforms` (`id`, `name`, `handle`, `mode`, `position`, `height`, `width`, `format`, `quality`, `dimensionChangeTime`, `dateCreated`, `dateUpdated`, `uid`) VALUES ('2', 'Thumb Half', 'thumbHalf', 'crop', 'center-center', '450', '800', NULL, '60', '2014-10-03 16:40:27', '2014-09-04 13:06:08', '2014-10-03 16:40:27', '0f826ca1-c1ee-43cc-b988-9b462bbdbdc6');
INSERT INTO `di_assettransforms` (`id`, `name`, `handle`, `mode`, `position`, `height`, `width`, `format`, `quality`, `dimensionChangeTime`, `dateCreated`, `dateUpdated`, `uid`) VALUES ('3', 'Poster Desktop 2x', 'posterDesktop2x', 'fit', 'center-center', '1400', '2400', NULL, '90', '2014-09-10 12:33:05', '2014-09-05 11:56:11', '2014-09-10 12:33:05', 'fd8c1a75-b2bc-4313-9086-c4219c3db8c2');
INSERT INTO `di_assettransforms` (`id`, `name`, `handle`, `mode`, `position`, `height`, `width`, `format`, `quality`, `dimensionChangeTime`, `dateCreated`, `dateUpdated`, `uid`) VALUES ('4', 'Poster Desktop', 'posterDesktop', 'fit', 'center-center', '700', '1200', NULL, '60', '2014-09-05 13:20:26', '2014-09-05 11:56:33', '2014-09-05 13:20:26', 'b2343304-f00f-4876-9ced-decb1a044c29');
INSERT INTO `di_assettransforms` (`id`, `name`, `handle`, `mode`, `position`, `height`, `width`, `format`, `quality`, `dimensionChangeTime`, `dateCreated`, `dateUpdated`, `uid`) VALUES ('5', 'Poster Mobile 2x', 'posterMobile2x', 'crop', 'center-center', '700', '700', NULL, NULL, '2014-09-09 13:57:48', '2014-09-05 11:58:40', '2014-09-09 13:57:48', '9fc2ed6b-7f18-4a0b-8238-5f9ae81f7f2c');
INSERT INTO `di_assettransforms` (`id`, `name`, `handle`, `mode`, `position`, `height`, `width`, `format`, `quality`, `dimensionChangeTime`, `dateCreated`, `dateUpdated`, `uid`) VALUES ('6', 'Poster Mobile', 'posterMobile', 'crop', 'center-center', '400', '400', NULL, '60', '2014-09-09 13:57:42', '2014-09-05 11:59:39', '2014-09-09 13:58:22', '780cded4-014d-4b30-9fa7-27a96e00cb35');
INSERT INTO `di_assettransforms` (`id`, `name`, `handle`, `mode`, `position`, `height`, `width`, `format`, `quality`, `dimensionChangeTime`, `dateCreated`, `dateUpdated`, `uid`) VALUES ('7', 'Article', 'article', 'fit', 'center-center', NULL, '800', NULL, NULL, '2014-09-05 12:00:10', '2014-09-05 12:00:10', '2014-09-09 13:58:45', '715951b4-acd2-4124-9ccd-2bec2af99607');
INSERT INTO `di_assettransforms` (`id`, `name`, `handle`, `mode`, `position`, `height`, `width`, `format`, `quality`, `dimensionChangeTime`, `dateCreated`, `dateUpdated`, `uid`) VALUES ('8', 'Article 2x', 'article2x', 'fit', 'center-center', NULL, '1600', NULL, NULL, '2014-09-09 13:58:50', '2014-09-05 12:00:31', '2014-09-09 13:58:50', 'f601fa55-e45e-46f9-9408-c6aa427516c2');
INSERT INTO `di_assettransforms` (`id`, `name`, `handle`, `mode`, `position`, `height`, `width`, `format`, `quality`, `dimensionChangeTime`, `dateCreated`, `dateUpdated`, `uid`) VALUES ('9', 'Thumb 2x', 'thumb2x', 'crop', 'center-center', '800', '800', NULL, '60', '2014-09-08 16:21:26', '2014-09-08 16:21:26', '2014-09-08 16:21:26', '3048e8b2-505c-4fef-b7df-19f77f539413');
INSERT INTO `di_assettransforms` (`id`, `name`, `handle`, `mode`, `position`, `height`, `width`, `format`, `quality`, `dimensionChangeTime`, `dateCreated`, `dateUpdated`, `uid`) VALUES ('10', 'Thumb', 'thumb', 'crop', 'center-center', '400', '400', NULL, '60', '2014-09-08 16:21:37', '2014-09-08 16:21:37', '2014-09-08 16:21:37', '94455eb0-b10c-4010-a19f-e87064a0f8ae');
INSERT INTO `di_assettransforms` (`id`, `name`, `handle`, `mode`, `position`, `height`, `width`, `format`, `quality`, `dimensionChangeTime`, `dateCreated`, `dateUpdated`, `uid`) VALUES ('11', 'Article Wide', 'articleWide', 'fit', 'center-center', NULL, '1400', NULL, '70', '2014-10-02 10:46:49', '2014-10-02 10:46:49', '2014-10-02 10:46:49', '84537e96-7382-44f6-9979-5d702685e304');
INSERT INTO `di_assettransforms` (`id`, `name`, `handle`, `mode`, `position`, `height`, `width`, `format`, `quality`, `dimensionChangeTime`, `dateCreated`, `dateUpdated`, `uid`) VALUES ('12', 'Article Wide 2x', 'articleWide2x', 'fit', 'center-center', NULL, '2800', NULL, '70', '2014-10-02 10:47:16', '2014-10-02 10:47:16', '2014-10-02 10:47:16', 'a3deab23-1ae5-4e30-a7ed-1a602b6c1c86');



--
-- Schema for table `di_categories`
--

DROP TABLE IF EXISTS `di_categories`;

CREATE TABLE `di_categories` (
  `id` int(11) NOT NULL,
  `groupId` int(11) NOT NULL,
  `dateCreated` datetime NOT NULL,
  `dateUpdated` datetime NOT NULL,
  `uid` char(36) COLLATE utf8_unicode_ci NOT NULL DEFAULT '0',
  PRIMARY KEY (`id`),
  KEY `di_categories_groupId_fk` (`groupId`)
) ENGINE=InnoDB DEFAULT CHARSET=utf8 COLLATE=utf8_unicode_ci;

--
-- Data for table `di_categories`
--

INSERT INTO `di_categories` (`id`, `groupId`, `dateCreated`, `dateUpdated`, `uid`) VALUES ('120', '1', '2014-09-30 14:20:09', '2014-09-30 14:20:09', '9fd52b29-52b9-40c1-97f8-48d5d67862b5');
INSERT INTO `di_categories` (`id`, `groupId`, `dateCreated`, `dateUpdated`, `uid`) VALUES ('121', '1', '2014-09-30 14:20:14', '2014-09-30 14:20:14', 'd3a3f440-a55a-4e3c-9e80-d46f3a22b8de');
INSERT INTO `di_categories` (`id`, `groupId`, `dateCreated`, `dateUpdated`, `uid`) VALUES ('122', '1', '2014-09-30 14:20:20', '2014-09-30 14:20:20', '2adcc407-d6a0-4ff6-8052-85751ff78c9d');
INSERT INTO `di_categories` (`id`, `groupId`, `dateCreated`, `dateUpdated`, `uid`) VALUES ('123', '1', '2014-09-30 14:20:34', '2014-09-30 14:20:34', 'bd8a54bd-a62a-4b9a-9f14-10d117dcdc2d');
INSERT INTO `di_categories` (`id`, `groupId`, `dateCreated`, `dateUpdated`, `uid`) VALUES ('124', '1', '2014-09-30 14:20:43', '2014-09-30 14:20:43', 'd0210875-5458-4ea5-ae1b-ba47527feba2');
INSERT INTO `di_categories` (`id`, `groupId`, `dateCreated`, `dateUpdated`, `uid`) VALUES ('128', '2', '2014-10-01 08:03:51', '2014-10-01 08:03:51', '1d73299b-1af9-4bad-b940-f57d9a98341b');
INSERT INTO `di_categories` (`id`, `groupId`, `dateCreated`, `dateUpdated`, `uid`) VALUES ('129', '2', '2014-10-01 08:03:57', '2014-10-01 08:03:57', '1c45a092-f967-4f8a-a1e0-0be90e06a064');
INSERT INTO `di_categories` (`id`, `groupId`, `dateCreated`, `dateUpdated`, `uid`) VALUES ('130', '3', '2014-10-01 08:04:29', '2014-10-01 08:04:29', '27c81e31-6b29-40f9-a2e9-17e90467818f');
INSERT INTO `di_categories` (`id`, `groupId`, `dateCreated`, `dateUpdated`, `uid`) VALUES ('131', '3', '2014-10-01 08:04:31', '2014-10-01 08:04:31', '45938b3e-5cf5-4e48-b1ed-480a7e8d8722');
INSERT INTO `di_categories` (`id`, `groupId`, `dateCreated`, `dateUpdated`, `uid`) VALUES ('132', '3', '2014-10-01 08:04:35', '2014-10-01 08:04:35', 'c5724c89-1838-4e2c-ac51-854bcadd3d0f');
INSERT INTO `di_categories` (`id`, `groupId`, `dateCreated`, `dateUpdated`, `uid`) VALUES ('133', '3', '2014-10-01 08:04:49', '2014-10-01 08:04:49', 'a9424b86-bca0-478f-b348-ab3391fa964c');
INSERT INTO `di_categories` (`id`, `groupId`, `dateCreated`, `dateUpdated`, `uid`) VALUES ('136', '4', '2014-10-01 11:25:47', '2014-10-01 14:18:57', 'eb5da537-a67d-418c-b126-ba3a2f8f56a5');
INSERT INTO `di_categories` (`id`, `groupId`, `dateCreated`, `dateUpdated`, `uid`) VALUES ('137', '4', '2014-10-01 11:26:03', '2014-10-01 12:41:40', '371a5690-d27e-4fdd-b43b-6eb57ff73724');
INSERT INTO `di_categories` (`id`, `groupId`, `dateCreated`, `dateUpdated`, `uid`) VALUES ('138', '4', '2014-10-01 11:26:14', '2014-10-01 11:26:14', '7a68e97e-7f1f-43e9-8291-da0bc95938c4');



--
-- Schema for table `di_categorygroups`
--

DROP TABLE IF EXISTS `di_categorygroups`;

CREATE TABLE `di_categorygroups` (
  `id` int(11) NOT NULL AUTO_INCREMENT,
  `structureId` int(11) NOT NULL,
  `fieldLayoutId` int(11) DEFAULT NULL,
  `name` varchar(255) COLLATE utf8_unicode_ci NOT NULL,
  `handle` varchar(255) COLLATE utf8_unicode_ci NOT NULL,
  `hasUrls` tinyint(1) unsigned NOT NULL DEFAULT '1',
  `template` varchar(500) COLLATE utf8_unicode_ci DEFAULT NULL,
  `dateCreated` datetime NOT NULL,
  `dateUpdated` datetime NOT NULL,
  `uid` char(36) COLLATE utf8_unicode_ci NOT NULL DEFAULT '0',
  PRIMARY KEY (`id`),
  UNIQUE KEY `di_categorygroups_name_unq_idx` (`name`),
  UNIQUE KEY `di_categorygroups_handle_unq_idx` (`handle`),
  KEY `di_categorygroups_structureId_fk` (`structureId`),
  KEY `di_categorygroups_fieldLayoutId_fk` (`fieldLayoutId`)
) ENGINE=InnoDB AUTO_INCREMENT=5 DEFAULT CHARSET=utf8 COLLATE=utf8_unicode_ci;

--
-- Data for table `di_categorygroups`
--

INSERT INTO `di_categorygroups` (`id`, `structureId`, `fieldLayoutId`, `name`, `handle`, `hasUrls`, `template`, `dateCreated`, `dateUpdated`, `uid`) VALUES ('1', '9', '398', 'Place', 'place', '1', '_category', '2014-09-30 14:20:00', '2014-09-30 14:20:00', 'a6c3b48d-9d13-4075-83ce-8acb8cc5435e');
INSERT INTO `di_categorygroups` (`id`, `structureId`, `fieldLayoutId`, `name`, `handle`, `hasUrls`, `template`, `dateCreated`, `dateUpdated`, `uid`) VALUES ('2', '10', '408', 'Ministry', 'ministry', '1', '', '2014-10-01 08:03:16', '2014-10-01 08:03:16', '981752ea-5298-46b8-9298-b32045d848b9');
INSERT INTO `di_categorygroups` (`id`, `structureId`, `fieldLayoutId`, `name`, `handle`, `hasUrls`, `template`, `dateCreated`, `dateUpdated`, `uid`) VALUES ('3', '11', '409', 'Role', 'role', '1', '', '2014-10-01 08:04:23', '2014-10-01 08:04:23', '16f325ce-759d-45b8-add5-99bddce64c2b');
INSERT INTO `di_categorygroups` (`id`, `structureId`, `fieldLayoutId`, `name`, `handle`, `hasUrls`, `template`, `dateCreated`, `dateUpdated`, `uid`) VALUES ('4', '12', '443', 'Product Category', 'productCategory', '1', 'categories/index', '2014-10-01 11:15:06', '2014-10-01 14:17:38', 'c097df79-3ebc-4a68-8579-d5d212d8dbcc');



--
-- Schema for table `di_categorygroups_i18n`
--

DROP TABLE IF EXISTS `di_categorygroups_i18n`;

CREATE TABLE `di_categorygroups_i18n` (
  `id` int(11) NOT NULL AUTO_INCREMENT,
  `groupId` int(11) NOT NULL,
  `locale` char(12) COLLATE utf8_unicode_ci NOT NULL,
  `urlFormat` varchar(255) COLLATE utf8_unicode_ci DEFAULT NULL,
  `nestedUrlFormat` varchar(255) COLLATE utf8_unicode_ci DEFAULT NULL,
  `dateCreated` datetime NOT NULL,
  `dateUpdated` datetime NOT NULL,
  `uid` char(36) COLLATE utf8_unicode_ci NOT NULL DEFAULT '0',
  PRIMARY KEY (`id`),
  UNIQUE KEY `di_categorygroups_i18n_groupId_locale_unq_idx` (`groupId`,`locale`),
  KEY `di_categorygroups_i18n_locale_fk` (`locale`)
) ENGINE=InnoDB AUTO_INCREMENT=5 DEFAULT CHARSET=utf8 COLLATE=utf8_unicode_ci;

--
-- Data for table `di_categorygroups_i18n`
--

INSERT INTO `di_categorygroups_i18n` (`id`, `groupId`, `locale`, `urlFormat`, `nestedUrlFormat`, `dateCreated`, `dateUpdated`, `uid`) VALUES ('1', '1', 'en_gb', 'place/{slug}', '{parent.uri}/{slug}', '2014-09-30 14:20:00', '2014-09-30 14:20:00', '5232a97f-e118-4b93-beb1-75361cd86988');
INSERT INTO `di_categorygroups_i18n` (`id`, `groupId`, `locale`, `urlFormat`, `nestedUrlFormat`, `dateCreated`, `dateUpdated`, `uid`) VALUES ('2', '2', 'en_gb', 'ministry/{slug}', '{parent.uri}/{slug}', '2014-10-01 08:03:16', '2014-10-01 08:03:16', '885ca721-1ab6-44e7-99e2-0af63dccdf6c');
INSERT INTO `di_categorygroups_i18n` (`id`, `groupId`, `locale`, `urlFormat`, `nestedUrlFormat`, `dateCreated`, `dateUpdated`, `uid`) VALUES ('3', '3', 'en_gb', 'role/{slug}', '{parent.uri}/{slug}', '2014-10-01 08:04:23', '2014-10-01 08:04:23', 'b7136f10-2e6c-4284-8601-57fd3a84238d');
INSERT INTO `di_categorygroups_i18n` (`id`, `groupId`, `locale`, `urlFormat`, `nestedUrlFormat`, `dateCreated`, `dateUpdated`, `uid`) VALUES ('4', '4', 'en_gb', 'product-category/{slug}', '{parent.uri}/{slug}', '2014-10-01 11:15:06', '2014-10-01 11:15:06', '72165116-c92b-4043-ae83-943bfa1bde13');



--
-- Schema for table `di_content`
--

DROP TABLE IF EXISTS `di_content`;

CREATE TABLE `di_content` (
  `id` int(11) NOT NULL AUTO_INCREMENT,
  `elementId` int(11) NOT NULL,
  `locale` char(12) COLLATE utf8_unicode_ci NOT NULL,
  `title` varchar(255) COLLATE utf8_unicode_ci DEFAULT NULL,
  `field_heading` text COLLATE utf8_unicode_ci,
  `field_brief` text COLLATE utf8_unicode_ci,
  `field_subheading` text COLLATE utf8_unicode_ci,
  `field_keepBrief` text COLLATE utf8_unicode_ci,
  `field_theme` varchar(255) COLLATE utf8_unicode_ci DEFAULT '_layout',
  `field_startDate` datetime DEFAULT NULL,
  `field_endDate` datetime DEFAULT NULL,
  `field_allDay` text COLLATE utf8_unicode_ci,
  `field_addressTable` text COLLATE utf8_unicode_ci,
  `field_map` text COLLATE utf8_unicode_ci,
  `field_priceTable` text COLLATE utf8_unicode_ci,
  `field_posterColor` varchar(255) COLLATE utf8_unicode_ci DEFAULT 'none',
  `field_pageOptions` text COLLATE utf8_unicode_ci,
  `field_forename` text COLLATE utf8_unicode_ci,
  `field_surname` text COLLATE utf8_unicode_ci,
  `field_namePrefix` text COLLATE utf8_unicode_ci,
  `field_nameSuffix` text COLLATE utf8_unicode_ci,
  `field_infoTable` text COLLATE utf8_unicode_ci,
  `field_geo` varchar(255) COLLATE utf8_unicode_ci DEFAULT NULL,
  `field_leadVideo` varchar(255) COLLATE utf8_unicode_ci DEFAULT NULL,
  `field_contactTable` text COLLATE utf8_unicode_ci,
  `dateCreated` datetime NOT NULL,
  `dateUpdated` datetime NOT NULL,
  `uid` char(36) COLLATE utf8_unicode_ci NOT NULL DEFAULT '0',
  PRIMARY KEY (`id`),
  UNIQUE KEY `di_content_elementId_locale_unq_idx` (`elementId`,`locale`),
  KEY `di_content_title_idx` (`title`),
  KEY `di_content_locale_fk` (`locale`)
) ENGINE=InnoDB AUTO_INCREMENT=107 DEFAULT CHARSET=utf8 COLLATE=utf8_unicode_ci;

--
-- Data for table `di_content`
--

INSERT INTO `di_content` (`id`, `elementId`, `locale`, `title`, `field_heading`, `field_brief`, `field_subheading`, `field_keepBrief`, `field_theme`, `field_startDate`, `field_endDate`, `field_allDay`, `field_addressTable`, `field_map`, `field_priceTable`, `field_posterColor`, `field_pageOptions`, `field_forename`, `field_surname`, `field_namePrefix`, `field_nameSuffix`, `field_infoTable`, `field_geo`, `field_leadVideo`, `field_contactTable`, `dateCreated`, `dateUpdated`, `uid`) VALUES ('1', '1', 'en_gb', NULL, NULL, NULL, NULL, NULL, NULL, NULL, NULL, NULL, NULL, NULL, NULL, NULL, NULL, NULL, NULL, NULL, NULL, NULL, NULL, NULL, NULL, '2014-09-04 11:28:58', '2014-09-15 14:43:49', 'e7f28a22-f949-43fa-8633-deac4bd7cbd0');
INSERT INTO `di_content` (`id`, `elementId`, `locale`, `title`, `field_heading`, `field_brief`, `field_subheading`, `field_keepBrief`, `field_theme`, `field_startDate`, `field_endDate`, `field_allDay`, `field_addressTable`, `field_map`, `field_priceTable`, `field_posterColor`, `field_pageOptions`, `field_forename`, `field_surname`, `field_namePrefix`, `field_nameSuffix`, `field_infoTable`, `field_geo`, `field_leadVideo`, `field_contactTable`, `dateCreated`, `dateUpdated`, `uid`) VALUES ('2', '2', 'en_gb', 'Homepage', 'Bringing hope, help and healing to a hurting world', '<p>We believe Christian fellowship is divinely brought about by God for the purpose of displaying and advancing His Kingdom on earth, as Christians love one another and submit to the lordship of Christ, they show a picture of the heavenly realities that are to come.</p>', '', '', '_layout', NULL, NULL, NULL, NULL, NULL, NULL, 'secondary', '[\"poster\",\"showRelated\"]', NULL, NULL, NULL, NULL, NULL, NULL, 'http://vimeo.com/104315167', NULL, '2014-09-04 11:28:59', '2014-10-06 08:21:35', 'f5d4e920-ef2c-4da8-bd4a-0f2546ed1012');
INSERT INTO `di_content` (`id`, `elementId`, `locale`, `title`, `field_heading`, `field_brief`, `field_subheading`, `field_keepBrief`, `field_theme`, `field_startDate`, `field_endDate`, `field_allDay`, `field_addressTable`, `field_map`, `field_priceTable`, `field_posterColor`, `field_pageOptions`, `field_forename`, `field_surname`, `field_namePrefix`, `field_nameSuffix`, `field_infoTable`, `field_geo`, `field_leadVideo`, `field_contactTable`, `dateCreated`, `dateUpdated`, `uid`) VALUES ('3', '3', 'en_gb', 'We just installed Craft!', '', '<p>Kaleta and Thomas grow maize, beans, cassava and potatoes on their farm land. Receiving a joint land certificate has given them security and peace of mind. Thomas tells us \"By having the cert, I know the land is ours and I am free from worry for the future.\" Now they own the land, cultivate and provide food for their children.</p>', '<p>Kaleta and Thomas grow maize, beans, cassava and potatoes on their farm land.</p>', '', '_layout', NULL, NULL, NULL, NULL, NULL, NULL, 'primary', '[\"poster\",\"posterTitle\",\"showRelated\"]', NULL, NULL, NULL, NULL, NULL, '54.464800000000004,-6.3360199999999995', NULL, NULL, '2014-09-04 11:28:59', '2014-10-03 16:52:12', '0068a531-debf-4e42-bca7-9fd88258c053');
INSERT INTO `di_content` (`id`, `elementId`, `locale`, `title`, `field_heading`, `field_brief`, `field_subheading`, `field_keepBrief`, `field_theme`, `field_startDate`, `field_endDate`, `field_allDay`, `field_addressTable`, `field_map`, `field_priceTable`, `field_posterColor`, `field_pageOptions`, `field_forename`, `field_surname`, `field_namePrefix`, `field_nameSuffix`, `field_infoTable`, `field_geo`, `field_leadVideo`, `field_contactTable`, `dateCreated`, `dateUpdated`, `uid`) VALUES ('5', '5', 'en_gb', '36522-Tabby-kitten-white-background', NULL, NULL, NULL, NULL, NULL, NULL, NULL, NULL, NULL, NULL, NULL, NULL, NULL, NULL, NULL, NULL, NULL, NULL, NULL, NULL, NULL, '2014-09-04 13:00:15', '2014-09-17 16:32:18', '74618dde-a455-4f00-8894-56fa473fb177');
INSERT INTO `di_content` (`id`, `elementId`, `locale`, `title`, `field_heading`, `field_brief`, `field_subheading`, `field_keepBrief`, `field_theme`, `field_startDate`, `field_endDate`, `field_allDay`, `field_addressTable`, `field_map`, `field_priceTable`, `field_posterColor`, `field_pageOptions`, `field_forename`, `field_surname`, `field_namePrefix`, `field_nameSuffix`, `field_infoTable`, `field_geo`, `field_leadVideo`, `field_contactTable`, `dateCreated`, `dateUpdated`, `uid`) VALUES ('9', '18', 'en_gb', 'forest-hills-hut-2745', NULL, NULL, NULL, NULL, NULL, NULL, NULL, NULL, NULL, NULL, NULL, NULL, NULL, NULL, NULL, NULL, NULL, NULL, NULL, NULL, NULL, '2014-09-08 08:21:12', '2014-09-19 10:31:50', '31afa592-87f5-4485-9973-afefd22d2c0a');
INSERT INTO `di_content` (`id`, `elementId`, `locale`, `title`, `field_heading`, `field_brief`, `field_subheading`, `field_keepBrief`, `field_theme`, `field_startDate`, `field_endDate`, `field_allDay`, `field_addressTable`, `field_map`, `field_priceTable`, `field_posterColor`, `field_pageOptions`, `field_forename`, `field_surname`, `field_namePrefix`, `field_nameSuffix`, `field_infoTable`, `field_geo`, `field_leadVideo`, `field_contactTable`, `dateCreated`, `dateUpdated`, `uid`) VALUES ('13', '21', 'en_gb', 'tree', NULL, NULL, NULL, NULL, NULL, NULL, NULL, NULL, NULL, NULL, NULL, NULL, NULL, NULL, NULL, NULL, NULL, NULL, NULL, NULL, NULL, '2014-09-08 10:52:45', '2014-09-19 10:31:54', '8ccf034e-9f47-4215-8371-222fab806d6b');
INSERT INTO `di_content` (`id`, `elementId`, `locale`, `title`, `field_heading`, `field_brief`, `field_subheading`, `field_keepBrief`, `field_theme`, `field_startDate`, `field_endDate`, `field_allDay`, `field_addressTable`, `field_map`, `field_priceTable`, `field_posterColor`, `field_pageOptions`, `field_forename`, `field_surname`, `field_namePrefix`, `field_nameSuffix`, `field_infoTable`, `field_geo`, `field_leadVideo`, `field_contactTable`, `dateCreated`, `dateUpdated`, `uid`) VALUES ('14', '22', 'en_gb', 'Contact', 'Contact', '', '<p>Drop Inn Ministries, 171 Dobbin Rd,<br />Richhill\nCounty Armagh, UK, BT61 9LW</p>', NULL, '_layout', NULL, NULL, NULL, NULL, NULL, NULL, 'secondary', NULL, NULL, NULL, NULL, NULL, NULL, NULL, NULL, NULL, '2014-09-08 13:06:50', '2014-09-29 14:19:56', 'c77cb0c7-6f2d-4281-9833-c9604cda5b8b');
INSERT INTO `di_content` (`id`, `elementId`, `locale`, `title`, `field_heading`, `field_brief`, `field_subheading`, `field_keepBrief`, `field_theme`, `field_startDate`, `field_endDate`, `field_allDay`, `field_addressTable`, `field_map`, `field_priceTable`, `field_posterColor`, `field_pageOptions`, `field_forename`, `field_surname`, `field_namePrefix`, `field_nameSuffix`, `field_infoTable`, `field_geo`, `field_leadVideo`, `field_contactTable`, `dateCreated`, `dateUpdated`, `uid`) VALUES ('15', '25', 'en_gb', 'burkina-faso-landscape', NULL, NULL, NULL, NULL, NULL, NULL, NULL, NULL, NULL, NULL, NULL, NULL, NULL, NULL, NULL, NULL, NULL, NULL, NULL, NULL, NULL, '2014-09-10 12:32:02', '2014-09-19 10:31:26', 'a0e4a5be-341c-4fd5-a69a-35ac5197bdd7');
INSERT INTO `di_content` (`id`, `elementId`, `locale`, `title`, `field_heading`, `field_brief`, `field_subheading`, `field_keepBrief`, `field_theme`, `field_startDate`, `field_endDate`, `field_allDay`, `field_addressTable`, `field_map`, `field_priceTable`, `field_posterColor`, `field_pageOptions`, `field_forename`, `field_surname`, `field_namePrefix`, `field_nameSuffix`, `field_infoTable`, `field_geo`, `field_leadVideo`, `field_contactTable`, `dateCreated`, `dateUpdated`, `uid`) VALUES ('17', '28', 'en_gb', 'church', NULL, NULL, NULL, NULL, NULL, NULL, NULL, NULL, NULL, NULL, NULL, NULL, NULL, NULL, NULL, NULL, NULL, NULL, NULL, NULL, NULL, '2014-09-15 08:25:21', '2014-09-17 16:32:07', '55afeb20-2c88-41ad-a032-343b30964fbb');
INSERT INTO `di_content` (`id`, `elementId`, `locale`, `title`, `field_heading`, `field_brief`, `field_subheading`, `field_keepBrief`, `field_theme`, `field_startDate`, `field_endDate`, `field_allDay`, `field_addressTable`, `field_map`, `field_priceTable`, `field_posterColor`, `field_pageOptions`, `field_forename`, `field_surname`, `field_namePrefix`, `field_nameSuffix`, `field_infoTable`, `field_geo`, `field_leadVideo`, `field_contactTable`, `dateCreated`, `dateUpdated`, `uid`) VALUES ('20', '29', 'en_gb', 'Church', 'Grace Community Church', '', '', '', '_layout-church', NULL, NULL, NULL, NULL, NULL, NULL, 'tertiary', '', NULL, NULL, NULL, NULL, NULL, NULL, NULL, NULL, '2014-09-15 09:05:31', '2014-10-01 17:37:06', 'e1222e00-5a16-4b6e-a284-233c15d45e65');
INSERT INTO `di_content` (`id`, `elementId`, `locale`, `title`, `field_heading`, `field_brief`, `field_subheading`, `field_keepBrief`, `field_theme`, `field_startDate`, `field_endDate`, `field_allDay`, `field_addressTable`, `field_map`, `field_priceTable`, `field_posterColor`, `field_pageOptions`, `field_forename`, `field_surname`, `field_namePrefix`, `field_nameSuffix`, `field_infoTable`, `field_geo`, `field_leadVideo`, `field_contactTable`, `dateCreated`, `dateUpdated`, `uid`) VALUES ('35', '51', 'en_gb', 'coffee-beans1', NULL, NULL, NULL, NULL, NULL, NULL, NULL, NULL, NULL, NULL, NULL, NULL, NULL, NULL, NULL, NULL, NULL, NULL, NULL, NULL, NULL, '2014-09-17 09:37:25', '2014-09-19 10:31:44', 'a908e4e3-d38b-4428-baf7-de748a3a3bef');
INSERT INTO `di_content` (`id`, `elementId`, `locale`, `title`, `field_heading`, `field_brief`, `field_subheading`, `field_keepBrief`, `field_theme`, `field_startDate`, `field_endDate`, `field_allDay`, `field_addressTable`, `field_map`, `field_priceTable`, `field_posterColor`, `field_pageOptions`, `field_forename`, `field_surname`, `field_namePrefix`, `field_nameSuffix`, `field_infoTable`, `field_geo`, `field_leadVideo`, `field_contactTable`, `dateCreated`, `dateUpdated`, `uid`) VALUES ('39', '59', 'en_gb', 'african-girl-sad', NULL, NULL, NULL, NULL, NULL, NULL, NULL, NULL, NULL, NULL, NULL, NULL, NULL, NULL, NULL, NULL, NULL, NULL, NULL, NULL, NULL, '2014-09-18 08:41:54', '2014-09-18 08:41:54', '22c22826-3840-41c9-9c34-fe286d61a1bf');
INSERT INTO `di_content` (`id`, `elementId`, `locale`, `title`, `field_heading`, `field_brief`, `field_subheading`, `field_keepBrief`, `field_theme`, `field_startDate`, `field_endDate`, `field_allDay`, `field_addressTable`, `field_map`, `field_priceTable`, `field_posterColor`, `field_pageOptions`, `field_forename`, `field_surname`, `field_namePrefix`, `field_nameSuffix`, `field_infoTable`, `field_geo`, `field_leadVideo`, `field_contactTable`, `dateCreated`, `dateUpdated`, `uid`) VALUES ('40', '60', 'en_gb', 'church', NULL, NULL, NULL, NULL, NULL, NULL, NULL, NULL, NULL, NULL, NULL, NULL, NULL, NULL, NULL, NULL, NULL, NULL, NULL, NULL, NULL, '2014-09-18 10:49:24', '2014-09-18 12:23:04', '359bc7d6-3098-4d02-9c6f-0c0700ece616');
INSERT INTO `di_content` (`id`, `elementId`, `locale`, `title`, `field_heading`, `field_brief`, `field_subheading`, `field_keepBrief`, `field_theme`, `field_startDate`, `field_endDate`, `field_allDay`, `field_addressTable`, `field_map`, `field_priceTable`, `field_posterColor`, `field_pageOptions`, `field_forename`, `field_surname`, `field_namePrefix`, `field_nameSuffix`, `field_infoTable`, `field_geo`, `field_leadVideo`, `field_contactTable`, `dateCreated`, `dateUpdated`, `uid`) VALUES ('41', '61', 'en_gb', 'dropinn', NULL, NULL, NULL, NULL, NULL, NULL, NULL, NULL, NULL, NULL, NULL, NULL, NULL, NULL, NULL, NULL, NULL, NULL, NULL, NULL, NULL, '2014-09-18 11:07:46', '2014-09-19 10:16:10', 'b25cc054-249a-42e6-81be-b2317ec9b49d');
INSERT INTO `di_content` (`id`, `elementId`, `locale`, `title`, `field_heading`, `field_brief`, `field_subheading`, `field_keepBrief`, `field_theme`, `field_startDate`, `field_endDate`, `field_allDay`, `field_addressTable`, `field_map`, `field_priceTable`, `field_posterColor`, `field_pageOptions`, `field_forename`, `field_surname`, `field_namePrefix`, `field_nameSuffix`, `field_infoTable`, `field_geo`, `field_leadVideo`, `field_contactTable`, `dateCreated`, `dateUpdated`, `uid`) VALUES ('45', '65', 'en_gb', 'tinhouse', NULL, NULL, NULL, NULL, NULL, NULL, NULL, NULL, NULL, NULL, NULL, NULL, NULL, NULL, NULL, NULL, NULL, NULL, NULL, NULL, NULL, '2014-09-18 11:37:05', '2014-09-18 11:37:05', 'e73344e0-3d95-44d8-82c4-305be8456776');
INSERT INTO `di_content` (`id`, `elementId`, `locale`, `title`, `field_heading`, `field_brief`, `field_subheading`, `field_keepBrief`, `field_theme`, `field_startDate`, `field_endDate`, `field_allDay`, `field_addressTable`, `field_map`, `field_priceTable`, `field_posterColor`, `field_pageOptions`, `field_forename`, `field_surname`, `field_namePrefix`, `field_nameSuffix`, `field_infoTable`, `field_geo`, `field_leadVideo`, `field_contactTable`, `dateCreated`, `dateUpdated`, `uid`) VALUES ('50', '70', 'en_gb', 'church-w60pc', NULL, NULL, NULL, NULL, NULL, NULL, NULL, NULL, NULL, NULL, NULL, NULL, NULL, NULL, NULL, NULL, NULL, NULL, NULL, NULL, NULL, '2014-09-18 13:28:07', '2014-09-18 13:28:07', '9231965c-ef22-4aa3-b442-06e18a8a9420');
INSERT INTO `di_content` (`id`, `elementId`, `locale`, `title`, `field_heading`, `field_brief`, `field_subheading`, `field_keepBrief`, `field_theme`, `field_startDate`, `field_endDate`, `field_allDay`, `field_addressTable`, `field_map`, `field_priceTable`, `field_posterColor`, `field_pageOptions`, `field_forename`, `field_surname`, `field_namePrefix`, `field_nameSuffix`, `field_infoTable`, `field_geo`, `field_leadVideo`, `field_contactTable`, `dateCreated`, `dateUpdated`, `uid`) VALUES ('51', '71', 'en_gb', 'church-pridevhumility', NULL, NULL, NULL, NULL, NULL, NULL, NULL, NULL, NULL, NULL, NULL, NULL, NULL, NULL, NULL, NULL, NULL, NULL, NULL, NULL, NULL, '2014-09-18 13:31:47', '2014-09-18 13:37:14', 'cc2e980b-0040-4ece-8c41-5736d4f127b2');
INSERT INTO `di_content` (`id`, `elementId`, `locale`, `title`, `field_heading`, `field_brief`, `field_subheading`, `field_keepBrief`, `field_theme`, `field_startDate`, `field_endDate`, `field_allDay`, `field_addressTable`, `field_map`, `field_priceTable`, `field_posterColor`, `field_pageOptions`, `field_forename`, `field_surname`, `field_namePrefix`, `field_nameSuffix`, `field_infoTable`, `field_geo`, `field_leadVideo`, `field_contactTable`, `dateCreated`, `dateUpdated`, `uid`) VALUES ('67', '102', 'en_gb', NULL, NULL, NULL, NULL, '[]', '_layout', NULL, NULL, '[]', NULL, NULL, NULL, 'none', NULL, NULL, NULL, NULL, NULL, NULL, NULL, NULL, NULL, '2014-09-23 11:32:07', '2014-09-23 11:32:07', '37f3d60e-9702-4c95-89e8-543f384420cf');
INSERT INTO `di_content` (`id`, `elementId`, `locale`, `title`, `field_heading`, `field_brief`, `field_subheading`, `field_keepBrief`, `field_theme`, `field_startDate`, `field_endDate`, `field_allDay`, `field_addressTable`, `field_map`, `field_priceTable`, `field_posterColor`, `field_pageOptions`, `field_forename`, `field_surname`, `field_namePrefix`, `field_nameSuffix`, `field_infoTable`, `field_geo`, `field_leadVideo`, `field_contactTable`, `dateCreated`, `dateUpdated`, `uid`) VALUES ('68', '103', 'en_gb', NULL, NULL, NULL, NULL, '[]', '_layout', NULL, NULL, '[]', NULL, NULL, NULL, 'none', NULL, NULL, NULL, NULL, NULL, NULL, NULL, NULL, NULL, '2014-09-23 11:32:27', '2014-09-23 11:32:27', 'bfb0d3ae-c009-47f6-9b65-9ae01153b94f');
INSERT INTO `di_content` (`id`, `elementId`, `locale`, `title`, `field_heading`, `field_brief`, `field_subheading`, `field_keepBrief`, `field_theme`, `field_startDate`, `field_endDate`, `field_allDay`, `field_addressTable`, `field_map`, `field_priceTable`, `field_posterColor`, `field_pageOptions`, `field_forename`, `field_surname`, `field_namePrefix`, `field_nameSuffix`, `field_infoTable`, `field_geo`, `field_leadVideo`, `field_contactTable`, `dateCreated`, `dateUpdated`, `uid`) VALUES ('69', '104', 'en_gb', NULL, NULL, NULL, NULL, '[]', '_layout', NULL, NULL, '[]', NULL, NULL, NULL, 'none', NULL, NULL, NULL, NULL, NULL, NULL, NULL, NULL, NULL, '2014-09-23 11:32:32', '2014-09-23 11:32:32', '94d26db6-f61e-415a-a60a-59586705f95e');
INSERT INTO `di_content` (`id`, `elementId`, `locale`, `title`, `field_heading`, `field_brief`, `field_subheading`, `field_keepBrief`, `field_theme`, `field_startDate`, `field_endDate`, `field_allDay`, `field_addressTable`, `field_map`, `field_priceTable`, `field_posterColor`, `field_pageOptions`, `field_forename`, `field_surname`, `field_namePrefix`, `field_nameSuffix`, `field_infoTable`, `field_geo`, `field_leadVideo`, `field_contactTable`, `dateCreated`, `dateUpdated`, `uid`) VALUES ('70', '105', 'en_gb', NULL, NULL, NULL, NULL, '[]', '_layout', NULL, NULL, '[]', NULL, NULL, NULL, 'none', NULL, NULL, NULL, NULL, NULL, NULL, NULL, NULL, NULL, '2014-09-23 11:33:09', '2014-09-23 11:33:09', 'c629c306-33e1-4baf-a2ba-08ba66cf195e');
INSERT INTO `di_content` (`id`, `elementId`, `locale`, `title`, `field_heading`, `field_brief`, `field_subheading`, `field_keepBrief`, `field_theme`, `field_startDate`, `field_endDate`, `field_allDay`, `field_addressTable`, `field_map`, `field_priceTable`, `field_posterColor`, `field_pageOptions`, `field_forename`, `field_surname`, `field_namePrefix`, `field_nameSuffix`, `field_infoTable`, `field_geo`, `field_leadVideo`, `field_contactTable`, `dateCreated`, `dateUpdated`, `uid`) VALUES ('73', '111', 'en_gb', 'profile-pic', NULL, NULL, NULL, '[]', '_layout', NULL, NULL, '[]', NULL, NULL, NULL, 'none', '[]', NULL, NULL, NULL, NULL, NULL, NULL, NULL, NULL, '2014-09-24 10:51:49', '2014-09-24 10:51:49', '3d664689-8b8b-44b0-abd9-8a743659b543');
INSERT INTO `di_content` (`id`, `elementId`, `locale`, `title`, `field_heading`, `field_brief`, `field_subheading`, `field_keepBrief`, `field_theme`, `field_startDate`, `field_endDate`, `field_allDay`, `field_addressTable`, `field_map`, `field_priceTable`, `field_posterColor`, `field_pageOptions`, `field_forename`, `field_surname`, `field_namePrefix`, `field_nameSuffix`, `field_infoTable`, `field_geo`, `field_leadVideo`, `field_contactTable`, `dateCreated`, `dateUpdated`, `uid`) VALUES ('74', '112', 'en_gb', 'Hello', '', '', '', '', '_layout', NULL, NULL, '[]', NULL, NULL, NULL, 'none', '', NULL, NULL, NULL, NULL, NULL, '54.464800000000004,-6.3360199999999995', NULL, NULL, '2014-09-29 15:09:30', '2014-10-02 09:42:45', '27d41679-bcc0-4739-8b6e-298c060a8bb1');
INSERT INTO `di_content` (`id`, `elementId`, `locale`, `title`, `field_heading`, `field_brief`, `field_subheading`, `field_keepBrief`, `field_theme`, `field_startDate`, `field_endDate`, `field_allDay`, `field_addressTable`, `field_map`, `field_priceTable`, `field_posterColor`, `field_pageOptions`, `field_forename`, `field_surname`, `field_namePrefix`, `field_nameSuffix`, `field_infoTable`, `field_geo`, `field_leadVideo`, `field_contactTable`, `dateCreated`, `dateUpdated`, `uid`) VALUES ('75', '113', 'en_gb', 'Major event happening', 'There\'s a major event happening soon', '<p>Lorem ipsum dolor sit amet, consectetur adipiscing elit. Sed blandit accumsan risus, et dictum ligula elementum vehicula. Cras in congue ante. Sed non tincidunt ante. Nulla sem nisl, luctus a lacinia sed, hendrerit eget mi. Donec quis feugiat dui. In in risus odio. Duis commodo ligula id aliquet iaculis.</p><p>Donec condimentum, est at ultricies pretium, enim metus consectetur dui, eu cursus elit neque ut neque. Mauris sit amet venenatis diam. Pellentesque tincidunt vulputate nibh, vitae hendrerit nulla. Nulla facilisi. Donec posuere velit ut facilisis sagittis. Morbi maximus sapien orci, non lobortis magna viverra posuere. Morbi faucibus eget ante vitae commodo. Donec porta eleifend massa et porttitor. In mollis libero at erat tristique condimentum. Nullam in rutrum velit.</p>', '<p>This is a subheading</p>', '', '_layout', '2014-10-30 18:00:00', '2014-10-30 22:00:00', '', NULL, NULL, NULL, 'none', '[]', NULL, NULL, NULL, NULL, NULL, NULL, NULL, NULL, '2014-09-30 07:25:18', '2014-10-01 17:27:05', 'a9a27731-73c4-4e08-aa23-408b12eadecb');
INSERT INTO `di_content` (`id`, `elementId`, `locale`, `title`, `field_heading`, `field_brief`, `field_subheading`, `field_keepBrief`, `field_theme`, `field_startDate`, `field_endDate`, `field_allDay`, `field_addressTable`, `field_map`, `field_priceTable`, `field_posterColor`, `field_pageOptions`, `field_forename`, `field_surname`, `field_namePrefix`, `field_nameSuffix`, `field_infoTable`, `field_geo`, `field_leadVideo`, `field_contactTable`, `dateCreated`, `dateUpdated`, `uid`) VALUES ('76', '114', 'en_gb', 'Lampstand', '', '<p>Lorem ipsum dolor sit amet, consectetur adipiscing elit. Sed blandit accumsan risus, et dictum ligula elementum vehicula. Cras in congue ante. Sed non tincidunt ante. Nulla sem nisl, luctus a lacinia sed, hendrerit eget mi. Donec quis feugiat dui. In in risus odio. Duis commodo ligula id aliquet iaculis.</p><p>Donec condimentum, est at ultricies pretium, enim metus consectetur dui, eu cursus elit neque ut neque. Mauris sit amet venenatis diam. Pellentesque tincidunt vulputate nibh, vitae hendrerit nulla. Nulla facilisi. Donec posuere velit ut facilisis sagittis. Morbi maximus sapien orci, non lobortis magna viverra posuere. Morbi faucibus eget ante vitae commodo. Donec porta eleifend massa et porttitor. In mollis libero at erat tristique condimentum. Nullam in rutrum velit.</p>', '<p>An attractive lampstand that will go with any lamp</p>', '[\"1\"]', '_layout', NULL, NULL, '[]', NULL, NULL, '[{\"col1\":\"12.00\",\"col2\":\"10.00\",\"col7\":\"15.00\",\"col6\":\"GBP\",\"col3\":\"Wooden\",\"col4\":\"1\",\"col5\":\"1\"},{\"col1\":\"13.00\",\"col2\":\"\",\"col7\":\"\",\"col6\":\"GBP\",\"col3\":\"Metal\",\"col4\":\"\",\"col5\":\"\"}]', 'site', '[]', NULL, NULL, NULL, NULL, NULL, NULL, NULL, NULL, '2014-09-30 11:00:50', '2014-10-02 08:14:14', '6cd54be9-8e76-4b82-bfea-7741929976d8');
INSERT INTO `di_content` (`id`, `elementId`, `locale`, `title`, `field_heading`, `field_brief`, `field_subheading`, `field_keepBrief`, `field_theme`, `field_startDate`, `field_endDate`, `field_allDay`, `field_addressTable`, `field_map`, `field_priceTable`, `field_posterColor`, `field_pageOptions`, `field_forename`, `field_surname`, `field_namePrefix`, `field_nameSuffix`, `field_infoTable`, `field_geo`, `field_leadVideo`, `field_contactTable`, `dateCreated`, `dateUpdated`, `uid`) VALUES ('77', '117', 'en_gb', 'David McBride', NULL, '<p>Lorem ipsum dolor sit amet, consectetur adipiscing elit. Sed blandit accumsan risus, et dictum ligula elementum vehicula. Cras in congue ante. Sed non tincidunt ante. Nulla sem nisl, luctus a lacinia sed, hendrerit eget mi. Donec quis feugiat dui. In in risus odio. Duis commodo ligula id aliquet iaculis.</p><p>Donec condimentum, est at ultricies pretium, enim metus consectetur dui, eu cursus elit neque ut neque. Mauris sit amet venenatis diam. Pellentesque tincidunt vulputate nibh, vitae hendrerit nulla. Nulla facilisi. Donec posuere velit ut facilisis sagittis. Morbi maximus sapien orci, non lobortis magna viverra posuere. Morbi faucibus eget ante vitae commodo. Donec porta eleifend massa et porttitor. In mollis libero at erat tristique condimentum. Nullam in rutrum velit.</p>', '<p>Manager, Tin House Coffee</p>', '[\"1\"]', '_layout-tinhouse', NULL, NULL, '[]', NULL, '{\"markers\":[],\"polygons\":[],\"polylines\":[],\"routes\":[],\"circles\":[],\"groundOverlays\":[]}', NULL, 'none', '', 'David', 'McBride', '', '', NULL, NULL, NULL, '[{\"col1\":\"Telephone\",\"col2\":\"028 9012 3456\",\"col3\":\"\"},{\"col1\":\"Twitter\",\"col2\":\"@davidmcbride\",\"col3\":\"\"},{\"col1\":\"Email\",\"col2\":\"david@dropinn.net\",\"col3\":\"\"}]', '2014-09-30 12:34:47', '2014-10-02 15:41:17', '80de8abb-8249-4aff-a9bb-c69946d24ebd');
INSERT INTO `di_content` (`id`, `elementId`, `locale`, `title`, `field_heading`, `field_brief`, `field_subheading`, `field_keepBrief`, `field_theme`, `field_startDate`, `field_endDate`, `field_allDay`, `field_addressTable`, `field_map`, `field_priceTable`, `field_posterColor`, `field_pageOptions`, `field_forename`, `field_surname`, `field_namePrefix`, `field_nameSuffix`, `field_infoTable`, `field_geo`, `field_leadVideo`, `field_contactTable`, `dateCreated`, `dateUpdated`, `uid`) VALUES ('78', '120', 'en_gb', 'Church', NULL, NULL, NULL, '[]', '_layout', NULL, NULL, '[]', NULL, NULL, NULL, 'none', '[]', NULL, NULL, NULL, NULL, NULL, NULL, NULL, NULL, '2014-09-30 14:20:09', '2014-09-30 14:20:09', '84e80e37-ff24-41bd-9ae0-4d94c8fdbfa3');
INSERT INTO `di_content` (`id`, `elementId`, `locale`, `title`, `field_heading`, `field_brief`, `field_subheading`, `field_keepBrief`, `field_theme`, `field_startDate`, `field_endDate`, `field_allDay`, `field_addressTable`, `field_map`, `field_priceTable`, `field_posterColor`, `field_pageOptions`, `field_forename`, `field_surname`, `field_namePrefix`, `field_nameSuffix`, `field_infoTable`, `field_geo`, `field_leadVideo`, `field_contactTable`, `dateCreated`, `dateUpdated`, `uid`) VALUES ('79', '121', 'en_gb', 'Charity Shop', NULL, NULL, NULL, '[]', '_layout', NULL, NULL, '[]', NULL, NULL, NULL, 'none', '[]', NULL, NULL, NULL, NULL, NULL, NULL, NULL, NULL, '2014-09-30 14:20:14', '2014-09-30 14:20:14', '265100e7-6dce-4394-8717-e2f9510ee1ea');
INSERT INTO `di_content` (`id`, `elementId`, `locale`, `title`, `field_heading`, `field_brief`, `field_subheading`, `field_keepBrief`, `field_theme`, `field_startDate`, `field_endDate`, `field_allDay`, `field_addressTable`, `field_map`, `field_priceTable`, `field_posterColor`, `field_pageOptions`, `field_forename`, `field_surname`, `field_namePrefix`, `field_nameSuffix`, `field_infoTable`, `field_geo`, `field_leadVideo`, `field_contactTable`, `dateCreated`, `dateUpdated`, `uid`) VALUES ('80', '122', 'en_gb', 'Coffee Shop', NULL, NULL, NULL, '[]', '_layout', NULL, NULL, '[]', NULL, NULL, NULL, 'none', '[]', NULL, NULL, NULL, NULL, NULL, NULL, NULL, NULL, '2014-09-30 14:20:20', '2014-09-30 14:20:20', 'bd8dc1ff-dc05-4c24-ae88-31cb9080b1e9');
INSERT INTO `di_content` (`id`, `elementId`, `locale`, `title`, `field_heading`, `field_brief`, `field_subheading`, `field_keepBrief`, `field_theme`, `field_startDate`, `field_endDate`, `field_allDay`, `field_addressTable`, `field_map`, `field_priceTable`, `field_posterColor`, `field_pageOptions`, `field_forename`, `field_surname`, `field_namePrefix`, `field_nameSuffix`, `field_infoTable`, `field_geo`, `field_leadVideo`, `field_contactTable`, `dateCreated`, `dateUpdated`, `uid`) VALUES ('81', '123', 'en_gb', 'Community Center', NULL, NULL, NULL, '[]', '_layout', NULL, NULL, '[]', NULL, NULL, NULL, 'none', '[]', NULL, NULL, NULL, NULL, NULL, NULL, NULL, NULL, '2014-09-30 14:20:34', '2014-09-30 14:20:34', 'ed569164-92bf-4c78-8c55-240f0889dfb9');
INSERT INTO `di_content` (`id`, `elementId`, `locale`, `title`, `field_heading`, `field_brief`, `field_subheading`, `field_keepBrief`, `field_theme`, `field_startDate`, `field_endDate`, `field_allDay`, `field_addressTable`, `field_map`, `field_priceTable`, `field_posterColor`, `field_pageOptions`, `field_forename`, `field_surname`, `field_namePrefix`, `field_nameSuffix`, `field_infoTable`, `field_geo`, `field_leadVideo`, `field_contactTable`, `dateCreated`, `dateUpdated`, `uid`) VALUES ('82', '124', 'en_gb', 'Residence', NULL, NULL, NULL, '[]', '_layout', NULL, NULL, '[]', NULL, NULL, NULL, 'none', '[]', NULL, NULL, NULL, NULL, NULL, NULL, NULL, NULL, '2014-09-30 14:20:43', '2014-09-30 14:20:43', '5410f60a-0408-43e6-a02c-cb9dddbdeb61');
INSERT INTO `di_content` (`id`, `elementId`, `locale`, `title`, `field_heading`, `field_brief`, `field_subheading`, `field_keepBrief`, `field_theme`, `field_startDate`, `field_endDate`, `field_allDay`, `field_addressTable`, `field_map`, `field_priceTable`, `field_posterColor`, `field_pageOptions`, `field_forename`, `field_surname`, `field_namePrefix`, `field_nameSuffix`, `field_infoTable`, `field_geo`, `field_leadVideo`, `field_contactTable`, `dateCreated`, `dateUpdated`, `uid`) VALUES ('83', '125', 'en_gb', 'Grace Community Church', '', '', '<p>The local / global church</p>', '', '_layout-church', NULL, NULL, '[]', '[{\"col1\":\"171 Dobbin Rd\",\"col2\":\"Richhill\",\"col3\":\"County Armagh\",\"col4\":\"BT61 9LW\",\"col5\":\"Northern Ireland\",\"col6\":\"\"}]', '{\"markers\":[{\"title\":\"\",\"distance\":false,\"icon\":\"\",\"lat\":54.3879396,\"lng\":-6.5344737,\"content\":\"Drop Inn Community Church<br> 171 Dobbin Road<br> Richhill<br> Armagh<br> Armagh BT61 9LW<br> UK\",\"customContent\":false,\"address\":\"Drop Inn Community Church, 171 Dobbin Road, Richhill, Armagh, Armagh BT61 9LW, UK\",\"addressComponents\":[{\"long_name\":\"Drop Inn Community Church\",\"short_name\":\"Drop Inn Community Church\",\"types\":[\"point_of_interest\",\"establishment\"]},{\"long_name\":\"171\",\"short_name\":\"171\",\"types\":[\"street_number\"]},{\"long_name\":\"Dobbin Road\",\"short_name\":\"Dobbin Rd\",\"types\":[\"route\"]},{\"long_name\":\"Richhill\",\"short_name\":\"Richhill\",\"types\":[\"locality\",\"political\"]},{\"long_name\":\"Armagh\",\"short_name\":\"Armagh\",\"types\":[\"postal_town\"]},{\"long_name\":\"Armagh\",\"short_name\":\"Armagh\",\"types\":[\"administrative_area_level_2\",\"political\"]},{\"long_name\":\"United Kingdom\",\"short_name\":\"GB\",\"types\":[\"country\",\"political\"]},{\"long_name\":\"BT61 9LW\",\"short_name\":\"BT61 9LW\",\"types\":[\"postal_code\"]}],\"locationId\":\"1\",\"elementId\":\"125\",\"isNew\":false,\"deleted\":false}],\"polygons\":[],\"polylines\":[],\"routes\":[],\"circles\":[],\"groundOverlays\":[]}', NULL, 'tertiary', '[\"poster\",\"posterMap\"]', NULL, NULL, NULL, NULL, '[{\"col1\":\"\",\"col2\":\"\",\"col3\":\"\"}]', '54.464800000000004,-6.3360199999999995', 'https://www.youtube.com/watch?v=Ie5QnUAkv1M', '[{\"col1\":\"Telephone\",\"col2\":\"028 3887 1389\",\"col3\":\"\"}]', '2014-09-30 14:24:06', '2014-10-06 08:27:12', 'e521ea38-3831-4f2c-9cab-628ff7a43a92');
INSERT INTO `di_content` (`id`, `elementId`, `locale`, `title`, `field_heading`, `field_brief`, `field_subheading`, `field_keepBrief`, `field_theme`, `field_startDate`, `field_endDate`, `field_allDay`, `field_addressTable`, `field_map`, `field_priceTable`, `field_posterColor`, `field_pageOptions`, `field_forename`, `field_surname`, `field_namePrefix`, `field_nameSuffix`, `field_infoTable`, `field_geo`, `field_leadVideo`, `field_contactTable`, `dateCreated`, `dateUpdated`, `uid`) VALUES ('84', '126', 'en_gb', 'Tin House Portadown', 'Tin House Coffee', '', '<p>Portadown</p>', '', '_layout-tinhouse', NULL, NULL, '[]', '[{\"col1\":\"16a Church Street\",\"col2\":\"Portadown\",\"col3\":\"County Armagh\",\"col4\":\"BT62 3LQ \",\"col5\":\"Northern Ireland\",\"col6\":\"\"}]', '{\"markers\":[{\"title\":\"\",\"distance\":false,\"icon\":\"\",\"lat\":54.4219197,\"lng\":-6.4451233,\"content\":\"16 Church Street<br> Portadown<br> Craigavon<br> Craigavon BT62 3LN<br> UK\",\"customContent\":false,\"address\":\"16 Church Street, Portadown, Craigavon, Craigavon BT62 3LN, UK\",\"addressComponents\":[{\"long_name\":\"16\",\"short_name\":\"16\",\"types\":[\"street_number\"]},{\"long_name\":\"Church Street\",\"short_name\":\"Church St\",\"types\":[\"route\"]},{\"long_name\":\"Portadown\",\"short_name\":\"Portadown\",\"types\":[\"locality\",\"political\"]},{\"long_name\":\"Craigavon\",\"short_name\":\"Craigavon\",\"types\":[\"postal_town\"]},{\"long_name\":\"Craigavon\",\"short_name\":\"Craigavon\",\"types\":[\"administrative_area_level_2\",\"political\"]},{\"long_name\":\"United Kingdom\",\"short_name\":\"GB\",\"types\":[\"country\",\"political\"]},{\"long_name\":\"BT62 3LN\",\"short_name\":\"BT62 3LN\",\"types\":[\"postal_code\"]}],\"locationId\":\"2\",\"elementId\":\"126\",\"isNew\":false,\"deleted\":false}],\"polygons\":[],\"polylines\":[],\"routes\":[],\"circles\":[],\"groundOverlays\":[]}', NULL, 'secondary', '[\"poster\",\"showRelated\"]', NULL, NULL, NULL, NULL, '[{\"col1\":\"\",\"col2\":\"\",\"col3\":\"\"}]', '54.464800000000004,-6.3360199999999995', '', '[{\"col1\":\"Telephone\",\"col2\":\"028 3812 3456\",\"col3\":\"\"}]', '2014-09-30 15:29:25', '2014-10-06 10:30:57', '912d75ed-b312-411d-8fa9-7a5507d7d045');
INSERT INTO `di_content` (`id`, `elementId`, `locale`, `title`, `field_heading`, `field_brief`, `field_subheading`, `field_keepBrief`, `field_theme`, `field_startDate`, `field_endDate`, `field_allDay`, `field_addressTable`, `field_map`, `field_priceTable`, `field_posterColor`, `field_pageOptions`, `field_forename`, `field_surname`, `field_namePrefix`, `field_nameSuffix`, `field_infoTable`, `field_geo`, `field_leadVideo`, `field_contactTable`, `dateCreated`, `dateUpdated`, `uid`) VALUES ('85', '128', 'en_gb', 'Tin House', NULL, NULL, NULL, '[]', '_layout', NULL, NULL, '[]', NULL, NULL, NULL, 'none', '[]', NULL, NULL, NULL, NULL, NULL, NULL, NULL, NULL, '2014-10-01 08:03:51', '2014-10-01 08:03:51', '5871e4ca-f676-4166-a3a1-8073614c2201');
INSERT INTO `di_content` (`id`, `elementId`, `locale`, `title`, `field_heading`, `field_brief`, `field_subheading`, `field_keepBrief`, `field_theme`, `field_startDate`, `field_endDate`, `field_allDay`, `field_addressTable`, `field_map`, `field_priceTable`, `field_posterColor`, `field_pageOptions`, `field_forename`, `field_surname`, `field_namePrefix`, `field_nameSuffix`, `field_infoTable`, `field_geo`, `field_leadVideo`, `field_contactTable`, `dateCreated`, `dateUpdated`, `uid`) VALUES ('86', '129', 'en_gb', 'Church', NULL, NULL, NULL, '[]', '_layout', NULL, NULL, '[]', NULL, NULL, NULL, 'none', '[]', NULL, NULL, NULL, NULL, NULL, NULL, NULL, NULL, '2014-10-01 08:03:57', '2014-10-01 08:03:57', '847b3dad-5643-4917-923f-bb4c2ec1f2ca');
INSERT INTO `di_content` (`id`, `elementId`, `locale`, `title`, `field_heading`, `field_brief`, `field_subheading`, `field_keepBrief`, `field_theme`, `field_startDate`, `field_endDate`, `field_allDay`, `field_addressTable`, `field_map`, `field_priceTable`, `field_posterColor`, `field_pageOptions`, `field_forename`, `field_surname`, `field_namePrefix`, `field_nameSuffix`, `field_infoTable`, `field_geo`, `field_leadVideo`, `field_contactTable`, `dateCreated`, `dateUpdated`, `uid`) VALUES ('87', '130', 'en_gb', 'Manager', NULL, NULL, NULL, '[]', '_layout', NULL, NULL, '[]', NULL, NULL, NULL, 'none', '[]', NULL, NULL, NULL, NULL, NULL, NULL, NULL, NULL, '2014-10-01 08:04:29', '2014-10-01 08:04:29', '80c2fc20-991b-4c8e-9dd5-ffab7e6e3f4a');
INSERT INTO `di_content` (`id`, `elementId`, `locale`, `title`, `field_heading`, `field_brief`, `field_subheading`, `field_keepBrief`, `field_theme`, `field_startDate`, `field_endDate`, `field_allDay`, `field_addressTable`, `field_map`, `field_priceTable`, `field_posterColor`, `field_pageOptions`, `field_forename`, `field_surname`, `field_namePrefix`, `field_nameSuffix`, `field_infoTable`, `field_geo`, `field_leadVideo`, `field_contactTable`, `dateCreated`, `dateUpdated`, `uid`) VALUES ('88', '131', 'en_gb', 'Pastor', NULL, NULL, NULL, '[]', '_layout', NULL, NULL, '[]', NULL, NULL, NULL, 'none', '[]', NULL, NULL, NULL, NULL, NULL, NULL, NULL, NULL, '2014-10-01 08:04:31', '2014-10-01 08:04:31', '7bf88579-f6ff-497d-9381-caef64c7e895');
INSERT INTO `di_content` (`id`, `elementId`, `locale`, `title`, `field_heading`, `field_brief`, `field_subheading`, `field_keepBrief`, `field_theme`, `field_startDate`, `field_endDate`, `field_allDay`, `field_addressTable`, `field_map`, `field_priceTable`, `field_posterColor`, `field_pageOptions`, `field_forename`, `field_surname`, `field_namePrefix`, `field_nameSuffix`, `field_infoTable`, `field_geo`, `field_leadVideo`, `field_contactTable`, `dateCreated`, `dateUpdated`, `uid`) VALUES ('89', '132', 'en_gb', 'Elder', NULL, NULL, NULL, '[]', '_layout', NULL, NULL, '[]', NULL, NULL, NULL, 'none', '[]', NULL, NULL, NULL, NULL, NULL, NULL, NULL, NULL, '2014-10-01 08:04:35', '2014-10-01 08:04:35', 'ddbffbd5-b640-4405-aaa7-f80de6358365');
INSERT INTO `di_content` (`id`, `elementId`, `locale`, `title`, `field_heading`, `field_brief`, `field_subheading`, `field_keepBrief`, `field_theme`, `field_startDate`, `field_endDate`, `field_allDay`, `field_addressTable`, `field_map`, `field_priceTable`, `field_posterColor`, `field_pageOptions`, `field_forename`, `field_surname`, `field_namePrefix`, `field_nameSuffix`, `field_infoTable`, `field_geo`, `field_leadVideo`, `field_contactTable`, `dateCreated`, `dateUpdated`, `uid`) VALUES ('90', '133', 'en_gb', 'Director', NULL, NULL, NULL, '[]', '_layout', NULL, NULL, '[]', NULL, NULL, NULL, 'none', '[]', NULL, NULL, NULL, NULL, NULL, NULL, NULL, NULL, '2014-10-01 08:04:49', '2014-10-01 08:04:49', 'e6639043-74a5-4cc9-af4f-52619d19de32');
INSERT INTO `di_content` (`id`, `elementId`, `locale`, `title`, `field_heading`, `field_brief`, `field_subheading`, `field_keepBrief`, `field_theme`, `field_startDate`, `field_endDate`, `field_allDay`, `field_addressTable`, `field_map`, `field_priceTable`, `field_posterColor`, `field_pageOptions`, `field_forename`, `field_surname`, `field_namePrefix`, `field_nameSuffix`, `field_infoTable`, `field_geo`, `field_leadVideo`, `field_contactTable`, `dateCreated`, `dateUpdated`, `uid`) VALUES ('91', '136', 'en_gb', 'Food and Drink', NULL, '<p>Abiding, and spiritual growth go hand in hand.  As we make the choice to create space in our schedules and give that unhurried time to be with the Lord, we will experience the fruits of having co-operated with the work of divine grace within us.  Our lives are transformed; restored to their original beauty and order. Our relationships and the many ‘communities’ we are a part of, are also transformed as love, grace and forgiveness replace the asserting of self and me-centeredness.</p><p>A commitment to walk in attentiveness to the workings of the Spirit within will be essential if this grace-filled transformation is to take place.</p>', NULL, '[]', '_layout', NULL, NULL, '[]', NULL, NULL, NULL, 'none', '[]', NULL, NULL, NULL, NULL, NULL, NULL, NULL, NULL, '2014-10-01 11:25:47', '2014-10-01 14:18:57', '43d036f7-1edb-4a07-ad36-534bb2537655');
INSERT INTO `di_content` (`id`, `elementId`, `locale`, `title`, `field_heading`, `field_brief`, `field_subheading`, `field_keepBrief`, `field_theme`, `field_startDate`, `field_endDate`, `field_allDay`, `field_addressTable`, `field_map`, `field_priceTable`, `field_posterColor`, `field_pageOptions`, `field_forename`, `field_surname`, `field_namePrefix`, `field_nameSuffix`, `field_infoTable`, `field_geo`, `field_leadVideo`, `field_contactTable`, `dateCreated`, `dateUpdated`, `uid`) VALUES ('92', '137', 'en_gb', 'Coffee', NULL, NULL, NULL, '[]', '_layout-tinhouse', NULL, NULL, '[]', NULL, NULL, NULL, 'none', '[]', NULL, NULL, NULL, NULL, NULL, NULL, NULL, NULL, '2014-10-01 11:26:03', '2014-10-01 12:41:40', '37df327a-4b7c-4935-aa59-56bf64fc3e12');
INSERT INTO `di_content` (`id`, `elementId`, `locale`, `title`, `field_heading`, `field_brief`, `field_subheading`, `field_keepBrief`, `field_theme`, `field_startDate`, `field_endDate`, `field_allDay`, `field_addressTable`, `field_map`, `field_priceTable`, `field_posterColor`, `field_pageOptions`, `field_forename`, `field_surname`, `field_namePrefix`, `field_nameSuffix`, `field_infoTable`, `field_geo`, `field_leadVideo`, `field_contactTable`, `dateCreated`, `dateUpdated`, `uid`) VALUES ('93', '138', 'en_gb', 'Tea', NULL, NULL, NULL, '[]', '_layout', NULL, NULL, '[]', NULL, NULL, NULL, 'none', '[]', NULL, NULL, NULL, NULL, NULL, NULL, NULL, NULL, '2014-10-01 11:26:12', '2014-10-01 11:26:12', '5b94af6a-b549-4e63-94ea-ca151b007d74');
INSERT INTO `di_content` (`id`, `elementId`, `locale`, `title`, `field_heading`, `field_brief`, `field_subheading`, `field_keepBrief`, `field_theme`, `field_startDate`, `field_endDate`, `field_allDay`, `field_addressTable`, `field_map`, `field_priceTable`, `field_posterColor`, `field_pageOptions`, `field_forename`, `field_surname`, `field_namePrefix`, `field_nameSuffix`, `field_infoTable`, `field_geo`, `field_leadVideo`, `field_contactTable`, `dateCreated`, `dateUpdated`, `uid`) VALUES ('94', '139', 'en_gb', 'Kenyan Roast', '', '', '', '', '_layout-tinhouse', NULL, NULL, '[]', NULL, NULL, '[{\"col1\":\"\",\"col2\":\"\",\"col7\":\"\",\"col6\":\"GBP\",\"col3\":\"\",\"col4\":\"\",\"col5\":\"\"}]', 'tertiary', '[]', NULL, NULL, NULL, NULL, NULL, NULL, NULL, NULL, '2014-10-01 12:45:50', '2014-10-02 08:06:17', 'dafb9bd7-9efd-48c1-a8d2-293560e38a16');
INSERT INTO `di_content` (`id`, `elementId`, `locale`, `title`, `field_heading`, `field_brief`, `field_subheading`, `field_keepBrief`, `field_theme`, `field_startDate`, `field_endDate`, `field_allDay`, `field_addressTable`, `field_map`, `field_priceTable`, `field_posterColor`, `field_pageOptions`, `field_forename`, `field_surname`, `field_namePrefix`, `field_nameSuffix`, `field_infoTable`, `field_geo`, `field_leadVideo`, `field_contactTable`, `dateCreated`, `dateUpdated`, `uid`) VALUES ('96', '144', 'en_gb', 'lampstand', NULL, NULL, NULL, '[]', '_layout', NULL, NULL, '[]', NULL, NULL, NULL, 'none', '[]', NULL, NULL, NULL, NULL, NULL, NULL, NULL, NULL, '2014-10-02 08:02:37', '2014-10-02 08:02:37', 'c5dc5160-7d77-4724-9008-48807e0d611f');
INSERT INTO `di_content` (`id`, `elementId`, `locale`, `title`, `field_heading`, `field_brief`, `field_subheading`, `field_keepBrief`, `field_theme`, `field_startDate`, `field_endDate`, `field_allDay`, `field_addressTable`, `field_map`, `field_priceTable`, `field_posterColor`, `field_pageOptions`, `field_forename`, `field_surname`, `field_namePrefix`, `field_nameSuffix`, `field_infoTable`, `field_geo`, `field_leadVideo`, `field_contactTable`, `dateCreated`, `dateUpdated`, `uid`) VALUES ('97', '145', 'en_gb', 'Wake up, oh Church!', '', '<p>Please pray for believers around the world to be aware of the plight of the Body of Christ when it comes to the issue of persecution. We’ve seen the level of persecution rise in the last year in places like Iraq, Nigeria, Sudan, Pakistan and Syria and our suffering brothers and sisters need our prayers more than ever! Pray for Christians to be burdened in prayer with God’s heart for both the persecuted and the persecutor. May modern day Saul’s encounter Jesus and become modern day Paul’s!</p>', '', '', '_layout', NULL, NULL, '[]', NULL, NULL, NULL, 'none', '', NULL, NULL, NULL, NULL, NULL, '54.4819536,-6.3536871', '', NULL, '2014-10-02 08:24:05', '2014-10-03 16:34:53', 'bc2c5b66-e1f6-4639-bb22-55dd323dfcbd');
INSERT INTO `di_content` (`id`, `elementId`, `locale`, `title`, `field_heading`, `field_brief`, `field_subheading`, `field_keepBrief`, `field_theme`, `field_startDate`, `field_endDate`, `field_allDay`, `field_addressTable`, `field_map`, `field_priceTable`, `field_posterColor`, `field_pageOptions`, `field_forename`, `field_surname`, `field_namePrefix`, `field_nameSuffix`, `field_infoTable`, `field_geo`, `field_leadVideo`, `field_contactTable`, `dateCreated`, `dateUpdated`, `uid`) VALUES ('98', '146', 'en_gb', 'portadown', NULL, NULL, NULL, '[]', '_layout', NULL, NULL, '[]', NULL, NULL, NULL, 'none', '[]', NULL, NULL, NULL, NULL, NULL, NULL, NULL, NULL, '2014-10-02 09:03:10', '2014-10-02 09:05:56', 'cf93000f-397a-435b-8ed2-9da13c47676c');
INSERT INTO `di_content` (`id`, `elementId`, `locale`, `title`, `field_heading`, `field_brief`, `field_subheading`, `field_keepBrief`, `field_theme`, `field_startDate`, `field_endDate`, `field_allDay`, `field_addressTable`, `field_map`, `field_priceTable`, `field_posterColor`, `field_pageOptions`, `field_forename`, `field_surname`, `field_namePrefix`, `field_nameSuffix`, `field_infoTable`, `field_geo`, `field_leadVideo`, `field_contactTable`, `dateCreated`, `dateUpdated`, `uid`) VALUES ('100', '148', 'en_gb', NULL, NULL, NULL, NULL, '[]', '_layout', NULL, NULL, '[]', NULL, NULL, NULL, 'none', '[]', NULL, NULL, NULL, NULL, NULL, NULL, NULL, NULL, '2014-10-02 10:14:52', '2014-10-02 10:14:52', 'a34fd733-13dd-45f9-8e83-237cc6651990');
INSERT INTO `di_content` (`id`, `elementId`, `locale`, `title`, `field_heading`, `field_brief`, `field_subheading`, `field_keepBrief`, `field_theme`, `field_startDate`, `field_endDate`, `field_allDay`, `field_addressTable`, `field_map`, `field_priceTable`, `field_posterColor`, `field_pageOptions`, `field_forename`, `field_surname`, `field_namePrefix`, `field_nameSuffix`, `field_infoTable`, `field_geo`, `field_leadVideo`, `field_contactTable`, `dateCreated`, `dateUpdated`, `uid`) VALUES ('101', '149', 'en_gb', NULL, NULL, NULL, NULL, '[]', '_layout', NULL, NULL, '[]', NULL, NULL, NULL, 'none', '[]', NULL, NULL, NULL, NULL, NULL, NULL, NULL, NULL, '2014-10-02 10:14:58', '2014-10-02 10:14:58', '4a24cb13-7da4-4aec-9982-2edee9156e11');
INSERT INTO `di_content` (`id`, `elementId`, `locale`, `title`, `field_heading`, `field_brief`, `field_subheading`, `field_keepBrief`, `field_theme`, `field_startDate`, `field_endDate`, `field_allDay`, `field_addressTable`, `field_map`, `field_priceTable`, `field_posterColor`, `field_pageOptions`, `field_forename`, `field_surname`, `field_namePrefix`, `field_nameSuffix`, `field_infoTable`, `field_geo`, `field_leadVideo`, `field_contactTable`, `dateCreated`, `dateUpdated`, `uid`) VALUES ('102', '150', 'en_gb', 'fingerspelling-bsl-righthanded', NULL, NULL, NULL, '[]', '_layout', NULL, NULL, '[]', NULL, NULL, NULL, 'none', '[]', NULL, NULL, NULL, NULL, NULL, NULL, NULL, NULL, '2014-10-02 10:16:39', '2014-10-02 10:18:44', 'b3c6bf80-3d54-4a3b-9ea7-430035d0975b');
INSERT INTO `di_content` (`id`, `elementId`, `locale`, `title`, `field_heading`, `field_brief`, `field_subheading`, `field_keepBrief`, `field_theme`, `field_startDate`, `field_endDate`, `field_allDay`, `field_addressTable`, `field_map`, `field_priceTable`, `field_posterColor`, `field_pageOptions`, `field_forename`, `field_surname`, `field_namePrefix`, `field_nameSuffix`, `field_infoTable`, `field_geo`, `field_leadVideo`, `field_contactTable`, `dateCreated`, `dateUpdated`, `uid`) VALUES ('103', '151', 'en_gb', 'Sign Language: Alphabet', '', '<p>Communicating the gospel to the deaf community</p>', '<p>Introduction to Sign Language. Part 1</p>', '[\"1\"]', '_layout-church', NULL, NULL, '[]', NULL, NULL, NULL, 'primary', '[\"poster\",\"posterTitle\",\"showRelated\"]', NULL, NULL, NULL, NULL, NULL, '54.4819629,-6.3536984', '', NULL, '2014-10-02 10:16:58', '2014-10-03 17:02:14', '00295d5a-c7ad-43a1-a468-45ddd1a0861b');
INSERT INTO `di_content` (`id`, `elementId`, `locale`, `title`, `field_heading`, `field_brief`, `field_subheading`, `field_keepBrief`, `field_theme`, `field_startDate`, `field_endDate`, `field_allDay`, `field_addressTable`, `field_map`, `field_priceTable`, `field_posterColor`, `field_pageOptions`, `field_forename`, `field_surname`, `field_namePrefix`, `field_nameSuffix`, `field_infoTable`, `field_geo`, `field_leadVideo`, `field_contactTable`, `dateCreated`, `dateUpdated`, `uid`) VALUES ('105', '154', 'en_gb', 'ASL family', NULL, NULL, NULL, '[]', '_layout', NULL, NULL, '[]', NULL, NULL, NULL, 'none', '[]', NULL, NULL, NULL, NULL, NULL, NULL, NULL, NULL, '2014-10-02 10:22:51', '2014-10-02 10:22:51', '2d83e2f8-1e4a-410c-9230-0447bbee89c9');
INSERT INTO `di_content` (`id`, `elementId`, `locale`, `title`, `field_heading`, `field_brief`, `field_subheading`, `field_keepBrief`, `field_theme`, `field_startDate`, `field_endDate`, `field_allDay`, `field_addressTable`, `field_map`, `field_priceTable`, `field_posterColor`, `field_pageOptions`, `field_forename`, `field_surname`, `field_namePrefix`, `field_nameSuffix`, `field_infoTable`, `field_geo`, `field_leadVideo`, `field_contactTable`, `dateCreated`, `dateUpdated`, `uid`) VALUES ('106', '155', 'en_gb', 'sign', NULL, NULL, NULL, '[]', '_layout', NULL, NULL, '[]', NULL, NULL, NULL, 'none', '[]', NULL, NULL, NULL, NULL, NULL, NULL, NULL, NULL, '2014-10-02 10:25:43', '2014-10-02 10:25:43', 'c6f33823-b753-4d52-b68f-64673d81851a');



--
-- Schema for table `di_deprecationerrors`
--

DROP TABLE IF EXISTS `di_deprecationerrors`;

CREATE TABLE `di_deprecationerrors` (
  `id` int(11) NOT NULL AUTO_INCREMENT,
  `key` varchar(255) COLLATE utf8_unicode_ci NOT NULL,
  `fingerprint` varchar(255) COLLATE utf8_unicode_ci NOT NULL,
  `lastOccurrence` datetime NOT NULL,
  `file` varchar(255) COLLATE utf8_unicode_ci NOT NULL,
  `line` smallint(6) unsigned NOT NULL,
  `class` varchar(255) COLLATE utf8_unicode_ci DEFAULT NULL,
  `method` varchar(255) COLLATE utf8_unicode_ci DEFAULT NULL,
  `template` varchar(255) COLLATE utf8_unicode_ci DEFAULT NULL,
  `templateLine` smallint(6) unsigned DEFAULT NULL,
  `message` varchar(255) COLLATE utf8_unicode_ci DEFAULT NULL,
  `traces` text COLLATE utf8_unicode_ci,
  `dateCreated` datetime NOT NULL,
  `dateUpdated` datetime NOT NULL,
  `uid` char(36) COLLATE utf8_unicode_ci NOT NULL DEFAULT '0',
  PRIMARY KEY (`id`),
  UNIQUE KEY `di_deprecationerrors_key_fingerprint_unq_idx` (`key`,`fingerprint`)
) ENGINE=InnoDB DEFAULT CHARSET=utf8 COLLATE=utf8_unicode_ci;

--
-- Schema for table `di_elements`
--

DROP TABLE IF EXISTS `di_elements`;

CREATE TABLE `di_elements` (
  `id` int(11) NOT NULL AUTO_INCREMENT,
  `type` varchar(150) COLLATE utf8_unicode_ci NOT NULL,
  `enabled` tinyint(1) unsigned NOT NULL DEFAULT '1',
  `archived` tinyint(1) unsigned NOT NULL DEFAULT '0',
  `dateCreated` datetime NOT NULL,
  `dateUpdated` datetime NOT NULL,
  `uid` char(36) COLLATE utf8_unicode_ci NOT NULL DEFAULT '0',
  PRIMARY KEY (`id`),
  KEY `di_elements_type_idx` (`type`),
  KEY `di_elements_enabled_idx` (`enabled`),
  KEY `di_elements_archived_idx` (`archived`)
) ENGINE=InnoDB AUTO_INCREMENT=162 DEFAULT CHARSET=utf8 COLLATE=utf8_unicode_ci;

--
-- Data for table `di_elements`
--

INSERT INTO `di_elements` (`id`, `type`, `enabled`, `archived`, `dateCreated`, `dateUpdated`, `uid`) VALUES ('1', 'User', '1', '0', '2014-09-04 11:28:58', '2014-09-15 14:43:49', '7d07934f-0708-4ab2-b278-a103ff62f5f6');
INSERT INTO `di_elements` (`id`, `type`, `enabled`, `archived`, `dateCreated`, `dateUpdated`, `uid`) VALUES ('2', 'Entry', '1', '0', '2014-09-04 11:28:59', '2014-10-06 08:21:35', 'ecaef6b0-0162-4255-a78f-3934c3a1fcd4');
INSERT INTO `di_elements` (`id`, `type`, `enabled`, `archived`, `dateCreated`, `dateUpdated`, `uid`) VALUES ('3', 'Entry', '1', '0', '2014-09-04 11:28:59', '2014-10-03 16:52:12', 'ca1c9fce-00b1-4d4f-836d-a5c7bf269d09');
INSERT INTO `di_elements` (`id`, `type`, `enabled`, `archived`, `dateCreated`, `dateUpdated`, `uid`) VALUES ('5', 'Asset', '1', '0', '2014-09-04 13:00:15', '2014-09-17 16:32:18', 'a2429ed1-58de-461c-8e46-41c899a59e92');
INSERT INTO `di_elements` (`id`, `type`, `enabled`, `archived`, `dateCreated`, `dateUpdated`, `uid`) VALUES ('18', 'Asset', '1', '0', '2014-09-08 08:21:12', '2014-09-19 10:31:50', '142a87fe-11a2-47d5-b468-153844443e90');
INSERT INTO `di_elements` (`id`, `type`, `enabled`, `archived`, `dateCreated`, `dateUpdated`, `uid`) VALUES ('21', 'Asset', '1', '0', '2014-09-08 10:52:45', '2014-09-19 10:31:54', '1b65ed7c-9443-4b91-93d8-b3db5d39f7ed');
INSERT INTO `di_elements` (`id`, `type`, `enabled`, `archived`, `dateCreated`, `dateUpdated`, `uid`) VALUES ('22', 'Entry', '1', '0', '2014-09-08 13:06:50', '2014-09-29 14:19:56', 'd13554fd-fbad-449c-ad72-b065ec348de8');
INSERT INTO `di_elements` (`id`, `type`, `enabled`, `archived`, `dateCreated`, `dateUpdated`, `uid`) VALUES ('25', 'Asset', '1', '0', '2014-09-10 12:32:02', '2014-09-19 10:31:26', 'b32ff9d8-3b90-472f-8731-4d49c6ac2597');
INSERT INTO `di_elements` (`id`, `type`, `enabled`, `archived`, `dateCreated`, `dateUpdated`, `uid`) VALUES ('28', 'Asset', '1', '0', '2014-09-15 08:25:21', '2014-09-17 16:32:07', '3e097507-f9df-45b0-ad80-7068891455b6');
INSERT INTO `di_elements` (`id`, `type`, `enabled`, `archived`, `dateCreated`, `dateUpdated`, `uid`) VALUES ('29', 'Entry', '1', '0', '2014-09-15 09:05:31', '2014-10-01 17:37:06', 'bc633445-4161-4f7f-8b10-0bb2d7ea51b7');
INSERT INTO `di_elements` (`id`, `type`, `enabled`, `archived`, `dateCreated`, `dateUpdated`, `uid`) VALUES ('51', 'Asset', '1', '0', '2014-09-17 09:37:25', '2014-09-19 10:31:44', '7037a0d6-a4e5-43b5-b51f-562c607c0218');
INSERT INTO `di_elements` (`id`, `type`, `enabled`, `archived`, `dateCreated`, `dateUpdated`, `uid`) VALUES ('59', 'Asset', '1', '0', '2014-09-18 08:41:54', '2014-09-18 08:41:54', 'a6b7d6b8-d445-4a5a-b3df-c3d7e299d7a6');
INSERT INTO `di_elements` (`id`, `type`, `enabled`, `archived`, `dateCreated`, `dateUpdated`, `uid`) VALUES ('60', 'Asset', '1', '0', '2014-09-18 10:49:24', '2014-09-18 12:23:04', '3ec22f94-f0cd-4cc8-b864-04fbd2f55b36');
INSERT INTO `di_elements` (`id`, `type`, `enabled`, `archived`, `dateCreated`, `dateUpdated`, `uid`) VALUES ('61', 'Asset', '1', '0', '2014-09-18 11:07:46', '2014-09-19 10:16:10', '4da2bd6e-4bf2-42a8-a82e-249a619890e7');
INSERT INTO `di_elements` (`id`, `type`, `enabled`, `archived`, `dateCreated`, `dateUpdated`, `uid`) VALUES ('65', 'Asset', '1', '0', '2014-09-18 11:37:05', '2014-09-18 11:37:05', '49a6e009-e244-4ee5-995b-616d31afa3fa');
INSERT INTO `di_elements` (`id`, `type`, `enabled`, `archived`, `dateCreated`, `dateUpdated`, `uid`) VALUES ('70', 'Asset', '1', '0', '2014-09-18 13:28:07', '2014-09-18 13:28:07', '47986400-f611-4a26-85ae-a14dce5169e9');
INSERT INTO `di_elements` (`id`, `type`, `enabled`, `archived`, `dateCreated`, `dateUpdated`, `uid`) VALUES ('71', 'Asset', '1', '0', '2014-09-18 13:31:47', '2014-09-18 13:37:14', 'f005d444-c105-4bb3-a3b5-eb4c5a99ff46');
INSERT INTO `di_elements` (`id`, `type`, `enabled`, `archived`, `dateCreated`, `dateUpdated`, `uid`) VALUES ('102', 'Tag', '1', '0', '2014-09-23 11:32:07', '2014-09-23 11:32:07', 'cc26968e-5966-412a-b93a-c02891c086af');
INSERT INTO `di_elements` (`id`, `type`, `enabled`, `archived`, `dateCreated`, `dateUpdated`, `uid`) VALUES ('103', 'Tag', '1', '0', '2014-09-23 11:32:27', '2014-09-23 11:32:27', '5d76fc00-2a36-413e-9b90-65e69fefe527');
INSERT INTO `di_elements` (`id`, `type`, `enabled`, `archived`, `dateCreated`, `dateUpdated`, `uid`) VALUES ('104', 'Tag', '1', '0', '2014-09-23 11:32:32', '2014-09-23 11:32:32', 'bb4c542e-27df-451d-a992-3e7e5bd3f718');
INSERT INTO `di_elements` (`id`, `type`, `enabled`, `archived`, `dateCreated`, `dateUpdated`, `uid`) VALUES ('105', 'Tag', '1', '0', '2014-09-23 11:33:09', '2014-09-23 11:33:09', '45df88b4-6414-482a-b8bd-964a8ebf5a1f');
INSERT INTO `di_elements` (`id`, `type`, `enabled`, `archived`, `dateCreated`, `dateUpdated`, `uid`) VALUES ('111', 'Asset', '1', '0', '2014-09-24 10:51:49', '2014-09-24 10:51:49', '13c4a3d6-fa67-4e0f-bc98-96313c2706ae');
INSERT INTO `di_elements` (`id`, `type`, `enabled`, `archived`, `dateCreated`, `dateUpdated`, `uid`) VALUES ('112', 'Entry', '1', '0', '2014-09-29 15:09:30', '2014-10-02 09:42:45', 'bfcb52d3-4302-4ac0-8fe9-3fbb2bdd94aa');
INSERT INTO `di_elements` (`id`, `type`, `enabled`, `archived`, `dateCreated`, `dateUpdated`, `uid`) VALUES ('113', 'Entry', '1', '0', '2014-09-30 07:25:18', '2014-10-01 17:27:05', '2c3eeaad-7efd-4467-9c74-b25fce8ff661');
INSERT INTO `di_elements` (`id`, `type`, `enabled`, `archived`, `dateCreated`, `dateUpdated`, `uid`) VALUES ('114', 'Entry', '1', '0', '2014-09-30 11:00:50', '2014-10-02 08:14:14', 'c9ed8ebe-3825-42cc-aef0-0b123264f0ff');
INSERT INTO `di_elements` (`id`, `type`, `enabled`, `archived`, `dateCreated`, `dateUpdated`, `uid`) VALUES ('115', 'MatrixBlock', '1', '0', '2014-09-30 12:27:33', '2014-10-02 08:14:14', '915f0cec-0f03-41ab-a7bc-fed2050ae272');
INSERT INTO `di_elements` (`id`, `type`, `enabled`, `archived`, `dateCreated`, `dateUpdated`, `uid`) VALUES ('116', 'MatrixBlock', '1', '0', '2014-09-30 12:28:56', '2014-10-02 08:14:14', '0bba2bc2-0a53-44ba-b1bd-40fee723ecd0');
INSERT INTO `di_elements` (`id`, `type`, `enabled`, `archived`, `dateCreated`, `dateUpdated`, `uid`) VALUES ('117', 'Entry', '1', '0', '2014-09-30 12:34:47', '2014-10-02 15:41:17', 'fb777d16-89d9-4c06-be01-9c542e4e1017');
INSERT INTO `di_elements` (`id`, `type`, `enabled`, `archived`, `dateCreated`, `dateUpdated`, `uid`) VALUES ('118', 'MatrixBlock', '1', '0', '2014-09-30 12:34:47', '2014-10-02 15:41:17', '9e768b65-e157-48ce-858c-d6f9a27bf3f9');
INSERT INTO `di_elements` (`id`, `type`, `enabled`, `archived`, `dateCreated`, `dateUpdated`, `uid`) VALUES ('119', 'MatrixBlock', '1', '0', '2014-09-30 13:18:40', '2014-10-02 15:41:17', 'a4c33c3d-13e2-4ca9-abf5-86b29f42a714');
INSERT INTO `di_elements` (`id`, `type`, `enabled`, `archived`, `dateCreated`, `dateUpdated`, `uid`) VALUES ('120', 'Category', '1', '0', '2014-09-30 14:20:09', '2014-09-30 14:20:09', '6f06b972-25d2-4e97-b36e-bb7b9c535cc2');
INSERT INTO `di_elements` (`id`, `type`, `enabled`, `archived`, `dateCreated`, `dateUpdated`, `uid`) VALUES ('121', 'Category', '1', '0', '2014-09-30 14:20:14', '2014-09-30 14:20:14', '47eaeddd-5b29-4c92-930d-5a6a92cade88');
INSERT INTO `di_elements` (`id`, `type`, `enabled`, `archived`, `dateCreated`, `dateUpdated`, `uid`) VALUES ('122', 'Category', '1', '0', '2014-09-30 14:20:20', '2014-09-30 14:20:20', '04ae7bbb-56ce-499b-9b1b-7f02f2eb3360');
INSERT INTO `di_elements` (`id`, `type`, `enabled`, `archived`, `dateCreated`, `dateUpdated`, `uid`) VALUES ('123', 'Category', '1', '0', '2014-09-30 14:20:34', '2014-09-30 14:20:34', '45487af8-6f30-4857-8913-b543d3c09807');
INSERT INTO `di_elements` (`id`, `type`, `enabled`, `archived`, `dateCreated`, `dateUpdated`, `uid`) VALUES ('124', 'Category', '1', '0', '2014-09-30 14:20:43', '2014-09-30 14:20:43', '328693d0-d18b-4b39-bf6c-cfc30772230f');
INSERT INTO `di_elements` (`id`, `type`, `enabled`, `archived`, `dateCreated`, `dateUpdated`, `uid`) VALUES ('125', 'Entry', '1', '0', '2014-09-30 14:24:06', '2014-10-06 08:27:12', 'b224e65a-3a9a-4343-be93-41947ad328dd');
INSERT INTO `di_elements` (`id`, `type`, `enabled`, `archived`, `dateCreated`, `dateUpdated`, `uid`) VALUES ('126', 'Entry', '1', '0', '2014-09-30 15:29:25', '2014-10-06 10:30:57', '1621b8fe-7740-4dee-98fe-2edf63963373');
INSERT INTO `di_elements` (`id`, `type`, `enabled`, `archived`, `dateCreated`, `dateUpdated`, `uid`) VALUES ('127', 'MatrixBlock', '1', '0', '2014-09-30 16:04:49', '2014-10-06 10:30:57', '0b8bc02c-7d62-4d06-a149-84d1d91c2d60');
INSERT INTO `di_elements` (`id`, `type`, `enabled`, `archived`, `dateCreated`, `dateUpdated`, `uid`) VALUES ('128', 'Category', '1', '0', '2014-10-01 08:03:50', '2014-10-01 08:03:50', '00ed6650-d64d-455d-b7aa-e815045b1f11');
INSERT INTO `di_elements` (`id`, `type`, `enabled`, `archived`, `dateCreated`, `dateUpdated`, `uid`) VALUES ('129', 'Category', '1', '0', '2014-10-01 08:03:57', '2014-10-01 08:03:57', 'c7a4311b-b3a3-47dd-b9ad-b1c4f41f43d7');
INSERT INTO `di_elements` (`id`, `type`, `enabled`, `archived`, `dateCreated`, `dateUpdated`, `uid`) VALUES ('130', 'Category', '1', '0', '2014-10-01 08:04:29', '2014-10-01 08:04:29', '9c2bb569-24c9-4dd5-8b6b-909a9b75c38e');
INSERT INTO `di_elements` (`id`, `type`, `enabled`, `archived`, `dateCreated`, `dateUpdated`, `uid`) VALUES ('131', 'Category', '1', '0', '2014-10-01 08:04:31', '2014-10-01 08:04:31', 'f73190e8-f5d1-4123-87b1-74da2d8f1f66');
INSERT INTO `di_elements` (`id`, `type`, `enabled`, `archived`, `dateCreated`, `dateUpdated`, `uid`) VALUES ('132', 'Category', '1', '0', '2014-10-01 08:04:35', '2014-10-01 08:04:35', '9fa320bb-2a04-4357-accb-4ccc8ef4dcbd');
INSERT INTO `di_elements` (`id`, `type`, `enabled`, `archived`, `dateCreated`, `dateUpdated`, `uid`) VALUES ('133', 'Category', '1', '0', '2014-10-01 08:04:49', '2014-10-01 08:04:49', '755b4097-cc46-4744-b822-7b55c5a313c1');
INSERT INTO `di_elements` (`id`, `type`, `enabled`, `archived`, `dateCreated`, `dateUpdated`, `uid`) VALUES ('134', 'MatrixBlock', '1', '0', '2014-10-01 10:34:18', '2014-10-06 10:30:57', '10eafe1e-7426-48b9-a63d-5dc462d8772c');
INSERT INTO `di_elements` (`id`, `type`, `enabled`, `archived`, `dateCreated`, `dateUpdated`, `uid`) VALUES ('136', 'Category', '1', '0', '2014-10-01 11:25:47', '2014-10-01 14:18:57', 'bd934a98-bc23-4cd6-aa94-f11ca256c3ed');
INSERT INTO `di_elements` (`id`, `type`, `enabled`, `archived`, `dateCreated`, `dateUpdated`, `uid`) VALUES ('137', 'Category', '1', '0', '2014-10-01 11:26:03', '2014-10-01 12:41:40', '6e9a8dd2-62e6-4d4b-bdfd-24a8334bb1c2');
INSERT INTO `di_elements` (`id`, `type`, `enabled`, `archived`, `dateCreated`, `dateUpdated`, `uid`) VALUES ('138', 'Category', '1', '0', '2014-10-01 11:26:12', '2014-10-01 11:26:12', 'dd2614a5-f88f-4974-bbca-32faaaabe648');
INSERT INTO `di_elements` (`id`, `type`, `enabled`, `archived`, `dateCreated`, `dateUpdated`, `uid`) VALUES ('139', 'Entry', '1', '0', '2014-10-01 12:45:50', '2014-10-02 08:06:17', 'd4f84fec-81da-4ea7-9ed3-33d60aef9922');
INSERT INTO `di_elements` (`id`, `type`, `enabled`, `archived`, `dateCreated`, `dateUpdated`, `uid`) VALUES ('142', 'MatrixBlock', '1', '0', '2014-10-01 14:23:04', '2014-10-06 08:21:35', 'aca8b86d-3617-4094-b2ad-069aa231b808');
INSERT INTO `di_elements` (`id`, `type`, `enabled`, `archived`, `dateCreated`, `dateUpdated`, `uid`) VALUES ('143', 'MatrixBlock', '1', '0', '2014-10-01 14:42:15', '2014-10-06 08:21:35', '33a5eaa4-3cca-4644-8458-c0e6c4a2269a');
INSERT INTO `di_elements` (`id`, `type`, `enabled`, `archived`, `dateCreated`, `dateUpdated`, `uid`) VALUES ('144', 'Asset', '1', '0', '2014-10-02 08:02:37', '2014-10-02 08:02:37', '97f3e096-962d-4709-a7aa-e23ba4c7ca52');
INSERT INTO `di_elements` (`id`, `type`, `enabled`, `archived`, `dateCreated`, `dateUpdated`, `uid`) VALUES ('145', 'Entry', '1', '0', '2014-10-02 08:24:05', '2014-10-03 16:34:53', '6b5e9454-c191-488f-ab4c-72a6bbb786f0');
INSERT INTO `di_elements` (`id`, `type`, `enabled`, `archived`, `dateCreated`, `dateUpdated`, `uid`) VALUES ('146', 'Asset', '1', '0', '2014-10-02 09:03:10', '2014-10-02 09:05:56', 'a6863b3d-2a3d-47fe-b60a-a62a1c25080e');
INSERT INTO `di_elements` (`id`, `type`, `enabled`, `archived`, `dateCreated`, `dateUpdated`, `uid`) VALUES ('148', 'Tag', '1', '0', '2014-10-02 10:14:52', '2014-10-02 10:14:52', 'ea58a936-a34e-46cb-98dc-f3b14293c00d');
INSERT INTO `di_elements` (`id`, `type`, `enabled`, `archived`, `dateCreated`, `dateUpdated`, `uid`) VALUES ('149', 'Tag', '1', '0', '2014-10-02 10:14:58', '2014-10-02 10:14:58', '578f624e-aec2-4fc8-9ca1-ce29fc2d879a');
INSERT INTO `di_elements` (`id`, `type`, `enabled`, `archived`, `dateCreated`, `dateUpdated`, `uid`) VALUES ('150', 'Asset', '1', '0', '2014-10-02 10:16:39', '2014-10-02 10:18:44', '2f51e502-d527-47f4-a59c-b10d41f27bed');
INSERT INTO `di_elements` (`id`, `type`, `enabled`, `archived`, `dateCreated`, `dateUpdated`, `uid`) VALUES ('151', 'Entry', '1', '0', '2014-10-02 10:16:58', '2014-10-03 17:02:14', 'a8835100-1afe-461a-be45-2c1964554c2d');
INSERT INTO `di_elements` (`id`, `type`, `enabled`, `archived`, `dateCreated`, `dateUpdated`, `uid`) VALUES ('152', 'MatrixBlock', '1', '0', '2014-10-02 10:16:58', '2014-10-03 17:02:14', 'bc7d3e38-a7c1-48f7-abd3-30ad195591f9');
INSERT INTO `di_elements` (`id`, `type`, `enabled`, `archived`, `dateCreated`, `dateUpdated`, `uid`) VALUES ('154', 'Asset', '1', '0', '2014-10-02 10:22:51', '2014-10-02 10:22:51', 'f9aad19e-341e-47c8-8eae-5dc149bdf16b');
INSERT INTO `di_elements` (`id`, `type`, `enabled`, `archived`, `dateCreated`, `dateUpdated`, `uid`) VALUES ('155', 'Asset', '1', '0', '2014-10-02 10:25:43', '2014-10-02 10:25:43', '20d8148a-2873-4b2b-8da4-e169e57108c0');
INSERT INTO `di_elements` (`id`, `type`, `enabled`, `archived`, `dateCreated`, `dateUpdated`, `uid`) VALUES ('156', 'MatrixBlock', '1', '0', '2014-10-02 10:54:29', '2014-10-03 17:02:14', '850d4433-3188-4704-b967-501ff3d1af78');
INSERT INTO `di_elements` (`id`, `type`, `enabled`, `archived`, `dateCreated`, `dateUpdated`, `uid`) VALUES ('160', 'MatrixBlock', '1', '0', '2014-10-03 15:08:32', '2014-10-06 10:30:57', '01988d7d-8b4f-4220-89e2-d4daff727512');
INSERT INTO `di_elements` (`id`, `type`, `enabled`, `archived`, `dateCreated`, `dateUpdated`, `uid`) VALUES ('161', 'MatrixBlock', '1', '0', '2014-10-03 16:59:38', '2014-10-03 17:02:14', 'a072d06e-59e5-4b4a-a8b3-310026958084');



--
-- Schema for table `di_elements_i18n`
--

DROP TABLE IF EXISTS `di_elements_i18n`;

CREATE TABLE `di_elements_i18n` (
  `id` int(11) NOT NULL AUTO_INCREMENT,
  `elementId` int(11) NOT NULL,
  `locale` char(12) COLLATE utf8_unicode_ci NOT NULL,
  `slug` varchar(255) COLLATE utf8_unicode_ci DEFAULT NULL,
  `uri` varchar(255) COLLATE utf8_unicode_ci DEFAULT NULL,
  `enabled` tinyint(1) unsigned NOT NULL DEFAULT '1',
  `dateCreated` datetime NOT NULL,
  `dateUpdated` datetime NOT NULL,
  `uid` char(36) COLLATE utf8_unicode_ci NOT NULL DEFAULT '0',
  PRIMARY KEY (`id`),
  UNIQUE KEY `di_elements_i18n_elementId_locale_unq_idx` (`elementId`,`locale`),
  UNIQUE KEY `di_elements_i18n_uri_locale_unq_idx` (`uri`,`locale`),
  KEY `di_elements_i18n_slug_locale_idx` (`slug`,`locale`),
  KEY `di_elements_i18n_enabled_idx` (`enabled`),
  KEY `di_elements_i18n_locale_fk` (`locale`)
) ENGINE=InnoDB AUTO_INCREMENT=163 DEFAULT CHARSET=utf8 COLLATE=utf8_unicode_ci;

--
-- Data for table `di_elements_i18n`
--

INSERT INTO `di_elements_i18n` (`id`, `elementId`, `locale`, `slug`, `uri`, `enabled`, `dateCreated`, `dateUpdated`, `uid`) VALUES ('1', '1', 'en_gb', '', NULL, '1', '2014-09-04 11:28:58', '2014-09-15 14:43:49', '26463fe5-b50e-4131-bc3f-73e81c43e5a0');
INSERT INTO `di_elements_i18n` (`id`, `elementId`, `locale`, `slug`, `uri`, `enabled`, `dateCreated`, `dateUpdated`, `uid`) VALUES ('2', '2', 'en_gb', 'homepage', '__home__', '1', '2014-09-04 11:28:59', '2014-10-06 08:21:35', '3fd4c9df-b25b-4985-9c5e-94f805540807');
INSERT INTO `di_elements_i18n` (`id`, `elementId`, `locale`, `slug`, `uri`, `enabled`, `dateCreated`, `dateUpdated`, `uid`) VALUES ('3', '3', 'en_gb', 'we-just-installed-craft', 'news/2014/we-just-installed-craft', '1', '2014-09-04 11:28:59', '2014-10-03 16:52:13', '46aa2c93-d1d3-490e-8802-c6010349a5d8');
INSERT INTO `di_elements_i18n` (`id`, `elementId`, `locale`, `slug`, `uri`, `enabled`, `dateCreated`, `dateUpdated`, `uid`) VALUES ('5', '5', 'en_gb', '36522-tabby-kitten-white-background', NULL, '1', '2014-09-04 13:00:15', '2014-09-17 16:32:18', '71e837f1-0f5e-4531-bdbc-a543a202a5d4');
INSERT INTO `di_elements_i18n` (`id`, `elementId`, `locale`, `slug`, `uri`, `enabled`, `dateCreated`, `dateUpdated`, `uid`) VALUES ('18', '18', 'en_gb', 'forest-hills-hut-2745', NULL, '1', '2014-09-08 08:21:12', '2014-09-19 10:31:50', '15cb4370-d9f0-4830-aa41-ef6dfb54c13b');
INSERT INTO `di_elements_i18n` (`id`, `elementId`, `locale`, `slug`, `uri`, `enabled`, `dateCreated`, `dateUpdated`, `uid`) VALUES ('22', '21', 'en_gb', 'tree', NULL, '1', '2014-09-08 10:52:45', '2014-09-19 10:31:54', '5c525658-7cf5-4774-998e-703eaf591b3a');
INSERT INTO `di_elements_i18n` (`id`, `elementId`, `locale`, `slug`, `uri`, `enabled`, `dateCreated`, `dateUpdated`, `uid`) VALUES ('23', '22', 'en_gb', 'contact', 'contact', '1', '2014-09-08 13:06:50', '2014-09-29 14:19:56', '4eee84a2-2e2b-48a8-855d-1f992d0bf997');
INSERT INTO `di_elements_i18n` (`id`, `elementId`, `locale`, `slug`, `uri`, `enabled`, `dateCreated`, `dateUpdated`, `uid`) VALUES ('26', '25', 'en_gb', 'burkina-faso-landscape', NULL, '1', '2014-09-10 12:32:02', '2014-09-19 10:31:26', '78302fd7-6f89-4be7-a22c-562ea48f6c91');
INSERT INTO `di_elements_i18n` (`id`, `elementId`, `locale`, `slug`, `uri`, `enabled`, `dateCreated`, `dateUpdated`, `uid`) VALUES ('29', '28', 'en_gb', 'church', NULL, '1', '2014-09-15 08:25:21', '2014-09-17 16:32:07', '868b7475-6acf-42e0-983e-303fcab62e7c');
INSERT INTO `di_elements_i18n` (`id`, `elementId`, `locale`, `slug`, `uri`, `enabled`, `dateCreated`, `dateUpdated`, `uid`) VALUES ('32', '29', 'en_gb', 'church', 'church', '1', '2014-09-15 09:05:31', '2014-10-01 17:37:06', '4727bb76-ed5c-4c45-882f-c4ba3ce1931b');
INSERT INTO `di_elements_i18n` (`id`, `elementId`, `locale`, `slug`, `uri`, `enabled`, `dateCreated`, `dateUpdated`, `uid`) VALUES ('52', '51', 'en_gb', 'coffee-beans1', NULL, '1', '2014-09-17 09:37:25', '2014-09-19 10:31:44', 'd1d6c720-3948-4969-aac7-e17bf9ed24db');
INSERT INTO `di_elements_i18n` (`id`, `elementId`, `locale`, `slug`, `uri`, `enabled`, `dateCreated`, `dateUpdated`, `uid`) VALUES ('60', '59', 'en_gb', 'african-girl-sad', NULL, '1', '2014-09-18 08:41:54', '2014-09-18 08:41:54', 'd1dd8476-7669-4af9-8743-9185ae12167e');
INSERT INTO `di_elements_i18n` (`id`, `elementId`, `locale`, `slug`, `uri`, `enabled`, `dateCreated`, `dateUpdated`, `uid`) VALUES ('61', '60', 'en_gb', 'church', NULL, '1', '2014-09-18 10:49:24', '2014-09-18 12:23:04', '869653c5-9dc0-4a1b-9980-8aed2fc0ddff');
INSERT INTO `di_elements_i18n` (`id`, `elementId`, `locale`, `slug`, `uri`, `enabled`, `dateCreated`, `dateUpdated`, `uid`) VALUES ('62', '61', 'en_gb', 'dropinn', NULL, '1', '2014-09-18 11:07:46', '2014-09-19 10:16:10', '671654b8-d2fc-4964-9c6d-11e086f860a4');
INSERT INTO `di_elements_i18n` (`id`, `elementId`, `locale`, `slug`, `uri`, `enabled`, `dateCreated`, `dateUpdated`, `uid`) VALUES ('66', '65', 'en_gb', 'tinhouse', NULL, '1', '2014-09-18 11:37:05', '2014-09-18 11:37:05', '506bcbd9-bfb1-4f0e-85ea-8c110eb9fc40');
INSERT INTO `di_elements_i18n` (`id`, `elementId`, `locale`, `slug`, `uri`, `enabled`, `dateCreated`, `dateUpdated`, `uid`) VALUES ('71', '70', 'en_gb', 'church-w60pc', NULL, '1', '2014-09-18 13:28:07', '2014-09-18 13:28:07', '903075a1-c9a1-4f8c-9906-6098ff5f2887');
INSERT INTO `di_elements_i18n` (`id`, `elementId`, `locale`, `slug`, `uri`, `enabled`, `dateCreated`, `dateUpdated`, `uid`) VALUES ('72', '71', 'en_gb', 'church-pridevhumility', NULL, '1', '2014-09-18 13:31:47', '2014-09-18 13:37:14', '959f421d-52cc-4515-881f-3554d058208d');
INSERT INTO `di_elements_i18n` (`id`, `elementId`, `locale`, `slug`, `uri`, `enabled`, `dateCreated`, `dateUpdated`, `uid`) VALUES ('103', '102', 'en_gb', '', NULL, '1', '2014-09-23 11:32:07', '2014-09-23 11:32:07', '3824e289-7656-4f16-b3b9-2eceba559703');
INSERT INTO `di_elements_i18n` (`id`, `elementId`, `locale`, `slug`, `uri`, `enabled`, `dateCreated`, `dateUpdated`, `uid`) VALUES ('104', '103', 'en_gb', '', NULL, '1', '2014-09-23 11:32:27', '2014-09-23 11:32:27', 'ea4f03ee-2560-403d-8396-8061b1eea06d');
INSERT INTO `di_elements_i18n` (`id`, `elementId`, `locale`, `slug`, `uri`, `enabled`, `dateCreated`, `dateUpdated`, `uid`) VALUES ('105', '104', 'en_gb', '', NULL, '1', '2014-09-23 11:32:32', '2014-09-23 11:32:32', 'a7a85bb1-ecb7-468e-8f6c-2d0586d6893a');
INSERT INTO `di_elements_i18n` (`id`, `elementId`, `locale`, `slug`, `uri`, `enabled`, `dateCreated`, `dateUpdated`, `uid`) VALUES ('106', '105', 'en_gb', '', NULL, '1', '2014-09-23 11:33:09', '2014-09-23 11:33:09', 'ec80cdc9-0979-4a81-bd3f-014fd91d929b');
INSERT INTO `di_elements_i18n` (`id`, `elementId`, `locale`, `slug`, `uri`, `enabled`, `dateCreated`, `dateUpdated`, `uid`) VALUES ('112', '111', 'en_gb', 'profile-pic', NULL, '1', '2014-09-24 10:51:49', '2014-09-24 10:51:49', 'fa5d352b-fc6f-449d-a3fc-6d0a31bfac28');
INSERT INTO `di_elements_i18n` (`id`, `elementId`, `locale`, `slug`, `uri`, `enabled`, `dateCreated`, `dateUpdated`, `uid`) VALUES ('113', '112', 'en_gb', 'hello', 'news/2014/hello', '1', '2014-09-29 15:09:31', '2014-10-02 09:42:45', 'eb6d1e54-216e-409b-b09f-27fef78468f2');
INSERT INTO `di_elements_i18n` (`id`, `elementId`, `locale`, `slug`, `uri`, `enabled`, `dateCreated`, `dateUpdated`, `uid`) VALUES ('114', '113', 'en_gb', 'major-event-happening', 'events/14/09/30/major-event-happening', '1', '2014-09-30 07:25:18', '2014-10-01 17:27:05', '89fe37e2-ad96-4486-afd4-78df0d8c7692');
INSERT INTO `di_elements_i18n` (`id`, `elementId`, `locale`, `slug`, `uri`, `enabled`, `dateCreated`, `dateUpdated`, `uid`) VALUES ('115', '114', 'en_gb', 'lampstand', 'products/lampstand', '1', '2014-09-30 11:00:51', '2014-10-02 08:14:14', 'e0e2c270-b9b7-412a-a608-8b3c7be83e80');
INSERT INTO `di_elements_i18n` (`id`, `elementId`, `locale`, `slug`, `uri`, `enabled`, `dateCreated`, `dateUpdated`, `uid`) VALUES ('116', '115', 'en_gb', '', NULL, '1', '2014-09-30 12:27:33', '2014-10-02 08:14:14', '60274ea1-6f64-4eac-922f-3dbdefd388f8');
INSERT INTO `di_elements_i18n` (`id`, `elementId`, `locale`, `slug`, `uri`, `enabled`, `dateCreated`, `dateUpdated`, `uid`) VALUES ('117', '116', 'en_gb', '', NULL, '1', '2014-09-30 12:28:56', '2014-10-02 08:14:14', 'd0a8a73f-62ea-4ace-93d2-252be3e9688c');
INSERT INTO `di_elements_i18n` (`id`, `elementId`, `locale`, `slug`, `uri`, `enabled`, `dateCreated`, `dateUpdated`, `uid`) VALUES ('118', '117', 'en_gb', 'david-mcbride', 'people/david-mcbride', '1', '2014-09-30 12:34:47', '2014-10-02 15:41:17', '9f768c6d-57b9-48a7-86e7-3f82c00c620f');
INSERT INTO `di_elements_i18n` (`id`, `elementId`, `locale`, `slug`, `uri`, `enabled`, `dateCreated`, `dateUpdated`, `uid`) VALUES ('119', '118', 'en_gb', '', NULL, '1', '2014-09-30 12:34:47', '2014-10-02 15:41:17', '9eaf0ea3-3d04-4d0b-9ac2-1bb2eb40643d');
INSERT INTO `di_elements_i18n` (`id`, `elementId`, `locale`, `slug`, `uri`, `enabled`, `dateCreated`, `dateUpdated`, `uid`) VALUES ('120', '119', 'en_gb', '', NULL, '1', '2014-09-30 13:18:40', '2014-10-02 15:41:17', '360c8662-61a3-4ecb-bad8-ab8a3e57e359');
INSERT INTO `di_elements_i18n` (`id`, `elementId`, `locale`, `slug`, `uri`, `enabled`, `dateCreated`, `dateUpdated`, `uid`) VALUES ('121', '120', 'en_gb', 'church', 'place/church', '1', '2014-09-30 14:20:09', '2014-09-30 14:20:09', 'cbd867da-790c-48fe-a268-fd4d95800a72');
INSERT INTO `di_elements_i18n` (`id`, `elementId`, `locale`, `slug`, `uri`, `enabled`, `dateCreated`, `dateUpdated`, `uid`) VALUES ('122', '121', 'en_gb', 'charity-shop', 'place/charity-shop', '1', '2014-09-30 14:20:14', '2014-09-30 14:20:14', 'b59844e8-22b8-41d0-9640-61acf8e9abdc');
INSERT INTO `di_elements_i18n` (`id`, `elementId`, `locale`, `slug`, `uri`, `enabled`, `dateCreated`, `dateUpdated`, `uid`) VALUES ('123', '122', 'en_gb', 'coffee-shop', 'place/coffee-shop', '1', '2014-09-30 14:20:20', '2014-09-30 14:20:20', '172e3b77-b49c-4884-862a-80449b1e228a');
INSERT INTO `di_elements_i18n` (`id`, `elementId`, `locale`, `slug`, `uri`, `enabled`, `dateCreated`, `dateUpdated`, `uid`) VALUES ('124', '123', 'en_gb', 'community-center', 'place/community-center', '1', '2014-09-30 14:20:34', '2014-09-30 14:20:34', 'e09e2437-7d65-4fbf-993c-16ef7457c367');
INSERT INTO `di_elements_i18n` (`id`, `elementId`, `locale`, `slug`, `uri`, `enabled`, `dateCreated`, `dateUpdated`, `uid`) VALUES ('125', '124', 'en_gb', 'residence', 'place/residence', '1', '2014-09-30 14:20:43', '2014-09-30 14:20:43', 'ce0b816e-278e-4519-961f-20dc4eab20ec');
INSERT INTO `di_elements_i18n` (`id`, `elementId`, `locale`, `slug`, `uri`, `enabled`, `dateCreated`, `dateUpdated`, `uid`) VALUES ('126', '125', 'en_gb', 'grace-community-church', 'places/grace-community-church', '1', '2014-09-30 14:24:07', '2014-10-06 08:27:12', 'd82a9758-aea6-40d8-9b40-f3b958177dfb');
INSERT INTO `di_elements_i18n` (`id`, `elementId`, `locale`, `slug`, `uri`, `enabled`, `dateCreated`, `dateUpdated`, `uid`) VALUES ('127', '126', 'en_gb', 'tin-house-portadown', 'places/tin-house-portadown', '1', '2014-09-30 15:29:25', '2014-10-06 10:30:57', '59a697f7-1e32-4910-871c-0536c2b81709');
INSERT INTO `di_elements_i18n` (`id`, `elementId`, `locale`, `slug`, `uri`, `enabled`, `dateCreated`, `dateUpdated`, `uid`) VALUES ('128', '127', 'en_gb', '', NULL, '1', '2014-09-30 16:04:49', '2014-10-06 10:30:57', 'b6d2399d-a396-42a2-acda-fc74fd47cc79');
INSERT INTO `di_elements_i18n` (`id`, `elementId`, `locale`, `slug`, `uri`, `enabled`, `dateCreated`, `dateUpdated`, `uid`) VALUES ('129', '128', 'en_gb', 'tin-house', 'ministry/tin-house', '1', '2014-10-01 08:03:51', '2014-10-01 08:03:51', '1ad475a4-c9a4-4a80-bc44-88c523cd3214');
INSERT INTO `di_elements_i18n` (`id`, `elementId`, `locale`, `slug`, `uri`, `enabled`, `dateCreated`, `dateUpdated`, `uid`) VALUES ('130', '129', 'en_gb', 'church', 'ministry/church', '1', '2014-10-01 08:03:57', '2014-10-01 08:03:57', 'e996c75c-104a-4af5-96be-1b85db4291ad');
INSERT INTO `di_elements_i18n` (`id`, `elementId`, `locale`, `slug`, `uri`, `enabled`, `dateCreated`, `dateUpdated`, `uid`) VALUES ('131', '130', 'en_gb', 'manager', 'role/manager', '1', '2014-10-01 08:04:29', '2014-10-01 08:04:29', '69d09653-525b-4d15-ab9d-04804657133d');
INSERT INTO `di_elements_i18n` (`id`, `elementId`, `locale`, `slug`, `uri`, `enabled`, `dateCreated`, `dateUpdated`, `uid`) VALUES ('132', '131', 'en_gb', 'pastor', 'role/pastor', '1', '2014-10-01 08:04:31', '2014-10-01 08:04:32', '25edee98-3c75-4aef-b4c4-f4af433acc4d');
INSERT INTO `di_elements_i18n` (`id`, `elementId`, `locale`, `slug`, `uri`, `enabled`, `dateCreated`, `dateUpdated`, `uid`) VALUES ('133', '132', 'en_gb', 'elder', 'role/elder', '1', '2014-10-01 08:04:35', '2014-10-01 08:04:35', '4ee59d7d-7c49-42da-a675-243f9dd838b4');
INSERT INTO `di_elements_i18n` (`id`, `elementId`, `locale`, `slug`, `uri`, `enabled`, `dateCreated`, `dateUpdated`, `uid`) VALUES ('134', '133', 'en_gb', 'director', 'role/director', '1', '2014-10-01 08:04:49', '2014-10-01 08:04:49', '81674bc0-13eb-4a40-9c03-3a020b3dd886');
INSERT INTO `di_elements_i18n` (`id`, `elementId`, `locale`, `slug`, `uri`, `enabled`, `dateCreated`, `dateUpdated`, `uid`) VALUES ('135', '134', 'en_gb', '', NULL, '1', '2014-10-01 10:34:18', '2014-10-06 10:30:57', '77a32dd0-686a-4f5c-8918-41068e2d1996');
INSERT INTO `di_elements_i18n` (`id`, `elementId`, `locale`, `slug`, `uri`, `enabled`, `dateCreated`, `dateUpdated`, `uid`) VALUES ('137', '136', 'en_gb', 'food-drink', 'product-category/food-drink', '1', '2014-10-01 11:25:47', '2014-10-01 14:18:57', 'bb4f5a0f-f2a3-4eb6-8621-728cfdf730e4');
INSERT INTO `di_elements_i18n` (`id`, `elementId`, `locale`, `slug`, `uri`, `enabled`, `dateCreated`, `dateUpdated`, `uid`) VALUES ('138', '137', 'en_gb', 'coffee', 'product-category/food-drink/coffee', '1', '2014-10-01 11:26:03', '2014-10-01 12:41:40', '8070b8c1-2b6a-49d9-905e-041bf02c2b14');
INSERT INTO `di_elements_i18n` (`id`, `elementId`, `locale`, `slug`, `uri`, `enabled`, `dateCreated`, `dateUpdated`, `uid`) VALUES ('139', '138', 'en_gb', 'tea', 'product-category/food-and-drink/tea', '1', '2014-10-01 11:26:14', '2014-10-01 11:26:16', '474317f7-c5cf-470a-a751-7e069f862beb');
INSERT INTO `di_elements_i18n` (`id`, `elementId`, `locale`, `slug`, `uri`, `enabled`, `dateCreated`, `dateUpdated`, `uid`) VALUES ('140', '139', 'en_gb', 'kenyan-roast', 'products/kenyan-roast', '1', '2014-10-01 12:45:50', '2014-10-02 08:06:17', '04fd231c-291b-4e68-8caa-8febb8d55c09');
INSERT INTO `di_elements_i18n` (`id`, `elementId`, `locale`, `slug`, `uri`, `enabled`, `dateCreated`, `dateUpdated`, `uid`) VALUES ('143', '142', 'en_gb', '', NULL, '1', '2014-10-01 14:23:04', '2014-10-06 08:21:35', '6d6e6284-75bd-4083-be28-979f494bd100');
INSERT INTO `di_elements_i18n` (`id`, `elementId`, `locale`, `slug`, `uri`, `enabled`, `dateCreated`, `dateUpdated`, `uid`) VALUES ('144', '143', 'en_gb', '', NULL, '1', '2014-10-01 14:42:15', '2014-10-06 08:21:35', 'bac3fea4-57c8-4b6d-9fd5-f795f904fe78');
INSERT INTO `di_elements_i18n` (`id`, `elementId`, `locale`, `slug`, `uri`, `enabled`, `dateCreated`, `dateUpdated`, `uid`) VALUES ('145', '144', 'en_gb', 'lampstand', NULL, '1', '2014-10-02 08:02:37', '2014-10-02 08:02:37', '969c3c1d-caa3-4fbd-b9fc-647a2d31ca2d');
INSERT INTO `di_elements_i18n` (`id`, `elementId`, `locale`, `slug`, `uri`, `enabled`, `dateCreated`, `dateUpdated`, `uid`) VALUES ('146', '145', 'en_gb', 'wake-up-oh-church', 'articles/2014/wake-up-oh-church', '1', '2014-10-02 08:24:05', '2014-10-03 16:34:53', 'b61429de-8f79-4626-8500-2c08689e631f');
INSERT INTO `di_elements_i18n` (`id`, `elementId`, `locale`, `slug`, `uri`, `enabled`, `dateCreated`, `dateUpdated`, `uid`) VALUES ('147', '146', 'en_gb', 'portadown', NULL, '1', '2014-10-02 09:03:10', '2014-10-02 09:05:56', 'b64ac864-a5ad-4a7f-aaa1-5f005bb649d5');
INSERT INTO `di_elements_i18n` (`id`, `elementId`, `locale`, `slug`, `uri`, `enabled`, `dateCreated`, `dateUpdated`, `uid`) VALUES ('149', '148', 'en_gb', '', NULL, '1', '2014-10-02 10:14:52', '2014-10-02 10:14:52', '244ba2df-a61b-422c-bd1b-ccde11aebbc1');
INSERT INTO `di_elements_i18n` (`id`, `elementId`, `locale`, `slug`, `uri`, `enabled`, `dateCreated`, `dateUpdated`, `uid`) VALUES ('150', '149', 'en_gb', '', NULL, '1', '2014-10-02 10:14:58', '2014-10-02 10:14:58', 'd3760d2f-efbf-4bd3-95be-b3fdabedbb6d');
INSERT INTO `di_elements_i18n` (`id`, `elementId`, `locale`, `slug`, `uri`, `enabled`, `dateCreated`, `dateUpdated`, `uid`) VALUES ('151', '150', 'en_gb', 'fingerspelling-bsl-righthanded', NULL, '1', '2014-10-02 10:16:39', '2014-10-02 10:18:44', '8c6d1f34-ba8f-49c3-901d-d94c0ff2a29a');
INSERT INTO `di_elements_i18n` (`id`, `elementId`, `locale`, `slug`, `uri`, `enabled`, `dateCreated`, `dateUpdated`, `uid`) VALUES ('152', '151', 'en_gb', 'sign-language-alphabet', 'articles/2014/sign-language-alphabet', '1', '2014-10-02 10:16:58', '2014-10-03 17:02:14', 'c12f0f95-92fd-4873-87e6-90bc37ec9c8e');
INSERT INTO `di_elements_i18n` (`id`, `elementId`, `locale`, `slug`, `uri`, `enabled`, `dateCreated`, `dateUpdated`, `uid`) VALUES ('153', '152', 'en_gb', '', NULL, '1', '2014-10-02 10:16:58', '2014-10-03 17:02:14', '7ba6a3bb-0bc6-46c6-bd7b-380b28b26db6');
INSERT INTO `di_elements_i18n` (`id`, `elementId`, `locale`, `slug`, `uri`, `enabled`, `dateCreated`, `dateUpdated`, `uid`) VALUES ('155', '154', 'en_gb', 'asl-family', NULL, '1', '2014-10-02 10:22:51', '2014-10-02 10:22:51', 'f5c5a5b9-c935-43da-83e6-6f009cf4addb');
INSERT INTO `di_elements_i18n` (`id`, `elementId`, `locale`, `slug`, `uri`, `enabled`, `dateCreated`, `dateUpdated`, `uid`) VALUES ('156', '155', 'en_gb', 'sign', NULL, '1', '2014-10-02 10:25:43', '2014-10-02 10:25:43', 'c4ba4bb3-6ea2-4e14-b67e-630f08cc5844');
INSERT INTO `di_elements_i18n` (`id`, `elementId`, `locale`, `slug`, `uri`, `enabled`, `dateCreated`, `dateUpdated`, `uid`) VALUES ('157', '156', 'en_gb', '', NULL, '1', '2014-10-02 10:54:29', '2014-10-03 17:02:14', '7f6b9ffc-d24a-401b-b14b-2b042da539d0');
INSERT INTO `di_elements_i18n` (`id`, `elementId`, `locale`, `slug`, `uri`, `enabled`, `dateCreated`, `dateUpdated`, `uid`) VALUES ('161', '160', 'en_gb', '', NULL, '1', '2014-10-03 15:08:32', '2014-10-06 10:30:57', 'a27462c9-a136-419c-a91f-8ee71e522c95');
INSERT INTO `di_elements_i18n` (`id`, `elementId`, `locale`, `slug`, `uri`, `enabled`, `dateCreated`, `dateUpdated`, `uid`) VALUES ('162', '161', 'en_gb', '', NULL, '1', '2014-10-03 16:59:38', '2014-10-03 17:02:14', 'e1b3e76e-63a5-47a0-8412-9a05319dd6ac');



--
-- Schema for table `di_emailmessages`
--

DROP TABLE IF EXISTS `di_emailmessages`;

CREATE TABLE `di_emailmessages` (
  `id` int(11) NOT NULL AUTO_INCREMENT,
  `key` char(150) COLLATE utf8_unicode_ci NOT NULL,
  `locale` char(12) COLLATE utf8_unicode_ci NOT NULL,
  `subject` varchar(1000) COLLATE utf8_unicode_ci NOT NULL,
  `body` text COLLATE utf8_unicode_ci NOT NULL,
  `dateCreated` datetime NOT NULL,
  `dateUpdated` datetime NOT NULL,
  `uid` char(36) COLLATE utf8_unicode_ci NOT NULL DEFAULT '0',
  PRIMARY KEY (`id`),
  UNIQUE KEY `di_emailmessages_key_locale_unq_idx` (`key`,`locale`),
  KEY `di_emailmessages_locale_fk` (`locale`)
) ENGINE=InnoDB DEFAULT CHARSET=utf8 COLLATE=utf8_unicode_ci;

--
-- Schema for table `di_entries`
--

DROP TABLE IF EXISTS `di_entries`;

CREATE TABLE `di_entries` (
  `id` int(11) NOT NULL,
  `sectionId` int(11) NOT NULL,
  `typeId` int(11) DEFAULT NULL,
  `authorId` int(11) DEFAULT NULL,
  `postDate` datetime DEFAULT NULL,
  `expiryDate` datetime DEFAULT NULL,
  `dateCreated` datetime NOT NULL,
  `dateUpdated` datetime NOT NULL,
  `uid` char(36) COLLATE utf8_unicode_ci NOT NULL DEFAULT '0',
  PRIMARY KEY (`id`),
  KEY `di_entries_sectionId_idx` (`sectionId`),
  KEY `di_entries_typeId_idx` (`typeId`),
  KEY `di_entries_postDate_idx` (`postDate`),
  KEY `di_entries_expiryDate_idx` (`expiryDate`),
  KEY `di_entries_authorId_fk` (`authorId`)
) ENGINE=InnoDB DEFAULT CHARSET=utf8 COLLATE=utf8_unicode_ci;

--
-- Data for table `di_entries`
--

INSERT INTO `di_entries` (`id`, `sectionId`, `typeId`, `authorId`, `postDate`, `expiryDate`, `dateCreated`, `dateUpdated`, `uid`) VALUES ('2', '1', '1', NULL, '2014-09-04 11:28:59', NULL, '2014-09-04 11:28:59', '2014-10-06 08:21:35', '105be1c4-e0ed-4a80-a6ef-987a58e18d88');
INSERT INTO `di_entries` (`id`, `sectionId`, `typeId`, `authorId`, `postDate`, `expiryDate`, `dateCreated`, `dateUpdated`, `uid`) VALUES ('3', '2', '2', '1', '2014-09-04 11:28:00', NULL, '2014-09-04 11:28:59', '2014-10-03 16:52:13', '43a2d009-62ec-4bea-aa02-7106351af5b3');
INSERT INTO `di_entries` (`id`, `sectionId`, `typeId`, `authorId`, `postDate`, `expiryDate`, `dateCreated`, `dateUpdated`, `uid`) VALUES ('22', '5', '5', NULL, '2014-09-08 13:06:50', NULL, '2014-09-08 13:06:50', '2014-09-29 14:19:56', 'a631a408-eb0c-4f94-9e01-21543a89c4ef');
INSERT INTO `di_entries` (`id`, `sectionId`, `typeId`, `authorId`, `postDate`, `expiryDate`, `dateCreated`, `dateUpdated`, `uid`) VALUES ('29', '7', '7', '1', '2014-09-15 09:05:00', NULL, '2014-09-15 09:05:31', '2014-10-01 17:37:06', '393ee0fb-fa9f-4f11-b04d-1d64330dc77b');
INSERT INTO `di_entries` (`id`, `sectionId`, `typeId`, `authorId`, `postDate`, `expiryDate`, `dateCreated`, `dateUpdated`, `uid`) VALUES ('112', '2', '2', '1', '2014-09-29 15:09:00', NULL, '2014-09-29 15:09:31', '2014-10-02 09:42:45', '70df3da8-c6c1-4fbd-8954-2b13dc17ab1c');
INSERT INTO `di_entries` (`id`, `sectionId`, `typeId`, `authorId`, `postDate`, `expiryDate`, `dateCreated`, `dateUpdated`, `uid`) VALUES ('113', '8', '8', '1', '2014-09-30 08:00:00', '2014-12-31 00:00:00', '2014-09-30 07:25:18', '2014-10-01 17:27:05', '0eae2514-7a2b-4e20-b3d6-6fc7b238211a');
INSERT INTO `di_entries` (`id`, `sectionId`, `typeId`, `authorId`, `postDate`, `expiryDate`, `dateCreated`, `dateUpdated`, `uid`) VALUES ('114', '10', '11', '1', '2014-09-30 11:00:00', NULL, '2014-09-30 11:00:51', '2014-10-02 08:14:14', 'a72de250-3e4e-4b38-b935-a5a255d050f9');
INSERT INTO `di_entries` (`id`, `sectionId`, `typeId`, `authorId`, `postDate`, `expiryDate`, `dateCreated`, `dateUpdated`, `uid`) VALUES ('117', '12', '13', '1', '2014-09-30 12:34:00', NULL, '2014-09-30 12:34:47', '2014-10-02 15:41:17', '7579c270-f204-4812-aede-f48eab5bbffd');
INSERT INTO `di_entries` (`id`, `sectionId`, `typeId`, `authorId`, `postDate`, `expiryDate`, `dateCreated`, `dateUpdated`, `uid`) VALUES ('125', '13', '14', '1', '2014-09-30 14:24:00', NULL, '2014-09-30 14:24:07', '2014-10-06 08:27:12', '2ff078d7-b8a0-4fcd-b561-e72ce93e5b6b');
INSERT INTO `di_entries` (`id`, `sectionId`, `typeId`, `authorId`, `postDate`, `expiryDate`, `dateCreated`, `dateUpdated`, `uid`) VALUES ('126', '13', '14', '1', '2014-09-30 15:29:00', NULL, '2014-09-30 15:29:25', '2014-10-06 10:30:57', '4f2f5a29-cc5e-4f0b-82e3-817e4496a61f');
INSERT INTO `di_entries` (`id`, `sectionId`, `typeId`, `authorId`, `postDate`, `expiryDate`, `dateCreated`, `dateUpdated`, `uid`) VALUES ('139', '10', '11', '1', '2014-10-01 12:45:00', NULL, '2014-10-01 12:45:50', '2014-10-02 08:06:17', '5ce3fe9b-5485-4435-b46c-0bbbdb51f059');
INSERT INTO `di_entries` (`id`, `sectionId`, `typeId`, `authorId`, `postDate`, `expiryDate`, `dateCreated`, `dateUpdated`, `uid`) VALUES ('145', '11', '12', '1', '2014-10-02 08:24:00', NULL, '2014-10-02 08:24:05', '2014-10-03 16:34:53', '90e0125c-0680-4cbe-a2e5-9363357665b4');
INSERT INTO `di_entries` (`id`, `sectionId`, `typeId`, `authorId`, `postDate`, `expiryDate`, `dateCreated`, `dateUpdated`, `uid`) VALUES ('151', '11', '12', '1', '2014-10-02 10:16:00', NULL, '2014-10-02 10:16:58', '2014-10-03 17:02:14', 'b82cddb1-4d1c-4ae5-9fac-6a0333e591aa');



--
-- Schema for table `di_entrydrafts`
--

DROP TABLE IF EXISTS `di_entrydrafts`;

CREATE TABLE `di_entrydrafts` (
  `id` int(11) NOT NULL AUTO_INCREMENT,
  `entryId` int(11) NOT NULL,
  `sectionId` int(11) NOT NULL,
  `creatorId` int(11) NOT NULL,
  `locale` char(12) COLLATE utf8_unicode_ci NOT NULL,
  `name` varchar(255) COLLATE utf8_unicode_ci NOT NULL,
  `notes` tinytext COLLATE utf8_unicode_ci,
  `data` mediumtext COLLATE utf8_unicode_ci NOT NULL,
  `dateCreated` datetime NOT NULL,
  `dateUpdated` datetime NOT NULL,
  `uid` char(36) COLLATE utf8_unicode_ci NOT NULL DEFAULT '0',
  PRIMARY KEY (`id`),
  KEY `di_entrydrafts_entryId_locale_idx` (`entryId`,`locale`),
  KEY `di_entrydrafts_sectionId_fk` (`sectionId`),
  KEY `di_entrydrafts_creatorId_fk` (`creatorId`),
  KEY `di_entrydrafts_locale_fk` (`locale`)
) ENGINE=InnoDB AUTO_INCREMENT=2 DEFAULT CHARSET=utf8 COLLATE=utf8_unicode_ci;

--
-- Data for table `di_entrydrafts`
--

INSERT INTO `di_entrydrafts` (`id`, `entryId`, `sectionId`, `creatorId`, `locale`, `name`, `notes`, `data`, `dateCreated`, `dateUpdated`, `uid`) VALUES ('1', '2', '1', '1', 'en_gb', 'Draft 1', NULL, '{\"typeId\":null,\"authorId\":null,\"title\":null,\"slug\":null,\"postDate\":null,\"expiryDate\":null,\"enabled\":1,\"fields\":{\"2\":\"\",\"14\":\"<p>We believe Christian fellowship is divinely brought about by God for the purpose of displaying and advancing His Kingdom on earth, as Christians love one another and submit to the lordship of Christ, they show a picture of the heavenly realities that are to come.<\\/p>\",\"62\":[\"61\"],\"1\":\"\",\"35\":{\"143\":{\"type\":\"entriesList\",\"enabled\":\"1\",\"fields\":{\"sectionTitle\":\"What\'s new\",\"bandStyle\":\"none\",\"listStyle\":\"mini\",\"articleStyle\":\"mini-tease\",\"articleBackground\":\"none\",\"entryTypes\":[\"events\",\"news\",\"people\"],\"limit\":\"4\",\"ministry\":[\"128\"],\"place\":\"\",\"productCategory\":\"\",\"role\":\"\",\"join\":\"or\"}},\"141\":{\"type\":\"categoryItems\",\"enabled\":\"1\",\"fields\":{\"sectionTitle\":\"Shops\",\"bandStyle\":\"shade\",\"listStyle\":\"micro\",\"articleStyle\":\"basic\",\"articleBackground\":\"none\",\"limit\":\"6\",\"ministry\":\"\",\"place\":[\"120\"],\"productCategory\":[\"136\",\"137\"],\"role\":\"\",\"join\":\"and\"}},\"142\":{\"type\":\"entryIndex\",\"enabled\":\"1\",\"fields\":{\"sectionTitle\":\"Of interest\",\"bandStyle\":\"primary\",\"listStyle\":\"mini\",\"articleStyle\":\"mini-tease\",\"articleBackground\":\"shade\",\"entries\":[\"114\",\"112\",\"3\",\"29\"]}}},\"65\":\"\",\"16\":[\"18\"],\"17\":\"background\",\"26\":\"\",\"85\":\"\",\"63\":\"secondary\",\"23\":\"<p>Bringing hope, help and healing<br>to a hurting world<\\/p>\",\"29\":\"_layout\"}}', '2014-10-01 17:15:54', '2014-10-01 17:17:21', 'c8c3822d-f3fd-4ea0-aa58-e313fdea98fe');



--
-- Schema for table `di_entrytypes`
--

DROP TABLE IF EXISTS `di_entrytypes`;

CREATE TABLE `di_entrytypes` (
  `id` int(11) NOT NULL AUTO_INCREMENT,
  `sectionId` int(11) NOT NULL,
  `fieldLayoutId` int(11) DEFAULT NULL,
  `name` varchar(255) COLLATE utf8_unicode_ci NOT NULL,
  `handle` varchar(255) COLLATE utf8_unicode_ci NOT NULL,
  `hasTitleField` tinyint(1) unsigned NOT NULL DEFAULT '1',
  `titleLabel` varchar(255) COLLATE utf8_unicode_ci DEFAULT 'Title',
  `titleFormat` varchar(255) COLLATE utf8_unicode_ci DEFAULT NULL,
  `sortOrder` tinyint(4) DEFAULT NULL,
  `dateCreated` datetime NOT NULL,
  `dateUpdated` datetime NOT NULL,
  `uid` char(36) COLLATE utf8_unicode_ci NOT NULL DEFAULT '0',
  PRIMARY KEY (`id`),
  UNIQUE KEY `di_entrytypes_name_sectionId_unq_idx` (`name`,`sectionId`),
  UNIQUE KEY `di_entrytypes_handle_sectionId_unq_idx` (`handle`,`sectionId`),
  KEY `di_entrytypes_sectionId_fk` (`sectionId`),
  KEY `di_entrytypes_fieldLayoutId_fk` (`fieldLayoutId`)
) ENGINE=InnoDB AUTO_INCREMENT=15 DEFAULT CHARSET=utf8 COLLATE=utf8_unicode_ci;

--
-- Data for table `di_entrytypes`
--

INSERT INTO `di_entrytypes` (`id`, `sectionId`, `fieldLayoutId`, `name`, `handle`, `hasTitleField`, `titleLabel`, `titleFormat`, `sortOrder`, `dateCreated`, `dateUpdated`, `uid`) VALUES ('1', '1', '501', 'Homepage', 'homepage', '0', NULL, '{section.name|raw}', NULL, '2014-09-04 11:28:59', '2014-10-03 15:22:46', '7dbd9cc0-1e81-4527-8c1e-0e05b2b2195a');
INSERT INTO `di_entrytypes` (`id`, `sectionId`, `fieldLayoutId`, `name`, `handle`, `hasTitleField`, `titleLabel`, `titleFormat`, `sortOrder`, `dateCreated`, `dateUpdated`, `uid`) VALUES ('2', '2', '460', 'News', 'news', '1', 'Title', NULL, NULL, '2014-09-04 11:28:59', '2014-10-02 09:35:28', '1627eadd-e11d-406c-9569-89a7f5d0d72d');
INSERT INTO `di_entrytypes` (`id`, `sectionId`, `fieldLayoutId`, `name`, `handle`, `hasTitleField`, `titleLabel`, `titleFormat`, `sortOrder`, `dateCreated`, `dateUpdated`, `uid`) VALUES ('5', '5', '277', 'Contact', 'contact', '0', NULL, '{section.name|raw}', NULL, '2014-09-08 13:06:50', '2014-09-18 13:27:51', 'aff72b04-7bad-4524-991f-c4b5a8d9943a');
INSERT INTO `di_entrytypes` (`id`, `sectionId`, `fieldLayoutId`, `name`, `handle`, `hasTitleField`, `titleLabel`, `titleFormat`, `sortOrder`, `dateCreated`, `dateUpdated`, `uid`) VALUES ('7', '7', '317', 'Ministry', 'ministry', '1', 'Title', NULL, NULL, '2014-09-15 09:04:16', '2014-09-23 14:03:25', '0b1dc7d8-3d42-4a7e-bd5e-6289383d318f');
INSERT INTO `di_entrytypes` (`id`, `sectionId`, `fieldLayoutId`, `name`, `handle`, `hasTitleField`, `titleLabel`, `titleFormat`, `sortOrder`, `dateCreated`, `dateUpdated`, `uid`) VALUES ('8', '8', '456', 'Event', 'event', '1', 'Title', NULL, NULL, '2014-09-15 10:16:09', '2014-10-01 17:26:53', 'e7e24523-9604-4758-8b80-4836bbb4444c');
INSERT INTO `di_entrytypes` (`id`, `sectionId`, `fieldLayoutId`, `name`, `handle`, `hasTitleField`, `titleLabel`, `titleFormat`, `sortOrder`, `dateCreated`, `dateUpdated`, `uid`) VALUES ('11', '10', '440', 'Product', 'product', '1', 'Title', NULL, NULL, '2014-09-17 09:15:52', '2014-10-01 11:31:34', 'ba6a882a-17ed-47bb-a1d3-08b306239f29');
INSERT INTO `di_entrytypes` (`id`, `sectionId`, `fieldLayoutId`, `name`, `handle`, `hasTitleField`, `titleLabel`, `titleFormat`, `sortOrder`, `dateCreated`, `dateUpdated`, `uid`) VALUES ('12', '11', '503', 'Articles', 'articles', '1', 'Title', NULL, NULL, '2014-09-17 09:44:52', '2014-10-03 16:16:13', '235fd903-96ed-4ff7-8b21-0df487295dec');
INSERT INTO `di_entrytypes` (`id`, `sectionId`, `fieldLayoutId`, `name`, `handle`, `hasTitleField`, `titleLabel`, `titleFormat`, `sortOrder`, `dateCreated`, `dateUpdated`, `uid`) VALUES ('13', '12', '494', 'People', 'people', '1', 'Title', NULL, NULL, '2014-09-30 12:32:08', '2014-10-02 15:13:41', '33c954c7-94d9-4630-b250-1d2d30e69e6b');
INSERT INTO `di_entrytypes` (`id`, `sectionId`, `fieldLayoutId`, `name`, `handle`, `hasTitleField`, `titleLabel`, `titleFormat`, `sortOrder`, `dateCreated`, `dateUpdated`, `uid`) VALUES ('14', '13', '502', 'Places', 'places', '1', 'Title', NULL, NULL, '2014-09-30 14:17:01', '2014-10-03 16:09:56', '4503d8b6-1b3e-4860-86b1-d247d4b0cc86');



--
-- Schema for table `di_entryversions`
--

DROP TABLE IF EXISTS `di_entryversions`;

CREATE TABLE `di_entryversions` (
  `id` int(11) NOT NULL AUTO_INCREMENT,
  `entryId` int(11) NOT NULL,
  `sectionId` int(11) NOT NULL,
  `creatorId` int(11) DEFAULT NULL,
  `locale` char(12) COLLATE utf8_unicode_ci NOT NULL,
  `num` smallint(6) unsigned NOT NULL,
  `notes` tinytext COLLATE utf8_unicode_ci,
  `data` mediumtext COLLATE utf8_unicode_ci NOT NULL,
  `dateCreated` datetime NOT NULL,
  `dateUpdated` datetime NOT NULL,
  `uid` char(36) COLLATE utf8_unicode_ci NOT NULL DEFAULT '0',
  PRIMARY KEY (`id`),
  KEY `di_entryversions_entryId_locale_idx` (`entryId`,`locale`),
  KEY `di_entryversions_sectionId_fk` (`sectionId`),
  KEY `di_entryversions_creatorId_fk` (`creatorId`),
  KEY `di_entryversions_locale_fk` (`locale`)
) ENGINE=InnoDB AUTO_INCREMENT=570 DEFAULT CHARSET=utf8 COLLATE=utf8_unicode_ci;

--
-- Data for table `di_entryversions`
--

INSERT INTO `di_entryversions` (`id`, `entryId`, `sectionId`, `creatorId`, `locale`, `num`, `notes`, `data`, `dateCreated`, `dateUpdated`, `uid`) VALUES ('18', '29', '7', '1', 'en_gb', '1', '', '{\"typeId\":null,\"authorId\":\"1\",\"title\":\"Church\",\"slug\":\"church-1\",\"postDate\":1410771931,\"expiryDate\":null,\"enabled\":1,\"fields\":[]}', '2014-09-15 09:05:31', '2014-09-15 09:05:31', 'f7bba1b9-d832-4c37-97cd-8d9de648c606');
INSERT INTO `di_entryversions` (`id`, `entryId`, `sectionId`, `creatorId`, `locale`, `num`, `notes`, `data`, `dateCreated`, `dateUpdated`, `uid`) VALUES ('23', '29', '7', '1', 'en_gb', '2', '', '{\"typeId\":\"7\",\"authorId\":\"1\",\"title\":\"Church\",\"slug\":\"church-1\",\"postDate\":1410771900,\"expiryDate\":null,\"enabled\":1,\"fields\":{\"2\":\"\",\"14\":\"\",\"15\":\"\",\"1\":\"\",\"28\":\"\",\"16\":\"\",\"17\":\"poster\",\"26\":\"\",\"23\":\"\",\"3\":\"\"}}', '2014-09-15 09:10:20', '2014-09-15 09:10:20', '84edce87-2d55-4920-bcd1-d9dd40d63fc4');
INSERT INTO `di_entryversions` (`id`, `entryId`, `sectionId`, `creatorId`, `locale`, `num`, `notes`, `data`, `dateCreated`, `dateUpdated`, `uid`) VALUES ('24', '29', '7', '1', 'en_gb', '3', '', '{\"typeId\":\"7\",\"authorId\":\"1\",\"title\":\"Church\",\"slug\":\"church-1\",\"postDate\":1410771900,\"expiryDate\":null,\"enabled\":1,\"fields\":{\"2\":\"\",\"14\":\"\",\"15\":\"\",\"1\":\"\",\"28\":\"\",\"16\":\"\",\"17\":\"poster\",\"26\":\"\",\"23\":\"\",\"3\":\"\"}}', '2014-09-15 09:10:28', '2014-09-15 09:10:28', '4e1a2983-02a9-4bd3-8d61-2368eed2c6cf');
INSERT INTO `di_entryversions` (`id`, `entryId`, `sectionId`, `creatorId`, `locale`, `num`, `notes`, `data`, `dateCreated`, `dateUpdated`, `uid`) VALUES ('26', '29', '7', '1', 'en_gb', '4', '', '{\"typeId\":\"7\",\"authorId\":\"1\",\"title\":\"Church\",\"slug\":\"church\",\"postDate\":1410771900,\"expiryDate\":null,\"enabled\":1,\"fields\":{\"2\":\"\",\"14\":\"\",\"15\":\"\",\"1\":\"\",\"28\":\"\",\"16\":\"\",\"17\":\"poster\",\"26\":\"\",\"23\":\"\",\"3\":\"\"}}', '2014-09-15 09:17:40', '2014-09-15 09:17:40', '8d453e0d-c898-445f-b2f5-65f7f2670fd1');
INSERT INTO `di_entryversions` (`id`, `entryId`, `sectionId`, `creatorId`, `locale`, `num`, `notes`, `data`, `dateCreated`, `dateUpdated`, `uid`) VALUES ('29', '29', '7', '1', 'en_gb', '5', '', '{\"typeId\":\"7\",\"authorId\":\"1\",\"title\":\"Church\",\"slug\":\"church\",\"postDate\":1410771900,\"expiryDate\":null,\"enabled\":1,\"fields\":{\"2\":\"\",\"14\":\"\",\"15\":\"\",\"1\":\"\",\"28\":\"\",\"16\":\"\",\"17\":\"poster\",\"26\":\"\",\"23\":\"\",\"3\":\"\",\"29\":\"layout-church\"}}', '2014-09-15 09:38:16', '2014-09-15 09:38:16', 'cb682abe-194d-46d5-99c6-91c26384762c');
INSERT INTO `di_entryversions` (`id`, `entryId`, `sectionId`, `creatorId`, `locale`, `num`, `notes`, `data`, `dateCreated`, `dateUpdated`, `uid`) VALUES ('30', '29', '7', '1', 'en_gb', '6', '', '{\"typeId\":\"7\",\"authorId\":\"1\",\"title\":\"Church\",\"slug\":\"church\",\"postDate\":1410771900,\"expiryDate\":null,\"enabled\":1,\"fields\":{\"2\":\"\",\"14\":\"\",\"15\":\"\",\"1\":\"\",\"28\":\"\",\"16\":\"\",\"17\":\"poster\",\"26\":\"\",\"23\":\"\",\"3\":\"\",\"29\":\"_layout\"}}', '2014-09-15 09:53:55', '2014-09-15 09:53:55', '68c11b0a-5b7a-45ca-aa35-4cd237d9c679');
INSERT INTO `di_entryversions` (`id`, `entryId`, `sectionId`, `creatorId`, `locale`, `num`, `notes`, `data`, `dateCreated`, `dateUpdated`, `uid`) VALUES ('31', '29', '7', '1', 'en_gb', '7', '', '{\"typeId\":\"7\",\"authorId\":\"1\",\"title\":\"Church\",\"slug\":\"church\",\"postDate\":1410771900,\"expiryDate\":null,\"enabled\":1,\"fields\":{\"2\":\"\",\"14\":\"\",\"15\":\"\",\"1\":\"\",\"28\":\"\",\"16\":\"\",\"17\":\"poster\",\"26\":\"\",\"23\":\"\",\"3\":\"\",\"29\":\"_layout-church\"}}', '2014-09-15 09:54:01', '2014-09-15 09:54:01', 'ef0b932f-9eff-4907-9976-0dbd219fb1bb');
INSERT INTO `di_entryversions` (`id`, `entryId`, `sectionId`, `creatorId`, `locale`, `num`, `notes`, `data`, `dateCreated`, `dateUpdated`, `uid`) VALUES ('36', '22', '5', '1', 'en_gb', '1', '', '{\"typeId\":\"5\",\"authorId\":null,\"title\":\"Contact\",\"slug\":\"contact\",\"postDate\":1410181610,\"expiryDate\":null,\"enabled\":1,\"fields\":{\"14\":\"\",\"1\":\"Contact\",\"16\":[\"21\"],\"17\":\"poster\",\"23\":\"<p>Drop Inn Ministries, 171 Dobbin Rd,<br>Richhill\\r\\nCounty Armagh, UK, BT61 9LW<\\/p>\"}}', '2014-09-15 10:39:52', '2014-09-15 10:39:52', 'b2b233ea-530b-49b8-a6e3-2f5f253ae59b');
INSERT INTO `di_entryversions` (`id`, `entryId`, `sectionId`, `creatorId`, `locale`, `num`, `notes`, `data`, `dateCreated`, `dateUpdated`, `uid`) VALUES ('58', '3', '2', '1', 'en_gb', '1', '', '{\"typeId\":\"2\",\"authorId\":\"1\",\"title\":\"We just installed Craft!\",\"slug\":\"we-just-installed-craft\",\"postDate\":1409830080,\"expiryDate\":null,\"enabled\":1,\"fields\":{\"44\":\"\",\"2\":\"\",\"14\":\"<p>Kaleta and Thomas grow maize, beans, cassava and potatoes on their farm land. Receiving a joint land certificate has given them security and peace of mind. Thomas tells us \\\"By having the cert, I know the land is ours and I am free from worry for the future.\\\" Now they own the land, cultivate and provide food for their children.<\\/p>\",\"15\":[\"6\",\"7\"],\"1\":\"\",\"28\":\"\",\"16\":[\"5\"],\"17\":\"photo\",\"23\":\"\"}}', '2014-09-15 16:21:17', '2014-09-15 16:21:17', 'fb611580-22bc-4302-9716-3de655a3a507');
INSERT INTO `di_entryversions` (`id`, `entryId`, `sectionId`, `creatorId`, `locale`, `num`, `notes`, `data`, `dateCreated`, `dateUpdated`, `uid`) VALUES ('70', '22', '5', '1', 'en_gb', '2', '', '{\"typeId\":\"5\",\"authorId\":null,\"title\":\"Contact\",\"slug\":\"contact\",\"postDate\":1410181610,\"expiryDate\":null,\"enabled\":1,\"fields\":{\"14\":\"\",\"1\":\"Contact\",\"16\":\"\",\"17\":\"poster\",\"23\":\"<p>Drop Inn Ministries, 171 Dobbin Rd,<br>Richhill\\r\\nCounty Armagh, UK, BT61 9LW<\\/p>\"}}', '2014-09-16 11:10:21', '2014-09-16 11:10:21', '9ed0fcea-30d5-4dba-a697-7612ec372256');
INSERT INTO `di_entryversions` (`id`, `entryId`, `sectionId`, `creatorId`, `locale`, `num`, `notes`, `data`, `dateCreated`, `dateUpdated`, `uid`) VALUES ('110', '29', '7', '1', 'en_gb', '8', '', '{\"typeId\":\"7\",\"authorId\":\"1\",\"title\":\"Church\",\"slug\":\"church\",\"postDate\":1410771900,\"expiryDate\":null,\"enabled\":1,\"fields\":{\"2\":\"\",\"14\":\"\",\"15\":\"\",\"1\":\"\",\"35\":\"\",\"28\":\"\",\"16\":[\"28\"],\"17\":\"background\",\"26\":\"\",\"32\":\"\",\"34\":\"\",\"53\":\"\",\"33\":\"\",\"23\":\"\",\"29\":\"_layout-church\"}}', '2014-09-17 13:52:25', '2014-09-17 13:52:25', '50746453-6d47-4268-abdc-d60fb837d126');
INSERT INTO `di_entryversions` (`id`, `entryId`, `sectionId`, `creatorId`, `locale`, `num`, `notes`, `data`, `dateCreated`, `dateUpdated`, `uid`) VALUES ('117', '2', '1', '1', 'en_gb', '1', '', '{\"typeId\":\"1\",\"authorId\":null,\"title\":\"Homepage\",\"slug\":\"homepage\",\"postDate\":1409830139,\"expiryDate\":null,\"enabled\":1,\"fields\":{\"2\":\"\",\"14\":\"<p>We believe Christian fellowship is divinely brought about by God for the purpose of displaying and advancing His Kingdom on earth, as Christians love one another and submit to the lordship of Christ, they show a picture of the heavenly realities that are to come.<\\/p>\",\"1\":\"Sign up now for Child Sponsorship\",\"16\":[\"59\"],\"17\":\"fill\",\"26\":\"http:\\/\\/www.bbc.co.uk\",\"23\":\"\"}}', '2014-09-18 08:42:01', '2014-09-18 08:42:01', '7c617d3d-d807-476c-9114-7d0cd9284c45');
INSERT INTO `di_entryversions` (`id`, `entryId`, `sectionId`, `creatorId`, `locale`, `num`, `notes`, `data`, `dateCreated`, `dateUpdated`, `uid`) VALUES ('129', '29', '7', '1', 'en_gb', '9', '', '{\"typeId\":\"7\",\"authorId\":\"1\",\"title\":\"Church\",\"slug\":\"church\",\"postDate\":1410771900,\"expiryDate\":null,\"enabled\":1,\"fields\":{\"2\":\"\",\"14\":\"\",\"15\":\"\",\"62\":[\"60\"],\"1\":\"\",\"35\":\"\",\"28\":\"\",\"16\":[\"28\"],\"17\":\"background\",\"26\":\"\",\"32\":\"\",\"34\":\"\",\"53\":\"\",\"33\":\"\",\"23\":\"\",\"29\":\"_layout-church\"}}', '2014-09-18 11:01:16', '2014-09-18 11:01:16', '279dd4e3-0285-4711-b303-dba0bc03a2ca');
INSERT INTO `di_entryversions` (`id`, `entryId`, `sectionId`, `creatorId`, `locale`, `num`, `notes`, `data`, `dateCreated`, `dateUpdated`, `uid`) VALUES ('130', '29', '7', '1', 'en_gb', '10', '', '{\"typeId\":\"7\",\"authorId\":\"1\",\"title\":\"Church\",\"slug\":\"church\",\"postDate\":1410771900,\"expiryDate\":null,\"enabled\":1,\"fields\":{\"2\":\"\",\"14\":\"\",\"15\":\"\",\"62\":[\"60\"],\"1\":\"Church at Stonebridge\",\"35\":\"\",\"28\":\"\",\"16\":[\"28\"],\"17\":\"background\",\"26\":\"\",\"32\":\"\",\"34\":\"\",\"53\":\"\",\"33\":\"\",\"23\":\"\",\"29\":\"_layout-church\"}}', '2014-09-18 11:05:01', '2014-09-18 11:05:01', '245df0d1-8821-4ab4-9254-30f7033254e8');
INSERT INTO `di_entryversions` (`id`, `entryId`, `sectionId`, `creatorId`, `locale`, `num`, `notes`, `data`, `dateCreated`, `dateUpdated`, `uid`) VALUES ('131', '2', '1', '1', 'en_gb', '2', '', '{\"typeId\":\"1\",\"authorId\":null,\"title\":\"Homepage\",\"slug\":\"homepage\",\"postDate\":1409830139,\"expiryDate\":null,\"enabled\":1,\"fields\":{\"2\":\"\",\"14\":\"<p>We believe Christian fellowship is divinely brought about by God for the purpose of displaying and advancing His Kingdom on earth, as Christians love one another and submit to the lordship of Christ, they show a picture of the heavenly realities that are to come.<\\/p>\",\"62\":[\"61\"],\"1\":\"Sign up now for Child Sponsorship\",\"16\":[\"59\"],\"17\":\"fill\",\"26\":\"http:\\/\\/www.bbc.co.uk\",\"23\":\"\",\"29\":\"_layout\"}}', '2014-09-18 11:08:39', '2014-09-18 11:08:39', '1341af60-7043-4e45-81d6-e1c5eeadd2b0');
INSERT INTO `di_entryversions` (`id`, `entryId`, `sectionId`, `creatorId`, `locale`, `num`, `notes`, `data`, `dateCreated`, `dateUpdated`, `uid`) VALUES ('132', '2', '1', '1', 'en_gb', '3', '', '{\"typeId\":\"1\",\"authorId\":null,\"title\":\"Homepage\",\"slug\":\"homepage\",\"postDate\":1409830139,\"expiryDate\":null,\"enabled\":1,\"fields\":{\"2\":\"\",\"14\":\"<p>We believe Christian fellowship is divinely brought about by God for the purpose of displaying and advancing His Kingdom on earth, as Christians love one another and submit to the lordship of Christ, they show a picture of the heavenly realities that are to come.<\\/p>\",\"62\":\"\",\"1\":\"Sign up now for Child Sponsorship\",\"16\":[\"59\"],\"17\":\"fill\",\"26\":\"http:\\/\\/www.bbc.co.uk\",\"23\":\"\",\"29\":\"_layout\"}}', '2014-09-18 11:23:59', '2014-09-18 11:23:59', 'b0b58d60-08fe-4b2c-9107-07a4f84fffa0');
INSERT INTO `di_entryversions` (`id`, `entryId`, `sectionId`, `creatorId`, `locale`, `num`, `notes`, `data`, `dateCreated`, `dateUpdated`, `uid`) VALUES ('134', '2', '1', '1', 'en_gb', '4', '', '{\"typeId\":\"1\",\"authorId\":null,\"title\":\"Homepage\",\"slug\":\"homepage\",\"postDate\":1409830139,\"expiryDate\":null,\"enabled\":1,\"fields\":{\"2\":\"\",\"14\":\"<p>We believe Christian fellowship is divinely brought about by God for the purpose of displaying and advancing His Kingdom on earth, as Christians love one another and submit to the lordship of Christ, they show a picture of the heavenly realities that are to come.<\\/p>\",\"62\":[\"61\"],\"1\":\"Sign up now for Child Sponsorship\",\"16\":[\"59\"],\"17\":\"fill\",\"26\":\"http:\\/\\/www.bbc.co.uk\",\"23\":\"\",\"29\":\"_layout\"}}', '2014-09-18 11:41:35', '2014-09-18 11:41:35', '1c6e7f9c-d24c-424b-aa58-f16a4d21d961');
INSERT INTO `di_entryversions` (`id`, `entryId`, `sectionId`, `creatorId`, `locale`, `num`, `notes`, `data`, `dateCreated`, `dateUpdated`, `uid`) VALUES ('136', '2', '1', '1', 'en_gb', '5', '', '{\"typeId\":\"1\",\"authorId\":null,\"title\":\"Homepage\",\"slug\":\"homepage\",\"postDate\":1409830139,\"expiryDate\":null,\"enabled\":1,\"fields\":{\"2\":\"\",\"14\":\"<p>We believe Christian fellowship is divinely brought about by God for the purpose of displaying and advancing His Kingdom on earth, as Christians love one another and submit to the lordship of Christ, they show a picture of the heavenly realities that are to come.<\\/p>\",\"62\":[\"61\"],\"1\":\"Hope. Help. Healing\",\"16\":[\"59\"],\"17\":\"fill\",\"26\":\"http:\\/\\/www.bbc.co.uk\",\"23\":\"\",\"29\":\"_layout\"}}', '2014-09-18 11:48:16', '2014-09-18 11:48:16', '14644eb5-c2d8-4b16-a3cb-67df975463f9');
INSERT INTO `di_entryversions` (`id`, `entryId`, `sectionId`, `creatorId`, `locale`, `num`, `notes`, `data`, `dateCreated`, `dateUpdated`, `uid`) VALUES ('137', '2', '1', '1', 'en_gb', '6', '', '{\"typeId\":\"1\",\"authorId\":null,\"title\":\"Homepage\",\"slug\":\"homepage\",\"postDate\":1409830139,\"expiryDate\":null,\"enabled\":1,\"fields\":{\"2\":\"\",\"14\":\"<p>We believe Christian fellowship is divinely brought about by God for the purpose of displaying and advancing His Kingdom on earth, as Christians love one another and submit to the lordship of Christ, they show a picture of the heavenly realities that are to come.<\\/p>\",\"62\":[\"61\"],\"1\":\"Hope. Help. Healing\",\"16\":[\"59\"],\"17\":\"fill\",\"26\":\"\",\"23\":\"\",\"29\":\"_layout\"}}', '2014-09-18 11:48:36', '2014-09-18 11:48:36', '4b7af38c-22cc-4ab4-9471-360d72f5ab36');
INSERT INTO `di_entryversions` (`id`, `entryId`, `sectionId`, `creatorId`, `locale`, `num`, `notes`, `data`, `dateCreated`, `dateUpdated`, `uid`) VALUES ('138', '2', '1', '1', 'en_gb', '7', '', '{\"typeId\":\"1\",\"authorId\":null,\"title\":\"Homepage\",\"slug\":\"homepage\",\"postDate\":1409830139,\"expiryDate\":null,\"enabled\":1,\"fields\":{\"2\":\"\",\"14\":\"<p>We believe Christian fellowship is divinely brought about by God for the purpose of displaying and advancing His Kingdom on earth, as Christians love one another and submit to the lordship of Christ, they show a picture of the heavenly realities that are to come.<\\/p>\",\"62\":[\"61\"],\"1\":\"Hope. Help. Healing\",\"16\":[\"18\"],\"17\":\"fill\",\"26\":\"\",\"23\":\"\",\"29\":\"_layout\"}}', '2014-09-18 11:53:26', '2014-09-18 11:53:26', '8ed9c6ab-ffd3-4f16-8109-068c3d5b7308');
INSERT INTO `di_entryversions` (`id`, `entryId`, `sectionId`, `creatorId`, `locale`, `num`, `notes`, `data`, `dateCreated`, `dateUpdated`, `uid`) VALUES ('139', '29', '7', '1', 'en_gb', '11', '', '{\"typeId\":\"7\",\"authorId\":\"1\",\"title\":\"Church\",\"slug\":\"church\",\"postDate\":1410771900,\"expiryDate\":null,\"enabled\":1,\"fields\":{\"2\":\"\",\"14\":\"\",\"15\":\"\",\"62\":[\"60\"],\"1\":\"Church at Stonebridge\",\"35\":\"\",\"28\":\"\",\"16\":\"\",\"17\":\"background\",\"26\":\"\",\"32\":\"\",\"34\":\"\",\"63\":\"a4d103\",\"53\":\"\",\"33\":\"\",\"23\":\"\",\"29\":\"_layout-church\"}}', '2014-09-18 12:12:03', '2014-09-18 12:12:03', '3609c46e-329c-4ad9-9517-19058884ea15');
INSERT INTO `di_entryversions` (`id`, `entryId`, `sectionId`, `creatorId`, `locale`, `num`, `notes`, `data`, `dateCreated`, `dateUpdated`, `uid`) VALUES ('141', '29', '7', '1', 'en_gb', '12', '', '{\"typeId\":\"7\",\"authorId\":\"1\",\"title\":\"Church\",\"slug\":\"church\",\"postDate\":1410771900,\"expiryDate\":null,\"enabled\":1,\"fields\":{\"2\":\"\",\"14\":\"\",\"15\":\"\",\"62\":[\"60\"],\"1\":\"Church at Stonebridge\",\"35\":\"\",\"28\":\"\",\"16\":\"\",\"17\":\"background\",\"26\":\"\",\"32\":\"\",\"34\":\"\",\"63\":\"a4d103\",\"53\":\"\",\"33\":\"\",\"23\":\"\",\"29\":\"_layout-church\"}}', '2014-09-18 12:24:30', '2014-09-18 12:24:30', 'e5bca63a-cbe2-41ac-9d8d-a20368e6ccc1');
INSERT INTO `di_entryversions` (`id`, `entryId`, `sectionId`, `creatorId`, `locale`, `num`, `notes`, `data`, `dateCreated`, `dateUpdated`, `uid`) VALUES ('142', '29', '7', '1', 'en_gb', '13', '', '{\"typeId\":\"7\",\"authorId\":\"1\",\"title\":\"Church\",\"slug\":\"church\",\"postDate\":1410771900,\"expiryDate\":null,\"enabled\":1,\"fields\":{\"2\":\"\",\"14\":\"\",\"15\":\"\",\"62\":[\"60\"],\"1\":\"Church at Stonebridge\",\"35\":\"\",\"28\":\"\",\"16\":\"\",\"17\":\"poster\",\"26\":\"\",\"32\":\"\",\"34\":\"\",\"63\":\"a4d103\",\"53\":\"\",\"33\":\"\",\"23\":\"\",\"29\":\"_layout-church\"}}', '2014-09-18 12:24:42', '2014-09-18 12:24:42', 'c1c8833a-bdad-4d97-b97d-3c249cbae331');
INSERT INTO `di_entryversions` (`id`, `entryId`, `sectionId`, `creatorId`, `locale`, `num`, `notes`, `data`, `dateCreated`, `dateUpdated`, `uid`) VALUES ('143', '29', '7', '1', 'en_gb', '14', '', '{\"typeId\":\"7\",\"authorId\":\"1\",\"title\":\"Church\",\"slug\":\"church\",\"postDate\":1410771900,\"expiryDate\":null,\"enabled\":1,\"fields\":{\"2\":\"\",\"14\":\"\",\"15\":\"\",\"62\":[\"60\"],\"1\":\"Grace Community Church\",\"35\":\"\",\"28\":\"\",\"16\":\"\",\"17\":\"poster\",\"26\":\"\",\"32\":\"\",\"34\":\"\",\"63\":\"a4d103\",\"53\":\"\",\"33\":\"\",\"23\":\"\",\"29\":\"_layout-church\"}}', '2014-09-18 12:25:50', '2014-09-18 12:25:50', 'ce03c64c-dfbb-4be6-8b8d-347aeea21c7a');
INSERT INTO `di_entryversions` (`id`, `entryId`, `sectionId`, `creatorId`, `locale`, `num`, `notes`, `data`, `dateCreated`, `dateUpdated`, `uid`) VALUES ('144', '29', '7', '1', 'en_gb', '15', '', '{\"typeId\":\"7\",\"authorId\":\"1\",\"title\":\"Church\",\"slug\":\"church\",\"postDate\":1410771900,\"expiryDate\":null,\"enabled\":1,\"fields\":{\"2\":\"\",\"14\":\"\",\"15\":\"\",\"62\":[\"60\"],\"1\":\"Grace Community Church\",\"35\":\"\",\"28\":\"\",\"16\":\"\",\"17\":\"poster\",\"26\":\"\",\"32\":\"\",\"34\":\"\",\"63\":\"ff5400\",\"53\":\"\",\"33\":\"\",\"23\":\"\",\"29\":\"_layout-church\"}}', '2014-09-18 13:04:29', '2014-09-18 13:04:29', '828e4764-6273-4801-a2b3-78849246a26d');
INSERT INTO `di_entryversions` (`id`, `entryId`, `sectionId`, `creatorId`, `locale`, `num`, `notes`, `data`, `dateCreated`, `dateUpdated`, `uid`) VALUES ('145', '29', '7', '1', 'en_gb', '16', '', '{\"typeId\":\"7\",\"authorId\":\"1\",\"title\":\"Church\",\"slug\":\"church\",\"postDate\":1410771900,\"expiryDate\":null,\"enabled\":1,\"fields\":{\"2\":\"\",\"14\":\"\",\"15\":\"\",\"62\":[\"60\"],\"1\":\"Grace Community Church\",\"35\":\"\",\"28\":\"\",\"16\":\"\",\"17\":\"poster\",\"26\":\"\",\"32\":\"\",\"34\":\"\",\"63\":\"610065\",\"53\":\"\",\"33\":\"\",\"23\":\"\",\"29\":\"_layout-church\"}}', '2014-09-18 13:04:47', '2014-09-18 13:04:47', 'f316eb56-7671-423a-9c38-b38aba79435e');
INSERT INTO `di_entryversions` (`id`, `entryId`, `sectionId`, `creatorId`, `locale`, `num`, `notes`, `data`, `dateCreated`, `dateUpdated`, `uid`) VALUES ('146', '29', '7', '1', 'en_gb', '17', '', '{\"typeId\":\"7\",\"authorId\":\"1\",\"title\":\"Church\",\"slug\":\"church\",\"postDate\":1410771900,\"expiryDate\":null,\"enabled\":1,\"fields\":{\"2\":\"\",\"14\":\"\",\"15\":\"\",\"62\":[\"60\"],\"1\":\"Grace Community Church\",\"35\":\"\",\"28\":\"\",\"16\":\"\",\"17\":\"fill\",\"26\":\"\",\"32\":\"\",\"34\":\"\",\"63\":\"a4d103\",\"53\":\"\",\"33\":\"\",\"23\":\"\",\"29\":\"_layout-church\"}}', '2014-09-18 13:05:10', '2014-09-18 13:05:10', '48e71536-4772-4e20-86fc-da9663d2aa74');
INSERT INTO `di_entryversions` (`id`, `entryId`, `sectionId`, `creatorId`, `locale`, `num`, `notes`, `data`, `dateCreated`, `dateUpdated`, `uid`) VALUES ('148', '22', '5', '1', 'en_gb', '3', '', '{\"typeId\":\"5\",\"authorId\":null,\"title\":\"Contact\",\"slug\":\"contact\",\"postDate\":1410181610,\"expiryDate\":null,\"enabled\":1,\"fields\":{\"14\":\"\",\"62\":\"\",\"1\":\"Contact\",\"16\":[\"61\"],\"17\":\"poster\",\"63\":\"9c243e\",\"23\":\"<p>Drop Inn Ministries, 171 Dobbin Rd,<br>Richhill\\r\\nCounty Armagh, UK, BT61 9LW<\\/p>\",\"29\":\"_layout\"}}', '2014-09-18 13:12:22', '2014-09-18 13:12:22', '9154c9e7-1152-4528-b94d-5490bcb9522f');
INSERT INTO `di_entryversions` (`id`, `entryId`, `sectionId`, `creatorId`, `locale`, `num`, `notes`, `data`, `dateCreated`, `dateUpdated`, `uid`) VALUES ('149', '22', '5', '1', 'en_gb', '4', '', '{\"typeId\":\"5\",\"authorId\":null,\"title\":\"Contact\",\"slug\":\"contact\",\"postDate\":1410181610,\"expiryDate\":null,\"enabled\":1,\"fields\":{\"14\":\"\",\"62\":[\"61\"],\"1\":\"Contact\",\"16\":\"\",\"17\":\"poster\",\"63\":\"9c243e\",\"23\":\"<p>Drop Inn Ministries, 171 Dobbin Rd,<br>Richhill\\r\\nCounty Armagh, UK, BT61 9LW<\\/p>\",\"29\":\"_layout\"}}', '2014-09-18 13:12:43', '2014-09-18 13:12:43', '057583ca-3683-491e-b0f3-60914bee6319');
INSERT INTO `di_entryversions` (`id`, `entryId`, `sectionId`, `creatorId`, `locale`, `num`, `notes`, `data`, `dateCreated`, `dateUpdated`, `uid`) VALUES ('150', '22', '5', '1', 'en_gb', '5', '', '{\"typeId\":\"5\",\"authorId\":null,\"title\":\"Contact\",\"slug\":\"contact\",\"postDate\":1410181610,\"expiryDate\":null,\"enabled\":1,\"fields\":{\"14\":\"\",\"62\":[\"61\"],\"1\":\"Contact\",\"16\":\"\",\"17\":\"background\",\"63\":\"9c243e\",\"23\":\"<p>Drop Inn Ministries, 171 Dobbin Rd,<br>Richhill\\r\\nCounty Armagh, UK, BT61 9LW<\\/p>\",\"29\":\"_layout\"}}', '2014-09-18 13:14:46', '2014-09-18 13:14:46', '09b34f12-04d3-4e65-8f98-7ec672a3e110');
INSERT INTO `di_entryversions` (`id`, `entryId`, `sectionId`, `creatorId`, `locale`, `num`, `notes`, `data`, `dateCreated`, `dateUpdated`, `uid`) VALUES ('151', '22', '5', '1', 'en_gb', '6', '', '{\"typeId\":\"5\",\"authorId\":null,\"title\":\"Contact\",\"slug\":\"contact\",\"postDate\":1410181610,\"expiryDate\":null,\"enabled\":1,\"fields\":{\"14\":\"\",\"62\":[\"61\"],\"1\":\"Contact\",\"16\":\"\",\"17\":\"poster\",\"63\":\"9c243e\",\"23\":\"<p>Drop Inn Ministries, 171 Dobbin Rd,<br>Richhill\\r\\nCounty Armagh, UK, BT61 9LW<\\/p>\",\"29\":\"_layout\"}}', '2014-09-18 13:15:18', '2014-09-18 13:15:18', 'f82d7ab1-77ba-4890-bda0-7653176fe6fc');
INSERT INTO `di_entryversions` (`id`, `entryId`, `sectionId`, `creatorId`, `locale`, `num`, `notes`, `data`, `dateCreated`, `dateUpdated`, `uid`) VALUES ('157', '2', '1', '1', 'en_gb', '8', '', '{\"typeId\":\"1\",\"authorId\":null,\"title\":\"Homepage\",\"slug\":\"homepage\",\"postDate\":1409830139,\"expiryDate\":null,\"enabled\":1,\"fields\":{\"2\":\"\",\"14\":\"<p>We believe Christian fellowship is divinely brought about by God for the purpose of displaying and advancing His Kingdom on earth, as Christians love one another and submit to the lordship of Christ, they show a picture of the heavenly realities that are to come.<\\/p>\",\"62\":[\"61\"],\"1\":\"Bringing hope, help and healing to a hurting world\",\"16\":[\"18\"],\"17\":\"fill\",\"26\":\"\",\"23\":\"\",\"29\":\"_layout\"}}', '2014-09-18 14:02:13', '2014-09-18 14:02:13', '69d3a218-ac06-4eb0-905b-1391a26a5995');
INSERT INTO `di_entryversions` (`id`, `entryId`, `sectionId`, `creatorId`, `locale`, `num`, `notes`, `data`, `dateCreated`, `dateUpdated`, `uid`) VALUES ('175', '29', '7', '1', 'en_gb', '18', '', '{\"typeId\":\"7\",\"authorId\":\"1\",\"title\":\"Church\",\"slug\":\"church\",\"postDate\":1410771900,\"expiryDate\":null,\"enabled\":1,\"fields\":{\"2\":\"\",\"14\":\"\",\"15\":\"\",\"62\":[\"60\"],\"1\":\"Grace Community Church\",\"35\":\"\",\"28\":\"\",\"16\":\"\",\"17\":\"fill\",\"26\":\"\",\"32\":\"\",\"34\":\"\",\"63\":\"a4d103\",\"53\":\"\",\"64\":[\"30\"],\"33\":\"\",\"23\":\"\",\"29\":\"_layout-church\"}}', '2014-09-18 15:24:17', '2014-09-18 15:24:17', 'df37c8f7-9b51-4618-9f39-de60adfef9a6');
INSERT INTO `di_entryversions` (`id`, `entryId`, `sectionId`, `creatorId`, `locale`, `num`, `notes`, `data`, `dateCreated`, `dateUpdated`, `uid`) VALUES ('177', '3', '2', '1', 'en_gb', '2', '', '{\"typeId\":\"2\",\"authorId\":\"1\",\"title\":\"We just installed Craft!\",\"slug\":\"we-just-installed-craft\",\"postDate\":1409830080,\"expiryDate\":null,\"enabled\":1,\"fields\":{\"44\":\"\",\"2\":\"\",\"14\":\"<p>Kaleta and Thomas grow maize, beans, cassava and potatoes on their farm land. Receiving a joint land certificate has given them security and peace of mind. Thomas tells us \\\"By having the cert, I know the land is ours and I am free from worry for the future.\\\" Now they own the land, cultivate and provide food for their children.<\\/p>\",\"15\":[\"6\",\"7\"],\"62\":\"\",\"1\":\"\",\"28\":\"\",\"16\":[\"59\"],\"17\":\"photo\",\"32\":\"\",\"34\":\"\",\"63\":\"none\",\"23\":\"\",\"29\":\"_layout\"}}', '2014-09-18 16:08:14', '2014-09-18 16:08:14', '5368917a-e4cd-489b-a68b-0b4f843b4ff1');
INSERT INTO `di_entryversions` (`id`, `entryId`, `sectionId`, `creatorId`, `locale`, `num`, `notes`, `data`, `dateCreated`, `dateUpdated`, `uid`) VALUES ('217', '2', '1', '1', 'en_gb', '9', '', '{\"typeId\":\"1\",\"authorId\":null,\"title\":\"Homepage\",\"slug\":\"homepage\",\"postDate\":1409830139,\"expiryDate\":null,\"enabled\":1,\"fields\":{\"2\":\"\",\"14\":\"<p>We believe Christian fellowship is divinely brought about by God for the purpose of displaying and advancing His Kingdom on earth, as Christians love one another and submit to the lordship of Christ, they show a picture of the heavenly realities that are to come.<\\/p>\",\"62\":[\"61\"],\"1\":\" \",\"16\":[\"18\"],\"17\":\"fill\",\"26\":\"\",\"23\":\"<p>Bringing hope, help and healing<br>to a hurting world<\\/p>\",\"29\":\"_layout\"}}', '2014-09-22 11:47:45', '2014-09-22 11:47:45', '19bf0380-22f4-4bb1-b1e4-aace74a45e47');
INSERT INTO `di_entryversions` (`id`, `entryId`, `sectionId`, `creatorId`, `locale`, `num`, `notes`, `data`, `dateCreated`, `dateUpdated`, `uid`) VALUES ('218', '2', '1', '1', 'en_gb', '10', '', '{\"typeId\":\"1\",\"authorId\":null,\"title\":\"Homepage\",\"slug\":\"homepage\",\"postDate\":1409830139,\"expiryDate\":null,\"enabled\":1,\"fields\":{\"2\":\"\",\"14\":\"<p>We believe Christian fellowship is divinely brought about by God for the purpose of displaying and advancing His Kingdom on earth, as Christians love one another and submit to the lordship of Christ, they show a picture of the heavenly realities that are to come.<\\/p>\",\"62\":[\"61\"],\"1\":\" \",\"16\":[\"18\"],\"17\":\"fill\",\"26\":\"\",\"23\":\"<p>Bringing hope, help and healing<br>to a hurting world<\\/p>\",\"29\":\"_layout\"}}', '2014-09-22 11:51:16', '2014-09-22 11:51:16', 'b6f6c5ba-77b3-4af9-831d-c9176d982cf3');
INSERT INTO `di_entryversions` (`id`, `entryId`, `sectionId`, `creatorId`, `locale`, `num`, `notes`, `data`, `dateCreated`, `dateUpdated`, `uid`) VALUES ('219', '2', '1', '1', 'en_gb', '11', '', '{\"typeId\":\"1\",\"authorId\":null,\"title\":\"Homepage\",\"slug\":\"homepage\",\"postDate\":1409830139,\"expiryDate\":null,\"enabled\":1,\"fields\":{\"2\":\"\",\"14\":\"<p>We believe Christian fellowship is divinely brought about by God for the purpose of displaying and advancing His Kingdom on earth, as Christians love one another and submit to the lordship of Christ, they show a picture of the heavenly realities that are to come.<\\/p>\",\"62\":[\"61\"],\"1\":\"\",\"16\":[\"18\"],\"17\":\"fill\",\"26\":\"\",\"23\":\"<p>Bringing hope, help and healing<br>to a hurting world<\\/p>\",\"29\":\"_layout\"}}', '2014-09-22 12:08:49', '2014-09-22 12:08:49', '290474b7-3d19-4841-8afe-930245859b29');
INSERT INTO `di_entryversions` (`id`, `entryId`, `sectionId`, `creatorId`, `locale`, `num`, `notes`, `data`, `dateCreated`, `dateUpdated`, `uid`) VALUES ('250', '22', '5', '1', 'en_gb', '7', '', '{\"typeId\":\"5\",\"authorId\":null,\"title\":\"Contact\",\"slug\":\"contact\",\"postDate\":1410181610,\"expiryDate\":null,\"enabled\":1,\"fields\":{\"14\":\"\",\"62\":[\"61\"],\"1\":\"Contact\",\"16\":\"\",\"17\":\"none\",\"63\":\"9c243e\",\"23\":\"<p>Drop Inn Ministries, 171 Dobbin Rd,<br>Richhill\\r\\nCounty Armagh, UK, BT61 9LW<\\/p>\",\"29\":\"_layout\"}}', '2014-09-23 14:22:23', '2014-09-23 14:22:23', '10dec4a2-cf29-4833-88a3-b9e0a2007c64');
INSERT INTO `di_entryversions` (`id`, `entryId`, `sectionId`, `creatorId`, `locale`, `num`, `notes`, `data`, `dateCreated`, `dateUpdated`, `uid`) VALUES ('253', '29', '7', '1', 'en_gb', '19', '', '{\"typeId\":\"7\",\"authorId\":\"1\",\"title\":\"Church\",\"slug\":\"church\",\"postDate\":1410771900,\"expiryDate\":null,\"enabled\":1,\"fields\":{\"2\":\"\",\"14\":\"\",\"15\":\"\",\"62\":[\"60\"],\"1\":\"Grace Community Church\",\"35\":\"\",\"28\":\"\",\"16\":\"\",\"17\":\"fill\",\"26\":\"\",\"32\":\"\",\"34\":\"\",\"85\":\"\",\"63\":\"84A902\",\"53\":\"\",\"64\":[\"30\"],\"33\":\"\",\"23\":\"\",\"3\":\"\",\"29\":\"_layout-church\"}}', '2014-09-23 15:02:06', '2014-09-23 15:02:06', 'e7531c77-3b2a-475d-ae6c-2b2214e810fc');
INSERT INTO `di_entryversions` (`id`, `entryId`, `sectionId`, `creatorId`, `locale`, `num`, `notes`, `data`, `dateCreated`, `dateUpdated`, `uid`) VALUES ('254', '2', '1', '1', 'en_gb', '12', '', '{\"typeId\":\"1\",\"authorId\":null,\"title\":\"Homepage\",\"slug\":\"homepage\",\"postDate\":1409830139,\"expiryDate\":null,\"enabled\":1,\"fields\":{\"2\":\"\",\"14\":\"<p>We believe Christian fellowship is divinely brought about by God for the purpose of displaying and advancing His Kingdom on earth, as Christians love one another and submit to the lordship of Christ, they show a picture of the heavenly realities that are to come.<\\/p>\",\"62\":[\"61\"],\"1\":\"\",\"35\":{\"new1\":{\"type\":\"categoryIndex\",\"enabled\":\"1\",\"fields\":{\"sectionTitle\":\"\",\"sectionStyle\":\"divider\",\"entries\":[\"events\"],\"countryCategory\":\"\",\"locationCategory\":\"\",\"ministryCategory\":\"\",\"personCategory\":\"\",\"productCategory\":\"\",\"roleCategory\":\"\"}}},\"65\":\"\",\"16\":[\"18\"],\"17\":\"fill\",\"26\":\"\",\"85\":\"\",\"63\":\"none\",\"23\":\"<p>Bringing hope, help and healing<br>to a hurting world<\\/p>\",\"29\":\"_layout\"}}', '2014-09-23 16:12:20', '2014-09-23 16:12:20', 'c1f70bb4-7324-4f26-9606-17c470571046');
INSERT INTO `di_entryversions` (`id`, `entryId`, `sectionId`, `creatorId`, `locale`, `num`, `notes`, `data`, `dateCreated`, `dateUpdated`, `uid`) VALUES ('255', '2', '1', '1', 'en_gb', '13', '', '{\"typeId\":\"1\",\"authorId\":null,\"title\":\"Homepage\",\"slug\":\"homepage\",\"postDate\":1409830139,\"expiryDate\":null,\"enabled\":1,\"fields\":{\"2\":\"\",\"14\":\"<p>We believe Christian fellowship is divinely brought about by God for the purpose of displaying and advancing His Kingdom on earth, as Christians love one another and submit to the lordship of Christ, they show a picture of the heavenly realities that are to come.<\\/p>\",\"62\":[\"61\"],\"1\":\"\",\"35\":{\"107\":{\"type\":\"categoryIndex\",\"enabled\":\"1\",\"fields\":{\"sectionTitle\":\"\",\"sectionStyle\":\"divider\",\"entries\":[\"events\"],\"countryCategory\":\"\",\"locationCategory\":\"\",\"ministryCategory\":[\"42\"],\"personCategory\":\"\",\"productCategory\":\"\",\"roleCategory\":\"\"}}},\"65\":\"\",\"16\":[\"18\"],\"17\":\"fill\",\"26\":\"\",\"85\":\"\",\"63\":\"none\",\"23\":\"<p>Bringing hope, help and healing<br>to a hurting world<\\/p>\",\"29\":\"_layout\"}}', '2014-09-23 16:12:55', '2014-09-23 16:12:55', '64a938e9-d731-4a6c-8427-15bd6ff7b044');
INSERT INTO `di_entryversions` (`id`, `entryId`, `sectionId`, `creatorId`, `locale`, `num`, `notes`, `data`, `dateCreated`, `dateUpdated`, `uid`) VALUES ('256', '2', '1', '1', 'en_gb', '14', '', '{\"typeId\":\"1\",\"authorId\":null,\"title\":\"Homepage\",\"slug\":\"homepage\",\"postDate\":1409830139,\"expiryDate\":null,\"enabled\":1,\"fields\":{\"2\":\"\",\"14\":\"<p>We believe Christian fellowship is divinely brought about by God for the purpose of displaying and advancing His Kingdom on earth, as Christians love one another and submit to the lordship of Christ, they show a picture of the heavenly realities that are to come.<\\/p>\",\"62\":[\"61\"],\"1\":\"\",\"35\":{\"107\":{\"type\":\"categoryIndex\",\"enabled\":\"1\",\"fields\":{\"sectionTitle\":\"\",\"sectionStyle\":\"divider\",\"entries\":[\"events\"],\"countryCategory\":\"\",\"locationCategory\":\"\",\"ministryCategory\":[\"42\"],\"personCategory\":\"\",\"productCategory\":\"\",\"roleCategory\":\"\"}}},\"65\":\"\",\"16\":\"\",\"17\":\"fill\",\"26\":\"\",\"85\":\"\",\"63\":\"9c243e\",\"23\":\"<p>Bringing hope, help and healing<br>to a hurting world<\\/p>\",\"29\":\"_layout\"}}', '2014-09-23 16:14:08', '2014-09-23 16:14:08', 'd685b17b-fac6-420d-850f-aff78d6d6b03');
INSERT INTO `di_entryversions` (`id`, `entryId`, `sectionId`, `creatorId`, `locale`, `num`, `notes`, `data`, `dateCreated`, `dateUpdated`, `uid`) VALUES ('257', '2', '1', '1', 'en_gb', '15', '', '{\"typeId\":\"1\",\"authorId\":null,\"title\":\"Homepage\",\"slug\":\"homepage\",\"postDate\":1409830139,\"expiryDate\":null,\"enabled\":1,\"fields\":{\"2\":\"\",\"14\":\"<p>We believe Christian fellowship is divinely brought about by God for the purpose of displaying and advancing His Kingdom on earth, as Christians love one another and submit to the lordship of Christ, they show a picture of the heavenly realities that are to come.<\\/p>\",\"62\":[\"61\"],\"1\":\"\",\"35\":{\"107\":{\"type\":\"categoryIndex\",\"enabled\":\"1\",\"fields\":{\"sectionTitle\":\"\",\"sectionStyle\":\"divider\",\"entries\":[\"events\"],\"countryCategory\":\"\",\"locationCategory\":\"\",\"ministryCategory\":[\"38\",\"41\",\"42\"],\"personCategory\":\"\",\"productCategory\":\"\",\"roleCategory\":\"\"}}},\"65\":\"\",\"16\":\"\",\"17\":\"fill\",\"26\":\"\",\"85\":\"\",\"63\":\"9c243e\",\"23\":\"<p>Bringing hope, help and healing<br>to a hurting world<\\/p>\",\"29\":\"_layout\"}}', '2014-09-23 16:15:53', '2014-09-23 16:15:53', '8358e09f-fc94-494c-837e-3c8221765ce1');
INSERT INTO `di_entryversions` (`id`, `entryId`, `sectionId`, `creatorId`, `locale`, `num`, `notes`, `data`, `dateCreated`, `dateUpdated`, `uid`) VALUES ('258', '2', '1', '1', 'en_gb', '16', '', '{\"typeId\":\"1\",\"authorId\":null,\"title\":\"Homepage\",\"slug\":\"homepage\",\"postDate\":1409830139,\"expiryDate\":null,\"enabled\":1,\"fields\":{\"2\":\"\",\"14\":\"<p>We believe Christian fellowship is divinely brought about by God for the purpose of displaying and advancing His Kingdom on earth, as Christians love one another and submit to the lordship of Christ, they show a picture of the heavenly realities that are to come.<\\/p>\",\"62\":[\"61\"],\"1\":\"\",\"35\":{\"107\":{\"type\":\"categoryIndex\",\"enabled\":\"1\",\"fields\":{\"sectionTitle\":\"Coming Events\",\"sectionStyle\":\"shade\",\"entries\":[\"events\"],\"countryCategory\":\"\",\"locationCategory\":\"\",\"ministryCategory\":[\"38\",\"41\",\"42\"],\"personCategory\":\"\",\"productCategory\":\"\",\"roleCategory\":\"\"}}},\"65\":\"\",\"16\":\"\",\"17\":\"fill\",\"26\":\"\",\"85\":\"\",\"63\":\"9c243e\",\"23\":\"<p>Bringing hope, help and healing<br>to a hurting world<\\/p>\",\"29\":\"_layout\"}}', '2014-09-23 16:16:16', '2014-09-23 16:16:16', 'b63a2794-2e8d-47bb-a364-9583b5ab400f');
INSERT INTO `di_entryversions` (`id`, `entryId`, `sectionId`, `creatorId`, `locale`, `num`, `notes`, `data`, `dateCreated`, `dateUpdated`, `uid`) VALUES ('259', '2', '1', '1', 'en_gb', '17', '', '{\"typeId\":\"1\",\"authorId\":null,\"title\":\"Homepage\",\"slug\":\"homepage\",\"postDate\":1409830139,\"expiryDate\":null,\"enabled\":1,\"fields\":{\"2\":\"\",\"14\":\"<p>We believe Christian fellowship is divinely brought about by God for the purpose of displaying and advancing His Kingdom on earth, as Christians love one another and submit to the lordship of Christ, they show a picture of the heavenly realities that are to come.<\\/p>\",\"62\":[\"61\"],\"1\":\"\",\"35\":{\"107\":{\"type\":\"categoryIndex\",\"enabled\":\"1\",\"fields\":{\"sectionTitle\":\"Coming Events\",\"sectionStyle\":\"shade\",\"entries\":[\"events\"],\"countryCategory\":\"\",\"locationCategory\":\"\",\"ministryCategory\":[\"38\",\"41\",\"42\"],\"personCategory\":\"\",\"productCategory\":\"\",\"roleCategory\":\"\"}}},\"65\":\"\",\"16\":\"\",\"17\":\"poster\",\"26\":\"\",\"85\":\"\",\"63\":\"9c243e\",\"23\":\"<p>Bringing hope, help and healing<br>to a hurting world<\\/p>\",\"29\":\"_layout\"}}', '2014-09-23 16:16:43', '2014-09-23 16:16:43', 'e44ef7ba-3337-4662-97a1-30eb219a52b7');
INSERT INTO `di_entryversions` (`id`, `entryId`, `sectionId`, `creatorId`, `locale`, `num`, `notes`, `data`, `dateCreated`, `dateUpdated`, `uid`) VALUES ('260', '2', '1', '1', 'en_gb', '18', '', '{\"typeId\":\"1\",\"authorId\":null,\"title\":\"Homepage\",\"slug\":\"homepage\",\"postDate\":1409830139,\"expiryDate\":null,\"enabled\":1,\"fields\":{\"2\":\"\",\"14\":\"<p>We believe Christian fellowship is divinely brought about by God for the purpose of displaying and advancing His Kingdom on earth, as Christians love one another and submit to the lordship of Christ, they show a picture of the heavenly realities that are to come.<\\/p>\",\"62\":[\"61\"],\"1\":\"\",\"35\":{\"107\":{\"type\":\"categoryIndex\",\"enabled\":\"1\",\"fields\":{\"sectionTitle\":\"Coming Events\",\"sectionStyle\":\"\",\"entries\":[\"events\"],\"countryCategory\":\"\",\"locationCategory\":\"\",\"ministryCategory\":[\"38\",\"41\",\"42\"],\"personCategory\":\"\",\"productCategory\":\"\",\"roleCategory\":\"\"}}},\"65\":\"\",\"16\":\"\",\"17\":\"poster\",\"26\":\"\",\"85\":\"\",\"63\":\"9c243e\",\"23\":\"<p>Bringing hope, help and healing<br>to a hurting world<\\/p>\",\"29\":\"_layout\"}}', '2014-09-23 16:17:15', '2014-09-23 16:17:15', '88d3a8c7-8984-4014-8086-99956e5d89d8');
INSERT INTO `di_entryversions` (`id`, `entryId`, `sectionId`, `creatorId`, `locale`, `num`, `notes`, `data`, `dateCreated`, `dateUpdated`, `uid`) VALUES ('261', '2', '1', '1', 'en_gb', '19', '', '{\"typeId\":\"1\",\"authorId\":null,\"title\":\"Homepage\",\"slug\":\"homepage\",\"postDate\":1409830139,\"expiryDate\":null,\"enabled\":1,\"fields\":{\"2\":\"\",\"14\":\"<p>We believe Christian fellowship is divinely brought about by God for the purpose of displaying and advancing His Kingdom on earth, as Christians love one another and submit to the lordship of Christ, they show a picture of the heavenly realities that are to come.<\\/p>\",\"62\":[\"61\"],\"1\":\"\",\"35\":{\"107\":{\"type\":\"categoryIndex\",\"enabled\":\"1\",\"fields\":{\"sectionTitle\":\"Coming Events\",\"sectionStyle\":\"\",\"entries\":[\"events\"],\"countryCategory\":\"\",\"locationCategory\":\"\",\"ministryCategory\":[\"38\",\"41\",\"42\"],\"personCategory\":\"\",\"productCategory\":\"\",\"roleCategory\":\"\"}}},\"65\":\"\",\"16\":\"\",\"17\":\"poster\",\"26\":\"\",\"85\":\"\",\"63\":\"9c243e\",\"23\":\"<p>Bringing hope, help and healing<br>to a hurting world<\\/p>\",\"29\":\"_layout\"}}', '2014-09-23 16:17:36', '2014-09-23 16:17:36', 'ae0caebb-b05c-4bd9-a582-bc38ae381b97');
INSERT INTO `di_entryversions` (`id`, `entryId`, `sectionId`, `creatorId`, `locale`, `num`, `notes`, `data`, `dateCreated`, `dateUpdated`, `uid`) VALUES ('262', '2', '1', '1', 'en_gb', '20', '', '{\"typeId\":\"1\",\"authorId\":null,\"title\":\"Homepage\",\"slug\":\"homepage\",\"postDate\":1409830139,\"expiryDate\":null,\"enabled\":1,\"fields\":{\"2\":\"\",\"14\":\"<p>We believe Christian fellowship is divinely brought about by God for the purpose of displaying and advancing His Kingdom on earth, as Christians love one another and submit to the lordship of Christ, they show a picture of the heavenly realities that are to come.<\\/p>\",\"62\":[\"61\"],\"1\":\"\",\"35\":{\"107\":{\"type\":\"categoryIndex\",\"enabled\":\"1\",\"fields\":{\"sectionTitle\":\"Coming Events\",\"sectionStyle\":\"\",\"entries\":[\"events\"],\"countryCategory\":\"\",\"locationCategory\":\"\",\"ministryCategory\":[\"38\",\"41\",\"42\"],\"personCategory\":\"\",\"productCategory\":\"\",\"roleCategory\":\"\"}}},\"65\":\"\",\"16\":\"\",\"17\":\"poster\",\"26\":\"\",\"85\":\"\",\"63\":\"9c243e\",\"23\":\"<p>Bringing hope, help and healing<br>to a hurting world<\\/p>\",\"29\":\"_layout\"}}', '2014-09-23 16:18:36', '2014-09-23 16:18:36', 'd7a794bf-3445-453b-b81d-0628e2864e46');
INSERT INTO `di_entryversions` (`id`, `entryId`, `sectionId`, `creatorId`, `locale`, `num`, `notes`, `data`, `dateCreated`, `dateUpdated`, `uid`) VALUES ('263', '2', '1', '1', 'en_gb', '21', '', '{\"typeId\":\"1\",\"authorId\":null,\"title\":\"Homepage\",\"slug\":\"homepage\",\"postDate\":1409830139,\"expiryDate\":null,\"enabled\":1,\"fields\":{\"2\":\"\",\"14\":\"<p>We believe Christian fellowship is divinely brought about by God for the purpose of displaying and advancing His Kingdom on earth, as Christians love one another and submit to the lordship of Christ, they show a picture of the heavenly realities that are to come.<\\/p>\",\"62\":[\"61\"],\"1\":\"\",\"35\":{\"107\":{\"type\":\"categoryIndex\",\"enabled\":\"1\",\"fields\":{\"sectionTitle\":\"Coming Events\",\"sectionStyle\":\"tint\",\"entries\":[\"events\"],\"countryCategory\":\"\",\"locationCategory\":\"\",\"ministryCategory\":[\"38\",\"41\",\"42\"],\"personCategory\":\"\",\"productCategory\":\"\",\"roleCategory\":\"\"}}},\"65\":\"\",\"16\":\"\",\"17\":\"poster\",\"26\":\"\",\"85\":\"\",\"63\":\"9c243e\",\"23\":\"<p>Bringing hope, help and healing<br>to a hurting world<\\/p>\",\"29\":\"_layout\"}}', '2014-09-23 16:18:48', '2014-09-23 16:18:48', '5bf82f7c-c5bd-4ade-bef7-7240d53ad47f');
INSERT INTO `di_entryversions` (`id`, `entryId`, `sectionId`, `creatorId`, `locale`, `num`, `notes`, `data`, `dateCreated`, `dateUpdated`, `uid`) VALUES ('264', '2', '1', '1', 'en_gb', '22', '', '{\"typeId\":\"1\",\"authorId\":null,\"title\":\"Homepage\",\"slug\":\"homepage\",\"postDate\":1409830139,\"expiryDate\":null,\"enabled\":1,\"fields\":{\"2\":\"\",\"14\":\"<p>We believe Christian fellowship is divinely brought about by God for the purpose of displaying and advancing His Kingdom on earth, as Christians love one another and submit to the lordship of Christ, they show a picture of the heavenly realities that are to come.<\\/p>\",\"62\":[\"61\"],\"1\":\"\",\"35\":{\"107\":{\"type\":\"categoryIndex\",\"enabled\":\"1\",\"fields\":{\"sectionTitle\":\"Coming Events\",\"sectionStyle\":\"shade\",\"entries\":[\"events\"],\"countryCategory\":\"\",\"locationCategory\":\"\",\"ministryCategory\":[\"38\",\"41\",\"42\"],\"personCategory\":\"\",\"productCategory\":\"\",\"roleCategory\":\"\"}}},\"65\":\"\",\"16\":\"\",\"17\":\"poster\",\"26\":\"\",\"85\":\"\",\"63\":\"9c243e\",\"23\":\"<p>Bringing hope, help and healing<br>to a hurting world<\\/p>\",\"29\":\"_layout\"}}', '2014-09-23 16:19:04', '2014-09-23 16:19:04', '7ad99f25-a53f-41cc-83c1-e855ff400e13');
INSERT INTO `di_entryversions` (`id`, `entryId`, `sectionId`, `creatorId`, `locale`, `num`, `notes`, `data`, `dateCreated`, `dateUpdated`, `uid`) VALUES ('270', '2', '1', '1', 'en_gb', '23', '', '{\"typeId\":\"1\",\"authorId\":null,\"title\":\"Homepage\",\"slug\":\"homepage\",\"postDate\":1409830139,\"expiryDate\":null,\"enabled\":1,\"fields\":{\"2\":\"\",\"14\":\"<p>We believe Christian fellowship is divinely brought about by God for the purpose of displaying and advancing His Kingdom on earth, as Christians love one another and submit to the lordship of Christ, they show a picture of the heavenly realities that are to come.<\\/p>\",\"62\":[\"61\"],\"1\":\"\",\"35\":{\"107\":{\"type\":\"categoryIndex\",\"enabled\":\"1\",\"fields\":{\"sectionTitle\":\"Coming Events\",\"sectionStyle\":\"shade\",\"entries\":[\"events\"],\"countryCategory\":\"\",\"locationCategory\":\"\",\"ministryCategory\":[\"38\",\"41\",\"42\"],\"personCategory\":\"\",\"productCategory\":\"\",\"roleCategory\":\"\"}}},\"65\":\"\",\"16\":\"\",\"17\":\"background\",\"26\":\"\",\"85\":\"\",\"63\":\"9c243e\",\"23\":\"<p>Bringing hope, help and healing<br>to a hurting world<\\/p>\",\"29\":\"_layout\"}}', '2014-09-24 08:34:39', '2014-09-24 08:34:39', 'c0d2d147-4c52-47ae-a92a-e196e4fdddab');
INSERT INTO `di_entryversions` (`id`, `entryId`, `sectionId`, `creatorId`, `locale`, `num`, `notes`, `data`, `dateCreated`, `dateUpdated`, `uid`) VALUES ('271', '2', '1', '1', 'en_gb', '24', '', '{\"typeId\":\"1\",\"authorId\":null,\"title\":\"Homepage\",\"slug\":\"homepage\",\"postDate\":1409830139,\"expiryDate\":null,\"enabled\":1,\"fields\":{\"2\":\"\",\"14\":\"<p>We believe Christian fellowship is divinely brought about by God for the purpose of displaying and advancing His Kingdom on earth, as Christians love one another and submit to the lordship of Christ, they show a picture of the heavenly realities that are to come.<\\/p>\",\"62\":[\"61\"],\"1\":\"\",\"35\":{\"107\":{\"type\":\"categoryIndex\",\"enabled\":\"1\",\"fields\":{\"sectionTitle\":\"Coming Events\",\"sectionStyle\":\"shade\",\"entries\":[\"events\"],\"countryCategory\":\"\",\"locationCategory\":\"\",\"ministryCategory\":[\"38\",\"41\",\"42\"],\"personCategory\":\"\",\"productCategory\":\"\",\"roleCategory\":\"\"}}},\"65\":\"\",\"16\":\"\",\"17\":\"fill\",\"26\":\"\",\"85\":\"\",\"63\":\"9c243e\",\"23\":\"<p>Bringing hope, help and healing<br>to a hurting world<\\/p>\",\"29\":\"_layout\"}}', '2014-09-24 08:35:02', '2014-09-24 08:35:02', '8ff854ff-8400-4fcf-93ff-d983d243d0bf');
INSERT INTO `di_entryversions` (`id`, `entryId`, `sectionId`, `creatorId`, `locale`, `num`, `notes`, `data`, `dateCreated`, `dateUpdated`, `uid`) VALUES ('299', '29', '7', '1', 'en_gb', '20', '', '{\"typeId\":\"7\",\"authorId\":\"1\",\"title\":\"Church\",\"slug\":\"church\",\"postDate\":1410771900,\"expiryDate\":null,\"enabled\":1,\"fields\":{\"2\":\"\",\"14\":\"\",\"15\":\"\",\"62\":[\"60\"],\"1\":\"Grace Community Church\",\"35\":\"\",\"28\":\"\",\"16\":\"\",\"17\":\"fill\",\"26\":\"\",\"32\":\"\",\"34\":\"\",\"85\":\"\",\"63\":\"84A902\",\"53\":\"\",\"64\":\"\",\"33\":\"\",\"23\":\"\",\"3\":\"\",\"29\":\"_layout-church\"}}', '2014-09-25 12:34:10', '2014-09-25 12:34:10', '25a71be9-a010-4d5f-92c3-9d1bd420e76c');
INSERT INTO `di_entryversions` (`id`, `entryId`, `sectionId`, `creatorId`, `locale`, `num`, `notes`, `data`, `dateCreated`, `dateUpdated`, `uid`) VALUES ('300', '3', '2', '1', 'en_gb', '3', '', '{\"typeId\":\"2\",\"authorId\":\"1\",\"title\":\"We just installed Craft!\",\"slug\":\"we-just-installed-craft\",\"postDate\":1409830080,\"expiryDate\":null,\"enabled\":1,\"fields\":{\"2\":\"\",\"14\":\"<p>Kaleta and Thomas grow maize, beans, cassava and potatoes on their farm land. Receiving a joint land certificate has given them security and peace of mind. Thomas tells us \\\"By having the cert, I know the land is ours and I am free from worry for the future.\\\" Now they own the land, cultivate and provide food for their children.<\\/p>\",\"15\":\"\",\"62\":\"\",\"1\":\"\",\"35\":\"\",\"28\":\"\",\"16\":[\"21\"],\"17\":\"photo\",\"32\":\"\",\"34\":\"\",\"85\":\"\",\"63\":\"none\",\"23\":\"\",\"3\":\"\",\"29\":\"_layout\"}}', '2014-09-25 12:39:55', '2014-09-25 12:39:55', '127b245c-0934-4921-8b69-a96bbac34696');
INSERT INTO `di_entryversions` (`id`, `entryId`, `sectionId`, `creatorId`, `locale`, `num`, `notes`, `data`, `dateCreated`, `dateUpdated`, `uid`) VALUES ('301', '22', '5', '1', 'en_gb', '8', '', '{\"typeId\":\"5\",\"authorId\":null,\"title\":\"Contact\",\"slug\":\"contact\",\"postDate\":1410181610,\"expiryDate\":null,\"enabled\":1,\"fields\":{\"14\":\"\",\"62\":[\"61\"],\"1\":\"Contact\",\"16\":\"\",\"17\":\"none\",\"63\":\"primary\",\"23\":\"<p>Drop Inn Ministries, 171 Dobbin Rd,<br>Richhill\\r\\nCounty Armagh, UK, BT61 9LW<\\/p>\",\"29\":\"_layout\"}}', '2014-09-29 14:19:25', '2014-09-29 14:19:25', 'd39d234f-c730-4e14-9b3b-d741f9caf7e2');
INSERT INTO `di_entryversions` (`id`, `entryId`, `sectionId`, `creatorId`, `locale`, `num`, `notes`, `data`, `dateCreated`, `dateUpdated`, `uid`) VALUES ('302', '22', '5', '1', 'en_gb', '9', '', '{\"typeId\":\"5\",\"authorId\":null,\"title\":\"Contact\",\"slug\":\"contact\",\"postDate\":1410181610,\"expiryDate\":null,\"enabled\":1,\"fields\":{\"14\":\"\",\"62\":[\"61\"],\"1\":\"Contact\",\"16\":\"\",\"17\":\"poster\",\"63\":\"primary\",\"23\":\"<p>Drop Inn Ministries, 171 Dobbin Rd,<br>Richhill\\r\\nCounty Armagh, UK, BT61 9LW<\\/p>\",\"29\":\"_layout\"}}', '2014-09-29 14:19:46', '2014-09-29 14:19:46', 'd29b915b-ee47-462f-a6fa-6df5a38af062');
INSERT INTO `di_entryversions` (`id`, `entryId`, `sectionId`, `creatorId`, `locale`, `num`, `notes`, `data`, `dateCreated`, `dateUpdated`, `uid`) VALUES ('303', '22', '5', '1', 'en_gb', '10', '', '{\"typeId\":\"5\",\"authorId\":null,\"title\":\"Contact\",\"slug\":\"contact\",\"postDate\":1410181610,\"expiryDate\":null,\"enabled\":1,\"fields\":{\"14\":\"\",\"62\":[\"61\"],\"1\":\"Contact\",\"16\":\"\",\"17\":\"poster\",\"63\":\"secondary\",\"23\":\"<p>Drop Inn Ministries, 171 Dobbin Rd,<br>Richhill\\r\\nCounty Armagh, UK, BT61 9LW<\\/p>\",\"29\":\"_layout\"}}', '2014-09-29 14:19:56', '2014-09-29 14:19:56', '8b88e720-1f6c-460a-aa37-c7d11dfeabeb');
INSERT INTO `di_entryversions` (`id`, `entryId`, `sectionId`, `creatorId`, `locale`, `num`, `notes`, `data`, `dateCreated`, `dateUpdated`, `uid`) VALUES ('304', '112', '2', '1', 'en_gb', '1', NULL, '{\"typeId\":\"2\",\"authorId\":\"1\",\"title\":\"Hello\",\"slug\":\"hello\",\"postDate\":1412003370,\"expiryDate\":null,\"enabled\":1,\"fields\":{\"16\":[\"28\"]}}', '2014-09-29 15:09:31', '2014-09-29 15:09:31', 'bec43e53-49ac-42ee-98e4-005c96fe5faf');
INSERT INTO `di_entryversions` (`id`, `entryId`, `sectionId`, `creatorId`, `locale`, `num`, `notes`, `data`, `dateCreated`, `dateUpdated`, `uid`) VALUES ('305', '2', '1', '1', 'en_gb', '25', '', '{\"typeId\":\"1\",\"authorId\":null,\"title\":\"Homepage\",\"slug\":\"homepage\",\"postDate\":1409830139,\"expiryDate\":null,\"enabled\":1,\"fields\":{\"2\":\"\",\"14\":\"<p>We believe Christian fellowship is divinely brought about by God for the purpose of displaying and advancing His Kingdom on earth, as Christians love one another and submit to the lordship of Christ, they show a picture of the heavenly realities that are to come.<\\/p>\",\"62\":[\"61\"],\"1\":\"\",\"16\":\"\",\"17\":\"fill\",\"26\":\"\",\"85\":\"\",\"63\":\"none\",\"23\":\"<p>Bringing hope, help and healing<br>to a hurting world<\\/p>\",\"29\":\"_layout-church\"}}', '2014-09-29 15:49:39', '2014-09-29 15:49:39', '0fd7a244-6eff-4b20-b957-ce80faee0278');
INSERT INTO `di_entryversions` (`id`, `entryId`, `sectionId`, `creatorId`, `locale`, `num`, `notes`, `data`, `dateCreated`, `dateUpdated`, `uid`) VALUES ('306', '2', '1', '1', 'en_gb', '26', '', '{\"typeId\":\"1\",\"authorId\":null,\"title\":\"Homepage\",\"slug\":\"homepage\",\"postDate\":1409830139,\"expiryDate\":null,\"enabled\":1,\"fields\":{\"2\":\"\",\"14\":\"<p>We believe Christian fellowship is divinely brought about by God for the purpose of displaying and advancing His Kingdom on earth, as Christians love one another and submit to the lordship of Christ, they show a picture of the heavenly realities that are to come.<\\/p>\",\"62\":[\"61\"],\"1\":\"\",\"16\":\"\",\"17\":\"fill\",\"26\":\"\",\"85\":\"\",\"63\":\"secondary\",\"23\":\"<p>Bringing hope, help and healing<br>to a hurting world<\\/p>\",\"29\":\"_layout-church\"}}', '2014-09-29 15:52:00', '2014-09-29 15:52:00', '3042927f-34c2-47a9-8810-1cd7bd4fbc30');
INSERT INTO `di_entryversions` (`id`, `entryId`, `sectionId`, `creatorId`, `locale`, `num`, `notes`, `data`, `dateCreated`, `dateUpdated`, `uid`) VALUES ('307', '2', '1', '1', 'en_gb', '27', '', '{\"typeId\":\"1\",\"authorId\":null,\"title\":\"Homepage\",\"slug\":\"homepage\",\"postDate\":1409830139,\"expiryDate\":null,\"enabled\":1,\"fields\":{\"2\":\"\",\"14\":\"<p>We believe Christian fellowship is divinely brought about by God for the purpose of displaying and advancing His Kingdom on earth, as Christians love one another and submit to the lordship of Christ, they show a picture of the heavenly realities that are to come.<\\/p>\",\"62\":[\"60\"],\"1\":\"\",\"16\":\"\",\"17\":\"fill\",\"26\":\"\",\"85\":\"\",\"63\":\"secondary\",\"23\":\"<p>Bringing hope, help and healing<br>to a hurting world<\\/p>\",\"29\":\"_layout-church\"}}', '2014-09-29 15:56:45', '2014-09-29 15:56:45', '822bd6a5-ffe3-4751-8f5f-ae0bb8519248');
INSERT INTO `di_entryversions` (`id`, `entryId`, `sectionId`, `creatorId`, `locale`, `num`, `notes`, `data`, `dateCreated`, `dateUpdated`, `uid`) VALUES ('308', '2', '1', '1', 'en_gb', '28', '', '{\"typeId\":\"1\",\"authorId\":null,\"title\":\"Homepage\",\"slug\":\"homepage\",\"postDate\":1409830139,\"expiryDate\":null,\"enabled\":1,\"fields\":{\"2\":\"\",\"14\":\"<p>We believe Christian fellowship is divinely brought about by God for the purpose of displaying and advancing His Kingdom on earth, as Christians love one another and submit to the lordship of Christ, they show a picture of the heavenly realities that are to come.<\\/p>\",\"62\":[\"60\"],\"1\":\"Grace Community Church\",\"16\":\"\",\"17\":\"fill\",\"26\":\"\",\"85\":\"\",\"63\":\"secondary\",\"23\":\"<p>Bringing hope, help and healing<br>to a hurting world<\\/p>\",\"29\":\"_layout-church\"}}', '2014-09-29 15:56:56', '2014-09-29 15:56:56', '80520f15-4c1f-421d-8d6c-1c7a59eab1b7');
INSERT INTO `di_entryversions` (`id`, `entryId`, `sectionId`, `creatorId`, `locale`, `num`, `notes`, `data`, `dateCreated`, `dateUpdated`, `uid`) VALUES ('309', '2', '1', '1', 'en_gb', '29', '', '{\"typeId\":\"1\",\"authorId\":null,\"title\":\"Homepage\",\"slug\":\"homepage\",\"postDate\":1409830139,\"expiryDate\":null,\"enabled\":1,\"fields\":{\"2\":\"\",\"14\":\"<p>We believe Christian fellowship is divinely brought about by God for the purpose of displaying and advancing His Kingdom on earth, as Christians love one another and submit to the lordship of Christ, they show a picture of the heavenly realities that are to come.<\\/p>\",\"62\":[\"60\"],\"1\":\"Grace Community Church\",\"35\":\"\",\"65\":\"\",\"16\":\"\",\"17\":\"fill\",\"26\":\"\",\"85\":\"\",\"63\":\"secondary\",\"23\":\"<p>Bringing hope, help and healing<br>to a hurting world<\\/p>\",\"29\":\"_layout-church\"}}', '2014-09-29 15:57:41', '2014-09-29 15:57:41', '02b5736c-31ff-4ac7-b237-d5dcb8118297');
INSERT INTO `di_entryversions` (`id`, `entryId`, `sectionId`, `creatorId`, `locale`, `num`, `notes`, `data`, `dateCreated`, `dateUpdated`, `uid`) VALUES ('310', '2', '1', '1', 'en_gb', '30', '', '{\"typeId\":\"1\",\"authorId\":null,\"title\":\"Homepage\",\"slug\":\"homepage\",\"postDate\":1409830139,\"expiryDate\":null,\"enabled\":1,\"fields\":{\"2\":\"\",\"14\":\"<p>We believe Christian fellowship is divinely brought about by God for the purpose of displaying and advancing His Kingdom on earth, as Christians love one another and submit to the lordship of Christ, they show a picture of the heavenly realities that are to come.<\\/p>\",\"62\":[\"60\"],\"1\":\"Grace Community Church\",\"35\":\"\",\"65\":\"\",\"16\":\"\",\"17\":\"fill\",\"26\":\"\",\"85\":\"\",\"63\":\"secondary\",\"23\":\"<p>Bringing hope, help and healing<br>to a hurting world<\\/p>\",\"29\":\"_layout-tinhouse\"}}', '2014-09-29 16:05:27', '2014-09-29 16:05:27', '4913abc8-5529-473d-a8c2-9621001de8d0');
INSERT INTO `di_entryversions` (`id`, `entryId`, `sectionId`, `creatorId`, `locale`, `num`, `notes`, `data`, `dateCreated`, `dateUpdated`, `uid`) VALUES ('311', '2', '1', '1', 'en_gb', '31', '', '{\"typeId\":\"1\",\"authorId\":null,\"title\":\"Homepage\",\"slug\":\"homepage\",\"postDate\":1409830139,\"expiryDate\":null,\"enabled\":1,\"fields\":{\"2\":\"\",\"14\":\"<p>We believe Christian fellowship is divinely brought about by God for the purpose of displaying and advancing His Kingdom on earth, as Christians love one another and submit to the lordship of Christ, they show a picture of the heavenly realities that are to come.<\\/p>\",\"62\":[\"60\"],\"1\":\"Grace Community Church\",\"35\":\"\",\"65\":\"\",\"16\":\"\",\"17\":\"fill\",\"26\":\"\",\"85\":\"\",\"63\":\"secondary\",\"23\":\"<p>Bringing hope, help and healing<br>to a hurting world<\\/p>\",\"29\":\"_layout\"}}', '2014-09-29 16:05:41', '2014-09-29 16:05:41', '8b6a59d6-e842-422e-8b04-37224e764031');
INSERT INTO `di_entryversions` (`id`, `entryId`, `sectionId`, `creatorId`, `locale`, `num`, `notes`, `data`, `dateCreated`, `dateUpdated`, `uid`) VALUES ('312', '2', '1', '1', 'en_gb', '32', '', '{\"typeId\":\"1\",\"authorId\":null,\"title\":\"Homepage\",\"slug\":\"homepage\",\"postDate\":1409830139,\"expiryDate\":null,\"enabled\":1,\"fields\":{\"2\":\"\",\"14\":\"<p>We believe Christian fellowship is divinely brought about by God for the purpose of displaying and advancing His Kingdom on earth, as Christians love one another and submit to the lordship of Christ, they show a picture of the heavenly realities that are to come.<\\/p>\",\"62\":[\"61\"],\"1\":\"Drop Inn Ministries\",\"35\":\"\",\"65\":\"\",\"16\":\"\",\"17\":\"fill\",\"26\":\"\",\"85\":\"\",\"63\":\"secondary\",\"23\":\"<p>Bringing hope, help and healing<br>to a hurting world<\\/p>\",\"29\":\"_layout\"}}', '2014-09-29 16:08:36', '2014-09-29 16:08:36', '6c2c642b-d255-41d1-a699-244ceaafa2f2');
INSERT INTO `di_entryversions` (`id`, `entryId`, `sectionId`, `creatorId`, `locale`, `num`, `notes`, `data`, `dateCreated`, `dateUpdated`, `uid`) VALUES ('313', '2', '1', '1', 'en_gb', '33', '', '{\"typeId\":\"1\",\"authorId\":null,\"title\":\"Homepage\",\"slug\":\"homepage\",\"postDate\":1409830139,\"expiryDate\":null,\"enabled\":1,\"fields\":{\"2\":\"\",\"14\":\"<p>We believe Christian fellowship is divinely brought about by God for the purpose of displaying and advancing His Kingdom on earth, as Christians love one another and submit to the lordship of Christ, they show a picture of the heavenly realities that are to come.<\\/p>\",\"62\":[\"61\"],\"1\":\"Drop Inn Ministries\",\"35\":\"\",\"65\":\"\",\"16\":\"\",\"17\":\"fill\",\"26\":\"\",\"85\":\"\",\"63\":\"secondary\",\"23\":\"<p>Bringing hope, help and healing<br>to a hurting world<\\/p>\",\"29\":\"_layout\"}}', '2014-09-29 16:08:54', '2014-09-29 16:08:54', 'e46eaaa3-0689-4b25-9d01-290c621c1da5');
INSERT INTO `di_entryversions` (`id`, `entryId`, `sectionId`, `creatorId`, `locale`, `num`, `notes`, `data`, `dateCreated`, `dateUpdated`, `uid`) VALUES ('314', '2', '1', '1', 'en_gb', '34', '', '{\"typeId\":\"1\",\"authorId\":null,\"title\":\"Homepage\",\"slug\":\"homepage\",\"postDate\":1409830139,\"expiryDate\":null,\"enabled\":1,\"fields\":{\"2\":\"\",\"14\":\"<p>We believe Christian fellowship is divinely brought about by God for the purpose of displaying and advancing His Kingdom on earth, as Christians love one another and submit to the lordship of Christ, they show a picture of the heavenly realities that are to come.<\\/p>\",\"62\":[\"61\"],\"1\":\"Drop Inn Ministries\",\"35\":\"\",\"65\":\"\",\"16\":[\"25\"],\"17\":\"fill\",\"26\":\"\",\"85\":\"\",\"63\":\"secondary\",\"23\":\"<p>Bringing hope, help and healing<br>to a hurting world<\\/p>\",\"29\":\"_layout\"}}', '2014-09-29 16:10:10', '2014-09-29 16:10:10', 'b5aa9238-a935-4e28-bba9-7f3346a5b4c4');
INSERT INTO `di_entryversions` (`id`, `entryId`, `sectionId`, `creatorId`, `locale`, `num`, `notes`, `data`, `dateCreated`, `dateUpdated`, `uid`) VALUES ('315', '3', '2', '1', 'en_gb', '4', '', '{\"typeId\":\"2\",\"authorId\":\"1\",\"title\":\"We just installed Craft!\",\"slug\":\"we-just-installed-craft\",\"postDate\":1409830080,\"expiryDate\":null,\"enabled\":1,\"fields\":{\"2\":\"\",\"14\":\"<p>Kaleta and Thomas grow maize, beans, cassava and potatoes on their farm land. Receiving a joint land certificate has given them security and peace of mind. Thomas tells us \\\"By having the cert, I know the land is ours and I am free from worry for the future.\\\" Now they own the land, cultivate and provide food for their children.<\\/p>\",\"62\":\"\",\"1\":\"\",\"35\":\"\",\"28\":\"\",\"16\":[\"21\"],\"17\":\"fill\",\"85\":\"\",\"63\":\"none\",\"64\":\"\",\"23\":\"\",\"3\":\"\",\"29\":\"_layout\"}}', '2014-09-29 16:14:12', '2014-09-29 16:14:12', '423eee9d-c819-48b1-96c8-8916dab9ae7f');
INSERT INTO `di_entryversions` (`id`, `entryId`, `sectionId`, `creatorId`, `locale`, `num`, `notes`, `data`, `dateCreated`, `dateUpdated`, `uid`) VALUES ('316', '3', '2', '1', 'en_gb', '5', '', '{\"typeId\":\"2\",\"authorId\":\"1\",\"title\":\"We just installed Craft!\",\"slug\":\"we-just-installed-craft\",\"postDate\":1409830080,\"expiryDate\":null,\"enabled\":1,\"fields\":{\"2\":\"\",\"14\":\"<p>Kaleta and Thomas grow maize, beans, cassava and potatoes on their farm land. Receiving a joint land certificate has given them security and peace of mind. Thomas tells us \\\"By having the cert, I know the land is ours and I am free from worry for the future.\\\" Now they own the land, cultivate and provide food for their children.<\\/p>\",\"62\":\"\",\"1\":\"\",\"35\":\"\",\"28\":\"\",\"16\":[\"21\"],\"17\":\"poster\",\"85\":\"\",\"63\":\"none\",\"64\":\"\",\"23\":\"\",\"3\":\"\",\"29\":\"_layout\"}}', '2014-09-29 16:14:26', '2014-09-29 16:14:26', '4dc328ff-f4b1-4567-a510-e8799cc3b5c5');
INSERT INTO `di_entryversions` (`id`, `entryId`, `sectionId`, `creatorId`, `locale`, `num`, `notes`, `data`, `dateCreated`, `dateUpdated`, `uid`) VALUES ('317', '113', '8', '1', 'en_gb', '1', '', '{\"typeId\":null,\"authorId\":\"1\",\"title\":\"Major event happening\",\"slug\":\"major-event-happening\",\"postDate\":1412064000,\"expiryDate\":null,\"enabled\":1,\"fields\":{\"47\":\"\",\"2\":\"\",\"14\":\"\",\"62\":\"\",\"31\":{\"date\":\"30\\/10\\/2014\",\"time\":\"22:00\"},\"1\":\"There\'s a major event happening soon\",\"28\":\"\",\"16\":\"\",\"17\":\"poster\",\"26\":\"\",\"63\":\"none\",\"30\":{\"date\":\"30\\/10\\/2014\",\"time\":\"18:00\"},\"23\":\"\",\"3\":\"\",\"29\":\"_layout\"}}', '2014-09-30 07:25:18', '2014-09-30 07:25:18', '7d122a0d-765a-43e3-a065-eac6a1d85a8e');
INSERT INTO `di_entryversions` (`id`, `entryId`, `sectionId`, `creatorId`, `locale`, `num`, `notes`, `data`, `dateCreated`, `dateUpdated`, `uid`) VALUES ('318', '113', '8', '1', 'en_gb', '2', '', '{\"typeId\":\"8\",\"authorId\":\"1\",\"title\":\"Major event happening\",\"slug\":\"major-event-happening\",\"postDate\":1412064000,\"expiryDate\":null,\"enabled\":1,\"fields\":{\"47\":\"\",\"2\":\"\",\"14\":\"\",\"62\":\"\",\"31\":{\"date\":\"30\\/10\\/2014\",\"time\":\"22:00\"},\"1\":\"There\'s a major event happening soon\",\"28\":\"\",\"16\":\"\",\"17\":\"poster\",\"26\":\"\",\"63\":\"none\",\"30\":{\"date\":\"30\\/10\\/2014\",\"time\":\"18:00\"},\"23\":\"\",\"3\":\"\",\"29\":\"_layout\"}}', '2014-09-30 07:25:55', '2014-09-30 07:25:55', 'f0ebe401-e59d-4625-a1c7-0439dc3aa873');
INSERT INTO `di_entryversions` (`id`, `entryId`, `sectionId`, `creatorId`, `locale`, `num`, `notes`, `data`, `dateCreated`, `dateUpdated`, `uid`) VALUES ('319', '113', '8', '1', 'en_gb', '3', '', '{\"typeId\":\"8\",\"authorId\":\"1\",\"title\":\"Major event happening\",\"slug\":\"major-event-happening\",\"postDate\":1412064000,\"expiryDate\":null,\"enabled\":1,\"fields\":{\"47\":\"\",\"2\":\"\",\"14\":\"\",\"62\":\"\",\"31\":{\"date\":\"30\\/10\\/2014\",\"time\":\"22:00\"},\"1\":\"There\'s a major event happening soon\",\"28\":\"\",\"16\":\"\",\"17\":\"poster\",\"26\":\"\",\"63\":\"none\",\"30\":{\"date\":\"30\\/10\\/2014\",\"time\":\"18:00\"},\"23\":\"<p>This is a subheading<\\/p>\",\"3\":\"\",\"29\":\"_layout\"}}', '2014-09-30 07:26:03', '2014-09-30 07:26:03', 'c6d9726a-6e40-460b-901b-ac977e489988');
INSERT INTO `di_entryversions` (`id`, `entryId`, `sectionId`, `creatorId`, `locale`, `num`, `notes`, `data`, `dateCreated`, `dateUpdated`, `uid`) VALUES ('320', '113', '8', '1', 'en_gb', '4', '', '{\"typeId\":\"8\",\"authorId\":\"1\",\"title\":\"Major event happening\",\"slug\":\"major-event-happening\",\"postDate\":1412064000,\"expiryDate\":null,\"enabled\":1,\"fields\":{\"47\":\"\",\"2\":\"\",\"14\":\"\",\"62\":\"\",\"31\":{\"date\":\"30\\/10\\/2014\",\"time\":\"22:00\"},\"1\":\"There\'s a major event happening soon\",\"28\":\"\",\"16\":\"\",\"17\":\"poster\",\"26\":\"\",\"63\":\"none\",\"30\":{\"date\":\"30\\/10\\/2014\",\"time\":\"18:00\"},\"23\":\"<p>This is a subheading<\\/p>\",\"3\":\"\",\"29\":\"_layout\"}}', '2014-09-30 07:26:46', '2014-09-30 07:26:46', '3b5843f8-0974-4b41-bc71-0dea117a0632');
INSERT INTO `di_entryversions` (`id`, `entryId`, `sectionId`, `creatorId`, `locale`, `num`, `notes`, `data`, `dateCreated`, `dateUpdated`, `uid`) VALUES ('321', '113', '8', '1', 'en_gb', '5', '', '{\"typeId\":\"8\",\"authorId\":\"1\",\"title\":\"Major event happening\",\"slug\":\"major-event-happening\",\"postDate\":1412064000,\"expiryDate\":1419984000,\"enabled\":1,\"fields\":{\"47\":\"\",\"2\":\"\",\"14\":\"\",\"62\":\"\",\"31\":{\"date\":\"30\\/10\\/2014\",\"time\":\"22:00\"},\"1\":\"There\'s a major event happening soon\",\"28\":\"\",\"16\":\"\",\"17\":\"poster\",\"26\":\"\",\"63\":\"none\",\"30\":{\"date\":\"30\\/10\\/2014\",\"time\":\"18:00\"},\"23\":\"<p>This is a subheading<\\/p>\",\"3\":\"\",\"29\":\"_layout\"}}', '2014-09-30 07:27:48', '2014-09-30 07:27:48', '3d77d3ea-d2b9-461a-a73f-d900c98c119e');
INSERT INTO `di_entryversions` (`id`, `entryId`, `sectionId`, `creatorId`, `locale`, `num`, `notes`, `data`, `dateCreated`, `dateUpdated`, `uid`) VALUES ('322', '113', '8', '1', 'en_gb', '6', '', '{\"typeId\":\"8\",\"authorId\":\"1\",\"title\":\"Major event happening\",\"slug\":\"major-event-happening\",\"postDate\":1412064000,\"expiryDate\":1419984000,\"enabled\":1,\"fields\":{\"47\":\"\",\"2\":\"\",\"14\":\"<p>Rutabaga has many national and regional names. Rutabaga is the common <a href=\\\"http:\\/\\/en.wikipedia.org\\/wiki\\/American_English\\\" style=\\\"font-family: Arial, Helvetica, Verdana, Tahoma, sans-serif; font-size: 14px; background-color: initial;\\\">American<\\/a> and <a href=\\\"http:\\/\\/en.wikipedia.org\\/wiki\\/Canadian_English\\\" style=\\\"font-family: Arial, Helvetica, Verdana, Tahoma, sans-serif; font-size: 14px; background-color: initial;\\\">Canadian<\\/a> term for the plant. This comes from the old Swedish word <em style=\\\"font-family: Arial, Helvetica, Verdana, Tahoma, sans-serif; background-color: initial;\\\">Rotabagge<\\/em>, meaning simply \\\"ram root\\\". In the U.S., the plant is also known as Swedish turnip or yellow turnip. The term swede is used instead of rutabaga in many<a href=\\\"http:\\/\\/en.wikipedia.org\\/wiki\\/Commonwealth_Nations\\\" style=\\\"font-family: Arial, Helvetica, Verdana, Tahoma, sans-serif; font-size: 14px; background-color: initial;\\\">Commonwealth Nations<\\/a>, including much of <a href=\\\"http:\\/\\/en.wikipedia.org\\/wiki\\/England\\\" style=\\\"font-family: Arial, Helvetica, Verdana, Tahoma, sans-serif; font-size: 14px; background-color: initial;\\\">England<\\/a>, <a href=\\\"http:\\/\\/en.wikipedia.org\\/wiki\\/Wales\\\" style=\\\"font-family: Arial, Helvetica, Verdana, Tahoma, sans-serif; font-size: 14px; background-color: initial;\\\">Wales<\\/a>, <a href=\\\"http:\\/\\/en.wikipedia.org\\/wiki\\/Australia\\\" style=\\\"font-family: Arial, Helvetica, Verdana, Tahoma, sans-serif; font-size: 14px; background-color: initial;\\\">Australia<\\/a>, and <a href=\\\"http:\\/\\/en.wikipedia.org\\/wiki\\/New_Zealand\\\" style=\\\"font-family: Arial, Helvetica, Verdana, Tahoma, sans-serif; font-size: 14px; background-color: initial;\\\">New Zealand<\\/a>. The name turnip is also used in parts of Northern and Midland England, the <a href=\\\"http:\\/\\/en.wikipedia.org\\/wiki\\/Westcountry\\\" style=\\\"font-family: Arial, Helvetica, Verdana, Tahoma, sans-serif; font-size: 14px; background-color: initial;\\\">Westcountry<\\/a> (particularly Cornwall), Ireland, Manitoba, Ontario and Atlantic Canada. In Scotland, it is known as turnip, and in Scots as tumshie or neep (from <a href=\\\"http:\\/\\/en.wikipedia.org\\/wiki\\/Old_English_language\\\" style=\\\"font-family: Arial, Helvetica, Verdana, Tahoma, sans-serif; font-size: 14px; background-color: initial;\\\">Old English<\\/a> <em style=\\\"font-family: Arial, Helvetica, Verdana, Tahoma, sans-serif; background-color: initial;\\\">n\\u00e6p<\\/em>, Latin <em style=\\\"font-family: Arial, Helvetica, Verdana, Tahoma, sans-serif; background-color: initial;\\\">napus<\\/em>).<sup style=\\\"font-family: Arial, Helvetica, Verdana, Tahoma, sans-serif; background-color: initial;\\\"><a href=\\\"http:\\/\\/en.wikipedia.org\\/wiki\\/Rutabaga#cite_note-CSD-2\\\">[2]<\\/a><\\/sup> Some areas of south east Scotland, such as Berwickshire and Roxburghshire, still use the term baigie, possibly a derivative of the original Swedish rutabaga.<sup style=\\\"font-family: Arial, Helvetica, Verdana, Tahoma, sans-serif; background-color: initial;\\\"><a href=\\\"http:\\/\\/en.wikipedia.org\\/wiki\\/Rutabaga#cite_note-3\\\">[3]<\\/a><\\/sup> The term \\\"turnip\\\" is also used for the <a href=\\\"http:\\/\\/en.wikipedia.org\\/wiki\\/Turnip\\\" style=\\\"font-family: Arial, Helvetica, Verdana, Tahoma, sans-serif; font-size: 14px; background-color: initial;\\\">white turnip<\\/a> (<em style=\\\"font-family: Arial, Helvetica, Verdana, Tahoma, sans-serif; background-color: initial;\\\">Brassica rapa<\\/em> ssp <em style=\\\"font-family: Arial, Helvetica, Verdana, Tahoma, sans-serif; background-color: initial;\\\">rapa<\\/em>).<sup style=\\\"font-family: Arial, Helvetica, Verdana, Tahoma, sans-serif; background-color: initial;\\\"><a href=\\\"http:\\/\\/en.wikipedia.org\\/wiki\\/Rutabaga#cite_note-CSD-2\\\">[2]<\\/a><\\/sup><sup style=\\\"font-family: Arial, Helvetica, Verdana, Tahoma, sans-serif; background-color: initial;\\\"><a href=\\\"http:\\/\\/en.wikipedia.org\\/wiki\\/Rutabaga#cite_note-Chambers-4\\\">[4]<\\/a><\\/sup> Some<sup style=\\\"font-family: Arial, Helvetica, Verdana, Tahoma, sans-serif; background-color: initial;\\\">[<em><a href=\\\"http:\\/\\/en.wikipedia.org\\/wiki\\/Wikipedia:Manual_of_Style\\/Words_to_watch#Unsupported_attributions\\\">who?<\\/a><\\/em>]<\\/sup> will also refer to both swede and (white) turnip as just \\\"turnip\\\" (this word is also derived from <em style=\\\"font-family: Arial, Helvetica, Verdana, Tahoma, sans-serif; background-color: initial;\\\">n\\u00e6p<\\/em>).<sup style=\\\"font-family: Arial, Helvetica, Verdana, Tahoma, sans-serif; background-color: initial;\\\"><a href=\\\"http:\\/\\/en.wikipedia.org\\/wiki\\/Rutabaga#cite_note-Chambers-4\\\">[4]<\\/a><\\/sup> In North-East England, turnips and swedes are colloquially called snadgers, snaggers (archaic) or narkies.<sup style=\\\"font-family: Arial, Helvetica, Verdana, Tahoma, sans-serif; background-color: initial;\\\">[<em><a href=\\\"http:\\/\\/en.wikipedia.org\\/wiki\\/Wikipedia:Citation_needed\\\">citation needed<\\/a><\\/em>]<\\/sup><\\/p><p>Its common name in <a href=\\\"http:\\/\\/en.wikipedia.org\\/wiki\\/Sweden\\\">Sweden<\\/a> is <em>k\\u00e5lrot<\\/em> (literally \\\"cabbage\\/kale root\\\"). Similarly, in <a href=\\\"http:\\/\\/en.wikipedia.org\\/wiki\\/Denmark\\\">Denmark<\\/a> it is known as <em>k\\u00e5lroe<\\/em> and <em>k\\u00e5lrabi<\\/em>, while in <a href=\\\"http:\\/\\/en.wikipedia.org\\/wiki\\/Norway\\\">Norway<\\/a> it known as <em>k\\u00e5lrabi<\\/em> in addition to being known as <em>k\\u00e5lrot<\\/em>. In Denmark and Norway <em>k\\u00e5lrabi<\\/em> is sometimes confused with Swedish <em>k\\u00e5lrabbi<\\/em> (which corresponds with German <a href=\\\"http:\\/\\/en.wikipedia.org\\/wiki\\/Kohlrabi\\\">Kohlrabi<\\/a>). The Finnish term is <em>lanttu<\\/em>. Rutabaga is known as <em>Steckr\\u00fcbe<\\/em> in German.<\\/p>\",\"62\":\"\",\"31\":{\"date\":\"30\\/10\\/2014\",\"time\":\"22:00\"},\"1\":\"There\'s a major event happening soon\",\"28\":\"\",\"16\":\"\",\"17\":\"poster\",\"26\":\"\",\"63\":\"none\",\"30\":{\"date\":\"30\\/10\\/2014\",\"time\":\"18:00\"},\"23\":\"<p>This is a subheading<\\/p>\",\"3\":\"\",\"29\":\"_layout\"}}', '2014-09-30 07:36:44', '2014-09-30 07:36:44', '4bbc9db9-e046-4978-91fd-8ab925509356');
INSERT INTO `di_entryversions` (`id`, `entryId`, `sectionId`, `creatorId`, `locale`, `num`, `notes`, `data`, `dateCreated`, `dateUpdated`, `uid`) VALUES ('323', '113', '8', '1', 'en_gb', '7', '', '{\"typeId\":\"8\",\"authorId\":\"1\",\"title\":\"Major event happening\",\"slug\":\"major-event-happening\",\"postDate\":1412064000,\"expiryDate\":1419984000,\"enabled\":1,\"fields\":{\"47\":\"\",\"2\":\"\",\"14\":\"<p>\\r\\n    Rutabaga has many national and regional names. Rutabaga is the common <a href=\\\"http:\\/\\/en.wikipedia.org\\/wiki\\/American_English\\\">American<\\/a> and <a href=\\\"http:\\/\\/en.wikipedia.org\\/wiki\\/Canadian_English\\\">Canadian<\\/a> term for the plant. This comes from the old Swedish word <em>Rotabagge<\\/em>, meaning simply \\\"ram root\\\". In the U.S., the plant is also known as Swedish turnip or yellow turnip. The term swede is used instead of rutabaga in many<a href=\\\"http:\\/\\/en.wikipedia.org\\/wiki\\/Commonwealth_Nations\\\">Commonwealth Nations<\\/a>, including much of <a href=\\\"http:\\/\\/en.wikipedia.org\\/wiki\\/England\\\">England<\\/a>, <a href=\\\"http:\\/\\/en.wikipedia.org\\/wiki\\/Wales\\\">Wales<\\/a>, <a href=\\\"http:\\/\\/en.wikipedia.org\\/wiki\\/Australia\\\">Australia<\\/a>, and <a href=\\\"http:\\/\\/en.wikipedia.org\\/wiki\\/New_Zealand\\\">New Zealand<\\/a>. The name turnip is also used in parts of Northern and Midland England, the <a href=\\\"http:\\/\\/en.wikipedia.org\\/wiki\\/Westcountry\\\">Westcountry<\\/a> (particularly Cornwall), Ireland, Manitoba, Ontario and Atlantic Canada. In Scotland, it is known as turnip, and in Scots as tumshie or neep (from <a href=\\\"http:\\/\\/en.wikipedia.org\\/wiki\\/Old_English_language\\\">Old English<\\/a> <em>n\\u00e6p<\\/em>, Latin <em>napus<\\/em>).<sup><a href=\\\"http:\\/\\/en.wikipedia.org\\/wiki\\/Rutabaga#cite_note-CSD-2\\\">[2]<\\/a><\\/sup> Some areas of south east Scotland, such as Berwickshire and Roxburghshire, still use the term baigie, possibly a derivative of the original Swedish rutabaga.<sup><a href=\\\"http:\\/\\/en.wikipedia.org\\/wiki\\/Rutabaga#cite_note-3\\\">[3]<\\/a><\\/sup> The term \\\"turnip\\\" is also used for the <a href=\\\"http:\\/\\/en.wikipedia.org\\/wiki\\/Turnip\\\">white turnip<\\/a> (<em>Brassica rapa<\\/em> ssp <em>rapa<\\/em>).<sup><a href=\\\"http:\\/\\/en.wikipedia.org\\/wiki\\/Rutabaga#cite_note-CSD-2\\\">[2]<\\/a><\\/sup><sup><a href=\\\"http:\\/\\/en.wikipedia.org\\/wiki\\/Rutabaga#cite_note-Chambers-4\\\">[4]<\\/a><\\/sup> Some<sup>[<em><a href=\\\"http:\\/\\/en.wikipedia.org\\/wiki\\/Wikipedia:Manual_of_Style\\/Words_to_watch#Unsupported_attributions\\\">who?<\\/a><\\/em>]<\\/sup> will also refer to both swede and (white) turnip as just \\\"turnip\\\" (this word is also derived from <em>n\\u00e6p<\\/em>).<sup><a href=\\\"http:\\/\\/en.wikipedia.org\\/wiki\\/Rutabaga#cite_note-Chambers-4\\\">[4]<\\/a><\\/sup> In North-East England, turnips and swedes are colloquially called snadgers, snaggers (archaic) or narkies.<sup>[<em><a href=\\\"http:\\/\\/en.wikipedia.org\\/wiki\\/Wikipedia:Citation_needed\\\">citation needed<\\/a><\\/em>]<\\/sup>\\r\\n<\\/p>\\r\\n<p>\\r\\n    Its common name in <a href=\\\"http:\\/\\/en.wikipedia.org\\/wiki\\/Sweden\\\">Sweden<\\/a> is <em>k\\u00e5lrot<\\/em> (literally \\\"cabbage\\/kale root\\\"). Similarly, in <a href=\\\"http:\\/\\/en.wikipedia.org\\/wiki\\/Denmark\\\">Denmark<\\/a> it is known as <em>k\\u00e5lroe<\\/em> and <em>k\\u00e5lrabi<\\/em>, while in <a href=\\\"http:\\/\\/en.wikipedia.org\\/wiki\\/Norway\\\">Norway<\\/a> it known as <em>k\\u00e5lrabi<\\/em> in addition to being known as <em>k\\u00e5lrot<\\/em>. In Denmark and Norway <em>k\\u00e5lrabi<\\/em> is sometimes confused with Swedish <em>k\\u00e5lrabbi<\\/em> (which corresponds with German <a href=\\\"http:\\/\\/en.wikipedia.org\\/wiki\\/Kohlrabi\\\">Kohlrabi<\\/a>). The Finnish term is <em>lanttu<\\/em>. Rutabaga is known as <em>Steckr\\u00fcbe<\\/em> in German.\\r\\n<\\/p>\",\"62\":\"\",\"31\":{\"date\":\"30\\/10\\/2014\",\"time\":\"22:00\"},\"1\":\"There\'s a major event happening soon\",\"28\":\"\",\"16\":\"\",\"17\":\"poster\",\"26\":\"\",\"63\":\"none\",\"30\":{\"date\":\"30\\/10\\/2014\",\"time\":\"18:00\"},\"23\":\"<p>This is a subheading<\\/p>\",\"3\":\"\",\"29\":\"_layout\"}}', '2014-09-30 07:38:30', '2014-09-30 07:38:30', '6579a186-3c35-4966-835c-c2cb1923021f');
INSERT INTO `di_entryversions` (`id`, `entryId`, `sectionId`, `creatorId`, `locale`, `num`, `notes`, `data`, `dateCreated`, `dateUpdated`, `uid`) VALUES ('324', '113', '8', '1', 'en_gb', '8', '', '{\"typeId\":\"8\",\"authorId\":\"1\",\"title\":\"Major event happening\",\"slug\":\"major-event-happening\",\"postDate\":1412064000,\"expiryDate\":1419984000,\"enabled\":1,\"fields\":{\"47\":\"\",\"2\":\"\",\"14\":\"<p>Lorem ipsum dolor sit amet, consectetur adipiscing elit. Sed blandit accumsan risus, et dictum ligula elementum vehicula. Cras in congue ante. Sed non tincidunt ante. Nulla sem nisl, luctus a lacinia sed, hendrerit eget mi. Donec quis feugiat dui. In in risus odio. Duis commodo ligula id aliquet iaculis.<\\/p><p>Donec condimentum, est at ultricies pretium, enim metus consectetur dui, eu cursus elit neque ut neque. Mauris sit amet venenatis diam. Pellentesque tincidunt vulputate nibh, vitae hendrerit nulla. Nulla facilisi. Donec posuere velit ut facilisis sagittis. Morbi maximus sapien orci, non lobortis magna viverra posuere. Morbi faucibus eget ante vitae commodo. Donec porta eleifend massa et porttitor. In mollis libero at erat tristique condimentum. Nullam in rutrum velit.<\\/p>\",\"62\":\"\",\"31\":{\"date\":\"30\\/10\\/2014\",\"time\":\"22:00\"},\"1\":\"There\'s a major event happening soon\",\"28\":\"\",\"16\":\"\",\"17\":\"poster\",\"26\":\"\",\"63\":\"none\",\"30\":{\"date\":\"30\\/10\\/2014\",\"time\":\"18:00\"},\"23\":\"<p>This is a subheading<\\/p>\",\"3\":\"\",\"29\":\"_layout\"}}', '2014-09-30 10:30:26', '2014-09-30 10:30:26', 'f2a82fe6-8caf-40a4-983a-3802609de9a9');
INSERT INTO `di_entryversions` (`id`, `entryId`, `sectionId`, `creatorId`, `locale`, `num`, `notes`, `data`, `dateCreated`, `dateUpdated`, `uid`) VALUES ('325', '114', '10', '1', 'en_gb', '1', '', '{\"typeId\":null,\"authorId\":\"1\",\"title\":\"Lampstand\",\"slug\":\"lampstand\",\"postDate\":1412074850,\"expiryDate\":null,\"enabled\":1,\"fields\":{\"2\":\"\",\"14\":\"<p>Lorem ipsum dolor sit amet, consectetur adipiscing elit. Sed blandit accumsan risus, et dictum ligula elementum vehicula. Cras in congue ante. Sed non tincidunt ante. Nulla sem nisl, luctus a lacinia sed, hendrerit eget mi. Donec quis feugiat dui. In in risus odio. Duis commodo ligula id aliquet iaculis.<\\/p><p>Donec condimentum, est at ultricies pretium, enim metus consectetur dui, eu cursus elit neque ut neque. Mauris sit amet venenatis diam. Pellentesque tincidunt vulputate nibh, vitae hendrerit nulla. Nulla facilisi. Donec posuere velit ut facilisis sagittis. Morbi maximus sapien orci, non lobortis magna viverra posuere. Morbi faucibus eget ante vitae commodo. Donec porta eleifend massa et porttitor. In mollis libero at erat tristique condimentum. Nullam in rutrum velit.<\\/p>\",\"62\":\"\",\"1\":\"\",\"28\":\"\",\"16\":\"\",\"17\":\"poster\",\"26\":\"\",\"63\":\"none\",\"54\":[{\"col1\":\"12.00\",\"col2\":\"\",\"col7\":\"\",\"col6\":\"GBP\",\"col3\":\"\",\"col4\":\"1\",\"col5\":\"1\"}],\"23\":\"<p>An attractive lampstand that will go with any lamp<\\/p>\",\"3\":\"\",\"29\":\"_layout\"}}', '2014-09-30 11:00:51', '2014-09-30 11:00:51', 'cccf3dbe-f831-4b40-9782-5fb6474bccf5');
INSERT INTO `di_entryversions` (`id`, `entryId`, `sectionId`, `creatorId`, `locale`, `num`, `notes`, `data`, `dateCreated`, `dateUpdated`, `uid`) VALUES ('326', '114', '10', '1', 'en_gb', '2', '', '{\"typeId\":\"11\",\"authorId\":\"1\",\"title\":\"Lampstand\",\"slug\":\"lampstand\",\"postDate\":1412074800,\"expiryDate\":null,\"enabled\":1,\"fields\":{\"2\":\"\",\"14\":\"<p>Lorem ipsum dolor sit amet, consectetur adipiscing elit. Sed blandit accumsan risus, et dictum ligula elementum vehicula. Cras in congue ante. Sed non tincidunt ante. Nulla sem nisl, luctus a lacinia sed, hendrerit eget mi. Donec quis feugiat dui. In in risus odio. Duis commodo ligula id aliquet iaculis.<\\/p><p>Donec condimentum, est at ultricies pretium, enim metus consectetur dui, eu cursus elit neque ut neque. Mauris sit amet venenatis diam. Pellentesque tincidunt vulputate nibh, vitae hendrerit nulla. Nulla facilisi. Donec posuere velit ut facilisis sagittis. Morbi maximus sapien orci, non lobortis magna viverra posuere. Morbi faucibus eget ante vitae commodo. Donec porta eleifend massa et porttitor. In mollis libero at erat tristique condimentum. Nullam in rutrum velit.<\\/p>\",\"62\":\"\",\"1\":\"\",\"28\":\"\",\"16\":\"\",\"17\":\"poster\",\"26\":\"\",\"63\":\"none\",\"54\":[{\"col1\":\"12.00\",\"col2\":\"\",\"col7\":\"\",\"col6\":\"GBP\",\"col3\":\"Wooden\",\"col4\":\"1\",\"col5\":\"1\"}],\"23\":\"<p>An attractive lampstand that will go with any lamp<\\/p>\",\"3\":\"\",\"29\":\"_layout\"}}', '2014-09-30 11:06:41', '2014-09-30 11:06:41', 'a8edee8c-f329-4e5d-91d7-fbd309203009');
INSERT INTO `di_entryversions` (`id`, `entryId`, `sectionId`, `creatorId`, `locale`, `num`, `notes`, `data`, `dateCreated`, `dateUpdated`, `uid`) VALUES ('327', '114', '10', '1', 'en_gb', '3', '', '{\"typeId\":\"11\",\"authorId\":\"1\",\"title\":\"Lampstand\",\"slug\":\"lampstand\",\"postDate\":1412074800,\"expiryDate\":null,\"enabled\":1,\"fields\":{\"2\":\"\",\"14\":\"<p>Lorem ipsum dolor sit amet, consectetur adipiscing elit. Sed blandit accumsan risus, et dictum ligula elementum vehicula. Cras in congue ante. Sed non tincidunt ante. Nulla sem nisl, luctus a lacinia sed, hendrerit eget mi. Donec quis feugiat dui. In in risus odio. Duis commodo ligula id aliquet iaculis.<\\/p><p>Donec condimentum, est at ultricies pretium, enim metus consectetur dui, eu cursus elit neque ut neque. Mauris sit amet venenatis diam. Pellentesque tincidunt vulputate nibh, vitae hendrerit nulla. Nulla facilisi. Donec posuere velit ut facilisis sagittis. Morbi maximus sapien orci, non lobortis magna viverra posuere. Morbi faucibus eget ante vitae commodo. Donec porta eleifend massa et porttitor. In mollis libero at erat tristique condimentum. Nullam in rutrum velit.<\\/p>\",\"62\":\"\",\"1\":\"\",\"28\":\"\",\"16\":\"\",\"17\":\"poster\",\"26\":\"\",\"63\":\"none\",\"54\":[{\"col1\":\"12.00\",\"col2\":\"10.00\",\"col7\":\"15.00\",\"col6\":\"GBP\",\"col3\":\"Wooden\",\"col4\":\"1\",\"col5\":\"1\"}],\"23\":\"<p>An attractive lampstand that will go with any lamp<\\/p>\",\"3\":\"\",\"29\":\"_layout\"}}', '2014-09-30 11:07:08', '2014-09-30 11:07:08', '23667e98-b7e7-4d45-8fb1-36c9c7ee05e8');
INSERT INTO `di_entryversions` (`id`, `entryId`, `sectionId`, `creatorId`, `locale`, `num`, `notes`, `data`, `dateCreated`, `dateUpdated`, `uid`) VALUES ('328', '114', '10', '1', 'en_gb', '4', '', '{\"typeId\":\"11\",\"authorId\":\"1\",\"title\":\"Lampstand\",\"slug\":\"lampstand\",\"postDate\":1412074800,\"expiryDate\":null,\"enabled\":1,\"fields\":{\"2\":\"\",\"14\":\"<p>Lorem ipsum dolor sit amet, consectetur adipiscing elit. Sed blandit accumsan risus, et dictum ligula elementum vehicula. Cras in congue ante. Sed non tincidunt ante. Nulla sem nisl, luctus a lacinia sed, hendrerit eget mi. Donec quis feugiat dui. In in risus odio. Duis commodo ligula id aliquet iaculis.<\\/p><p>Donec condimentum, est at ultricies pretium, enim metus consectetur dui, eu cursus elit neque ut neque. Mauris sit amet venenatis diam. Pellentesque tincidunt vulputate nibh, vitae hendrerit nulla. Nulla facilisi. Donec posuere velit ut facilisis sagittis. Morbi maximus sapien orci, non lobortis magna viverra posuere. Morbi faucibus eget ante vitae commodo. Donec porta eleifend massa et porttitor. In mollis libero at erat tristique condimentum. Nullam in rutrum velit.<\\/p>\",\"62\":\"\",\"1\":\"\",\"28\":\"\",\"16\":\"\",\"17\":\"poster\",\"26\":\"\",\"63\":\"none\",\"54\":[{\"col1\":\"12.00\",\"col2\":\"10.00\",\"col7\":\"15.00\",\"col6\":\"GBP\",\"col3\":\"Wooden\",\"col4\":\"1\",\"col5\":\"1\"},{\"col1\":\"13.00\",\"col2\":\"\",\"col7\":\"\",\"col6\":\"GBP\",\"col3\":\"Metal\",\"col4\":\"\",\"col5\":\"\"}],\"23\":\"<p>An attractive lampstand that will go with any lamp<\\/p>\",\"3\":\"\",\"29\":\"_layout\"}}', '2014-09-30 11:56:41', '2014-09-30 11:56:41', 'da1be85f-35b1-4a64-a187-0d23d863b946');
INSERT INTO `di_entryversions` (`id`, `entryId`, `sectionId`, `creatorId`, `locale`, `num`, `notes`, `data`, `dateCreated`, `dateUpdated`, `uid`) VALUES ('329', '114', '10', '1', 'en_gb', '5', '', '{\"typeId\":\"11\",\"authorId\":\"1\",\"title\":\"Lampstand\",\"slug\":\"lampstand\",\"postDate\":1412074800,\"expiryDate\":null,\"enabled\":1,\"fields\":{\"2\":{\"new1\":{\"type\":\"image\",\"enabled\":\"1\",\"fields\":{\"image\":[\"59\"],\"assetPlacement\":\"asset--inset\",\"imageCaption\":\"\"}}},\"14\":\"<p>Lorem ipsum dolor sit amet, consectetur adipiscing elit. Sed blandit accumsan risus, et dictum ligula elementum vehicula. Cras in congue ante. Sed non tincidunt ante. Nulla sem nisl, luctus a lacinia sed, hendrerit eget mi. Donec quis feugiat dui. In in risus odio. Duis commodo ligula id aliquet iaculis.<\\/p><p>Donec condimentum, est at ultricies pretium, enim metus consectetur dui, eu cursus elit neque ut neque. Mauris sit amet venenatis diam. Pellentesque tincidunt vulputate nibh, vitae hendrerit nulla. Nulla facilisi. Donec posuere velit ut facilisis sagittis. Morbi maximus sapien orci, non lobortis magna viverra posuere. Morbi faucibus eget ante vitae commodo. Donec porta eleifend massa et porttitor. In mollis libero at erat tristique condimentum. Nullam in rutrum velit.<\\/p>\",\"62\":\"\",\"1\":\"\",\"28\":\"\",\"16\":\"\",\"17\":\"poster\",\"26\":\"\",\"63\":\"none\",\"54\":[{\"col1\":\"12.00\",\"col2\":\"10.00\",\"col7\":\"15.00\",\"col6\":\"GBP\",\"col3\":\"Wooden\",\"col4\":\"1\",\"col5\":\"1\"},{\"col1\":\"13.00\",\"col2\":\"\",\"col7\":\"\",\"col6\":\"GBP\",\"col3\":\"Metal\",\"col4\":\"\",\"col5\":\"\"}],\"23\":\"<p>An attractive lampstand that will go with any lamp<\\/p>\",\"3\":\"\",\"29\":\"_layout\"}}', '2014-09-30 12:27:33', '2014-09-30 12:27:33', 'cab3f0c4-4587-4f29-9c22-fba44179434a');
INSERT INTO `di_entryversions` (`id`, `entryId`, `sectionId`, `creatorId`, `locale`, `num`, `notes`, `data`, `dateCreated`, `dateUpdated`, `uid`) VALUES ('330', '114', '10', '1', 'en_gb', '6', '', '{\"typeId\":\"11\",\"authorId\":\"1\",\"title\":\"Lampstand\",\"slug\":\"lampstand\",\"postDate\":1412074800,\"expiryDate\":null,\"enabled\":1,\"fields\":{\"2\":{\"115\":{\"type\":\"image\",\"enabled\":\"1\",\"fields\":{\"image\":[\"59\"],\"assetPlacement\":\"asset--inset\",\"imageCaption\":\"\"}}},\"14\":\"<p>Lorem ipsum dolor sit amet, consectetur adipiscing elit. Sed blandit accumsan risus, et dictum ligula elementum vehicula. Cras in congue ante. Sed non tincidunt ante. Nulla sem nisl, luctus a lacinia sed, hendrerit eget mi. Donec quis feugiat dui. In in risus odio. Duis commodo ligula id aliquet iaculis.<\\/p><p>Donec condimentum, est at ultricies pretium, enim metus consectetur dui, eu cursus elit neque ut neque. Mauris sit amet venenatis diam. Pellentesque tincidunt vulputate nibh, vitae hendrerit nulla. Nulla facilisi. Donec posuere velit ut facilisis sagittis. Morbi maximus sapien orci, non lobortis magna viverra posuere. Morbi faucibus eget ante vitae commodo. Donec porta eleifend massa et porttitor. In mollis libero at erat tristique condimentum. Nullam in rutrum velit.<\\/p>\",\"62\":\"\",\"1\":\"\",\"28\":[\"1\"],\"16\":\"\",\"17\":\"poster\",\"26\":\"\",\"63\":\"none\",\"54\":[{\"col1\":\"12.00\",\"col2\":\"10.00\",\"col7\":\"15.00\",\"col6\":\"GBP\",\"col3\":\"Wooden\",\"col4\":\"1\",\"col5\":\"1\"},{\"col1\":\"13.00\",\"col2\":\"\",\"col7\":\"\",\"col6\":\"GBP\",\"col3\":\"Metal\",\"col4\":\"\",\"col5\":\"\"}],\"23\":\"<p>An attractive lampstand that will go with any lamp<\\/p>\",\"3\":\"\",\"29\":\"_layout\"}}', '2014-09-30 12:27:57', '2014-09-30 12:27:57', '038a0b1b-6d1d-42b2-8247-e45b4f954223');
INSERT INTO `di_entryversions` (`id`, `entryId`, `sectionId`, `creatorId`, `locale`, `num`, `notes`, `data`, `dateCreated`, `dateUpdated`, `uid`) VALUES ('331', '114', '10', '1', 'en_gb', '7', '', '{\"typeId\":\"11\",\"authorId\":\"1\",\"title\":\"Lampstand\",\"slug\":\"lampstand\",\"postDate\":1412074800,\"expiryDate\":null,\"enabled\":1,\"fields\":{\"2\":{\"115\":{\"type\":\"image\",\"enabled\":\"1\",\"fields\":{\"image\":[\"59\"],\"assetPlacement\":\"asset--inset\",\"imageCaption\":\"\"}},\"new1\":{\"type\":\"text\",\"enabled\":\"1\",\"fields\":{\"text\":\"<p>Lorem ipsum dolor sit amet, consectetur adipiscing elit. Sed blandit accumsan risus, et dictum ligula elementum vehicula. Cras in congue ante. Sed non tincidunt ante. Nulla sem nisl, luctus a lacinia sed, hendrerit eget mi. Donec quis feugiat dui. In in risus odio. Duis commodo ligula id aliquet iaculis.<\\/p><p>Donec condimentum, est at ultricies pretium, enim metus consectetur dui, eu cursus elit neque ut neque. Mauris sit amet venenatis diam. Pellentesque tincidunt vulputate nibh, vitae hendrerit nulla. Nulla facilisi. Donec posuere velit ut facilisis sagittis. Morbi maximus sapien orci, non lobortis magna viverra posuere. Morbi faucibus eget ante vitae commodo. Donec porta eleifend massa et porttitor. In mollis libero at erat tristique condimentum. Nullam in rutrum velit.<\\/p>\"}}},\"14\":\"<p>Lorem ipsum dolor sit amet, consectetur adipiscing elit. Sed blandit accumsan risus, et dictum ligula elementum vehicula. Cras in congue ante. Sed non tincidunt ante. Nulla sem nisl, luctus a lacinia sed, hendrerit eget mi. Donec quis feugiat dui. In in risus odio. Duis commodo ligula id aliquet iaculis.<\\/p><p>Donec condimentum, est at ultricies pretium, enim metus consectetur dui, eu cursus elit neque ut neque. Mauris sit amet venenatis diam. Pellentesque tincidunt vulputate nibh, vitae hendrerit nulla. Nulla facilisi. Donec posuere velit ut facilisis sagittis. Morbi maximus sapien orci, non lobortis magna viverra posuere. Morbi faucibus eget ante vitae commodo. Donec porta eleifend massa et porttitor. In mollis libero at erat tristique condimentum. Nullam in rutrum velit.<\\/p>\",\"62\":\"\",\"1\":\"\",\"28\":[\"1\"],\"16\":\"\",\"17\":\"poster\",\"26\":\"\",\"63\":\"none\",\"54\":[{\"col1\":\"12.00\",\"col2\":\"10.00\",\"col7\":\"15.00\",\"col6\":\"GBP\",\"col3\":\"Wooden\",\"col4\":\"1\",\"col5\":\"1\"},{\"col1\":\"13.00\",\"col2\":\"\",\"col7\":\"\",\"col6\":\"GBP\",\"col3\":\"Metal\",\"col4\":\"\",\"col5\":\"\"}],\"23\":\"<p>An attractive lampstand that will go with any lamp<\\/p>\",\"3\":\"\",\"29\":\"_layout\"}}', '2014-09-30 12:28:56', '2014-09-30 12:28:56', '684baca7-a804-4866-9db9-ff4fee5e7e95');
INSERT INTO `di_entryversions` (`id`, `entryId`, `sectionId`, `creatorId`, `locale`, `num`, `notes`, `data`, `dateCreated`, `dateUpdated`, `uid`) VALUES ('332', '117', '12', '1', 'en_gb', '1', '', '{\"typeId\":null,\"authorId\":\"1\",\"title\":\"David McBride\",\"slug\":\"david-mcbride\",\"postDate\":1412080487,\"expiryDate\":null,\"enabled\":1,\"fields\":{\"2\":{\"new1\":{\"type\":\"text\",\"enabled\":\"1\",\"fields\":{\"text\":\"<p>I\'ve worked in Tin House for many years<\\/p>\"}}},\"86\":\"David\",\"93\":[{\"col1\":\"Telephone\",\"col2\":\"028 9012 3456\",\"col3\":\"\"}],\"28\":[\"1\"],\"16\":\"\",\"88\":\"\",\"89\":\"\",\"85\":\"\",\"63\":\"none\",\"23\":\"<p>Manager, Tin House Coffee<\\/p>\",\"87\":\"McBride\",\"3\":\"\",\"29\":\"_layout\"}}', '2014-09-30 12:34:47', '2014-09-30 12:34:47', '118fff61-c6e4-4b0c-becf-714ec072fbdf');
INSERT INTO `di_entryversions` (`id`, `entryId`, `sectionId`, `creatorId`, `locale`, `num`, `notes`, `data`, `dateCreated`, `dateUpdated`, `uid`) VALUES ('333', '117', '12', '1', 'en_gb', '2', '', '{\"typeId\":\"13\",\"authorId\":\"1\",\"title\":\"David McBride\",\"slug\":\"david-mcbride\",\"postDate\":1412080440,\"expiryDate\":null,\"enabled\":1,\"fields\":{\"2\":{\"118\":{\"type\":\"text\",\"enabled\":\"1\",\"fields\":{\"text\":\"<p>I\'ve worked in Tin House for many years<\\/p>\"}}},\"14\":\"<p>Lorem ipsum dolor sit amet, consectetur adipiscing elit. Sed blandit accumsan risus, et dictum ligula elementum vehicula. Cras in congue ante. Sed non tincidunt ante. Nulla sem nisl, luctus a lacinia sed, hendrerit eget mi. Donec quis feugiat dui. In in risus odio. Duis commodo ligula id aliquet iaculis.<\\/p><p>Donec condimentum, est at ultricies pretium, enim metus consectetur dui, eu cursus elit neque ut neque. Mauris sit amet venenatis diam. Pellentesque tincidunt vulputate nibh, vitae hendrerit nulla. Nulla facilisi. Donec posuere velit ut facilisis sagittis. Morbi maximus sapien orci, non lobortis magna viverra posuere. Morbi faucibus eget ante vitae commodo. Donec porta eleifend massa et porttitor. In mollis libero at erat tristique condimentum. Nullam in rutrum velit.<\\/p>\",\"86\":\"David\",\"93\":[{\"col1\":\"Telephone\",\"col2\":\"028 9012 3456\",\"col3\":\"\"}],\"28\":[\"1\"],\"16\":\"\",\"88\":\"\",\"89\":\"\",\"85\":\"\",\"63\":\"none\",\"64\":\"\",\"23\":\"<p>Manager, Tin House Coffee<\\/p>\",\"87\":\"McBride\",\"3\":\"\",\"29\":\"_layout\"}}', '2014-09-30 12:39:19', '2014-09-30 12:39:19', '7f8e1480-3eae-41dd-ac56-d238d21a9dc8');
INSERT INTO `di_entryversions` (`id`, `entryId`, `sectionId`, `creatorId`, `locale`, `num`, `notes`, `data`, `dateCreated`, `dateUpdated`, `uid`) VALUES ('334', '117', '12', '1', 'en_gb', '3', '', '{\"typeId\":\"13\",\"authorId\":\"1\",\"title\":\"David McBride\",\"slug\":\"david-mcbride\",\"postDate\":1412080440,\"expiryDate\":null,\"enabled\":1,\"fields\":{\"2\":{\"118\":{\"type\":\"text\",\"enabled\":\"1\",\"fields\":{\"text\":\"<p>I\'ve worked in Tin House for many years<\\/p>\"}}},\"14\":\"<p>Lorem ipsum dolor sit amet, consectetur adipiscing elit. Sed blandit accumsan risus, et dictum ligula elementum vehicula. Cras in congue ante. Sed non tincidunt ante. Nulla sem nisl, luctus a lacinia sed, hendrerit eget mi. Donec quis feugiat dui. In in risus odio. Duis commodo ligula id aliquet iaculis.<\\/p><p>Donec condimentum, est at ultricies pretium, enim metus consectetur dui, eu cursus elit neque ut neque. Mauris sit amet venenatis diam. Pellentesque tincidunt vulputate nibh, vitae hendrerit nulla. Nulla facilisi. Donec posuere velit ut facilisis sagittis. Morbi maximus sapien orci, non lobortis magna viverra posuere. Morbi faucibus eget ante vitae commodo. Donec porta eleifend massa et porttitor. In mollis libero at erat tristique condimentum. Nullam in rutrum velit.<\\/p>\",\"86\":\"David\",\"93\":[{\"col1\":\"Telephone\",\"col2\":\"028 9012 3456\",\"col3\":\"\"},{\"col1\":\"Twitter\",\"col2\":\"@davidmcbride\",\"col3\":\"\"},{\"col1\":\"Email\",\"col2\":\"david@dropinn.net\",\"col3\":\"mailto:david@dropinn.net\"}],\"28\":[\"1\"],\"16\":\"\",\"88\":\"\",\"89\":\"\",\"85\":\"\",\"63\":\"none\",\"64\":\"\",\"23\":\"<p>Manager, Tin House Coffee<\\/p>\",\"87\":\"McBride\",\"3\":\"\",\"29\":\"_layout\"}}', '2014-09-30 12:40:09', '2014-09-30 12:40:09', '896aa70d-59b2-491b-86b8-797db58f0c94');
INSERT INTO `di_entryversions` (`id`, `entryId`, `sectionId`, `creatorId`, `locale`, `num`, `notes`, `data`, `dateCreated`, `dateUpdated`, `uid`) VALUES ('335', '117', '12', '1', 'en_gb', '4', '', '{\"typeId\":\"13\",\"authorId\":\"1\",\"title\":\"David McBride\",\"slug\":\"david-mcbride\",\"postDate\":1412080440,\"expiryDate\":null,\"enabled\":1,\"fields\":{\"2\":{\"118\":{\"type\":\"text\",\"enabled\":\"1\",\"fields\":{\"text\":\"<p>I\'ve worked in Tin House for many years<\\/p>\"}}},\"14\":\"<p>Lorem ipsum dolor sit amet, consectetur adipiscing elit. Sed blandit accumsan risus, et dictum ligula elementum vehicula. Cras in congue ante. Sed non tincidunt ante. Nulla sem nisl, luctus a lacinia sed, hendrerit eget mi. Donec quis feugiat dui. In in risus odio. Duis commodo ligula id aliquet iaculis.<\\/p><p>Donec condimentum, est at ultricies pretium, enim metus consectetur dui, eu cursus elit neque ut neque. Mauris sit amet venenatis diam. Pellentesque tincidunt vulputate nibh, vitae hendrerit nulla. Nulla facilisi. Donec posuere velit ut facilisis sagittis. Morbi maximus sapien orci, non lobortis magna viverra posuere. Morbi faucibus eget ante vitae commodo. Donec porta eleifend massa et porttitor. In mollis libero at erat tristique condimentum. Nullam in rutrum velit.<\\/p>\",\"86\":\"David\",\"93\":[{\"col1\":\"Telephone\",\"col2\":\"028 9012 3456\",\"col3\":\"\"},{\"col1\":\"Twitter\",\"col2\":\"@davidmcbride\",\"col3\":\"\"},{\"col1\":\"Email\",\"col2\":\"david@dropinn.net\",\"col3\":\"mailto:david@dropinn.net\"}],\"28\":[\"1\"],\"16\":[\"111\"],\"88\":\"\",\"89\":\"\",\"85\":\"\",\"63\":\"none\",\"64\":\"\",\"23\":\"<p>Manager, Tin House Coffee<\\/p>\",\"87\":\"McBride\",\"3\":\"\",\"29\":\"_layout\"}}', '2014-09-30 12:42:35', '2014-09-30 12:42:35', '79aff493-0674-44bf-8a43-d0568d44b846');
INSERT INTO `di_entryversions` (`id`, `entryId`, `sectionId`, `creatorId`, `locale`, `num`, `notes`, `data`, `dateCreated`, `dateUpdated`, `uid`) VALUES ('336', '117', '12', '1', 'en_gb', '5', '', '{\"typeId\":\"13\",\"authorId\":\"1\",\"title\":\"David McBride\",\"slug\":\"david-mcbride\",\"postDate\":1412080440,\"expiryDate\":null,\"enabled\":1,\"fields\":{\"2\":{\"118\":{\"type\":\"text\",\"enabled\":\"1\",\"fields\":{\"text\":\"<p>I\'ve worked in Tin House for many years<\\/p>\"}},\"new1\":{\"type\":\"embedVideo\",\"enabled\":\"1\",\"fields\":{\"embedVideo\":\"http:\\/\\/www.youtube.com\\/watch?v=ws0vbT4Yu2s\",\"assetPlacement\":\"asset--full\",\"assetCaption\":\"\"}}},\"14\":\"<p>Lorem ipsum dolor sit amet, consectetur adipiscing elit. Sed blandit accumsan risus, et dictum ligula elementum vehicula. Cras in congue ante. Sed non tincidunt ante. Nulla sem nisl, luctus a lacinia sed, hendrerit eget mi. Donec quis feugiat dui. In in risus odio. Duis commodo ligula id aliquet iaculis.<\\/p><p>Donec condimentum, est at ultricies pretium, enim metus consectetur dui, eu cursus elit neque ut neque. Mauris sit amet venenatis diam. Pellentesque tincidunt vulputate nibh, vitae hendrerit nulla. Nulla facilisi. Donec posuere velit ut facilisis sagittis. Morbi maximus sapien orci, non lobortis magna viverra posuere. Morbi faucibus eget ante vitae commodo. Donec porta eleifend massa et porttitor. In mollis libero at erat tristique condimentum. Nullam in rutrum velit.<\\/p>\",\"86\":\"David\",\"93\":[{\"col1\":\"Telephone\",\"col2\":\"028 9012 3456\",\"col3\":\"\"},{\"col1\":\"Twitter\",\"col2\":\"@davidmcbride\",\"col3\":\"\"},{\"col1\":\"Email\",\"col2\":\"david@dropinn.net\",\"col3\":\"mailto:david@dropinn.net\"}],\"28\":[\"1\"],\"16\":[\"111\"],\"88\":\"\",\"89\":\"\",\"85\":\"\",\"63\":\"none\",\"64\":\"\",\"23\":\"<p>Manager, Tin House Coffee<\\/p>\",\"87\":\"McBride\",\"3\":\"\",\"29\":\"_layout\"}}', '2014-09-30 13:18:40', '2014-09-30 13:18:40', 'aa98ae8a-6fdb-4b25-a7ff-ed1af3c271a6');
INSERT INTO `di_entryversions` (`id`, `entryId`, `sectionId`, `creatorId`, `locale`, `num`, `notes`, `data`, `dateCreated`, `dateUpdated`, `uid`) VALUES ('337', '117', '12', '1', 'en_gb', '6', '', '{\"typeId\":\"13\",\"authorId\":\"1\",\"title\":\"David McBride\",\"slug\":\"david-mcbride\",\"postDate\":1412080440,\"expiryDate\":null,\"enabled\":1,\"fields\":{\"2\":{\"118\":{\"type\":\"text\",\"enabled\":\"1\",\"fields\":{\"text\":\"<p>I\'ve worked in Tin House for many years<\\/p>\"}},\"119\":{\"type\":\"embedVideo\",\"enabled\":\"1\",\"fields\":{\"embedVideo\":\"https:\\/\\/www.youtube.com\\/watch?v=5e74y7566Sc\",\"assetPlacement\":\"asset--full\",\"assetCaption\":\"\"}}},\"14\":\"<p>Lorem ipsum dolor sit amet, consectetur adipiscing elit. Sed blandit accumsan risus, et dictum ligula elementum vehicula. Cras in congue ante. Sed non tincidunt ante. Nulla sem nisl, luctus a lacinia sed, hendrerit eget mi. Donec quis feugiat dui. In in risus odio. Duis commodo ligula id aliquet iaculis.<\\/p><p>Donec condimentum, est at ultricies pretium, enim metus consectetur dui, eu cursus elit neque ut neque. Mauris sit amet venenatis diam. Pellentesque tincidunt vulputate nibh, vitae hendrerit nulla. Nulla facilisi. Donec posuere velit ut facilisis sagittis. Morbi maximus sapien orci, non lobortis magna viverra posuere. Morbi faucibus eget ante vitae commodo. Donec porta eleifend massa et porttitor. In mollis libero at erat tristique condimentum. Nullam in rutrum velit.<\\/p>\",\"86\":\"David\",\"93\":[{\"col1\":\"Telephone\",\"col2\":\"028 9012 3456\",\"col3\":\"\"},{\"col1\":\"Twitter\",\"col2\":\"@davidmcbride\",\"col3\":\"\"},{\"col1\":\"Email\",\"col2\":\"david@dropinn.net\",\"col3\":\"mailto:david@dropinn.net\"}],\"28\":[\"1\"],\"16\":[\"111\"],\"88\":\"\",\"89\":\"\",\"85\":\"\",\"63\":\"none\",\"64\":\"\",\"23\":\"<p>Manager, Tin House Coffee<\\/p>\",\"87\":\"McBride\",\"3\":\"\",\"29\":\"_layout\"}}', '2014-09-30 13:21:52', '2014-09-30 13:21:52', '46ed0408-a161-403a-90db-1e6250b46dc3');
INSERT INTO `di_entryversions` (`id`, `entryId`, `sectionId`, `creatorId`, `locale`, `num`, `notes`, `data`, `dateCreated`, `dateUpdated`, `uid`) VALUES ('338', '125', '13', '1', 'en_gb', '1', '', '{\"typeId\":null,\"authorId\":\"1\",\"title\":\"Grace Community Church\",\"slug\":\"grace-community-church\",\"postDate\":1412087046,\"expiryDate\":null,\"enabled\":1,\"fields\":{\"50\":[{\"col1\":\"\",\"col2\":\"\",\"col3\":\"\",\"col4\":\"\",\"col5\":\"\",\"col6\":\"\"}],\"2\":\"\",\"14\":\"\",\"62\":\"\",\"1\":\"\",\"93\":[{\"col1\":\"\",\"col2\":\"\",\"col3\":\"\"}],\"28\":\"\",\"16\":\"\",\"51\":\"{\\\"markers\\\":[{\\\"isNew\\\":true,\\\"isSavedToMap\\\":true,\\\"address\\\":\\\"Drop Inn Community Church, 171 Dobbin Road, Richhill, Armagh, Armagh BT61 9LW, UK\\\",\\\"addressComponents\\\":[{\\\"long_name\\\":\\\"Drop Inn Community Church\\\",\\\"short_name\\\":\\\"Drop Inn Community Church\\\",\\\"types\\\":[\\\"point_of_interest\\\",\\\"establishment\\\"]},{\\\"long_name\\\":\\\"171\\\",\\\"short_name\\\":\\\"171\\\",\\\"types\\\":[\\\"street_number\\\"]},{\\\"long_name\\\":\\\"Dobbin Road\\\",\\\"short_name\\\":\\\"Dobbin Rd\\\",\\\"types\\\":[\\\"route\\\"]},{\\\"long_name\\\":\\\"Richhill\\\",\\\"short_name\\\":\\\"Richhill\\\",\\\"types\\\":[\\\"locality\\\",\\\"political\\\"]},{\\\"long_name\\\":\\\"Armagh\\\",\\\"short_name\\\":\\\"Armagh\\\",\\\"types\\\":[\\\"postal_town\\\"]},{\\\"long_name\\\":\\\"Armagh\\\",\\\"short_name\\\":\\\"Armagh\\\",\\\"types\\\":[\\\"administrative_area_level_2\\\",\\\"political\\\"]},{\\\"long_name\\\":\\\"United Kingdom\\\",\\\"short_name\\\":\\\"GB\\\",\\\"types\\\":[\\\"country\\\",\\\"political\\\"]},{\\\"long_name\\\":\\\"BT61 9LW\\\",\\\"short_name\\\":\\\"BT61 9LW\\\",\\\"types\\\":[\\\"postal_code\\\"]}],\\\"lat\\\":54.3879396,\\\"lng\\\":-6.534473700000035,\\\"content\\\":\\\"Drop Inn Community Church<br> 171 Dobbin Road<br> Richhill<br> Armagh<br> Armagh BT61 9LW<br> UK\\\",\\\"title\\\":\\\"\\\"}],\\\"polygons\\\":[],\\\"polylines\\\":[],\\\"routes\\\":[],\\\"circles\\\":[],\\\"groundOverlays\\\":[]}\",\"85\":\"\",\"96\":[\"120\"],\"63\":\"none\",\"64\":\"\",\"23\":\"<p>The local \\/ global church<\\/p>\",\"3\":\"\",\"29\":\"_layout-church\"}}', '2014-09-30 14:24:07', '2014-09-30 14:24:07', '8bdb26ad-e1cd-4df0-b864-e94063066905');
INSERT INTO `di_entryversions` (`id`, `entryId`, `sectionId`, `creatorId`, `locale`, `num`, `notes`, `data`, `dateCreated`, `dateUpdated`, `uid`) VALUES ('339', '125', '13', '1', 'en_gb', '2', '', '{\"typeId\":\"14\",\"authorId\":\"1\",\"title\":\"Grace Community Church\",\"slug\":\"grace-community-church\",\"postDate\":1412087040,\"expiryDate\":null,\"enabled\":1,\"fields\":{\"50\":[{\"col1\":\"\",\"col2\":\"\",\"col3\":\"\",\"col4\":\"\",\"col5\":\"\",\"col6\":\"\"}],\"2\":\"\",\"14\":\"\",\"62\":\"\",\"1\":\"\",\"93\":[{\"col1\":\"\",\"col2\":\"\",\"col3\":\"\"}],\"28\":\"\",\"16\":\"\",\"51\":\"{\\\"markers\\\":[{\\\"isNew\\\":false,\\\"isSavedToMap\\\":true,\\\"title\\\":\\\"\\\",\\\"distance\\\":false,\\\"icon\\\":\\\"\\\",\\\"lat\\\":54.3879396,\\\"lng\\\":-6.5344737,\\\"content\\\":\\\"Drop Inn Community Church<br> 171 Dobbin Road<br> Richhill<br> Armagh<br> Armagh BT61 9LW<br> UK\\\",\\\"customContent\\\":false,\\\"address\\\":\\\"Drop Inn Community Church, 171 Dobbin Road, Richhill, Armagh, Armagh BT61 9LW, UK\\\",\\\"addressComponents\\\":[{\\\"long_name\\\":\\\"Drop Inn Community Church\\\",\\\"short_name\\\":\\\"Drop Inn Community Church\\\",\\\"types\\\":[\\\"point_of_interest\\\",\\\"establishment\\\"]},{\\\"long_name\\\":\\\"171\\\",\\\"short_name\\\":\\\"171\\\",\\\"types\\\":[\\\"street_number\\\"]},{\\\"long_name\\\":\\\"Dobbin Road\\\",\\\"short_name\\\":\\\"Dobbin Rd\\\",\\\"types\\\":[\\\"route\\\"]},{\\\"long_name\\\":\\\"Richhill\\\",\\\"short_name\\\":\\\"Richhill\\\",\\\"types\\\":[\\\"locality\\\",\\\"political\\\"]},{\\\"long_name\\\":\\\"Armagh\\\",\\\"short_name\\\":\\\"Armagh\\\",\\\"types\\\":[\\\"postal_town\\\"]},{\\\"long_name\\\":\\\"Armagh\\\",\\\"short_name\\\":\\\"Armagh\\\",\\\"types\\\":[\\\"administrative_area_level_2\\\",\\\"political\\\"]},{\\\"long_name\\\":\\\"United Kingdom\\\",\\\"short_name\\\":\\\"GB\\\",\\\"types\\\":[\\\"country\\\",\\\"political\\\"]},{\\\"long_name\\\":\\\"BT61 9LW\\\",\\\"short_name\\\":\\\"BT61 9LW\\\",\\\"types\\\":[\\\"postal_code\\\"]}],\\\"locationId\\\":\\\"1\\\",\\\"elementId\\\":\\\"125\\\",\\\"deleted\\\":false}],\\\"polygons\\\":[],\\\"polylines\\\":[],\\\"routes\\\":[],\\\"circles\\\":[],\\\"groundOverlays\\\":[]}\",\"85\":\"\",\"96\":[\"120\"],\"63\":\"secondary\",\"64\":\"\",\"23\":\"<p>The local \\/ global church<\\/p>\",\"3\":\"\",\"29\":\"_layout-church\"}}', '2014-09-30 14:38:04', '2014-09-30 14:38:04', '9ccb1688-69e5-4aee-ace5-fc796aa47700');
INSERT INTO `di_entryversions` (`id`, `entryId`, `sectionId`, `creatorId`, `locale`, `num`, `notes`, `data`, `dateCreated`, `dateUpdated`, `uid`) VALUES ('340', '125', '13', '1', 'en_gb', '3', '', '{\"typeId\":\"14\",\"authorId\":\"1\",\"title\":\"Grace Community Church\",\"slug\":\"grace-community-church\",\"postDate\":1412087040,\"expiryDate\":null,\"enabled\":1,\"fields\":{\"50\":[{\"col1\":\"\",\"col2\":\"\",\"col3\":\"\",\"col4\":\"\",\"col5\":\"\",\"col6\":\"\"}],\"2\":\"\",\"14\":\"\",\"62\":\"\",\"1\":\"\",\"93\":[{\"col1\":\"\",\"col2\":\"\",\"col3\":\"\"}],\"28\":\"\",\"16\":\"\",\"51\":\"{\\\"markers\\\":[{\\\"isNew\\\":false,\\\"isSavedToMap\\\":true,\\\"title\\\":\\\"\\\",\\\"distance\\\":false,\\\"icon\\\":\\\"\\\",\\\"lat\\\":54.3879396,\\\"lng\\\":-6.5344737,\\\"content\\\":\\\"Drop Inn Community Church<br> 171 Dobbin Road<br> Richhill<br> Armagh<br> Armagh BT61 9LW<br> UK\\\",\\\"customContent\\\":false,\\\"address\\\":\\\"Drop Inn Community Church, 171 Dobbin Road, Richhill, Armagh, Armagh BT61 9LW, UK\\\",\\\"addressComponents\\\":[{\\\"long_name\\\":\\\"Drop Inn Community Church\\\",\\\"short_name\\\":\\\"Drop Inn Community Church\\\",\\\"types\\\":[\\\"point_of_interest\\\",\\\"establishment\\\"]},{\\\"long_name\\\":\\\"171\\\",\\\"short_name\\\":\\\"171\\\",\\\"types\\\":[\\\"street_number\\\"]},{\\\"long_name\\\":\\\"Dobbin Road\\\",\\\"short_name\\\":\\\"Dobbin Rd\\\",\\\"types\\\":[\\\"route\\\"]},{\\\"long_name\\\":\\\"Richhill\\\",\\\"short_name\\\":\\\"Richhill\\\",\\\"types\\\":[\\\"locality\\\",\\\"political\\\"]},{\\\"long_name\\\":\\\"Armagh\\\",\\\"short_name\\\":\\\"Armagh\\\",\\\"types\\\":[\\\"postal_town\\\"]},{\\\"long_name\\\":\\\"Armagh\\\",\\\"short_name\\\":\\\"Armagh\\\",\\\"types\\\":[\\\"administrative_area_level_2\\\",\\\"political\\\"]},{\\\"long_name\\\":\\\"United Kingdom\\\",\\\"short_name\\\":\\\"GB\\\",\\\"types\\\":[\\\"country\\\",\\\"political\\\"]},{\\\"long_name\\\":\\\"BT61 9LW\\\",\\\"short_name\\\":\\\"BT61 9LW\\\",\\\"types\\\":[\\\"postal_code\\\"]}],\\\"locationId\\\":\\\"1\\\",\\\"elementId\\\":\\\"125\\\",\\\"deleted\\\":false}],\\\"polygons\\\":[],\\\"polylines\\\":[],\\\"routes\\\":[],\\\"circles\\\":[],\\\"groundOverlays\\\":[]}\",\"85\":\"\",\"96\":[\"120\"],\"63\":\"none\",\"64\":\"\",\"23\":\"<p>The local \\/ global church<\\/p>\",\"3\":\"\",\"29\":\"_layout-church\"}}', '2014-09-30 14:38:23', '2014-09-30 14:38:23', '2e488cf2-ca2f-4863-b8aa-cc9c000facfd');
INSERT INTO `di_entryversions` (`id`, `entryId`, `sectionId`, `creatorId`, `locale`, `num`, `notes`, `data`, `dateCreated`, `dateUpdated`, `uid`) VALUES ('341', '125', '13', '1', 'en_gb', '4', '', '{\"typeId\":\"14\",\"authorId\":\"1\",\"title\":\"Grace Community Church\",\"slug\":\"grace-community-church\",\"postDate\":1412087040,\"expiryDate\":null,\"enabled\":1,\"fields\":{\"50\":[{\"col1\":\"\",\"col2\":\"\",\"col3\":\"\",\"col4\":\"\",\"col5\":\"\",\"col6\":\"\"}],\"2\":\"\",\"14\":\"\",\"62\":\"\",\"1\":\"\",\"93\":[{\"col1\":\"\",\"col2\":\"\",\"col3\":\"\"}],\"28\":\"\",\"16\":\"\",\"51\":\"{\\\"markers\\\":[{\\\"isNew\\\":false,\\\"isSavedToMap\\\":true,\\\"title\\\":\\\"\\\",\\\"distance\\\":false,\\\"icon\\\":\\\"\\\",\\\"lat\\\":54.3879396,\\\"lng\\\":-6.5344737,\\\"content\\\":\\\"Drop Inn Community Church<br> 171 Dobbin Road<br> Richhill<br> Armagh<br> Armagh BT61 9LW<br> UK\\\",\\\"customContent\\\":false,\\\"address\\\":\\\"Drop Inn Community Church, 171 Dobbin Road, Richhill, Armagh, Armagh BT61 9LW, UK\\\",\\\"addressComponents\\\":[{\\\"long_name\\\":\\\"Drop Inn Community Church\\\",\\\"short_name\\\":\\\"Drop Inn Community Church\\\",\\\"types\\\":[\\\"point_of_interest\\\",\\\"establishment\\\"]},{\\\"long_name\\\":\\\"171\\\",\\\"short_name\\\":\\\"171\\\",\\\"types\\\":[\\\"street_number\\\"]},{\\\"long_name\\\":\\\"Dobbin Road\\\",\\\"short_name\\\":\\\"Dobbin Rd\\\",\\\"types\\\":[\\\"route\\\"]},{\\\"long_name\\\":\\\"Richhill\\\",\\\"short_name\\\":\\\"Richhill\\\",\\\"types\\\":[\\\"locality\\\",\\\"political\\\"]},{\\\"long_name\\\":\\\"Armagh\\\",\\\"short_name\\\":\\\"Armagh\\\",\\\"types\\\":[\\\"postal_town\\\"]},{\\\"long_name\\\":\\\"Armagh\\\",\\\"short_name\\\":\\\"Armagh\\\",\\\"types\\\":[\\\"administrative_area_level_2\\\",\\\"political\\\"]},{\\\"long_name\\\":\\\"United Kingdom\\\",\\\"short_name\\\":\\\"GB\\\",\\\"types\\\":[\\\"country\\\",\\\"political\\\"]},{\\\"long_name\\\":\\\"BT61 9LW\\\",\\\"short_name\\\":\\\"BT61 9LW\\\",\\\"types\\\":[\\\"postal_code\\\"]}],\\\"locationId\\\":\\\"1\\\",\\\"elementId\\\":\\\"125\\\",\\\"deleted\\\":false}],\\\"polygons\\\":[],\\\"polylines\\\":[],\\\"routes\\\":[],\\\"circles\\\":[],\\\"groundOverlays\\\":[]}\",\"85\":\"\",\"96\":[\"120\"],\"63\":\"secondary\",\"64\":\"\",\"23\":\"<p>The local \\/ global church<\\/p>\",\"3\":\"\",\"29\":\"_layout-church\"}}', '2014-09-30 14:52:55', '2014-09-30 14:52:55', '61f0c1af-6dd6-4d45-811a-bcdcc21ba5e4');
INSERT INTO `di_entryversions` (`id`, `entryId`, `sectionId`, `creatorId`, `locale`, `num`, `notes`, `data`, `dateCreated`, `dateUpdated`, `uid`) VALUES ('342', '125', '13', '1', 'en_gb', '5', '', '{\"typeId\":\"14\",\"authorId\":\"1\",\"title\":\"Grace Community Church\",\"slug\":\"grace-community-church\",\"postDate\":1412087040,\"expiryDate\":null,\"enabled\":1,\"fields\":{\"50\":[{\"col1\":\"\",\"col2\":\"\",\"col3\":\"\",\"col4\":\"\",\"col5\":\"\",\"col6\":\"\"}],\"2\":\"\",\"14\":\"\",\"62\":[\"60\"],\"1\":\"\",\"93\":[{\"col1\":\"\",\"col2\":\"\",\"col3\":\"\"}],\"28\":\"\",\"16\":\"\",\"51\":\"{\\\"markers\\\":[{\\\"isNew\\\":false,\\\"isSavedToMap\\\":true,\\\"title\\\":\\\"\\\",\\\"distance\\\":false,\\\"icon\\\":\\\"\\\",\\\"lat\\\":54.3879396,\\\"lng\\\":-6.5344737,\\\"content\\\":\\\"Drop Inn Community Church<br> 171 Dobbin Road<br> Richhill<br> Armagh<br> Armagh BT61 9LW<br> UK\\\",\\\"customContent\\\":false,\\\"address\\\":\\\"Drop Inn Community Church, 171 Dobbin Road, Richhill, Armagh, Armagh BT61 9LW, UK\\\",\\\"addressComponents\\\":[{\\\"long_name\\\":\\\"Drop Inn Community Church\\\",\\\"short_name\\\":\\\"Drop Inn Community Church\\\",\\\"types\\\":[\\\"point_of_interest\\\",\\\"establishment\\\"]},{\\\"long_name\\\":\\\"171\\\",\\\"short_name\\\":\\\"171\\\",\\\"types\\\":[\\\"street_number\\\"]},{\\\"long_name\\\":\\\"Dobbin Road\\\",\\\"short_name\\\":\\\"Dobbin Rd\\\",\\\"types\\\":[\\\"route\\\"]},{\\\"long_name\\\":\\\"Richhill\\\",\\\"short_name\\\":\\\"Richhill\\\",\\\"types\\\":[\\\"locality\\\",\\\"political\\\"]},{\\\"long_name\\\":\\\"Armagh\\\",\\\"short_name\\\":\\\"Armagh\\\",\\\"types\\\":[\\\"postal_town\\\"]},{\\\"long_name\\\":\\\"Armagh\\\",\\\"short_name\\\":\\\"Armagh\\\",\\\"types\\\":[\\\"administrative_area_level_2\\\",\\\"political\\\"]},{\\\"long_name\\\":\\\"United Kingdom\\\",\\\"short_name\\\":\\\"GB\\\",\\\"types\\\":[\\\"country\\\",\\\"political\\\"]},{\\\"long_name\\\":\\\"BT61 9LW\\\",\\\"short_name\\\":\\\"BT61 9LW\\\",\\\"types\\\":[\\\"postal_code\\\"]}],\\\"locationId\\\":\\\"1\\\",\\\"elementId\\\":\\\"125\\\",\\\"deleted\\\":false}],\\\"polygons\\\":[],\\\"polylines\\\":[],\\\"routes\\\":[],\\\"circles\\\":[],\\\"groundOverlays\\\":[]}\",\"85\":\"\",\"96\":[\"120\"],\"63\":\"secondary\",\"64\":\"\",\"23\":\"<p>The local \\/ global church<\\/p>\",\"3\":\"\",\"29\":\"_layout-church\"}}', '2014-09-30 14:53:29', '2014-09-30 14:53:29', 'd609dbc0-1bbb-4f77-aedb-abf2e8aed3e3');
INSERT INTO `di_entryversions` (`id`, `entryId`, `sectionId`, `creatorId`, `locale`, `num`, `notes`, `data`, `dateCreated`, `dateUpdated`, `uid`) VALUES ('343', '125', '13', '1', 'en_gb', '6', '', '{\"typeId\":\"14\",\"authorId\":\"1\",\"title\":\"Grace Community Church\",\"slug\":\"grace-community-church\",\"postDate\":1412087040,\"expiryDate\":null,\"enabled\":1,\"fields\":{\"50\":[{\"col1\":\"\",\"col2\":\"\",\"col3\":\"\",\"col4\":\"\",\"col5\":\"\",\"col6\":\"\"}],\"2\":\"\",\"14\":\"\",\"62\":[\"60\"],\"1\":\"\",\"93\":[{\"col1\":\"\",\"col2\":\"\",\"col3\":\"\"}],\"28\":\"\",\"16\":\"\",\"51\":\"{\\\"markers\\\":[{\\\"isNew\\\":false,\\\"isSavedToMap\\\":true,\\\"title\\\":\\\"\\\",\\\"distance\\\":false,\\\"icon\\\":\\\"\\\",\\\"lat\\\":54.3879396,\\\"lng\\\":-6.5344737,\\\"content\\\":\\\"Drop Inn Community Church<br> 171 Dobbin Road<br> Richhill<br> Armagh<br> Armagh BT61 9LW<br> UK\\\",\\\"customContent\\\":false,\\\"address\\\":\\\"Drop Inn Community Church, 171 Dobbin Road, Richhill, Armagh, Armagh BT61 9LW, UK\\\",\\\"addressComponents\\\":[{\\\"long_name\\\":\\\"Drop Inn Community Church\\\",\\\"short_name\\\":\\\"Drop Inn Community Church\\\",\\\"types\\\":[\\\"point_of_interest\\\",\\\"establishment\\\"]},{\\\"long_name\\\":\\\"171\\\",\\\"short_name\\\":\\\"171\\\",\\\"types\\\":[\\\"street_number\\\"]},{\\\"long_name\\\":\\\"Dobbin Road\\\",\\\"short_name\\\":\\\"Dobbin Rd\\\",\\\"types\\\":[\\\"route\\\"]},{\\\"long_name\\\":\\\"Richhill\\\",\\\"short_name\\\":\\\"Richhill\\\",\\\"types\\\":[\\\"locality\\\",\\\"political\\\"]},{\\\"long_name\\\":\\\"Armagh\\\",\\\"short_name\\\":\\\"Armagh\\\",\\\"types\\\":[\\\"postal_town\\\"]},{\\\"long_name\\\":\\\"Armagh\\\",\\\"short_name\\\":\\\"Armagh\\\",\\\"types\\\":[\\\"administrative_area_level_2\\\",\\\"political\\\"]},{\\\"long_name\\\":\\\"United Kingdom\\\",\\\"short_name\\\":\\\"GB\\\",\\\"types\\\":[\\\"country\\\",\\\"political\\\"]},{\\\"long_name\\\":\\\"BT61 9LW\\\",\\\"short_name\\\":\\\"BT61 9LW\\\",\\\"types\\\":[\\\"postal_code\\\"]}],\\\"locationId\\\":\\\"1\\\",\\\"elementId\\\":\\\"125\\\",\\\"deleted\\\":false}],\\\"polygons\\\":[],\\\"polylines\\\":[],\\\"routes\\\":[],\\\"circles\\\":[],\\\"groundOverlays\\\":[]}\",\"85\":\"\",\"96\":[\"120\"],\"63\":\"shade\",\"64\":\"\",\"23\":\"<p>The local \\/ global church<\\/p>\",\"3\":\"\",\"29\":\"_layout-church\"}}', '2014-09-30 15:02:49', '2014-09-30 15:02:49', 'b2edea58-dbbc-4d65-bbaa-6314a21a0010');
INSERT INTO `di_entryversions` (`id`, `entryId`, `sectionId`, `creatorId`, `locale`, `num`, `notes`, `data`, `dateCreated`, `dateUpdated`, `uid`) VALUES ('344', '125', '13', '1', 'en_gb', '7', '', '{\"typeId\":\"14\",\"authorId\":\"1\",\"title\":\"Grace Community Church\",\"slug\":\"grace-community-church\",\"postDate\":1412087040,\"expiryDate\":null,\"enabled\":1,\"fields\":{\"50\":[{\"col1\":\"\",\"col2\":\"\",\"col3\":\"\",\"col4\":\"\",\"col5\":\"\",\"col6\":\"\"}],\"2\":\"\",\"14\":\"\",\"62\":[\"60\"],\"1\":\"\",\"93\":[{\"col1\":\"\",\"col2\":\"\",\"col3\":\"\"}],\"28\":\"\",\"16\":\"\",\"51\":\"{\\\"markers\\\":[{\\\"isNew\\\":false,\\\"isSavedToMap\\\":true,\\\"title\\\":\\\"\\\",\\\"distance\\\":false,\\\"icon\\\":\\\"\\\",\\\"lat\\\":54.3879396,\\\"lng\\\":-6.5344737,\\\"content\\\":\\\"Drop Inn Community Church<br> 171 Dobbin Road<br> Richhill<br> Armagh<br> Armagh BT61 9LW<br> UK\\\",\\\"customContent\\\":false,\\\"address\\\":\\\"Drop Inn Community Church, 171 Dobbin Road, Richhill, Armagh, Armagh BT61 9LW, UK\\\",\\\"addressComponents\\\":[{\\\"long_name\\\":\\\"Drop Inn Community Church\\\",\\\"short_name\\\":\\\"Drop Inn Community Church\\\",\\\"types\\\":[\\\"point_of_interest\\\",\\\"establishment\\\"]},{\\\"long_name\\\":\\\"171\\\",\\\"short_name\\\":\\\"171\\\",\\\"types\\\":[\\\"street_number\\\"]},{\\\"long_name\\\":\\\"Dobbin Road\\\",\\\"short_name\\\":\\\"Dobbin Rd\\\",\\\"types\\\":[\\\"route\\\"]},{\\\"long_name\\\":\\\"Richhill\\\",\\\"short_name\\\":\\\"Richhill\\\",\\\"types\\\":[\\\"locality\\\",\\\"political\\\"]},{\\\"long_name\\\":\\\"Armagh\\\",\\\"short_name\\\":\\\"Armagh\\\",\\\"types\\\":[\\\"postal_town\\\"]},{\\\"long_name\\\":\\\"Armagh\\\",\\\"short_name\\\":\\\"Armagh\\\",\\\"types\\\":[\\\"administrative_area_level_2\\\",\\\"political\\\"]},{\\\"long_name\\\":\\\"United Kingdom\\\",\\\"short_name\\\":\\\"GB\\\",\\\"types\\\":[\\\"country\\\",\\\"political\\\"]},{\\\"long_name\\\":\\\"BT61 9LW\\\",\\\"short_name\\\":\\\"BT61 9LW\\\",\\\"types\\\":[\\\"postal_code\\\"]}],\\\"locationId\\\":\\\"1\\\",\\\"elementId\\\":\\\"125\\\",\\\"deleted\\\":false}],\\\"polygons\\\":[],\\\"polylines\\\":[],\\\"routes\\\":[],\\\"circles\\\":[],\\\"groundOverlays\\\":[]}\",\"85\":\"\",\"96\":[\"120\"],\"63\":\"tertiary\",\"64\":\"\",\"23\":\"<p>The local \\/ global church<\\/p>\",\"3\":\"\",\"29\":\"_layout-church\"}}', '2014-09-30 15:08:26', '2014-09-30 15:08:26', '826aedb3-176a-4086-b822-6064dd523017');
INSERT INTO `di_entryversions` (`id`, `entryId`, `sectionId`, `creatorId`, `locale`, `num`, `notes`, `data`, `dateCreated`, `dateUpdated`, `uid`) VALUES ('345', '125', '13', '1', 'en_gb', '8', '', '{\"typeId\":\"14\",\"authorId\":\"1\",\"title\":\"Grace Community Church\",\"slug\":\"grace-community-church\",\"postDate\":1412087040,\"expiryDate\":null,\"enabled\":1,\"fields\":{\"50\":[{\"col1\":\"\",\"col2\":\"\",\"col3\":\"\",\"col4\":\"\",\"col5\":\"\",\"col6\":\"\"}],\"2\":\"\",\"14\":\"\",\"62\":[\"60\"],\"1\":\"\",\"93\":[{\"col1\":\"\",\"col2\":\"\",\"col3\":\"\"}],\"28\":\"\",\"16\":\"\",\"51\":\"{\\\"markers\\\":[{\\\"isNew\\\":false,\\\"isSavedToMap\\\":true,\\\"title\\\":\\\"\\\",\\\"distance\\\":false,\\\"icon\\\":\\\"\\\",\\\"lat\\\":54.3879396,\\\"lng\\\":-6.5344737,\\\"content\\\":\\\"Drop Inn Community Church<br> 171 Dobbin Road<br> Richhill<br> Armagh<br> Armagh BT61 9LW<br> UK\\\",\\\"customContent\\\":false,\\\"address\\\":\\\"Drop Inn Community Church, 171 Dobbin Road, Richhill, Armagh, Armagh BT61 9LW, UK\\\",\\\"addressComponents\\\":[{\\\"long_name\\\":\\\"Drop Inn Community Church\\\",\\\"short_name\\\":\\\"Drop Inn Community Church\\\",\\\"types\\\":[\\\"point_of_interest\\\",\\\"establishment\\\"]},{\\\"long_name\\\":\\\"171\\\",\\\"short_name\\\":\\\"171\\\",\\\"types\\\":[\\\"street_number\\\"]},{\\\"long_name\\\":\\\"Dobbin Road\\\",\\\"short_name\\\":\\\"Dobbin Rd\\\",\\\"types\\\":[\\\"route\\\"]},{\\\"long_name\\\":\\\"Richhill\\\",\\\"short_name\\\":\\\"Richhill\\\",\\\"types\\\":[\\\"locality\\\",\\\"political\\\"]},{\\\"long_name\\\":\\\"Armagh\\\",\\\"short_name\\\":\\\"Armagh\\\",\\\"types\\\":[\\\"postal_town\\\"]},{\\\"long_name\\\":\\\"Armagh\\\",\\\"short_name\\\":\\\"Armagh\\\",\\\"types\\\":[\\\"administrative_area_level_2\\\",\\\"political\\\"]},{\\\"long_name\\\":\\\"United Kingdom\\\",\\\"short_name\\\":\\\"GB\\\",\\\"types\\\":[\\\"country\\\",\\\"political\\\"]},{\\\"long_name\\\":\\\"BT61 9LW\\\",\\\"short_name\\\":\\\"BT61 9LW\\\",\\\"types\\\":[\\\"postal_code\\\"]}],\\\"locationId\\\":\\\"1\\\",\\\"elementId\\\":\\\"125\\\",\\\"deleted\\\":false}],\\\"polygons\\\":[],\\\"polylines\\\":[],\\\"routes\\\":[],\\\"circles\\\":[],\\\"groundOverlays\\\":[]}\",\"85\":\"\",\"96\":[\"120\"],\"63\":\"quaternary\",\"64\":\"\",\"23\":\"<p>The local \\/ global church<\\/p>\",\"3\":\"\",\"29\":\"_layout-church\"}}', '2014-09-30 15:10:34', '2014-09-30 15:10:34', 'bc700b94-f6be-43a2-a49e-7e50bb7a69d6');
INSERT INTO `di_entryversions` (`id`, `entryId`, `sectionId`, `creatorId`, `locale`, `num`, `notes`, `data`, `dateCreated`, `dateUpdated`, `uid`) VALUES ('346', '125', '13', '1', 'en_gb', '9', '', '{\"typeId\":\"14\",\"authorId\":\"1\",\"title\":\"Grace Community Church\",\"slug\":\"grace-community-church\",\"postDate\":1412087040,\"expiryDate\":null,\"enabled\":1,\"fields\":{\"50\":[{\"col1\":\"\",\"col2\":\"\",\"col3\":\"\",\"col4\":\"\",\"col5\":\"\",\"col6\":\"\"}],\"2\":\"\",\"14\":\"\",\"62\":[\"60\"],\"1\":\"\",\"93\":[{\"col1\":\"\",\"col2\":\"\",\"col3\":\"\"}],\"28\":\"\",\"16\":\"\",\"51\":\"{\\\"markers\\\":[{\\\"isNew\\\":false,\\\"isSavedToMap\\\":true,\\\"title\\\":\\\"\\\",\\\"distance\\\":false,\\\"icon\\\":\\\"\\\",\\\"lat\\\":54.3879396,\\\"lng\\\":-6.5344737,\\\"content\\\":\\\"Drop Inn Community Church<br> 171 Dobbin Road<br> Richhill<br> Armagh<br> Armagh BT61 9LW<br> UK\\\",\\\"customContent\\\":false,\\\"address\\\":\\\"Drop Inn Community Church, 171 Dobbin Road, Richhill, Armagh, Armagh BT61 9LW, UK\\\",\\\"addressComponents\\\":[{\\\"long_name\\\":\\\"Drop Inn Community Church\\\",\\\"short_name\\\":\\\"Drop Inn Community Church\\\",\\\"types\\\":[\\\"point_of_interest\\\",\\\"establishment\\\"]},{\\\"long_name\\\":\\\"171\\\",\\\"short_name\\\":\\\"171\\\",\\\"types\\\":[\\\"street_number\\\"]},{\\\"long_name\\\":\\\"Dobbin Road\\\",\\\"short_name\\\":\\\"Dobbin Rd\\\",\\\"types\\\":[\\\"route\\\"]},{\\\"long_name\\\":\\\"Richhill\\\",\\\"short_name\\\":\\\"Richhill\\\",\\\"types\\\":[\\\"locality\\\",\\\"political\\\"]},{\\\"long_name\\\":\\\"Armagh\\\",\\\"short_name\\\":\\\"Armagh\\\",\\\"types\\\":[\\\"postal_town\\\"]},{\\\"long_name\\\":\\\"Armagh\\\",\\\"short_name\\\":\\\"Armagh\\\",\\\"types\\\":[\\\"administrative_area_level_2\\\",\\\"political\\\"]},{\\\"long_name\\\":\\\"United Kingdom\\\",\\\"short_name\\\":\\\"GB\\\",\\\"types\\\":[\\\"country\\\",\\\"political\\\"]},{\\\"long_name\\\":\\\"BT61 9LW\\\",\\\"short_name\\\":\\\"BT61 9LW\\\",\\\"types\\\":[\\\"postal_code\\\"]}],\\\"locationId\\\":\\\"1\\\",\\\"elementId\\\":\\\"125\\\",\\\"deleted\\\":false}],\\\"polygons\\\":[],\\\"polylines\\\":[],\\\"routes\\\":[],\\\"circles\\\":[],\\\"groundOverlays\\\":[]}\",\"85\":\"\",\"96\":[\"120\"],\"63\":\"tertiary\",\"64\":\"\",\"23\":\"<p>The local \\/ global church<\\/p>\",\"3\":\"\",\"29\":\"_layout-church\"}}', '2014-09-30 15:13:45', '2014-09-30 15:13:45', '28985ebf-91c4-479c-adf6-fd1d72a60767');
INSERT INTO `di_entryversions` (`id`, `entryId`, `sectionId`, `creatorId`, `locale`, `num`, `notes`, `data`, `dateCreated`, `dateUpdated`, `uid`) VALUES ('347', '125', '13', '1', 'en_gb', '10', '', '{\"typeId\":\"14\",\"authorId\":\"1\",\"title\":\"Grace Community Church\",\"slug\":\"grace-community-church\",\"postDate\":1412087040,\"expiryDate\":null,\"enabled\":1,\"fields\":{\"50\":[{\"col1\":\"\",\"col2\":\"\",\"col3\":\"\",\"col4\":\"\",\"col5\":\"\",\"col6\":\"\"}],\"2\":\"\",\"14\":\"\",\"62\":[\"60\"],\"1\":\"\",\"93\":[{\"col1\":\"\",\"col2\":\"\",\"col3\":\"\"}],\"28\":\"\",\"16\":\"\",\"51\":\"{\\\"markers\\\":[{\\\"isNew\\\":false,\\\"isSavedToMap\\\":true,\\\"title\\\":\\\"\\\",\\\"distance\\\":false,\\\"icon\\\":\\\"\\\",\\\"lat\\\":54.3879396,\\\"lng\\\":-6.5344737,\\\"content\\\":\\\"Drop Inn Community Church<br> 171 Dobbin Road<br> Richhill<br> Armagh<br> Armagh BT61 9LW<br> UK\\\",\\\"customContent\\\":false,\\\"address\\\":\\\"Drop Inn Community Church, 171 Dobbin Road, Richhill, Armagh, Armagh BT61 9LW, UK\\\",\\\"addressComponents\\\":[{\\\"long_name\\\":\\\"Drop Inn Community Church\\\",\\\"short_name\\\":\\\"Drop Inn Community Church\\\",\\\"types\\\":[\\\"point_of_interest\\\",\\\"establishment\\\"]},{\\\"long_name\\\":\\\"171\\\",\\\"short_name\\\":\\\"171\\\",\\\"types\\\":[\\\"street_number\\\"]},{\\\"long_name\\\":\\\"Dobbin Road\\\",\\\"short_name\\\":\\\"Dobbin Rd\\\",\\\"types\\\":[\\\"route\\\"]},{\\\"long_name\\\":\\\"Richhill\\\",\\\"short_name\\\":\\\"Richhill\\\",\\\"types\\\":[\\\"locality\\\",\\\"political\\\"]},{\\\"long_name\\\":\\\"Armagh\\\",\\\"short_name\\\":\\\"Armagh\\\",\\\"types\\\":[\\\"postal_town\\\"]},{\\\"long_name\\\":\\\"Armagh\\\",\\\"short_name\\\":\\\"Armagh\\\",\\\"types\\\":[\\\"administrative_area_level_2\\\",\\\"political\\\"]},{\\\"long_name\\\":\\\"United Kingdom\\\",\\\"short_name\\\":\\\"GB\\\",\\\"types\\\":[\\\"country\\\",\\\"political\\\"]},{\\\"long_name\\\":\\\"BT61 9LW\\\",\\\"short_name\\\":\\\"BT61 9LW\\\",\\\"types\\\":[\\\"postal_code\\\"]}],\\\"locationId\\\":\\\"1\\\",\\\"elementId\\\":\\\"125\\\",\\\"deleted\\\":false}],\\\"polygons\\\":[],\\\"polylines\\\":[],\\\"routes\\\":[],\\\"circles\\\":[],\\\"groundOverlays\\\":[]}\",\"85\":\"\",\"96\":[\"120\"],\"63\":\"primary\",\"64\":\"\",\"23\":\"<p>The local \\/ global church<\\/p>\",\"3\":\"\",\"29\":\"_layout-church\"}}', '2014-09-30 15:14:00', '2014-09-30 15:14:00', '2cdba6b6-1e3b-4e83-97e4-16d428af6acf');
INSERT INTO `di_entryversions` (`id`, `entryId`, `sectionId`, `creatorId`, `locale`, `num`, `notes`, `data`, `dateCreated`, `dateUpdated`, `uid`) VALUES ('348', '125', '13', '1', 'en_gb', '11', '', '{\"typeId\":\"14\",\"authorId\":\"1\",\"title\":\"Grace Community Church\",\"slug\":\"grace-community-church\",\"postDate\":1412087040,\"expiryDate\":null,\"enabled\":1,\"fields\":{\"50\":[{\"col1\":\"\",\"col2\":\"\",\"col3\":\"\",\"col4\":\"\",\"col5\":\"\",\"col6\":\"\"}],\"2\":\"\",\"14\":\"\",\"62\":[\"60\"],\"1\":\"\",\"93\":[{\"col1\":\"\",\"col2\":\"\",\"col3\":\"\"}],\"28\":\"\",\"16\":\"\",\"17\":\"background\",\"51\":\"{\\\"markers\\\":[{\\\"isNew\\\":false,\\\"isSavedToMap\\\":true,\\\"title\\\":\\\"\\\",\\\"distance\\\":false,\\\"icon\\\":\\\"\\\",\\\"lat\\\":54.3879396,\\\"lng\\\":-6.5344737,\\\"content\\\":\\\"Drop Inn Community Church<br> 171 Dobbin Road<br> Richhill<br> Armagh<br> Armagh BT61 9LW<br> UK\\\",\\\"customContent\\\":false,\\\"address\\\":\\\"Drop Inn Community Church, 171 Dobbin Road, Richhill, Armagh, Armagh BT61 9LW, UK\\\",\\\"addressComponents\\\":[{\\\"long_name\\\":\\\"Drop Inn Community Church\\\",\\\"short_name\\\":\\\"Drop Inn Community Church\\\",\\\"types\\\":[\\\"point_of_interest\\\",\\\"establishment\\\"]},{\\\"long_name\\\":\\\"171\\\",\\\"short_name\\\":\\\"171\\\",\\\"types\\\":[\\\"street_number\\\"]},{\\\"long_name\\\":\\\"Dobbin Road\\\",\\\"short_name\\\":\\\"Dobbin Rd\\\",\\\"types\\\":[\\\"route\\\"]},{\\\"long_name\\\":\\\"Richhill\\\",\\\"short_name\\\":\\\"Richhill\\\",\\\"types\\\":[\\\"locality\\\",\\\"political\\\"]},{\\\"long_name\\\":\\\"Armagh\\\",\\\"short_name\\\":\\\"Armagh\\\",\\\"types\\\":[\\\"postal_town\\\"]},{\\\"long_name\\\":\\\"Armagh\\\",\\\"short_name\\\":\\\"Armagh\\\",\\\"types\\\":[\\\"administrative_area_level_2\\\",\\\"political\\\"]},{\\\"long_name\\\":\\\"United Kingdom\\\",\\\"short_name\\\":\\\"GB\\\",\\\"types\\\":[\\\"country\\\",\\\"political\\\"]},{\\\"long_name\\\":\\\"BT61 9LW\\\",\\\"short_name\\\":\\\"BT61 9LW\\\",\\\"types\\\":[\\\"postal_code\\\"]}],\\\"locationId\\\":\\\"1\\\",\\\"elementId\\\":\\\"125\\\",\\\"deleted\\\":false}],\\\"polygons\\\":[],\\\"polylines\\\":[],\\\"routes\\\":[],\\\"circles\\\":[],\\\"groundOverlays\\\":[]}\",\"85\":\"\",\"96\":[\"120\"],\"63\":\"primary\",\"64\":\"\",\"23\":\"<p>The local \\/ global church<\\/p>\",\"3\":\"\",\"29\":\"_layout-church\"}}', '2014-09-30 15:16:09', '2014-09-30 15:16:09', 'a39d0fc5-acc7-4181-90df-01a14386b966');
INSERT INTO `di_entryversions` (`id`, `entryId`, `sectionId`, `creatorId`, `locale`, `num`, `notes`, `data`, `dateCreated`, `dateUpdated`, `uid`) VALUES ('349', '125', '13', '1', 'en_gb', '12', '', '{\"typeId\":\"14\",\"authorId\":\"1\",\"title\":\"Grace Community Church\",\"slug\":\"grace-community-church\",\"postDate\":1412087040,\"expiryDate\":null,\"enabled\":1,\"fields\":{\"50\":[{\"col1\":\"\",\"col2\":\"\",\"col3\":\"\",\"col4\":\"\",\"col5\":\"\",\"col6\":\"\"}],\"2\":\"\",\"14\":\"\",\"62\":[\"71\"],\"1\":\"\",\"93\":[{\"col1\":\"\",\"col2\":\"\",\"col3\":\"\"}],\"28\":\"\",\"16\":\"\",\"17\":\"background\",\"51\":\"{\\\"markers\\\":[{\\\"isNew\\\":false,\\\"isSavedToMap\\\":true,\\\"title\\\":\\\"\\\",\\\"distance\\\":false,\\\"icon\\\":\\\"\\\",\\\"lat\\\":54.3879396,\\\"lng\\\":-6.5344737,\\\"content\\\":\\\"Drop Inn Community Church<br> 171 Dobbin Road<br> Richhill<br> Armagh<br> Armagh BT61 9LW<br> UK\\\",\\\"customContent\\\":false,\\\"address\\\":\\\"Drop Inn Community Church, 171 Dobbin Road, Richhill, Armagh, Armagh BT61 9LW, UK\\\",\\\"addressComponents\\\":[{\\\"long_name\\\":\\\"Drop Inn Community Church\\\",\\\"short_name\\\":\\\"Drop Inn Community Church\\\",\\\"types\\\":[\\\"point_of_interest\\\",\\\"establishment\\\"]},{\\\"long_name\\\":\\\"171\\\",\\\"short_name\\\":\\\"171\\\",\\\"types\\\":[\\\"street_number\\\"]},{\\\"long_name\\\":\\\"Dobbin Road\\\",\\\"short_name\\\":\\\"Dobbin Rd\\\",\\\"types\\\":[\\\"route\\\"]},{\\\"long_name\\\":\\\"Richhill\\\",\\\"short_name\\\":\\\"Richhill\\\",\\\"types\\\":[\\\"locality\\\",\\\"political\\\"]},{\\\"long_name\\\":\\\"Armagh\\\",\\\"short_name\\\":\\\"Armagh\\\",\\\"types\\\":[\\\"postal_town\\\"]},{\\\"long_name\\\":\\\"Armagh\\\",\\\"short_name\\\":\\\"Armagh\\\",\\\"types\\\":[\\\"administrative_area_level_2\\\",\\\"political\\\"]},{\\\"long_name\\\":\\\"United Kingdom\\\",\\\"short_name\\\":\\\"GB\\\",\\\"types\\\":[\\\"country\\\",\\\"political\\\"]},{\\\"long_name\\\":\\\"BT61 9LW\\\",\\\"short_name\\\":\\\"BT61 9LW\\\",\\\"types\\\":[\\\"postal_code\\\"]}],\\\"locationId\\\":\\\"1\\\",\\\"elementId\\\":\\\"125\\\",\\\"deleted\\\":false}],\\\"polygons\\\":[],\\\"polylines\\\":[],\\\"routes\\\":[],\\\"circles\\\":[],\\\"groundOverlays\\\":[]}\",\"85\":\"\",\"96\":[\"120\"],\"63\":\"primary\",\"64\":\"\",\"23\":\"<p>The local \\/ global church<\\/p>\",\"3\":\"\",\"29\":\"_layout-church\"}}', '2014-09-30 15:19:48', '2014-09-30 15:19:48', 'e9513dba-b262-4b5a-a2d8-2a07377ccae3');
INSERT INTO `di_entryversions` (`id`, `entryId`, `sectionId`, `creatorId`, `locale`, `num`, `notes`, `data`, `dateCreated`, `dateUpdated`, `uid`) VALUES ('350', '125', '13', '1', 'en_gb', '13', '', '{\"typeId\":\"14\",\"authorId\":\"1\",\"title\":\"Grace Community Church\",\"slug\":\"grace-community-church\",\"postDate\":1412087040,\"expiryDate\":null,\"enabled\":1,\"fields\":{\"50\":[{\"col1\":\"\",\"col2\":\"\",\"col3\":\"\",\"col4\":\"\",\"col5\":\"\",\"col6\":\"\"}],\"2\":\"\",\"14\":\"\",\"62\":[\"71\"],\"1\":\"\",\"93\":[{\"col1\":\"\",\"col2\":\"\",\"col3\":\"\"}],\"28\":\"\",\"16\":\"\",\"17\":\"background\",\"51\":\"{\\\"markers\\\":[{\\\"isNew\\\":false,\\\"isSavedToMap\\\":true,\\\"title\\\":\\\"\\\",\\\"distance\\\":false,\\\"icon\\\":\\\"\\\",\\\"lat\\\":54.3879396,\\\"lng\\\":-6.5344737,\\\"content\\\":\\\"Drop Inn Community Church<br> 171 Dobbin Road<br> Richhill<br> Armagh<br> Armagh BT61 9LW<br> UK\\\",\\\"customContent\\\":false,\\\"address\\\":\\\"Drop Inn Community Church, 171 Dobbin Road, Richhill, Armagh, Armagh BT61 9LW, UK\\\",\\\"addressComponents\\\":[{\\\"long_name\\\":\\\"Drop Inn Community Church\\\",\\\"short_name\\\":\\\"Drop Inn Community Church\\\",\\\"types\\\":[\\\"point_of_interest\\\",\\\"establishment\\\"]},{\\\"long_name\\\":\\\"171\\\",\\\"short_name\\\":\\\"171\\\",\\\"types\\\":[\\\"street_number\\\"]},{\\\"long_name\\\":\\\"Dobbin Road\\\",\\\"short_name\\\":\\\"Dobbin Rd\\\",\\\"types\\\":[\\\"route\\\"]},{\\\"long_name\\\":\\\"Richhill\\\",\\\"short_name\\\":\\\"Richhill\\\",\\\"types\\\":[\\\"locality\\\",\\\"political\\\"]},{\\\"long_name\\\":\\\"Armagh\\\",\\\"short_name\\\":\\\"Armagh\\\",\\\"types\\\":[\\\"postal_town\\\"]},{\\\"long_name\\\":\\\"Armagh\\\",\\\"short_name\\\":\\\"Armagh\\\",\\\"types\\\":[\\\"administrative_area_level_2\\\",\\\"political\\\"]},{\\\"long_name\\\":\\\"United Kingdom\\\",\\\"short_name\\\":\\\"GB\\\",\\\"types\\\":[\\\"country\\\",\\\"political\\\"]},{\\\"long_name\\\":\\\"BT61 9LW\\\",\\\"short_name\\\":\\\"BT61 9LW\\\",\\\"types\\\":[\\\"postal_code\\\"]}],\\\"locationId\\\":\\\"1\\\",\\\"elementId\\\":\\\"125\\\",\\\"deleted\\\":false}],\\\"polygons\\\":[],\\\"polylines\\\":[],\\\"routes\\\":[],\\\"circles\\\":[],\\\"groundOverlays\\\":[]}\",\"85\":\"\",\"96\":[\"120\"],\"63\":\"primary\",\"64\":\"\",\"23\":\"<p>The local \\/ global church<\\/p>\",\"3\":\"\",\"29\":\"_layout-tinhouse\"}}', '2014-09-30 15:21:56', '2014-09-30 15:21:56', 'ac938b3e-de28-4d47-980e-cd557188b9f8');
INSERT INTO `di_entryversions` (`id`, `entryId`, `sectionId`, `creatorId`, `locale`, `num`, `notes`, `data`, `dateCreated`, `dateUpdated`, `uid`) VALUES ('351', '125', '13', '1', 'en_gb', '14', '', '{\"typeId\":\"14\",\"authorId\":\"1\",\"title\":\"Grace Community Church\",\"slug\":\"grace-community-church\",\"postDate\":1412087040,\"expiryDate\":null,\"enabled\":1,\"fields\":{\"50\":[{\"col1\":\"\",\"col2\":\"\",\"col3\":\"\",\"col4\":\"\",\"col5\":\"\",\"col6\":\"\"}],\"2\":\"\",\"14\":\"\",\"62\":[\"71\"],\"1\":\"\",\"93\":[{\"col1\":\"\",\"col2\":\"\",\"col3\":\"\"}],\"28\":\"\",\"16\":\"\",\"17\":\"background\",\"51\":\"{\\\"markers\\\":[{\\\"isNew\\\":false,\\\"isSavedToMap\\\":true,\\\"title\\\":\\\"\\\",\\\"distance\\\":false,\\\"icon\\\":\\\"\\\",\\\"lat\\\":54.3879396,\\\"lng\\\":-6.5344737,\\\"content\\\":\\\"Drop Inn Community Church<br> 171 Dobbin Road<br> Richhill<br> Armagh<br> Armagh BT61 9LW<br> UK\\\",\\\"customContent\\\":false,\\\"address\\\":\\\"Drop Inn Community Church, 171 Dobbin Road, Richhill, Armagh, Armagh BT61 9LW, UK\\\",\\\"addressComponents\\\":[{\\\"long_name\\\":\\\"Drop Inn Community Church\\\",\\\"short_name\\\":\\\"Drop Inn Community Church\\\",\\\"types\\\":[\\\"point_of_interest\\\",\\\"establishment\\\"]},{\\\"long_name\\\":\\\"171\\\",\\\"short_name\\\":\\\"171\\\",\\\"types\\\":[\\\"street_number\\\"]},{\\\"long_name\\\":\\\"Dobbin Road\\\",\\\"short_name\\\":\\\"Dobbin Rd\\\",\\\"types\\\":[\\\"route\\\"]},{\\\"long_name\\\":\\\"Richhill\\\",\\\"short_name\\\":\\\"Richhill\\\",\\\"types\\\":[\\\"locality\\\",\\\"political\\\"]},{\\\"long_name\\\":\\\"Armagh\\\",\\\"short_name\\\":\\\"Armagh\\\",\\\"types\\\":[\\\"postal_town\\\"]},{\\\"long_name\\\":\\\"Armagh\\\",\\\"short_name\\\":\\\"Armagh\\\",\\\"types\\\":[\\\"administrative_area_level_2\\\",\\\"political\\\"]},{\\\"long_name\\\":\\\"United Kingdom\\\",\\\"short_name\\\":\\\"GB\\\",\\\"types\\\":[\\\"country\\\",\\\"political\\\"]},{\\\"long_name\\\":\\\"BT61 9LW\\\",\\\"short_name\\\":\\\"BT61 9LW\\\",\\\"types\\\":[\\\"postal_code\\\"]}],\\\"locationId\\\":\\\"1\\\",\\\"elementId\\\":\\\"125\\\",\\\"deleted\\\":false}],\\\"polygons\\\":[],\\\"polylines\\\":[],\\\"routes\\\":[],\\\"circles\\\":[],\\\"groundOverlays\\\":[]}\",\"85\":\"\",\"96\":[\"120\"],\"63\":\"primary\",\"64\":\"\",\"23\":\"<p>The local \\/ global church<\\/p>\",\"3\":\"\",\"29\":\"_layout-church\"}}', '2014-09-30 15:22:15', '2014-09-30 15:22:15', '79e6c1ac-c6f6-44bc-9d0b-eb3a399000de');
INSERT INTO `di_entryversions` (`id`, `entryId`, `sectionId`, `creatorId`, `locale`, `num`, `notes`, `data`, `dateCreated`, `dateUpdated`, `uid`) VALUES ('352', '126', '13', '1', 'en_gb', '1', '', '{\"typeId\":null,\"authorId\":\"1\",\"title\":\"Tin House Portadown\",\"slug\":\"tin-house-portadown\",\"postDate\":1412090965,\"expiryDate\":null,\"enabled\":1,\"fields\":{\"50\":[{\"col1\":\"16a Church Street\",\"col2\":\"Portadown\",\"col3\":\"County Armagh\",\"col4\":\"BT62 3LQ \",\"col5\":\"Northern Ireland\",\"col6\":\"\"}],\"2\":\"\",\"14\":\"\",\"62\":[\"65\"],\"1\":\"\",\"93\":[{\"col1\":\"\",\"col2\":\"\",\"col3\":\"\"}],\"28\":\"\",\"16\":\"\",\"17\":\"poster\",\"51\":\"{\\\"markers\\\":[{\\\"isNew\\\":true,\\\"isSavedToMap\\\":true,\\\"address\\\":\\\"16 Church Street, Portadown, Craigavon, Craigavon BT62 3LN, UK\\\",\\\"addressComponents\\\":[{\\\"long_name\\\":\\\"16\\\",\\\"short_name\\\":\\\"16\\\",\\\"types\\\":[\\\"street_number\\\"]},{\\\"long_name\\\":\\\"Church Street\\\",\\\"short_name\\\":\\\"Church St\\\",\\\"types\\\":[\\\"route\\\"]},{\\\"long_name\\\":\\\"Portadown\\\",\\\"short_name\\\":\\\"Portadown\\\",\\\"types\\\":[\\\"locality\\\",\\\"political\\\"]},{\\\"long_name\\\":\\\"Craigavon\\\",\\\"short_name\\\":\\\"Craigavon\\\",\\\"types\\\":[\\\"postal_town\\\"]},{\\\"long_name\\\":\\\"Craigavon\\\",\\\"short_name\\\":\\\"Craigavon\\\",\\\"types\\\":[\\\"administrative_area_level_2\\\",\\\"political\\\"]},{\\\"long_name\\\":\\\"United Kingdom\\\",\\\"short_name\\\":\\\"GB\\\",\\\"types\\\":[\\\"country\\\",\\\"political\\\"]},{\\\"long_name\\\":\\\"BT62 3LN\\\",\\\"short_name\\\":\\\"BT62 3LN\\\",\\\"types\\\":[\\\"postal_code\\\"]}],\\\"lat\\\":54.4219197,\\\"lng\\\":-6.4451232999999775,\\\"content\\\":\\\"16 Church Street<br> Portadown<br> Craigavon<br> Craigavon BT62 3LN<br> UK\\\",\\\"title\\\":\\\"\\\"}],\\\"polygons\\\":[],\\\"polylines\\\":[],\\\"routes\\\":[],\\\"circles\\\":[],\\\"groundOverlays\\\":[]}\",\"85\":\"\",\"96\":\"\",\"63\":\"none\",\"64\":\"\",\"23\":\"\",\"3\":\"\",\"29\":\"_layout\"}}', '2014-09-30 15:29:25', '2014-09-30 15:29:25', 'd9a15999-e6c9-49ff-9608-fdef2dca20df');
INSERT INTO `di_entryversions` (`id`, `entryId`, `sectionId`, `creatorId`, `locale`, `num`, `notes`, `data`, `dateCreated`, `dateUpdated`, `uid`) VALUES ('353', '126', '13', '1', 'en_gb', '2', '', '{\"typeId\":\"14\",\"authorId\":\"1\",\"title\":\"Tin House Portadown\",\"slug\":\"tin-house-portadown\",\"postDate\":1412090940,\"expiryDate\":null,\"enabled\":1,\"fields\":{\"50\":[{\"col1\":\"16a Church Street\",\"col2\":\"Portadown\",\"col3\":\"County Armagh\",\"col4\":\"BT62 3LQ \",\"col5\":\"Northern Ireland\",\"col6\":\"\"}],\"2\":\"\",\"14\":\"\",\"62\":[\"65\"],\"1\":\"\",\"93\":[{\"col1\":\"\",\"col2\":\"\",\"col3\":\"\"}],\"28\":\"\",\"16\":\"\",\"17\":\"poster\",\"51\":\"{\\\"markers\\\":[{\\\"isNew\\\":false,\\\"isSavedToMap\\\":true,\\\"title\\\":\\\"\\\",\\\"distance\\\":false,\\\"icon\\\":\\\"\\\",\\\"lat\\\":54.4219197,\\\"lng\\\":-6.4451233,\\\"content\\\":\\\"16 Church Street<br> Portadown<br> Craigavon<br> Craigavon BT62 3LN<br> UK\\\",\\\"customContent\\\":false,\\\"address\\\":\\\"16 Church Street, Portadown, Craigavon, Craigavon BT62 3LN, UK\\\",\\\"addressComponents\\\":[{\\\"long_name\\\":\\\"16\\\",\\\"short_name\\\":\\\"16\\\",\\\"types\\\":[\\\"street_number\\\"]},{\\\"long_name\\\":\\\"Church Street\\\",\\\"short_name\\\":\\\"Church St\\\",\\\"types\\\":[\\\"route\\\"]},{\\\"long_name\\\":\\\"Portadown\\\",\\\"short_name\\\":\\\"Portadown\\\",\\\"types\\\":[\\\"locality\\\",\\\"political\\\"]},{\\\"long_name\\\":\\\"Craigavon\\\",\\\"short_name\\\":\\\"Craigavon\\\",\\\"types\\\":[\\\"postal_town\\\"]},{\\\"long_name\\\":\\\"Craigavon\\\",\\\"short_name\\\":\\\"Craigavon\\\",\\\"types\\\":[\\\"administrative_area_level_2\\\",\\\"political\\\"]},{\\\"long_name\\\":\\\"United Kingdom\\\",\\\"short_name\\\":\\\"GB\\\",\\\"types\\\":[\\\"country\\\",\\\"political\\\"]},{\\\"long_name\\\":\\\"BT62 3LN\\\",\\\"short_name\\\":\\\"BT62 3LN\\\",\\\"types\\\":[\\\"postal_code\\\"]}],\\\"locationId\\\":\\\"2\\\",\\\"elementId\\\":\\\"126\\\",\\\"deleted\\\":false}],\\\"polygons\\\":[],\\\"polylines\\\":[],\\\"routes\\\":[],\\\"circles\\\":[],\\\"groundOverlays\\\":[]}\",\"85\":\"\",\"96\":\"\",\"63\":\"secondary\",\"64\":\"\",\"23\":\"\",\"3\":\"\",\"29\":\"_layout-tinhouse\"}}', '2014-09-30 15:29:45', '2014-09-30 15:29:45', 'ac3edd27-a346-4f27-9732-2f30b67c793c');
INSERT INTO `di_entryversions` (`id`, `entryId`, `sectionId`, `creatorId`, `locale`, `num`, `notes`, `data`, `dateCreated`, `dateUpdated`, `uid`) VALUES ('354', '126', '13', '1', 'en_gb', '3', '', '{\"typeId\":\"14\",\"authorId\":\"1\",\"title\":\"Tin House Portadown\",\"slug\":\"tin-house-portadown\",\"postDate\":1412090940,\"expiryDate\":null,\"enabled\":1,\"fields\":{\"50\":[{\"col1\":\"16a Church Street\",\"col2\":\"Portadown\",\"col3\":\"County Armagh\",\"col4\":\"BT62 3LQ \",\"col5\":\"Northern Ireland\",\"col6\":\"\"}],\"2\":\"\",\"14\":\"\",\"62\":[\"65\"],\"1\":\"\",\"93\":[{\"col1\":\"\",\"col2\":\"\",\"col3\":\"\"}],\"28\":\"\",\"16\":\"\",\"17\":\"background\",\"51\":\"{\\\"markers\\\":[{\\\"isNew\\\":false,\\\"isSavedToMap\\\":true,\\\"title\\\":\\\"\\\",\\\"distance\\\":false,\\\"icon\\\":\\\"\\\",\\\"lat\\\":54.4219197,\\\"lng\\\":-6.4451233,\\\"content\\\":\\\"16 Church Street<br> Portadown<br> Craigavon<br> Craigavon BT62 3LN<br> UK\\\",\\\"customContent\\\":false,\\\"address\\\":\\\"16 Church Street, Portadown, Craigavon, Craigavon BT62 3LN, UK\\\",\\\"addressComponents\\\":[{\\\"long_name\\\":\\\"16\\\",\\\"short_name\\\":\\\"16\\\",\\\"types\\\":[\\\"street_number\\\"]},{\\\"long_name\\\":\\\"Church Street\\\",\\\"short_name\\\":\\\"Church St\\\",\\\"types\\\":[\\\"route\\\"]},{\\\"long_name\\\":\\\"Portadown\\\",\\\"short_name\\\":\\\"Portadown\\\",\\\"types\\\":[\\\"locality\\\",\\\"political\\\"]},{\\\"long_name\\\":\\\"Craigavon\\\",\\\"short_name\\\":\\\"Craigavon\\\",\\\"types\\\":[\\\"postal_town\\\"]},{\\\"long_name\\\":\\\"Craigavon\\\",\\\"short_name\\\":\\\"Craigavon\\\",\\\"types\\\":[\\\"administrative_area_level_2\\\",\\\"political\\\"]},{\\\"long_name\\\":\\\"United Kingdom\\\",\\\"short_name\\\":\\\"GB\\\",\\\"types\\\":[\\\"country\\\",\\\"political\\\"]},{\\\"long_name\\\":\\\"BT62 3LN\\\",\\\"short_name\\\":\\\"BT62 3LN\\\",\\\"types\\\":[\\\"postal_code\\\"]}],\\\"locationId\\\":\\\"2\\\",\\\"elementId\\\":\\\"126\\\",\\\"deleted\\\":false}],\\\"polygons\\\":[],\\\"polylines\\\":[],\\\"routes\\\":[],\\\"circles\\\":[],\\\"groundOverlays\\\":[]}\",\"85\":\"\",\"96\":\"\",\"63\":\"secondary\",\"64\":\"\",\"23\":\"\",\"3\":\"\",\"29\":\"_layout-tinhouse\"}}', '2014-09-30 15:32:01', '2014-09-30 15:32:01', 'b25204ee-259e-45b7-aa5b-950f546d00a3');
INSERT INTO `di_entryversions` (`id`, `entryId`, `sectionId`, `creatorId`, `locale`, `num`, `notes`, `data`, `dateCreated`, `dateUpdated`, `uid`) VALUES ('355', '125', '13', '1', 'en_gb', '15', '', '{\"typeId\":\"14\",\"authorId\":\"1\",\"title\":\"Grace Community Church\",\"slug\":\"grace-community-church\",\"postDate\":1412087040,\"expiryDate\":null,\"enabled\":1,\"fields\":{\"50\":[{\"col1\":\"\",\"col2\":\"\",\"col3\":\"\",\"col4\":\"\",\"col5\":\"\",\"col6\":\"\"}],\"2\":\"\",\"14\":\"\",\"62\":[\"71\"],\"1\":\"\",\"93\":[{\"col1\":\"\",\"col2\":\"\",\"col3\":\"\"}],\"28\":\"\",\"16\":\"\",\"17\":\"background\",\"51\":\"{\\\"markers\\\":[{\\\"isNew\\\":false,\\\"isSavedToMap\\\":true,\\\"title\\\":\\\"\\\",\\\"distance\\\":false,\\\"icon\\\":\\\"\\\",\\\"lat\\\":54.3879396,\\\"lng\\\":-6.5344737,\\\"content\\\":\\\"Drop Inn Community Church<br> 171 Dobbin Road<br> Richhill<br> Armagh<br> Armagh BT61 9LW<br> UK\\\",\\\"customContent\\\":false,\\\"address\\\":\\\"Drop Inn Community Church, 171 Dobbin Road, Richhill, Armagh, Armagh BT61 9LW, UK\\\",\\\"addressComponents\\\":[{\\\"long_name\\\":\\\"Drop Inn Community Church\\\",\\\"short_name\\\":\\\"Drop Inn Community Church\\\",\\\"types\\\":[\\\"point_of_interest\\\",\\\"establishment\\\"]},{\\\"long_name\\\":\\\"171\\\",\\\"short_name\\\":\\\"171\\\",\\\"types\\\":[\\\"street_number\\\"]},{\\\"long_name\\\":\\\"Dobbin Road\\\",\\\"short_name\\\":\\\"Dobbin Rd\\\",\\\"types\\\":[\\\"route\\\"]},{\\\"long_name\\\":\\\"Richhill\\\",\\\"short_name\\\":\\\"Richhill\\\",\\\"types\\\":[\\\"locality\\\",\\\"political\\\"]},{\\\"long_name\\\":\\\"Armagh\\\",\\\"short_name\\\":\\\"Armagh\\\",\\\"types\\\":[\\\"postal_town\\\"]},{\\\"long_name\\\":\\\"Armagh\\\",\\\"short_name\\\":\\\"Armagh\\\",\\\"types\\\":[\\\"administrative_area_level_2\\\",\\\"political\\\"]},{\\\"long_name\\\":\\\"United Kingdom\\\",\\\"short_name\\\":\\\"GB\\\",\\\"types\\\":[\\\"country\\\",\\\"political\\\"]},{\\\"long_name\\\":\\\"BT61 9LW\\\",\\\"short_name\\\":\\\"BT61 9LW\\\",\\\"types\\\":[\\\"postal_code\\\"]}],\\\"locationId\\\":\\\"1\\\",\\\"elementId\\\":\\\"125\\\",\\\"deleted\\\":false}],\\\"polygons\\\":[],\\\"polylines\\\":[],\\\"routes\\\":[],\\\"circles\\\":[],\\\"groundOverlays\\\":[]}\",\"85\":\"\",\"96\":[\"120\"],\"63\":\"secondary\",\"64\":\"\",\"23\":\"<p>The local \\/ global church<\\/p>\",\"3\":\"\",\"29\":\"_layout-church\"}}', '2014-09-30 15:32:19', '2014-09-30 15:32:19', '0eb7a44d-14ac-47f9-91fe-d16db4560a46');
INSERT INTO `di_entryversions` (`id`, `entryId`, `sectionId`, `creatorId`, `locale`, `num`, `notes`, `data`, `dateCreated`, `dateUpdated`, `uid`) VALUES ('356', '126', '13', '1', 'en_gb', '4', '', '{\"typeId\":\"14\",\"authorId\":\"1\",\"title\":\"Tin House Portadown\",\"slug\":\"tin-house-portadown\",\"postDate\":1412090940,\"expiryDate\":null,\"enabled\":1,\"fields\":{\"50\":[{\"col1\":\"16a Church Street\",\"col2\":\"Portadown\",\"col3\":\"County Armagh\",\"col4\":\"BT62 3LQ \",\"col5\":\"Northern Ireland\",\"col6\":\"\"}],\"2\":\"\",\"14\":\"\",\"62\":[\"65\"],\"1\":\"Tin House Coffee\",\"93\":[{\"col1\":\"\",\"col2\":\"\",\"col3\":\"\"}],\"28\":\"\",\"16\":\"\",\"17\":\"background\",\"51\":\"{\\\"markers\\\":[{\\\"isNew\\\":false,\\\"isSavedToMap\\\":true,\\\"title\\\":\\\"\\\",\\\"distance\\\":false,\\\"icon\\\":\\\"\\\",\\\"lat\\\":54.4219197,\\\"lng\\\":-6.4451233,\\\"content\\\":\\\"16 Church Street<br> Portadown<br> Craigavon<br> Craigavon BT62 3LN<br> UK\\\",\\\"customContent\\\":false,\\\"address\\\":\\\"16 Church Street, Portadown, Craigavon, Craigavon BT62 3LN, UK\\\",\\\"addressComponents\\\":[{\\\"long_name\\\":\\\"16\\\",\\\"short_name\\\":\\\"16\\\",\\\"types\\\":[\\\"street_number\\\"]},{\\\"long_name\\\":\\\"Church Street\\\",\\\"short_name\\\":\\\"Church St\\\",\\\"types\\\":[\\\"route\\\"]},{\\\"long_name\\\":\\\"Portadown\\\",\\\"short_name\\\":\\\"Portadown\\\",\\\"types\\\":[\\\"locality\\\",\\\"political\\\"]},{\\\"long_name\\\":\\\"Craigavon\\\",\\\"short_name\\\":\\\"Craigavon\\\",\\\"types\\\":[\\\"postal_town\\\"]},{\\\"long_name\\\":\\\"Craigavon\\\",\\\"short_name\\\":\\\"Craigavon\\\",\\\"types\\\":[\\\"administrative_area_level_2\\\",\\\"political\\\"]},{\\\"long_name\\\":\\\"United Kingdom\\\",\\\"short_name\\\":\\\"GB\\\",\\\"types\\\":[\\\"country\\\",\\\"political\\\"]},{\\\"long_name\\\":\\\"BT62 3LN\\\",\\\"short_name\\\":\\\"BT62 3LN\\\",\\\"types\\\":[\\\"postal_code\\\"]}],\\\"locationId\\\":\\\"2\\\",\\\"elementId\\\":\\\"126\\\",\\\"deleted\\\":false}],\\\"polygons\\\":[],\\\"polylines\\\":[],\\\"routes\\\":[],\\\"circles\\\":[],\\\"groundOverlays\\\":[]}\",\"85\":\"\",\"96\":\"\",\"63\":\"secondary\",\"64\":\"\",\"23\":\"<p>Portadown<\\/p>\",\"3\":\"\",\"29\":\"_layout-tinhouse\"}}', '2014-09-30 15:32:56', '2014-09-30 15:32:56', '3c7f9919-c86c-41a3-9254-493ef257a26c');
INSERT INTO `di_entryversions` (`id`, `entryId`, `sectionId`, `creatorId`, `locale`, `num`, `notes`, `data`, `dateCreated`, `dateUpdated`, `uid`) VALUES ('357', '126', '13', '1', 'en_gb', '5', '', '{\"typeId\":\"14\",\"authorId\":\"1\",\"title\":\"Tin House Portadown\",\"slug\":\"tin-house-portadown\",\"postDate\":1412090940,\"expiryDate\":null,\"enabled\":1,\"fields\":{\"50\":[{\"col1\":\"16a Church Street\",\"col2\":\"Portadown\",\"col3\":\"County Armagh\",\"col4\":\"BT62 3LQ \",\"col5\":\"Northern Ireland\",\"col6\":\"\"}],\"2\":\"\",\"14\":\"\",\"62\":[\"65\"],\"1\":\"Tin House Coffee\",\"35\":{\"new1\":{\"type\":\"categoryItems\",\"enabled\":\"1\",\"fields\":{\"sectionTitle\":\"Other Places\",\"bandStyle\":\"none\",\"listStyle\":\"regular\",\"articleStyle\":\"\",\"limit\":\"1\",\"place\":[\"120\"]}}},\"93\":[{\"col1\":\"\",\"col2\":\"\",\"col3\":\"\"}],\"28\":\"\",\"16\":\"\",\"17\":\"background\",\"51\":\"{\\\"markers\\\":[{\\\"isNew\\\":false,\\\"isSavedToMap\\\":true,\\\"title\\\":\\\"\\\",\\\"distance\\\":false,\\\"icon\\\":\\\"\\\",\\\"lat\\\":54.4219197,\\\"lng\\\":-6.4451233,\\\"content\\\":\\\"16 Church Street<br> Portadown<br> Craigavon<br> Craigavon BT62 3LN<br> UK\\\",\\\"customContent\\\":false,\\\"address\\\":\\\"16 Church Street, Portadown, Craigavon, Craigavon BT62 3LN, UK\\\",\\\"addressComponents\\\":[{\\\"long_name\\\":\\\"16\\\",\\\"short_name\\\":\\\"16\\\",\\\"types\\\":[\\\"street_number\\\"]},{\\\"long_name\\\":\\\"Church Street\\\",\\\"short_name\\\":\\\"Church St\\\",\\\"types\\\":[\\\"route\\\"]},{\\\"long_name\\\":\\\"Portadown\\\",\\\"short_name\\\":\\\"Portadown\\\",\\\"types\\\":[\\\"locality\\\",\\\"political\\\"]},{\\\"long_name\\\":\\\"Craigavon\\\",\\\"short_name\\\":\\\"Craigavon\\\",\\\"types\\\":[\\\"postal_town\\\"]},{\\\"long_name\\\":\\\"Craigavon\\\",\\\"short_name\\\":\\\"Craigavon\\\",\\\"types\\\":[\\\"administrative_area_level_2\\\",\\\"political\\\"]},{\\\"long_name\\\":\\\"United Kingdom\\\",\\\"short_name\\\":\\\"GB\\\",\\\"types\\\":[\\\"country\\\",\\\"political\\\"]},{\\\"long_name\\\":\\\"BT62 3LN\\\",\\\"short_name\\\":\\\"BT62 3LN\\\",\\\"types\\\":[\\\"postal_code\\\"]}],\\\"locationId\\\":\\\"2\\\",\\\"elementId\\\":\\\"126\\\",\\\"deleted\\\":false}],\\\"polygons\\\":[],\\\"polylines\\\":[],\\\"routes\\\":[],\\\"circles\\\":[],\\\"groundOverlays\\\":[]}\",\"85\":\"\",\"96\":\"\",\"63\":\"secondary\",\"64\":\"\",\"23\":\"<p>Portadown<\\/p>\",\"3\":\"\",\"29\":\"_layout-tinhouse\"}}', '2014-09-30 16:04:49', '2014-09-30 16:04:49', 'd74e7cdf-7bc3-4cf6-8cfb-504f766e720f');
INSERT INTO `di_entryversions` (`id`, `entryId`, `sectionId`, `creatorId`, `locale`, `num`, `notes`, `data`, `dateCreated`, `dateUpdated`, `uid`) VALUES ('358', '126', '13', '1', 'en_gb', '6', '', '{\"typeId\":\"14\",\"authorId\":\"1\",\"title\":\"Tin House Portadown\",\"slug\":\"tin-house-portadown\",\"postDate\":1412090940,\"expiryDate\":null,\"enabled\":1,\"fields\":{\"50\":[{\"col1\":\"16a Church Street\",\"col2\":\"Portadown\",\"col3\":\"County Armagh\",\"col4\":\"BT62 3LQ \",\"col5\":\"Northern Ireland\",\"col6\":\"\"}],\"2\":\"\",\"14\":\"\",\"62\":[\"65\"],\"1\":\"Tin House Coffee\",\"35\":{\"127\":{\"type\":\"categoryItems\",\"enabled\":\"1\",\"fields\":{\"sectionTitle\":\"Other Places\",\"bandStyle\":\"shade\",\"listStyle\":\"regular\",\"articleStyle\":\"\",\"limit\":\"1\",\"place\":[\"120\"]}}},\"93\":[{\"col1\":\"\",\"col2\":\"\",\"col3\":\"\"}],\"28\":\"\",\"16\":\"\",\"17\":\"background\",\"51\":\"{\\\"markers\\\":[{\\\"isNew\\\":false,\\\"isSavedToMap\\\":true,\\\"title\\\":\\\"\\\",\\\"distance\\\":false,\\\"icon\\\":\\\"\\\",\\\"lat\\\":54.4219197,\\\"lng\\\":-6.4451233,\\\"content\\\":\\\"16 Church Street<br> Portadown<br> Craigavon<br> Craigavon BT62 3LN<br> UK\\\",\\\"customContent\\\":false,\\\"address\\\":\\\"16 Church Street, Portadown, Craigavon, Craigavon BT62 3LN, UK\\\",\\\"addressComponents\\\":[{\\\"long_name\\\":\\\"16\\\",\\\"short_name\\\":\\\"16\\\",\\\"types\\\":[\\\"street_number\\\"]},{\\\"long_name\\\":\\\"Church Street\\\",\\\"short_name\\\":\\\"Church St\\\",\\\"types\\\":[\\\"route\\\"]},{\\\"long_name\\\":\\\"Portadown\\\",\\\"short_name\\\":\\\"Portadown\\\",\\\"types\\\":[\\\"locality\\\",\\\"political\\\"]},{\\\"long_name\\\":\\\"Craigavon\\\",\\\"short_name\\\":\\\"Craigavon\\\",\\\"types\\\":[\\\"postal_town\\\"]},{\\\"long_name\\\":\\\"Craigavon\\\",\\\"short_name\\\":\\\"Craigavon\\\",\\\"types\\\":[\\\"administrative_area_level_2\\\",\\\"political\\\"]},{\\\"long_name\\\":\\\"United Kingdom\\\",\\\"short_name\\\":\\\"GB\\\",\\\"types\\\":[\\\"country\\\",\\\"political\\\"]},{\\\"long_name\\\":\\\"BT62 3LN\\\",\\\"short_name\\\":\\\"BT62 3LN\\\",\\\"types\\\":[\\\"postal_code\\\"]}],\\\"locationId\\\":\\\"2\\\",\\\"elementId\\\":\\\"126\\\",\\\"deleted\\\":false}],\\\"polygons\\\":[],\\\"polylines\\\":[],\\\"routes\\\":[],\\\"circles\\\":[],\\\"groundOverlays\\\":[]}\",\"85\":\"\",\"96\":\"\",\"63\":\"secondary\",\"64\":\"\",\"23\":\"<p>Portadown<\\/p>\",\"3\":\"\",\"29\":\"_layout-tinhouse\"}}', '2014-09-30 16:07:58', '2014-09-30 16:07:58', '1630f1cc-3f09-4d4b-b684-d7452616132d');
INSERT INTO `di_entryversions` (`id`, `entryId`, `sectionId`, `creatorId`, `locale`, `num`, `notes`, `data`, `dateCreated`, `dateUpdated`, `uid`) VALUES ('359', '126', '13', '1', 'en_gb', '7', '', '{\"typeId\":\"14\",\"authorId\":\"1\",\"title\":\"Tin House Portadown\",\"slug\":\"tin-house-portadown\",\"postDate\":1412090940,\"expiryDate\":null,\"enabled\":1,\"fields\":{\"50\":[{\"col1\":\"16a Church Street\",\"col2\":\"Portadown\",\"col3\":\"County Armagh\",\"col4\":\"BT62 3LQ \",\"col5\":\"Northern Ireland\",\"col6\":\"\"}],\"2\":\"\",\"14\":\"\",\"62\":[\"65\"],\"1\":\"Tin House Coffee\",\"35\":{\"127\":{\"type\":\"categoryItems\",\"enabled\":\"1\",\"fields\":{\"sectionTitle\":\"Other Places\",\"bandStyle\":\"shade\",\"listStyle\":\"regular\",\"articleStyle\":\"default\",\"limit\":\"1\",\"place\":[\"120\"]}}},\"93\":[{\"col1\":\"\",\"col2\":\"\",\"col3\":\"\"}],\"28\":\"\",\"16\":\"\",\"17\":\"background\",\"51\":\"{\\\"markers\\\":[{\\\"isNew\\\":false,\\\"isSavedToMap\\\":true,\\\"title\\\":\\\"\\\",\\\"distance\\\":false,\\\"icon\\\":\\\"\\\",\\\"lat\\\":54.4219197,\\\"lng\\\":-6.4451233,\\\"content\\\":\\\"16 Church Street<br> Portadown<br> Craigavon<br> Craigavon BT62 3LN<br> UK\\\",\\\"customContent\\\":false,\\\"address\\\":\\\"16 Church Street, Portadown, Craigavon, Craigavon BT62 3LN, UK\\\",\\\"addressComponents\\\":[{\\\"long_name\\\":\\\"16\\\",\\\"short_name\\\":\\\"16\\\",\\\"types\\\":[\\\"street_number\\\"]},{\\\"long_name\\\":\\\"Church Street\\\",\\\"short_name\\\":\\\"Church St\\\",\\\"types\\\":[\\\"route\\\"]},{\\\"long_name\\\":\\\"Portadown\\\",\\\"short_name\\\":\\\"Portadown\\\",\\\"types\\\":[\\\"locality\\\",\\\"political\\\"]},{\\\"long_name\\\":\\\"Craigavon\\\",\\\"short_name\\\":\\\"Craigavon\\\",\\\"types\\\":[\\\"postal_town\\\"]},{\\\"long_name\\\":\\\"Craigavon\\\",\\\"short_name\\\":\\\"Craigavon\\\",\\\"types\\\":[\\\"administrative_area_level_2\\\",\\\"political\\\"]},{\\\"long_name\\\":\\\"United Kingdom\\\",\\\"short_name\\\":\\\"GB\\\",\\\"types\\\":[\\\"country\\\",\\\"political\\\"]},{\\\"long_name\\\":\\\"BT62 3LN\\\",\\\"short_name\\\":\\\"BT62 3LN\\\",\\\"types\\\":[\\\"postal_code\\\"]}],\\\"locationId\\\":\\\"2\\\",\\\"elementId\\\":\\\"126\\\",\\\"deleted\\\":false}],\\\"polygons\\\":[],\\\"polylines\\\":[],\\\"routes\\\":[],\\\"circles\\\":[],\\\"groundOverlays\\\":[]}\",\"85\":\"\",\"96\":\"\",\"63\":\"secondary\",\"64\":\"\",\"23\":\"<p>Portadown<\\/p>\",\"3\":\"\",\"29\":\"_layout-tinhouse\"}}', '2014-09-30 16:17:58', '2014-09-30 16:17:58', '4218cb18-4ac8-4584-a7b0-a6d5e2bd45fd');
INSERT INTO `di_entryversions` (`id`, `entryId`, `sectionId`, `creatorId`, `locale`, `num`, `notes`, `data`, `dateCreated`, `dateUpdated`, `uid`) VALUES ('360', '125', '13', '1', 'en_gb', '16', '', '{\"typeId\":\"14\",\"authorId\":\"1\",\"title\":\"Grace Community Church\",\"slug\":\"grace-community-church\",\"postDate\":1412087040,\"expiryDate\":null,\"enabled\":1,\"fields\":{\"50\":[{\"col1\":\"\",\"col2\":\"\",\"col3\":\"\",\"col4\":\"\",\"col5\":\"\",\"col6\":\"\"}],\"2\":\"\",\"14\":\"\",\"62\":[\"71\"],\"1\":\"\",\"35\":\"\",\"93\":[{\"col1\":\"\",\"col2\":\"\",\"col3\":\"\"}],\"28\":\"\",\"16\":[\"28\"],\"17\":\"background\",\"51\":\"{\\\"markers\\\":[{\\\"isNew\\\":false,\\\"isSavedToMap\\\":true,\\\"title\\\":\\\"\\\",\\\"distance\\\":false,\\\"icon\\\":\\\"\\\",\\\"lat\\\":54.3879396,\\\"lng\\\":-6.5344737,\\\"content\\\":\\\"Drop Inn Community Church<br> 171 Dobbin Road<br> Richhill<br> Armagh<br> Armagh BT61 9LW<br> UK\\\",\\\"customContent\\\":false,\\\"address\\\":\\\"Drop Inn Community Church, 171 Dobbin Road, Richhill, Armagh, Armagh BT61 9LW, UK\\\",\\\"addressComponents\\\":[{\\\"long_name\\\":\\\"Drop Inn Community Church\\\",\\\"short_name\\\":\\\"Drop Inn Community Church\\\",\\\"types\\\":[\\\"point_of_interest\\\",\\\"establishment\\\"]},{\\\"long_name\\\":\\\"171\\\",\\\"short_name\\\":\\\"171\\\",\\\"types\\\":[\\\"street_number\\\"]},{\\\"long_name\\\":\\\"Dobbin Road\\\",\\\"short_name\\\":\\\"Dobbin Rd\\\",\\\"types\\\":[\\\"route\\\"]},{\\\"long_name\\\":\\\"Richhill\\\",\\\"short_name\\\":\\\"Richhill\\\",\\\"types\\\":[\\\"locality\\\",\\\"political\\\"]},{\\\"long_name\\\":\\\"Armagh\\\",\\\"short_name\\\":\\\"Armagh\\\",\\\"types\\\":[\\\"postal_town\\\"]},{\\\"long_name\\\":\\\"Armagh\\\",\\\"short_name\\\":\\\"Armagh\\\",\\\"types\\\":[\\\"administrative_area_level_2\\\",\\\"political\\\"]},{\\\"long_name\\\":\\\"United Kingdom\\\",\\\"short_name\\\":\\\"GB\\\",\\\"types\\\":[\\\"country\\\",\\\"political\\\"]},{\\\"long_name\\\":\\\"BT61 9LW\\\",\\\"short_name\\\":\\\"BT61 9LW\\\",\\\"types\\\":[\\\"postal_code\\\"]}],\\\"locationId\\\":\\\"1\\\",\\\"elementId\\\":\\\"125\\\",\\\"deleted\\\":false}],\\\"polygons\\\":[],\\\"polylines\\\":[],\\\"routes\\\":[],\\\"circles\\\":[],\\\"groundOverlays\\\":[]}\",\"85\":\"\",\"96\":[\"120\"],\"63\":\"secondary\",\"64\":\"\",\"23\":\"<p>The local \\/ global church<\\/p>\",\"3\":\"\",\"29\":\"_layout-church\"}}', '2014-10-01 07:29:52', '2014-10-01 07:29:52', '565287d9-7472-45e4-bae2-22d0bc8e3571');
INSERT INTO `di_entryversions` (`id`, `entryId`, `sectionId`, `creatorId`, `locale`, `num`, `notes`, `data`, `dateCreated`, `dateUpdated`, `uid`) VALUES ('361', '126', '13', '1', 'en_gb', '8', '', '{\"typeId\":\"14\",\"authorId\":\"1\",\"title\":\"Tin House Portadown\",\"slug\":\"tin-house-portadown\",\"postDate\":1412090940,\"expiryDate\":null,\"enabled\":1,\"fields\":{\"50\":[{\"col1\":\"16a Church Street\",\"col2\":\"Portadown\",\"col3\":\"County Armagh\",\"col4\":\"BT62 3LQ \",\"col5\":\"Northern Ireland\",\"col6\":\"\"}],\"2\":\"\",\"14\":\"\",\"62\":[\"65\"],\"1\":\"Tin House Coffee\",\"35\":{\"127\":{\"type\":\"categoryItems\",\"enabled\":\"1\",\"fields\":{\"sectionTitle\":\"Other Places\",\"bandStyle\":\"primary\",\"listStyle\":\"regular\",\"articleStyle\":\"default\",\"limit\":\"1\",\"place\":[\"120\"]}}},\"93\":[{\"col1\":\"\",\"col2\":\"\",\"col3\":\"\"}],\"28\":\"\",\"16\":\"\",\"17\":\"background\",\"51\":\"{\\\"markers\\\":[{\\\"isNew\\\":false,\\\"isSavedToMap\\\":true,\\\"title\\\":\\\"\\\",\\\"distance\\\":false,\\\"icon\\\":\\\"\\\",\\\"lat\\\":54.4219197,\\\"lng\\\":-6.4451233,\\\"content\\\":\\\"16 Church Street<br> Portadown<br> Craigavon<br> Craigavon BT62 3LN<br> UK\\\",\\\"customContent\\\":false,\\\"address\\\":\\\"16 Church Street, Portadown, Craigavon, Craigavon BT62 3LN, UK\\\",\\\"addressComponents\\\":[{\\\"long_name\\\":\\\"16\\\",\\\"short_name\\\":\\\"16\\\",\\\"types\\\":[\\\"street_number\\\"]},{\\\"long_name\\\":\\\"Church Street\\\",\\\"short_name\\\":\\\"Church St\\\",\\\"types\\\":[\\\"route\\\"]},{\\\"long_name\\\":\\\"Portadown\\\",\\\"short_name\\\":\\\"Portadown\\\",\\\"types\\\":[\\\"locality\\\",\\\"political\\\"]},{\\\"long_name\\\":\\\"Craigavon\\\",\\\"short_name\\\":\\\"Craigavon\\\",\\\"types\\\":[\\\"postal_town\\\"]},{\\\"long_name\\\":\\\"Craigavon\\\",\\\"short_name\\\":\\\"Craigavon\\\",\\\"types\\\":[\\\"administrative_area_level_2\\\",\\\"political\\\"]},{\\\"long_name\\\":\\\"United Kingdom\\\",\\\"short_name\\\":\\\"GB\\\",\\\"types\\\":[\\\"country\\\",\\\"political\\\"]},{\\\"long_name\\\":\\\"BT62 3LN\\\",\\\"short_name\\\":\\\"BT62 3LN\\\",\\\"types\\\":[\\\"postal_code\\\"]}],\\\"locationId\\\":\\\"2\\\",\\\"elementId\\\":\\\"126\\\",\\\"deleted\\\":false}],\\\"polygons\\\":[],\\\"polylines\\\":[],\\\"routes\\\":[],\\\"circles\\\":[],\\\"groundOverlays\\\":[]}\",\"85\":\"\",\"96\":\"\",\"63\":\"secondary\",\"64\":\"\",\"23\":\"<p>Portadown<\\/p>\",\"3\":\"\",\"29\":\"_layout-tinhouse\"}}', '2014-10-01 07:31:51', '2014-10-01 07:31:51', 'b25cf2d4-0fdd-4d45-904c-8f5be9656132');
INSERT INTO `di_entryversions` (`id`, `entryId`, `sectionId`, `creatorId`, `locale`, `num`, `notes`, `data`, `dateCreated`, `dateUpdated`, `uid`) VALUES ('362', '117', '12', '1', 'en_gb', '7', '', '{\"typeId\":\"13\",\"authorId\":\"1\",\"title\":\"David McBride\",\"slug\":\"david-mcbride\",\"postDate\":1412080440,\"expiryDate\":null,\"enabled\":1,\"fields\":{\"2\":{\"118\":{\"type\":\"text\",\"enabled\":\"1\",\"fields\":{\"text\":\"<p>I\'ve worked in Tin House for many years<\\/p>\"}},\"119\":{\"type\":\"embedVideo\",\"enabled\":\"1\",\"fields\":{\"embedVideo\":\"https:\\/\\/www.youtube.com\\/watch?v=5e74y7566Sc\",\"assetPlacement\":\"asset--full\",\"assetCaption\":\"\"}}},\"14\":\"<p>Lorem ipsum dolor sit amet, consectetur adipiscing elit. Sed blandit accumsan risus, et dictum ligula elementum vehicula. Cras in congue ante. Sed non tincidunt ante. Nulla sem nisl, luctus a lacinia sed, hendrerit eget mi. Donec quis feugiat dui. In in risus odio. Duis commodo ligula id aliquet iaculis.<\\/p><p>Donec condimentum, est at ultricies pretium, enim metus consectetur dui, eu cursus elit neque ut neque. Mauris sit amet venenatis diam. Pellentesque tincidunt vulputate nibh, vitae hendrerit nulla. Nulla facilisi. Donec posuere velit ut facilisis sagittis. Morbi maximus sapien orci, non lobortis magna viverra posuere. Morbi faucibus eget ante vitae commodo. Donec porta eleifend massa et porttitor. In mollis libero at erat tristique condimentum. Nullam in rutrum velit.<\\/p>\",\"86\":\"David\",\"93\":[{\"col1\":\"Telephone\",\"col2\":\"028 9012 3456\",\"col3\":\"\"},{\"col1\":\"Twitter\",\"col2\":\"@davidmcbride\",\"col3\":\"\"},{\"col1\":\"Email\",\"col2\":\"david@dropinn.net\",\"col3\":\"mailto:david@dropinn.net\"}],\"28\":[\"1\"],\"16\":[\"111\"],\"88\":\"\",\"89\":\"\",\"85\":\"\",\"63\":\"none\",\"64\":\"\",\"23\":\"<p>Manager, Tin House Coffee<\\/p>\",\"87\":\"McBride\",\"3\":\"\",\"29\":\"_layout-tinhouse\"}}', '2014-10-01 07:56:35', '2014-10-01 07:56:35', '96a2985a-f021-4d04-b74a-710ddf7eda0f');
INSERT INTO `di_entryversions` (`id`, `entryId`, `sectionId`, `creatorId`, `locale`, `num`, `notes`, `data`, `dateCreated`, `dateUpdated`, `uid`) VALUES ('363', '114', '10', '1', 'en_gb', '8', '', '{\"typeId\":\"11\",\"authorId\":\"1\",\"title\":\"Lampstand\",\"slug\":\"lampstand\",\"postDate\":1412074800,\"expiryDate\":null,\"enabled\":1,\"fields\":{\"2\":{\"115\":{\"type\":\"image\",\"enabled\":\"1\",\"fields\":{\"image\":[\"59\"],\"assetPlacement\":\"asset--full\",\"imageCaption\":\"\"}},\"116\":{\"type\":\"text\",\"enabled\":\"1\",\"fields\":{\"text\":\"<p>Lorem ipsum dolor sit amet, consectetur adipiscing elit. Sed blandit accumsan risus, et dictum ligula elementum vehicula. Cras in congue ante. Sed non tincidunt ante. Nulla sem nisl, luctus a lacinia sed, hendrerit eget mi. Donec quis feugiat dui. In in risus odio. Duis commodo ligula id aliquet iaculis.<\\/p><p>Donec condimentum, est at ultricies pretium, enim metus consectetur dui, eu cursus elit neque ut neque. Mauris sit amet venenatis diam. Pellentesque tincidunt vulputate nibh, vitae hendrerit nulla. Nulla facilisi. Donec posuere velit ut facilisis sagittis. Morbi maximus sapien orci, non lobortis magna viverra posuere. Morbi faucibus eget ante vitae commodo. Donec porta eleifend massa et porttitor. In mollis libero at erat tristique condimentum. Nullam in rutrum velit.<\\/p>\"}}},\"14\":\"<p>Lorem ipsum dolor sit amet, consectetur adipiscing elit. Sed blandit accumsan risus, et dictum ligula elementum vehicula. Cras in congue ante. Sed non tincidunt ante. Nulla sem nisl, luctus a lacinia sed, hendrerit eget mi. Donec quis feugiat dui. In in risus odio. Duis commodo ligula id aliquet iaculis.<\\/p><p>Donec condimentum, est at ultricies pretium, enim metus consectetur dui, eu cursus elit neque ut neque. Mauris sit amet venenatis diam. Pellentesque tincidunt vulputate nibh, vitae hendrerit nulla. Nulla facilisi. Donec posuere velit ut facilisis sagittis. Morbi maximus sapien orci, non lobortis magna viverra posuere. Morbi faucibus eget ante vitae commodo. Donec porta eleifend massa et porttitor. In mollis libero at erat tristique condimentum. Nullam in rutrum velit.<\\/p>\",\"62\":\"\",\"1\":\"\",\"28\":[\"1\"],\"16\":\"\",\"17\":\"poster\",\"26\":\"\",\"63\":\"none\",\"54\":[{\"col1\":\"12.00\",\"col2\":\"10.00\",\"col7\":\"15.00\",\"col6\":\"GBP\",\"col3\":\"Wooden\",\"col4\":\"1\",\"col5\":\"1\"},{\"col1\":\"13.00\",\"col2\":\"\",\"col7\":\"\",\"col6\":\"GBP\",\"col3\":\"Metal\",\"col4\":\"\",\"col5\":\"\"}],\"23\":\"<p>An attractive lampstand that will go with any lamp<\\/p>\",\"3\":\"\",\"29\":\"_layout\"}}', '2014-10-01 08:29:45', '2014-10-01 08:29:45', 'dfa6304d-b717-4cc5-93c0-25bc35785809');
INSERT INTO `di_entryversions` (`id`, `entryId`, `sectionId`, `creatorId`, `locale`, `num`, `notes`, `data`, `dateCreated`, `dateUpdated`, `uid`) VALUES ('364', '2', '1', '1', 'en_gb', '35', '', '{\"typeId\":\"1\",\"authorId\":null,\"title\":\"Homepage\",\"slug\":\"homepage\",\"postDate\":1409830139,\"expiryDate\":null,\"enabled\":1,\"fields\":{\"2\":\"\",\"14\":\"<p>We believe Christian fellowship is divinely brought about by God for the purpose of displaying and advancing His Kingdom on earth, as Christians love one another and submit to the lordship of Christ, they show a picture of the heavenly realities that are to come.<\\/p>\",\"62\":[\"61\"],\"1\":\"Drop Inn Ministries\",\"35\":\"\",\"65\":\"\",\"16\":[\"18\"],\"17\":\"fill\",\"26\":\"\",\"85\":\"\",\"63\":\"secondary\",\"23\":\"<p>Bringing hope, help and healing<br>to a hurting world<\\/p>\",\"29\":\"_layout\"}}', '2014-10-01 09:33:27', '2014-10-01 09:33:27', 'f36a6a54-9384-4a55-b79e-387b197c1f3b');
INSERT INTO `di_entryversions` (`id`, `entryId`, `sectionId`, `creatorId`, `locale`, `num`, `notes`, `data`, `dateCreated`, `dateUpdated`, `uid`) VALUES ('365', '2', '1', '1', 'en_gb', '36', '', '{\"typeId\":\"1\",\"authorId\":null,\"title\":\"Homepage\",\"slug\":\"homepage\",\"postDate\":1409830139,\"expiryDate\":null,\"enabled\":1,\"fields\":{\"2\":\"\",\"14\":\"<p>We believe Christian fellowship is divinely brought about by God for the purpose of displaying and advancing His Kingdom on earth, as Christians love one another and submit to the lordship of Christ, they show a picture of the heavenly realities that are to come.<\\/p>\",\"62\":[\"61\"],\"1\":\"\",\"35\":\"\",\"65\":\"\",\"16\":[\"18\"],\"17\":\"fill\",\"26\":\"\",\"85\":\"\",\"63\":\"secondary\",\"23\":\"<p>Bringing hope, help and healing<br>to a hurting world<\\/p>\",\"29\":\"_layout\"}}', '2014-10-01 09:33:45', '2014-10-01 09:33:45', '314049f3-1a95-4c22-aeea-1d8204420d76');
INSERT INTO `di_entryversions` (`id`, `entryId`, `sectionId`, `creatorId`, `locale`, `num`, `notes`, `data`, `dateCreated`, `dateUpdated`, `uid`) VALUES ('366', '2', '1', '1', 'en_gb', '37', '', '{\"typeId\":\"1\",\"authorId\":null,\"title\":\"Homepage\",\"slug\":\"homepage\",\"postDate\":1409830139,\"expiryDate\":null,\"enabled\":1,\"fields\":{\"2\":\"\",\"14\":\"<p>We believe Christian fellowship is divinely brought about by God for the purpose of displaying and advancing His Kingdom on earth, as Christians love one another and submit to the lordship of Christ, they show a picture of the heavenly realities that are to come.<\\/p>\",\"62\":[\"61\"],\"1\":\"\",\"35\":\"\",\"65\":\"\",\"16\":[\"18\"],\"17\":\"background\",\"26\":\"\",\"85\":\"\",\"63\":\"secondary\",\"23\":\"<p>Bringing hope, help and healing<br>to a hurting world<\\/p>\",\"29\":\"_layout\"}}', '2014-10-01 09:34:03', '2014-10-01 09:34:03', '028e0738-b7a5-4565-9865-3b80733af63f');
INSERT INTO `di_entryversions` (`id`, `entryId`, `sectionId`, `creatorId`, `locale`, `num`, `notes`, `data`, `dateCreated`, `dateUpdated`, `uid`) VALUES ('367', '126', '13', '1', 'en_gb', '9', '', '{\"typeId\":\"14\",\"authorId\":\"1\",\"title\":\"Tin House Portadown\",\"slug\":\"tin-house-portadown\",\"postDate\":1412090940,\"expiryDate\":null,\"enabled\":1,\"fields\":{\"50\":[{\"col1\":\"16a Church Street\",\"col2\":\"Portadown\",\"col3\":\"County Armagh\",\"col4\":\"BT62 3LQ \",\"col5\":\"Northern Ireland\",\"col6\":\"\"}],\"2\":\"\",\"14\":\"\",\"62\":[\"65\"],\"1\":\"Tin House Coffee\",\"35\":{\"127\":{\"type\":\"categoryItems\",\"enabled\":\"1\",\"fields\":{\"sectionTitle\":\"Other Places\",\"bandStyle\":\"primary\",\"listStyle\":\"regular\",\"articleStyle\":\"tease\",\"articleBackground\":\"secondary\",\"limit\":\"1\",\"place\":[\"120\"]}}},\"93\":[{\"col1\":\"\",\"col2\":\"\",\"col3\":\"\"}],\"28\":\"\",\"16\":\"\",\"17\":\"background\",\"51\":\"{\\\"markers\\\":[{\\\"isNew\\\":false,\\\"isSavedToMap\\\":true,\\\"title\\\":\\\"\\\",\\\"distance\\\":false,\\\"icon\\\":\\\"\\\",\\\"lat\\\":54.4219197,\\\"lng\\\":-6.4451233,\\\"content\\\":\\\"16 Church Street<br> Portadown<br> Craigavon<br> Craigavon BT62 3LN<br> UK\\\",\\\"customContent\\\":false,\\\"address\\\":\\\"16 Church Street, Portadown, Craigavon, Craigavon BT62 3LN, UK\\\",\\\"addressComponents\\\":[{\\\"long_name\\\":\\\"16\\\",\\\"short_name\\\":\\\"16\\\",\\\"types\\\":[\\\"street_number\\\"]},{\\\"long_name\\\":\\\"Church Street\\\",\\\"short_name\\\":\\\"Church St\\\",\\\"types\\\":[\\\"route\\\"]},{\\\"long_name\\\":\\\"Portadown\\\",\\\"short_name\\\":\\\"Portadown\\\",\\\"types\\\":[\\\"locality\\\",\\\"political\\\"]},{\\\"long_name\\\":\\\"Craigavon\\\",\\\"short_name\\\":\\\"Craigavon\\\",\\\"types\\\":[\\\"postal_town\\\"]},{\\\"long_name\\\":\\\"Craigavon\\\",\\\"short_name\\\":\\\"Craigavon\\\",\\\"types\\\":[\\\"administrative_area_level_2\\\",\\\"political\\\"]},{\\\"long_name\\\":\\\"United Kingdom\\\",\\\"short_name\\\":\\\"GB\\\",\\\"types\\\":[\\\"country\\\",\\\"political\\\"]},{\\\"long_name\\\":\\\"BT62 3LN\\\",\\\"short_name\\\":\\\"BT62 3LN\\\",\\\"types\\\":[\\\"postal_code\\\"]}],\\\"locationId\\\":\\\"2\\\",\\\"elementId\\\":\\\"126\\\",\\\"deleted\\\":false}],\\\"polygons\\\":[],\\\"polylines\\\":[],\\\"routes\\\":[],\\\"circles\\\":[],\\\"groundOverlays\\\":[]}\",\"85\":\"\",\"96\":\"\",\"63\":\"secondary\",\"64\":\"\",\"23\":\"<p>Portadown<\\/p>\",\"3\":\"\",\"29\":\"_layout-tinhouse\"}}', '2014-10-01 10:18:40', '2014-10-01 10:18:40', 'a28afe14-d15b-4c2e-9786-2b2faf03794f');
INSERT INTO `di_entryversions` (`id`, `entryId`, `sectionId`, `creatorId`, `locale`, `num`, `notes`, `data`, `dateCreated`, `dateUpdated`, `uid`) VALUES ('368', '126', '13', '1', 'en_gb', '10', '', '{\"typeId\":\"14\",\"authorId\":\"1\",\"title\":\"Tin House Portadown\",\"slug\":\"tin-house-portadown\",\"postDate\":1412090940,\"expiryDate\":null,\"enabled\":1,\"fields\":{\"50\":[{\"col1\":\"16a Church Street\",\"col2\":\"Portadown\",\"col3\":\"County Armagh\",\"col4\":\"BT62 3LQ \",\"col5\":\"Northern Ireland\",\"col6\":\"\"}],\"2\":\"\",\"14\":\"\",\"62\":[\"65\"],\"1\":\"Tin House Coffee\",\"35\":{\"127\":{\"type\":\"categoryItems\",\"enabled\":\"1\",\"fields\":{\"sectionTitle\":\"Other Places\",\"bandStyle\":\"primary\",\"listStyle\":\"regular\",\"articleStyle\":\"media\",\"articleBackground\":\"secondary\",\"limit\":\"1\",\"place\":[\"120\"]}}},\"93\":[{\"col1\":\"\",\"col2\":\"\",\"col3\":\"\"}],\"28\":\"\",\"16\":\"\",\"17\":\"background\",\"51\":\"{\\\"markers\\\":[{\\\"isNew\\\":false,\\\"isSavedToMap\\\":true,\\\"title\\\":\\\"\\\",\\\"distance\\\":false,\\\"icon\\\":\\\"\\\",\\\"lat\\\":54.4219197,\\\"lng\\\":-6.4451233,\\\"content\\\":\\\"16 Church Street<br> Portadown<br> Craigavon<br> Craigavon BT62 3LN<br> UK\\\",\\\"customContent\\\":false,\\\"address\\\":\\\"16 Church Street, Portadown, Craigavon, Craigavon BT62 3LN, UK\\\",\\\"addressComponents\\\":[{\\\"long_name\\\":\\\"16\\\",\\\"short_name\\\":\\\"16\\\",\\\"types\\\":[\\\"street_number\\\"]},{\\\"long_name\\\":\\\"Church Street\\\",\\\"short_name\\\":\\\"Church St\\\",\\\"types\\\":[\\\"route\\\"]},{\\\"long_name\\\":\\\"Portadown\\\",\\\"short_name\\\":\\\"Portadown\\\",\\\"types\\\":[\\\"locality\\\",\\\"political\\\"]},{\\\"long_name\\\":\\\"Craigavon\\\",\\\"short_name\\\":\\\"Craigavon\\\",\\\"types\\\":[\\\"postal_town\\\"]},{\\\"long_name\\\":\\\"Craigavon\\\",\\\"short_name\\\":\\\"Craigavon\\\",\\\"types\\\":[\\\"administrative_area_level_2\\\",\\\"political\\\"]},{\\\"long_name\\\":\\\"United Kingdom\\\",\\\"short_name\\\":\\\"GB\\\",\\\"types\\\":[\\\"country\\\",\\\"political\\\"]},{\\\"long_name\\\":\\\"BT62 3LN\\\",\\\"short_name\\\":\\\"BT62 3LN\\\",\\\"types\\\":[\\\"postal_code\\\"]}],\\\"locationId\\\":\\\"2\\\",\\\"elementId\\\":\\\"126\\\",\\\"deleted\\\":false}],\\\"polygons\\\":[],\\\"polylines\\\":[],\\\"routes\\\":[],\\\"circles\\\":[],\\\"groundOverlays\\\":[]}\",\"85\":\"\",\"96\":\"\",\"63\":\"secondary\",\"64\":\"\",\"23\":\"<p>Portadown<\\/p>\",\"3\":\"\",\"29\":\"_layout-tinhouse\"}}', '2014-10-01 10:20:15', '2014-10-01 10:20:15', '5fa4254b-86be-44e4-b88f-0c400cb709c0');
INSERT INTO `di_entryversions` (`id`, `entryId`, `sectionId`, `creatorId`, `locale`, `num`, `notes`, `data`, `dateCreated`, `dateUpdated`, `uid`) VALUES ('369', '126', '13', '1', 'en_gb', '11', '', '{\"typeId\":\"14\",\"authorId\":\"1\",\"title\":\"Tin House Portadown\",\"slug\":\"tin-house-portadown\",\"postDate\":1412090940,\"expiryDate\":null,\"enabled\":1,\"fields\":{\"50\":[{\"col1\":\"16a Church Street\",\"col2\":\"Portadown\",\"col3\":\"County Armagh\",\"col4\":\"BT62 3LQ \",\"col5\":\"Northern Ireland\",\"col6\":\"\"}],\"2\":\"\",\"14\":\"\",\"62\":[\"65\"],\"1\":\"Tin House Coffee\",\"35\":{\"127\":{\"type\":\"categoryItems\",\"enabled\":\"1\",\"fields\":{\"sectionTitle\":\"Other Places\",\"bandStyle\":\"primary\",\"listStyle\":\"mini\",\"articleStyle\":\"media\",\"articleBackground\":\"secondary\",\"limit\":\"1\",\"place\":[\"120\"]}}},\"93\":[{\"col1\":\"\",\"col2\":\"\",\"col3\":\"\"}],\"28\":\"\",\"16\":\"\",\"17\":\"background\",\"51\":\"{\\\"markers\\\":[{\\\"isNew\\\":false,\\\"isSavedToMap\\\":true,\\\"title\\\":\\\"\\\",\\\"distance\\\":false,\\\"icon\\\":\\\"\\\",\\\"lat\\\":54.4219197,\\\"lng\\\":-6.4451233,\\\"content\\\":\\\"16 Church Street<br> Portadown<br> Craigavon<br> Craigavon BT62 3LN<br> UK\\\",\\\"customContent\\\":false,\\\"address\\\":\\\"16 Church Street, Portadown, Craigavon, Craigavon BT62 3LN, UK\\\",\\\"addressComponents\\\":[{\\\"long_name\\\":\\\"16\\\",\\\"short_name\\\":\\\"16\\\",\\\"types\\\":[\\\"street_number\\\"]},{\\\"long_name\\\":\\\"Church Street\\\",\\\"short_name\\\":\\\"Church St\\\",\\\"types\\\":[\\\"route\\\"]},{\\\"long_name\\\":\\\"Portadown\\\",\\\"short_name\\\":\\\"Portadown\\\",\\\"types\\\":[\\\"locality\\\",\\\"political\\\"]},{\\\"long_name\\\":\\\"Craigavon\\\",\\\"short_name\\\":\\\"Craigavon\\\",\\\"types\\\":[\\\"postal_town\\\"]},{\\\"long_name\\\":\\\"Craigavon\\\",\\\"short_name\\\":\\\"Craigavon\\\",\\\"types\\\":[\\\"administrative_area_level_2\\\",\\\"political\\\"]},{\\\"long_name\\\":\\\"United Kingdom\\\",\\\"short_name\\\":\\\"GB\\\",\\\"types\\\":[\\\"country\\\",\\\"political\\\"]},{\\\"long_name\\\":\\\"BT62 3LN\\\",\\\"short_name\\\":\\\"BT62 3LN\\\",\\\"types\\\":[\\\"postal_code\\\"]}],\\\"locationId\\\":\\\"2\\\",\\\"elementId\\\":\\\"126\\\",\\\"deleted\\\":false}],\\\"polygons\\\":[],\\\"polylines\\\":[],\\\"routes\\\":[],\\\"circles\\\":[],\\\"groundOverlays\\\":[]}\",\"85\":\"\",\"96\":\"\",\"63\":\"secondary\",\"64\":\"\",\"23\":\"<p>Portadown<\\/p>\",\"3\":\"\",\"29\":\"_layout-tinhouse\"}}', '2014-10-01 10:22:08', '2014-10-01 10:22:08', '8fa8eb35-d4fd-4077-b15b-54dc014923df');
INSERT INTO `di_entryversions` (`id`, `entryId`, `sectionId`, `creatorId`, `locale`, `num`, `notes`, `data`, `dateCreated`, `dateUpdated`, `uid`) VALUES ('370', '126', '13', '1', 'en_gb', '12', '', '{\"typeId\":\"14\",\"authorId\":\"1\",\"title\":\"Tin House Portadown\",\"slug\":\"tin-house-portadown\",\"postDate\":1412090940,\"expiryDate\":null,\"enabled\":1,\"fields\":{\"50\":[{\"col1\":\"16a Church Street\",\"col2\":\"Portadown\",\"col3\":\"County Armagh\",\"col4\":\"BT62 3LQ \",\"col5\":\"Northern Ireland\",\"col6\":\"\"}],\"2\":\"\",\"14\":\"\",\"62\":[\"65\"],\"1\":\"Tin House Coffee\",\"35\":{\"127\":{\"type\":\"categoryItems\",\"enabled\":\"1\",\"fields\":{\"sectionTitle\":\"Other Places\",\"bandStyle\":\"primary\",\"listStyle\":\"regular\",\"articleStyle\":\"big-tease\",\"articleBackground\":\"secondary\",\"limit\":\"1\",\"place\":[\"120\"]}}},\"93\":[{\"col1\":\"\",\"col2\":\"\",\"col3\":\"\"}],\"28\":\"\",\"16\":\"\",\"17\":\"background\",\"51\":\"{\\\"markers\\\":[{\\\"isNew\\\":false,\\\"isSavedToMap\\\":true,\\\"title\\\":\\\"\\\",\\\"distance\\\":false,\\\"icon\\\":\\\"\\\",\\\"lat\\\":54.4219197,\\\"lng\\\":-6.4451233,\\\"content\\\":\\\"16 Church Street<br> Portadown<br> Craigavon<br> Craigavon BT62 3LN<br> UK\\\",\\\"customContent\\\":false,\\\"address\\\":\\\"16 Church Street, Portadown, Craigavon, Craigavon BT62 3LN, UK\\\",\\\"addressComponents\\\":[{\\\"long_name\\\":\\\"16\\\",\\\"short_name\\\":\\\"16\\\",\\\"types\\\":[\\\"street_number\\\"]},{\\\"long_name\\\":\\\"Church Street\\\",\\\"short_name\\\":\\\"Church St\\\",\\\"types\\\":[\\\"route\\\"]},{\\\"long_name\\\":\\\"Portadown\\\",\\\"short_name\\\":\\\"Portadown\\\",\\\"types\\\":[\\\"locality\\\",\\\"political\\\"]},{\\\"long_name\\\":\\\"Craigavon\\\",\\\"short_name\\\":\\\"Craigavon\\\",\\\"types\\\":[\\\"postal_town\\\"]},{\\\"long_name\\\":\\\"Craigavon\\\",\\\"short_name\\\":\\\"Craigavon\\\",\\\"types\\\":[\\\"administrative_area_level_2\\\",\\\"political\\\"]},{\\\"long_name\\\":\\\"United Kingdom\\\",\\\"short_name\\\":\\\"GB\\\",\\\"types\\\":[\\\"country\\\",\\\"political\\\"]},{\\\"long_name\\\":\\\"BT62 3LN\\\",\\\"short_name\\\":\\\"BT62 3LN\\\",\\\"types\\\":[\\\"postal_code\\\"]}],\\\"locationId\\\":\\\"2\\\",\\\"elementId\\\":\\\"126\\\",\\\"deleted\\\":false}],\\\"polygons\\\":[],\\\"polylines\\\":[],\\\"routes\\\":[],\\\"circles\\\":[],\\\"groundOverlays\\\":[]}\",\"85\":\"\",\"96\":\"\",\"63\":\"secondary\",\"64\":\"\",\"23\":\"<p>Portadown<\\/p>\",\"3\":\"\",\"29\":\"_layout-tinhouse\"}}', '2014-10-01 10:22:46', '2014-10-01 10:22:46', 'b292151e-f8dd-4eb9-a471-f57f7afef3f9');
INSERT INTO `di_entryversions` (`id`, `entryId`, `sectionId`, `creatorId`, `locale`, `num`, `notes`, `data`, `dateCreated`, `dateUpdated`, `uid`) VALUES ('371', '126', '13', '1', 'en_gb', '13', '', '{\"typeId\":\"14\",\"authorId\":\"1\",\"title\":\"Tin House Portadown\",\"slug\":\"tin-house-portadown\",\"postDate\":1412090940,\"expiryDate\":null,\"enabled\":1,\"fields\":{\"50\":[{\"col1\":\"16a Church Street\",\"col2\":\"Portadown\",\"col3\":\"County Armagh\",\"col4\":\"BT62 3LQ \",\"col5\":\"Northern Ireland\",\"col6\":\"\"}],\"2\":\"\",\"14\":\"\",\"62\":[\"65\"],\"1\":\"Tin House Coffee\",\"35\":{\"127\":{\"type\":\"categoryItems\",\"enabled\":\"1\",\"fields\":{\"sectionTitle\":\"Other Places\",\"bandStyle\":\"primary\",\"listStyle\":\"regular\",\"articleStyle\":\"big-tease\",\"articleBackground\":\"secondary\",\"limit\":\"1\",\"place\":[\"120\"]}}},\"93\":[{\"col1\":\"\",\"col2\":\"\",\"col3\":\"\"}],\"28\":\"\",\"16\":\"\",\"17\":\"background\",\"51\":\"{\\\"markers\\\":[{\\\"isNew\\\":false,\\\"isSavedToMap\\\":true,\\\"title\\\":\\\"\\\",\\\"distance\\\":false,\\\"icon\\\":\\\"\\\",\\\"lat\\\":54.4219197,\\\"lng\\\":-6.4451233,\\\"content\\\":\\\"16 Church Street<br> Portadown<br> Craigavon<br> Craigavon BT62 3LN<br> UK\\\",\\\"customContent\\\":false,\\\"address\\\":\\\"16 Church Street, Portadown, Craigavon, Craigavon BT62 3LN, UK\\\",\\\"addressComponents\\\":[{\\\"long_name\\\":\\\"16\\\",\\\"short_name\\\":\\\"16\\\",\\\"types\\\":[\\\"street_number\\\"]},{\\\"long_name\\\":\\\"Church Street\\\",\\\"short_name\\\":\\\"Church St\\\",\\\"types\\\":[\\\"route\\\"]},{\\\"long_name\\\":\\\"Portadown\\\",\\\"short_name\\\":\\\"Portadown\\\",\\\"types\\\":[\\\"locality\\\",\\\"political\\\"]},{\\\"long_name\\\":\\\"Craigavon\\\",\\\"short_name\\\":\\\"Craigavon\\\",\\\"types\\\":[\\\"postal_town\\\"]},{\\\"long_name\\\":\\\"Craigavon\\\",\\\"short_name\\\":\\\"Craigavon\\\",\\\"types\\\":[\\\"administrative_area_level_2\\\",\\\"political\\\"]},{\\\"long_name\\\":\\\"United Kingdom\\\",\\\"short_name\\\":\\\"GB\\\",\\\"types\\\":[\\\"country\\\",\\\"political\\\"]},{\\\"long_name\\\":\\\"BT62 3LN\\\",\\\"short_name\\\":\\\"BT62 3LN\\\",\\\"types\\\":[\\\"postal_code\\\"]}],\\\"locationId\\\":\\\"2\\\",\\\"elementId\\\":\\\"126\\\",\\\"deleted\\\":false}],\\\"polygons\\\":[],\\\"polylines\\\":[],\\\"routes\\\":[],\\\"circles\\\":[],\\\"groundOverlays\\\":[]}\",\"85\":\"\",\"96\":\"\",\"63\":\"secondary\",\"64\":\"\",\"23\":\"<p>Portadown<\\/p>\",\"3\":\"\",\"29\":\"_layout-tinhouse\"}}', '2014-10-01 10:23:01', '2014-10-01 10:23:01', '12053617-5c06-40bb-ae4e-760948ae85e1');
INSERT INTO `di_entryversions` (`id`, `entryId`, `sectionId`, `creatorId`, `locale`, `num`, `notes`, `data`, `dateCreated`, `dateUpdated`, `uid`) VALUES ('372', '126', '13', '1', 'en_gb', '14', '', '{\"typeId\":\"14\",\"authorId\":\"1\",\"title\":\"Tin House Portadown\",\"slug\":\"tin-house-portadown\",\"postDate\":1412090940,\"expiryDate\":null,\"enabled\":1,\"fields\":{\"50\":[{\"col1\":\"16a Church Street\",\"col2\":\"Portadown\",\"col3\":\"County Armagh\",\"col4\":\"BT62 3LQ \",\"col5\":\"Northern Ireland\",\"col6\":\"\"}],\"2\":\"\",\"14\":\"\",\"62\":[\"65\"],\"1\":\"Tin House Coffee\",\"35\":{\"127\":{\"type\":\"categoryItems\",\"enabled\":\"1\",\"fields\":{\"sectionTitle\":\"Other Places\",\"bandStyle\":\"primary\",\"listStyle\":\"regular\",\"articleStyle\":\"big-tease\",\"articleBackground\":\"secondary\",\"limit\":\"1\",\"place\":[\"120\"]}}},\"93\":[{\"col1\":\"\",\"col2\":\"\",\"col3\":\"\"}],\"28\":\"\",\"16\":\"\",\"17\":\"background\",\"51\":\"{\\\"markers\\\":[{\\\"isNew\\\":false,\\\"isSavedToMap\\\":true,\\\"title\\\":\\\"\\\",\\\"distance\\\":false,\\\"icon\\\":\\\"\\\",\\\"lat\\\":54.4219197,\\\"lng\\\":-6.4451233,\\\"content\\\":\\\"16 Church Street<br> Portadown<br> Craigavon<br> Craigavon BT62 3LN<br> UK\\\",\\\"customContent\\\":false,\\\"address\\\":\\\"16 Church Street, Portadown, Craigavon, Craigavon BT62 3LN, UK\\\",\\\"addressComponents\\\":[{\\\"long_name\\\":\\\"16\\\",\\\"short_name\\\":\\\"16\\\",\\\"types\\\":[\\\"street_number\\\"]},{\\\"long_name\\\":\\\"Church Street\\\",\\\"short_name\\\":\\\"Church St\\\",\\\"types\\\":[\\\"route\\\"]},{\\\"long_name\\\":\\\"Portadown\\\",\\\"short_name\\\":\\\"Portadown\\\",\\\"types\\\":[\\\"locality\\\",\\\"political\\\"]},{\\\"long_name\\\":\\\"Craigavon\\\",\\\"short_name\\\":\\\"Craigavon\\\",\\\"types\\\":[\\\"postal_town\\\"]},{\\\"long_name\\\":\\\"Craigavon\\\",\\\"short_name\\\":\\\"Craigavon\\\",\\\"types\\\":[\\\"administrative_area_level_2\\\",\\\"political\\\"]},{\\\"long_name\\\":\\\"United Kingdom\\\",\\\"short_name\\\":\\\"GB\\\",\\\"types\\\":[\\\"country\\\",\\\"political\\\"]},{\\\"long_name\\\":\\\"BT62 3LN\\\",\\\"short_name\\\":\\\"BT62 3LN\\\",\\\"types\\\":[\\\"postal_code\\\"]}],\\\"locationId\\\":\\\"2\\\",\\\"elementId\\\":\\\"126\\\",\\\"deleted\\\":false}],\\\"polygons\\\":[],\\\"polylines\\\":[],\\\"routes\\\":[],\\\"circles\\\":[],\\\"groundOverlays\\\":[]}\",\"85\":\"\",\"96\":\"\",\"63\":\"secondary\",\"64\":\"\",\"23\":\"<p>Portadown<\\/p>\",\"3\":\"\",\"29\":\"_layout-tinhouse\"}}', '2014-10-01 10:23:31', '2014-10-01 10:23:31', '853aa06d-b369-44b6-977c-96c828df9a93');
INSERT INTO `di_entryversions` (`id`, `entryId`, `sectionId`, `creatorId`, `locale`, `num`, `notes`, `data`, `dateCreated`, `dateUpdated`, `uid`) VALUES ('373', '126', '13', '1', 'en_gb', '15', '', '{\"typeId\":\"14\",\"authorId\":\"1\",\"title\":\"Tin House Portadown\",\"slug\":\"tin-house-portadown\",\"postDate\":1412090940,\"expiryDate\":null,\"enabled\":1,\"fields\":{\"50\":[{\"col1\":\"16a Church Street\",\"col2\":\"Portadown\",\"col3\":\"County Armagh\",\"col4\":\"BT62 3LQ \",\"col5\":\"Northern Ireland\",\"col6\":\"\"}],\"2\":\"\",\"14\":\"\",\"62\":[\"65\"],\"1\":\"Tin House Coffee\",\"35\":{\"127\":{\"type\":\"categoryItems\",\"enabled\":\"1\",\"fields\":{\"sectionTitle\":\"Other Places\",\"bandStyle\":\"primary\",\"listStyle\":\"mini\",\"articleStyle\":\"tease\",\"articleBackground\":\"secondary\",\"limit\":\"1\",\"place\":[\"120\"]}}},\"93\":[{\"col1\":\"\",\"col2\":\"\",\"col3\":\"\"}],\"28\":\"\",\"16\":\"\",\"17\":\"background\",\"51\":\"{\\\"markers\\\":[{\\\"isNew\\\":false,\\\"isSavedToMap\\\":true,\\\"title\\\":\\\"\\\",\\\"distance\\\":false,\\\"icon\\\":\\\"\\\",\\\"lat\\\":54.4219197,\\\"lng\\\":-6.4451233,\\\"content\\\":\\\"16 Church Street<br> Portadown<br> Craigavon<br> Craigavon BT62 3LN<br> UK\\\",\\\"customContent\\\":false,\\\"address\\\":\\\"16 Church Street, Portadown, Craigavon, Craigavon BT62 3LN, UK\\\",\\\"addressComponents\\\":[{\\\"long_name\\\":\\\"16\\\",\\\"short_name\\\":\\\"16\\\",\\\"types\\\":[\\\"street_number\\\"]},{\\\"long_name\\\":\\\"Church Street\\\",\\\"short_name\\\":\\\"Church St\\\",\\\"types\\\":[\\\"route\\\"]},{\\\"long_name\\\":\\\"Portadown\\\",\\\"short_name\\\":\\\"Portadown\\\",\\\"types\\\":[\\\"locality\\\",\\\"political\\\"]},{\\\"long_name\\\":\\\"Craigavon\\\",\\\"short_name\\\":\\\"Craigavon\\\",\\\"types\\\":[\\\"postal_town\\\"]},{\\\"long_name\\\":\\\"Craigavon\\\",\\\"short_name\\\":\\\"Craigavon\\\",\\\"types\\\":[\\\"administrative_area_level_2\\\",\\\"political\\\"]},{\\\"long_name\\\":\\\"United Kingdom\\\",\\\"short_name\\\":\\\"GB\\\",\\\"types\\\":[\\\"country\\\",\\\"political\\\"]},{\\\"long_name\\\":\\\"BT62 3LN\\\",\\\"short_name\\\":\\\"BT62 3LN\\\",\\\"types\\\":[\\\"postal_code\\\"]}],\\\"locationId\\\":\\\"2\\\",\\\"elementId\\\":\\\"126\\\",\\\"deleted\\\":false}],\\\"polygons\\\":[],\\\"polylines\\\":[],\\\"routes\\\":[],\\\"circles\\\":[],\\\"groundOverlays\\\":[]}\",\"85\":\"\",\"96\":\"\",\"63\":\"secondary\",\"64\":\"\",\"23\":\"<p>Portadown<\\/p>\",\"3\":\"\",\"29\":\"_layout-tinhouse\"}}', '2014-10-01 10:23:54', '2014-10-01 10:23:54', '252e4719-03a4-470f-9f81-9d4e9e240f44');
INSERT INTO `di_entryversions` (`id`, `entryId`, `sectionId`, `creatorId`, `locale`, `num`, `notes`, `data`, `dateCreated`, `dateUpdated`, `uid`) VALUES ('374', '126', '13', '1', 'en_gb', '16', '', '{\"typeId\":\"14\",\"authorId\":\"1\",\"title\":\"Tin House Portadown\",\"slug\":\"tin-house-portadown\",\"postDate\":1412090940,\"expiryDate\":null,\"enabled\":1,\"fields\":{\"50\":[{\"col1\":\"16a Church Street\",\"col2\":\"Portadown\",\"col3\":\"County Armagh\",\"col4\":\"BT62 3LQ \",\"col5\":\"Northern Ireland\",\"col6\":\"\"}],\"2\":\"\",\"14\":\"\",\"62\":[\"65\"],\"1\":\"Tin House Coffee\",\"35\":{\"127\":{\"type\":\"categoryItems\",\"enabled\":\"1\",\"fields\":{\"sectionTitle\":\"Other Places\",\"bandStyle\":\"primary\",\"listStyle\":\"mini\",\"articleStyle\":\"mini-tease\",\"articleBackground\":\"secondary\",\"limit\":\"1\",\"place\":[\"120\"]}}},\"93\":[{\"col1\":\"\",\"col2\":\"\",\"col3\":\"\"}],\"28\":\"\",\"16\":\"\",\"17\":\"background\",\"51\":\"{\\\"markers\\\":[{\\\"isNew\\\":false,\\\"isSavedToMap\\\":true,\\\"title\\\":\\\"\\\",\\\"distance\\\":false,\\\"icon\\\":\\\"\\\",\\\"lat\\\":54.4219197,\\\"lng\\\":-6.4451233,\\\"content\\\":\\\"16 Church Street<br> Portadown<br> Craigavon<br> Craigavon BT62 3LN<br> UK\\\",\\\"customContent\\\":false,\\\"address\\\":\\\"16 Church Street, Portadown, Craigavon, Craigavon BT62 3LN, UK\\\",\\\"addressComponents\\\":[{\\\"long_name\\\":\\\"16\\\",\\\"short_name\\\":\\\"16\\\",\\\"types\\\":[\\\"street_number\\\"]},{\\\"long_name\\\":\\\"Church Street\\\",\\\"short_name\\\":\\\"Church St\\\",\\\"types\\\":[\\\"route\\\"]},{\\\"long_name\\\":\\\"Portadown\\\",\\\"short_name\\\":\\\"Portadown\\\",\\\"types\\\":[\\\"locality\\\",\\\"political\\\"]},{\\\"long_name\\\":\\\"Craigavon\\\",\\\"short_name\\\":\\\"Craigavon\\\",\\\"types\\\":[\\\"postal_town\\\"]},{\\\"long_name\\\":\\\"Craigavon\\\",\\\"short_name\\\":\\\"Craigavon\\\",\\\"types\\\":[\\\"administrative_area_level_2\\\",\\\"political\\\"]},{\\\"long_name\\\":\\\"United Kingdom\\\",\\\"short_name\\\":\\\"GB\\\",\\\"types\\\":[\\\"country\\\",\\\"political\\\"]},{\\\"long_name\\\":\\\"BT62 3LN\\\",\\\"short_name\\\":\\\"BT62 3LN\\\",\\\"types\\\":[\\\"postal_code\\\"]}],\\\"locationId\\\":\\\"2\\\",\\\"elementId\\\":\\\"126\\\",\\\"deleted\\\":false}],\\\"polygons\\\":[],\\\"polylines\\\":[],\\\"routes\\\":[],\\\"circles\\\":[],\\\"groundOverlays\\\":[]}\",\"85\":\"\",\"96\":\"\",\"63\":\"secondary\",\"64\":\"\",\"23\":\"<p>Portadown<\\/p>\",\"3\":\"\",\"29\":\"_layout-tinhouse\"}}', '2014-10-01 10:24:29', '2014-10-01 10:24:29', '717aa104-8671-43c8-977b-c6aeecdcbb07');
INSERT INTO `di_entryversions` (`id`, `entryId`, `sectionId`, `creatorId`, `locale`, `num`, `notes`, `data`, `dateCreated`, `dateUpdated`, `uid`) VALUES ('375', '126', '13', '1', 'en_gb', '17', '', '{\"typeId\":\"14\",\"authorId\":\"1\",\"title\":\"Tin House Portadown\",\"slug\":\"tin-house-portadown\",\"postDate\":1412090940,\"expiryDate\":null,\"enabled\":1,\"fields\":{\"50\":[{\"col1\":\"16a Church Street\",\"col2\":\"Portadown\",\"col3\":\"County Armagh\",\"col4\":\"BT62 3LQ \",\"col5\":\"Northern Ireland\",\"col6\":\"\"}],\"2\":\"\",\"14\":\"\",\"62\":[\"65\"],\"1\":\"Tin House Coffee\",\"35\":{\"127\":{\"type\":\"categoryItems\",\"enabled\":\"1\",\"fields\":{\"sectionTitle\":\"Other Places\",\"bandStyle\":\"primary\",\"listStyle\":\"regular\",\"articleStyle\":\"simple\",\"articleBackground\":\"secondary\",\"limit\":\"1\",\"ministry\":\"\",\"place\":[\"120\"],\"role\":\"\"}},\"new1\":{\"type\":\"entryIndex\",\"enabled\":\"1\",\"fields\":{\"sectionTitle\":\"Key People\",\"sectionStyle\":\"none\",\"listStyle\":\"regular\",\"articleStyle\":\"simple\",\"articleBackground\":\"none\",\"entries\":[\"117\"]}}},\"93\":[{\"col1\":\"\",\"col2\":\"\",\"col3\":\"\"}],\"28\":\"\",\"16\":\"\",\"17\":\"background\",\"51\":\"{\\\"markers\\\":[{\\\"isNew\\\":false,\\\"isSavedToMap\\\":true,\\\"title\\\":\\\"\\\",\\\"distance\\\":false,\\\"icon\\\":\\\"\\\",\\\"lat\\\":54.4219197,\\\"lng\\\":-6.4451233,\\\"content\\\":\\\"16 Church Street<br> Portadown<br> Craigavon<br> Craigavon BT62 3LN<br> UK\\\",\\\"customContent\\\":false,\\\"address\\\":\\\"16 Church Street, Portadown, Craigavon, Craigavon BT62 3LN, UK\\\",\\\"addressComponents\\\":[{\\\"long_name\\\":\\\"16\\\",\\\"short_name\\\":\\\"16\\\",\\\"types\\\":[\\\"street_number\\\"]},{\\\"long_name\\\":\\\"Church Street\\\",\\\"short_name\\\":\\\"Church St\\\",\\\"types\\\":[\\\"route\\\"]},{\\\"long_name\\\":\\\"Portadown\\\",\\\"short_name\\\":\\\"Portadown\\\",\\\"types\\\":[\\\"locality\\\",\\\"political\\\"]},{\\\"long_name\\\":\\\"Craigavon\\\",\\\"short_name\\\":\\\"Craigavon\\\",\\\"types\\\":[\\\"postal_town\\\"]},{\\\"long_name\\\":\\\"Craigavon\\\",\\\"short_name\\\":\\\"Craigavon\\\",\\\"types\\\":[\\\"administrative_area_level_2\\\",\\\"political\\\"]},{\\\"long_name\\\":\\\"United Kingdom\\\",\\\"short_name\\\":\\\"GB\\\",\\\"types\\\":[\\\"country\\\",\\\"political\\\"]},{\\\"long_name\\\":\\\"BT62 3LN\\\",\\\"short_name\\\":\\\"BT62 3LN\\\",\\\"types\\\":[\\\"postal_code\\\"]}],\\\"locationId\\\":\\\"2\\\",\\\"elementId\\\":\\\"126\\\",\\\"deleted\\\":false}],\\\"polygons\\\":[],\\\"polylines\\\":[],\\\"routes\\\":[],\\\"circles\\\":[],\\\"groundOverlays\\\":[]}\",\"85\":\"\",\"96\":\"\",\"63\":\"secondary\",\"64\":\"\",\"23\":\"<p>Portadown<\\/p>\",\"3\":\"\",\"29\":\"_layout-tinhouse\"}}', '2014-10-01 10:34:18', '2014-10-01 10:34:18', '6f710da2-64e4-48e8-8176-d96ab4e37271');
INSERT INTO `di_entryversions` (`id`, `entryId`, `sectionId`, `creatorId`, `locale`, `num`, `notes`, `data`, `dateCreated`, `dateUpdated`, `uid`) VALUES ('376', '126', '13', '1', 'en_gb', '18', '', '{\"typeId\":\"14\",\"authorId\":\"1\",\"title\":\"Tin House Portadown\",\"slug\":\"tin-house-portadown\",\"postDate\":1412090940,\"expiryDate\":null,\"enabled\":1,\"fields\":{\"50\":[{\"col1\":\"16a Church Street\",\"col2\":\"Portadown\",\"col3\":\"County Armagh\",\"col4\":\"BT62 3LQ \",\"col5\":\"Northern Ireland\",\"col6\":\"\"}],\"2\":\"\",\"14\":\"\",\"62\":[\"65\"],\"1\":\"Tin House Coffee\",\"35\":{\"127\":{\"type\":\"categoryItems\",\"enabled\":\"1\",\"fields\":{\"sectionTitle\":\"Other Places\",\"bandStyle\":\"primary\",\"listStyle\":\"regular\",\"articleStyle\":\"simple\",\"articleBackground\":\"none\",\"limit\":\"1\",\"ministry\":\"\",\"place\":[\"120\"],\"role\":\"\"}},\"134\":{\"type\":\"entryIndex\",\"enabled\":\"1\",\"fields\":{\"sectionTitle\":\"Key People\",\"bandStyle\":\"primary\",\"listStyle\":\"regular\",\"articleStyle\":\"simple\",\"articleBackground\":\"none\",\"entries\":[\"117\"]}}},\"93\":[{\"col1\":\"\",\"col2\":\"\",\"col3\":\"\"}],\"28\":\"\",\"16\":\"\",\"17\":\"background\",\"51\":\"{\\\"markers\\\":[{\\\"isNew\\\":false,\\\"isSavedToMap\\\":true,\\\"title\\\":\\\"\\\",\\\"distance\\\":false,\\\"icon\\\":\\\"\\\",\\\"lat\\\":54.4219197,\\\"lng\\\":-6.4451233,\\\"content\\\":\\\"16 Church Street<br> Portadown<br> Craigavon<br> Craigavon BT62 3LN<br> UK\\\",\\\"customContent\\\":false,\\\"address\\\":\\\"16 Church Street, Portadown, Craigavon, Craigavon BT62 3LN, UK\\\",\\\"addressComponents\\\":[{\\\"long_name\\\":\\\"16\\\",\\\"short_name\\\":\\\"16\\\",\\\"types\\\":[\\\"street_number\\\"]},{\\\"long_name\\\":\\\"Church Street\\\",\\\"short_name\\\":\\\"Church St\\\",\\\"types\\\":[\\\"route\\\"]},{\\\"long_name\\\":\\\"Portadown\\\",\\\"short_name\\\":\\\"Portadown\\\",\\\"types\\\":[\\\"locality\\\",\\\"political\\\"]},{\\\"long_name\\\":\\\"Craigavon\\\",\\\"short_name\\\":\\\"Craigavon\\\",\\\"types\\\":[\\\"postal_town\\\"]},{\\\"long_name\\\":\\\"Craigavon\\\",\\\"short_name\\\":\\\"Craigavon\\\",\\\"types\\\":[\\\"administrative_area_level_2\\\",\\\"political\\\"]},{\\\"long_name\\\":\\\"United Kingdom\\\",\\\"short_name\\\":\\\"GB\\\",\\\"types\\\":[\\\"country\\\",\\\"political\\\"]},{\\\"long_name\\\":\\\"BT62 3LN\\\",\\\"short_name\\\":\\\"BT62 3LN\\\",\\\"types\\\":[\\\"postal_code\\\"]}],\\\"locationId\\\":\\\"2\\\",\\\"elementId\\\":\\\"126\\\",\\\"deleted\\\":false}],\\\"polygons\\\":[],\\\"polylines\\\":[],\\\"routes\\\":[],\\\"circles\\\":[],\\\"groundOverlays\\\":[]}\",\"85\":\"\",\"96\":\"\",\"63\":\"secondary\",\"64\":\"\",\"23\":\"<p>Portadown<\\/p>\",\"3\":\"\",\"29\":\"_layout-tinhouse\"}}', '2014-10-01 10:36:47', '2014-10-01 10:36:47', '2f55907c-49f2-46ee-9ead-081c2bcac06a');
INSERT INTO `di_entryversions` (`id`, `entryId`, `sectionId`, `creatorId`, `locale`, `num`, `notes`, `data`, `dateCreated`, `dateUpdated`, `uid`) VALUES ('377', '126', '13', '1', 'en_gb', '19', '', '{\"typeId\":\"14\",\"authorId\":\"1\",\"title\":\"Tin House Portadown\",\"slug\":\"tin-house-portadown\",\"postDate\":1412090940,\"expiryDate\":null,\"enabled\":1,\"fields\":{\"50\":[{\"col1\":\"16a Church Street\",\"col2\":\"Portadown\",\"col3\":\"County Armagh\",\"col4\":\"BT62 3LQ \",\"col5\":\"Northern Ireland\",\"col6\":\"\"}],\"2\":\"\",\"14\":\"\",\"62\":[\"65\"],\"1\":\"Tin House Coffee\",\"35\":{\"127\":{\"type\":\"categoryItems\",\"enabled\":\"1\",\"fields\":{\"sectionTitle\":\"Other Places\",\"bandStyle\":\"primary\",\"listStyle\":\"regular\",\"articleStyle\":\"simple\",\"articleBackground\":\"none\",\"limit\":\"1\",\"ministry\":\"\",\"place\":[\"120\"],\"role\":\"\"}},\"134\":{\"type\":\"entryIndex\",\"enabled\":\"1\",\"fields\":{\"sectionTitle\":\"Key People\",\"bandStyle\":\"primary\",\"listStyle\":\"regular\",\"articleStyle\":\"tease\",\"articleBackground\":\"none\",\"entries\":[\"117\"]}}},\"93\":[{\"col1\":\"\",\"col2\":\"\",\"col3\":\"\"}],\"28\":\"\",\"16\":\"\",\"17\":\"background\",\"51\":\"{\\\"markers\\\":[{\\\"isNew\\\":false,\\\"isSavedToMap\\\":true,\\\"title\\\":\\\"\\\",\\\"distance\\\":false,\\\"icon\\\":\\\"\\\",\\\"lat\\\":54.4219197,\\\"lng\\\":-6.4451233,\\\"content\\\":\\\"16 Church Street<br> Portadown<br> Craigavon<br> Craigavon BT62 3LN<br> UK\\\",\\\"customContent\\\":false,\\\"address\\\":\\\"16 Church Street, Portadown, Craigavon, Craigavon BT62 3LN, UK\\\",\\\"addressComponents\\\":[{\\\"long_name\\\":\\\"16\\\",\\\"short_name\\\":\\\"16\\\",\\\"types\\\":[\\\"street_number\\\"]},{\\\"long_name\\\":\\\"Church Street\\\",\\\"short_name\\\":\\\"Church St\\\",\\\"types\\\":[\\\"route\\\"]},{\\\"long_name\\\":\\\"Portadown\\\",\\\"short_name\\\":\\\"Portadown\\\",\\\"types\\\":[\\\"locality\\\",\\\"political\\\"]},{\\\"long_name\\\":\\\"Craigavon\\\",\\\"short_name\\\":\\\"Craigavon\\\",\\\"types\\\":[\\\"postal_town\\\"]},{\\\"long_name\\\":\\\"Craigavon\\\",\\\"short_name\\\":\\\"Craigavon\\\",\\\"types\\\":[\\\"administrative_area_level_2\\\",\\\"political\\\"]},{\\\"long_name\\\":\\\"United Kingdom\\\",\\\"short_name\\\":\\\"GB\\\",\\\"types\\\":[\\\"country\\\",\\\"political\\\"]},{\\\"long_name\\\":\\\"BT62 3LN\\\",\\\"short_name\\\":\\\"BT62 3LN\\\",\\\"types\\\":[\\\"postal_code\\\"]}],\\\"locationId\\\":\\\"2\\\",\\\"elementId\\\":\\\"126\\\",\\\"deleted\\\":false}],\\\"polygons\\\":[],\\\"polylines\\\":[],\\\"routes\\\":[],\\\"circles\\\":[],\\\"groundOverlays\\\":[]}\",\"85\":\"\",\"96\":\"\",\"63\":\"secondary\",\"64\":\"\",\"23\":\"<p>Portadown<\\/p>\",\"3\":\"\",\"29\":\"_layout-tinhouse\"}}', '2014-10-01 10:37:45', '2014-10-01 10:37:45', '1bb91937-20ca-41c4-93c9-28a6d369e84a');
INSERT INTO `di_entryversions` (`id`, `entryId`, `sectionId`, `creatorId`, `locale`, `num`, `notes`, `data`, `dateCreated`, `dateUpdated`, `uid`) VALUES ('378', '126', '13', '1', 'en_gb', '20', '', '{\"typeId\":\"14\",\"authorId\":\"1\",\"title\":\"Tin House Portadown\",\"slug\":\"tin-house-portadown\",\"postDate\":1412090940,\"expiryDate\":null,\"enabled\":1,\"fields\":{\"50\":[{\"col1\":\"16a Church Street\",\"col2\":\"Portadown\",\"col3\":\"County Armagh\",\"col4\":\"BT62 3LQ \",\"col5\":\"Northern Ireland\",\"col6\":\"\"}],\"2\":\"\",\"14\":\"\",\"62\":[\"65\"],\"1\":\"Tin House Coffee\",\"35\":{\"134\":{\"type\":\"entryIndex\",\"enabled\":\"1\",\"fields\":{\"sectionTitle\":\"Key People\",\"bandStyle\":\"shade\",\"listStyle\":\"regular\",\"articleStyle\":\"tease\",\"articleBackground\":\"none\",\"entries\":[\"117\"]}},\"127\":{\"type\":\"categoryItems\",\"enabled\":\"1\",\"fields\":{\"sectionTitle\":\"Other Places\",\"bandStyle\":\"primary\",\"listStyle\":\"regular\",\"articleStyle\":\"simple\",\"articleBackground\":\"none\",\"limit\":\"1\",\"ministry\":\"\",\"place\":[\"120\"],\"role\":\"\"}}},\"93\":[{\"col1\":\"\",\"col2\":\"\",\"col3\":\"\"}],\"28\":\"\",\"16\":\"\",\"17\":\"background\",\"51\":\"{\\\"markers\\\":[{\\\"isNew\\\":false,\\\"isSavedToMap\\\":true,\\\"title\\\":\\\"\\\",\\\"distance\\\":false,\\\"icon\\\":\\\"\\\",\\\"lat\\\":54.4219197,\\\"lng\\\":-6.4451233,\\\"content\\\":\\\"16 Church Street<br> Portadown<br> Craigavon<br> Craigavon BT62 3LN<br> UK\\\",\\\"customContent\\\":false,\\\"address\\\":\\\"16 Church Street, Portadown, Craigavon, Craigavon BT62 3LN, UK\\\",\\\"addressComponents\\\":[{\\\"long_name\\\":\\\"16\\\",\\\"short_name\\\":\\\"16\\\",\\\"types\\\":[\\\"street_number\\\"]},{\\\"long_name\\\":\\\"Church Street\\\",\\\"short_name\\\":\\\"Church St\\\",\\\"types\\\":[\\\"route\\\"]},{\\\"long_name\\\":\\\"Portadown\\\",\\\"short_name\\\":\\\"Portadown\\\",\\\"types\\\":[\\\"locality\\\",\\\"political\\\"]},{\\\"long_name\\\":\\\"Craigavon\\\",\\\"short_name\\\":\\\"Craigavon\\\",\\\"types\\\":[\\\"postal_town\\\"]},{\\\"long_name\\\":\\\"Craigavon\\\",\\\"short_name\\\":\\\"Craigavon\\\",\\\"types\\\":[\\\"administrative_area_level_2\\\",\\\"political\\\"]},{\\\"long_name\\\":\\\"United Kingdom\\\",\\\"short_name\\\":\\\"GB\\\",\\\"types\\\":[\\\"country\\\",\\\"political\\\"]},{\\\"long_name\\\":\\\"BT62 3LN\\\",\\\"short_name\\\":\\\"BT62 3LN\\\",\\\"types\\\":[\\\"postal_code\\\"]}],\\\"locationId\\\":\\\"2\\\",\\\"elementId\\\":\\\"126\\\",\\\"deleted\\\":false}],\\\"polygons\\\":[],\\\"polylines\\\":[],\\\"routes\\\":[],\\\"circles\\\":[],\\\"groundOverlays\\\":[]}\",\"85\":\"\",\"96\":\"\",\"63\":\"secondary\",\"64\":\"\",\"23\":\"<p>Portadown<\\/p>\",\"3\":\"\",\"29\":\"_layout-tinhouse\"}}', '2014-10-01 10:38:59', '2014-10-01 10:38:59', '2621a7b9-76d6-4055-b9ff-931bf4364361');
INSERT INTO `di_entryversions` (`id`, `entryId`, `sectionId`, `creatorId`, `locale`, `num`, `notes`, `data`, `dateCreated`, `dateUpdated`, `uid`) VALUES ('379', '126', '13', '1', 'en_gb', '21', '', '{\"typeId\":\"14\",\"authorId\":\"1\",\"title\":\"Tin House Portadown\",\"slug\":\"tin-house-portadown\",\"postDate\":1412090940,\"expiryDate\":null,\"enabled\":1,\"fields\":{\"50\":[{\"col1\":\"16a Church Street\",\"col2\":\"Portadown\",\"col3\":\"County Armagh\",\"col4\":\"BT62 3LQ \",\"col5\":\"Northern Ireland\",\"col6\":\"\"}],\"2\":{\"new1\":{\"type\":\"ibox\",\"enabled\":\"1\",\"fields\":{\"infoTitle\":\"David McBride\",\"infoBrief\":\"\",\"infoTable\":[{\"col1\":\"\",\"col2\":\"\",\"col5\":\"\"}],\"assetPlacement\":\"asset--inset\",\"entry\":[\"117\"]}}},\"14\":\"\",\"62\":[\"65\"],\"1\":\"Tin House Coffee\",\"35\":{\"134\":{\"type\":\"entryIndex\",\"enabled\":\"1\",\"fields\":{\"sectionTitle\":\"Key People\",\"bandStyle\":\"shade\",\"listStyle\":\"regular\",\"articleStyle\":\"tease\",\"articleBackground\":\"none\",\"entries\":[\"117\"]}},\"127\":{\"type\":\"categoryItems\",\"enabled\":\"1\",\"fields\":{\"sectionTitle\":\"Other Places\",\"bandStyle\":\"primary\",\"listStyle\":\"regular\",\"articleStyle\":\"simple\",\"articleBackground\":\"none\",\"limit\":\"1\",\"ministry\":\"\",\"place\":[\"120\"],\"role\":\"\"}}},\"93\":[{\"col1\":\"\",\"col2\":\"\",\"col3\":\"\"}],\"28\":\"\",\"16\":\"\",\"17\":\"background\",\"51\":\"{\\\"markers\\\":[{\\\"isNew\\\":false,\\\"isSavedToMap\\\":true,\\\"title\\\":\\\"\\\",\\\"distance\\\":false,\\\"icon\\\":\\\"\\\",\\\"lat\\\":54.4219197,\\\"lng\\\":-6.4451233,\\\"content\\\":\\\"16 Church Street<br> Portadown<br> Craigavon<br> Craigavon BT62 3LN<br> UK\\\",\\\"customContent\\\":false,\\\"address\\\":\\\"16 Church Street, Portadown, Craigavon, Craigavon BT62 3LN, UK\\\",\\\"addressComponents\\\":[{\\\"long_name\\\":\\\"16\\\",\\\"short_name\\\":\\\"16\\\",\\\"types\\\":[\\\"street_number\\\"]},{\\\"long_name\\\":\\\"Church Street\\\",\\\"short_name\\\":\\\"Church St\\\",\\\"types\\\":[\\\"route\\\"]},{\\\"long_name\\\":\\\"Portadown\\\",\\\"short_name\\\":\\\"Portadown\\\",\\\"types\\\":[\\\"locality\\\",\\\"political\\\"]},{\\\"long_name\\\":\\\"Craigavon\\\",\\\"short_name\\\":\\\"Craigavon\\\",\\\"types\\\":[\\\"postal_town\\\"]},{\\\"long_name\\\":\\\"Craigavon\\\",\\\"short_name\\\":\\\"Craigavon\\\",\\\"types\\\":[\\\"administrative_area_level_2\\\",\\\"political\\\"]},{\\\"long_name\\\":\\\"United Kingdom\\\",\\\"short_name\\\":\\\"GB\\\",\\\"types\\\":[\\\"country\\\",\\\"political\\\"]},{\\\"long_name\\\":\\\"BT62 3LN\\\",\\\"short_name\\\":\\\"BT62 3LN\\\",\\\"types\\\":[\\\"postal_code\\\"]}],\\\"locationId\\\":\\\"2\\\",\\\"elementId\\\":\\\"126\\\",\\\"deleted\\\":false}],\\\"polygons\\\":[],\\\"polylines\\\":[],\\\"routes\\\":[],\\\"circles\\\":[],\\\"groundOverlays\\\":[]}\",\"85\":\"\",\"96\":\"\",\"63\":\"secondary\",\"64\":\"\",\"23\":\"<p>Portadown<\\/p>\",\"3\":\"\",\"29\":\"_layout-tinhouse\"}}', '2014-10-01 10:55:42', '2014-10-01 10:55:42', '63e7f816-57b9-4450-a82a-4195db3eef55');
INSERT INTO `di_entryversions` (`id`, `entryId`, `sectionId`, `creatorId`, `locale`, `num`, `notes`, `data`, `dateCreated`, `dateUpdated`, `uid`) VALUES ('380', '126', '13', '1', 'en_gb', '22', '', '{\"typeId\":\"14\",\"authorId\":\"1\",\"title\":\"Tin House Portadown\",\"slug\":\"tin-house-portadown\",\"postDate\":1412090940,\"expiryDate\":null,\"enabled\":1,\"fields\":{\"50\":[{\"col1\":\"16a Church Street\",\"col2\":\"Portadown\",\"col3\":\"County Armagh\",\"col4\":\"BT62 3LQ \",\"col5\":\"Northern Ireland\",\"col6\":\"\"}],\"2\":{\"135\":{\"type\":\"ibox\",\"enabled\":\"1\",\"fields\":{\"infoTitle\":\"David McBride\",\"infoBrief\":\"\",\"infoTable\":[{\"col1\":\"\",\"col2\":\"\",\"col5\":\"\"}],\"assetPlacement\":\"asset--full\",\"entry\":[\"117\"]}}},\"14\":\"\",\"62\":[\"65\"],\"1\":\"Tin House Coffee\",\"35\":{\"134\":{\"type\":\"entryIndex\",\"enabled\":\"1\",\"fields\":{\"sectionTitle\":\"Key People\",\"bandStyle\":\"shade\",\"listStyle\":\"regular\",\"articleStyle\":\"tease\",\"articleBackground\":\"none\",\"entries\":[\"117\"]}},\"127\":{\"type\":\"categoryItems\",\"enabled\":\"1\",\"fields\":{\"sectionTitle\":\"Other Places\",\"bandStyle\":\"primary\",\"listStyle\":\"regular\",\"articleStyle\":\"simple\",\"articleBackground\":\"none\",\"limit\":\"1\",\"ministry\":\"\",\"place\":[\"120\"],\"role\":\"\"}}},\"93\":[{\"col1\":\"\",\"col2\":\"\",\"col3\":\"\"}],\"28\":\"\",\"16\":\"\",\"17\":\"background\",\"51\":\"{\\\"markers\\\":[{\\\"isNew\\\":false,\\\"isSavedToMap\\\":true,\\\"title\\\":\\\"\\\",\\\"distance\\\":false,\\\"icon\\\":\\\"\\\",\\\"lat\\\":54.4219197,\\\"lng\\\":-6.4451233,\\\"content\\\":\\\"16 Church Street<br> Portadown<br> Craigavon<br> Craigavon BT62 3LN<br> UK\\\",\\\"customContent\\\":false,\\\"address\\\":\\\"16 Church Street, Portadown, Craigavon, Craigavon BT62 3LN, UK\\\",\\\"addressComponents\\\":[{\\\"long_name\\\":\\\"16\\\",\\\"short_name\\\":\\\"16\\\",\\\"types\\\":[\\\"street_number\\\"]},{\\\"long_name\\\":\\\"Church Street\\\",\\\"short_name\\\":\\\"Church St\\\",\\\"types\\\":[\\\"route\\\"]},{\\\"long_name\\\":\\\"Portadown\\\",\\\"short_name\\\":\\\"Portadown\\\",\\\"types\\\":[\\\"locality\\\",\\\"political\\\"]},{\\\"long_name\\\":\\\"Craigavon\\\",\\\"short_name\\\":\\\"Craigavon\\\",\\\"types\\\":[\\\"postal_town\\\"]},{\\\"long_name\\\":\\\"Craigavon\\\",\\\"short_name\\\":\\\"Craigavon\\\",\\\"types\\\":[\\\"administrative_area_level_2\\\",\\\"political\\\"]},{\\\"long_name\\\":\\\"United Kingdom\\\",\\\"short_name\\\":\\\"GB\\\",\\\"types\\\":[\\\"country\\\",\\\"political\\\"]},{\\\"long_name\\\":\\\"BT62 3LN\\\",\\\"short_name\\\":\\\"BT62 3LN\\\",\\\"types\\\":[\\\"postal_code\\\"]}],\\\"locationId\\\":\\\"2\\\",\\\"elementId\\\":\\\"126\\\",\\\"deleted\\\":false}],\\\"polygons\\\":[],\\\"polylines\\\":[],\\\"routes\\\":[],\\\"circles\\\":[],\\\"groundOverlays\\\":[]}\",\"85\":\"\",\"96\":\"\",\"63\":\"secondary\",\"64\":\"\",\"23\":\"<p>Portadown<\\/p>\",\"3\":\"\",\"29\":\"_layout-tinhouse\"}}', '2014-10-01 11:05:13', '2014-10-01 11:05:13', '68dc27ec-84b6-4e82-b5c8-18b62e16cb2c');
INSERT INTO `di_entryversions` (`id`, `entryId`, `sectionId`, `creatorId`, `locale`, `num`, `notes`, `data`, `dateCreated`, `dateUpdated`, `uid`) VALUES ('381', '126', '13', '1', 'en_gb', '23', '', '{\"typeId\":\"14\",\"authorId\":\"1\",\"title\":\"Tin House Portadown\",\"slug\":\"tin-house-portadown\",\"postDate\":1412090940,\"expiryDate\":null,\"enabled\":1,\"fields\":{\"50\":[{\"col1\":\"16a Church Street\",\"col2\":\"Portadown\",\"col3\":\"County Armagh\",\"col4\":\"BT62 3LQ \",\"col5\":\"Northern Ireland\",\"col6\":\"\"}],\"2\":{\"135\":{\"type\":\"ibox\",\"enabled\":\"1\",\"fields\":{\"infoTitle\":\"David McBride\",\"infoBrief\":\"<p>A little bit about David<\\/p>\",\"infoTable\":[{\"col1\":\"\",\"col2\":\"\",\"col5\":\"\"}],\"assetPlacement\":\"asset--full\",\"entry\":[\"117\"]}}},\"14\":\"\",\"62\":[\"65\"],\"1\":\"Tin House Coffee\",\"35\":{\"134\":{\"type\":\"entryIndex\",\"enabled\":\"1\",\"fields\":{\"sectionTitle\":\"Key People\",\"bandStyle\":\"shade\",\"listStyle\":\"regular\",\"articleStyle\":\"tease\",\"articleBackground\":\"none\",\"entries\":[\"117\"]}},\"127\":{\"type\":\"categoryItems\",\"enabled\":\"1\",\"fields\":{\"sectionTitle\":\"Other Places\",\"bandStyle\":\"primary\",\"listStyle\":\"regular\",\"articleStyle\":\"simple\",\"articleBackground\":\"none\",\"limit\":\"1\",\"ministry\":\"\",\"place\":[\"120\"],\"role\":\"\"}}},\"93\":[{\"col1\":\"\",\"col2\":\"\",\"col3\":\"\"}],\"28\":\"\",\"16\":\"\",\"17\":\"background\",\"51\":\"{\\\"markers\\\":[{\\\"isNew\\\":false,\\\"isSavedToMap\\\":true,\\\"title\\\":\\\"\\\",\\\"distance\\\":false,\\\"icon\\\":\\\"\\\",\\\"lat\\\":54.4219197,\\\"lng\\\":-6.4451233,\\\"content\\\":\\\"16 Church Street<br> Portadown<br> Craigavon<br> Craigavon BT62 3LN<br> UK\\\",\\\"customContent\\\":false,\\\"address\\\":\\\"16 Church Street, Portadown, Craigavon, Craigavon BT62 3LN, UK\\\",\\\"addressComponents\\\":[{\\\"long_name\\\":\\\"16\\\",\\\"short_name\\\":\\\"16\\\",\\\"types\\\":[\\\"street_number\\\"]},{\\\"long_name\\\":\\\"Church Street\\\",\\\"short_name\\\":\\\"Church St\\\",\\\"types\\\":[\\\"route\\\"]},{\\\"long_name\\\":\\\"Portadown\\\",\\\"short_name\\\":\\\"Portadown\\\",\\\"types\\\":[\\\"locality\\\",\\\"political\\\"]},{\\\"long_name\\\":\\\"Craigavon\\\",\\\"short_name\\\":\\\"Craigavon\\\",\\\"types\\\":[\\\"postal_town\\\"]},{\\\"long_name\\\":\\\"Craigavon\\\",\\\"short_name\\\":\\\"Craigavon\\\",\\\"types\\\":[\\\"administrative_area_level_2\\\",\\\"political\\\"]},{\\\"long_name\\\":\\\"United Kingdom\\\",\\\"short_name\\\":\\\"GB\\\",\\\"types\\\":[\\\"country\\\",\\\"political\\\"]},{\\\"long_name\\\":\\\"BT62 3LN\\\",\\\"short_name\\\":\\\"BT62 3LN\\\",\\\"types\\\":[\\\"postal_code\\\"]}],\\\"locationId\\\":\\\"2\\\",\\\"elementId\\\":\\\"126\\\",\\\"deleted\\\":false}],\\\"polygons\\\":[],\\\"polylines\\\":[],\\\"routes\\\":[],\\\"circles\\\":[],\\\"groundOverlays\\\":[]}\",\"85\":\"\",\"96\":\"\",\"63\":\"secondary\",\"64\":\"\",\"23\":\"<p>Portadown<\\/p>\",\"3\":\"\",\"29\":\"_layout-tinhouse\"}}', '2014-10-01 11:13:06', '2014-10-01 11:13:06', 'c0c96866-dceb-437c-abd0-75ccf920d1ee');
INSERT INTO `di_entryversions` (`id`, `entryId`, `sectionId`, `creatorId`, `locale`, `num`, `notes`, `data`, `dateCreated`, `dateUpdated`, `uid`) VALUES ('382', '126', '13', '1', 'en_gb', '24', '', '{\"typeId\":\"14\",\"authorId\":\"1\",\"title\":\"Tin House Portadown\",\"slug\":\"tin-house-portadown\",\"postDate\":1412090940,\"expiryDate\":null,\"enabled\":1,\"fields\":{\"50\":[{\"col1\":\"16a Church Street\",\"col2\":\"Portadown\",\"col3\":\"County Armagh\",\"col4\":\"BT62 3LQ \",\"col5\":\"Northern Ireland\",\"col6\":\"\"}],\"2\":\"\",\"14\":\"\",\"62\":[\"65\"],\"1\":\"Tin House Coffee\",\"35\":{\"134\":{\"type\":\"entryIndex\",\"enabled\":\"1\",\"fields\":{\"sectionTitle\":\"Key People\",\"bandStyle\":\"shade\",\"listStyle\":\"regular\",\"articleStyle\":\"tease\",\"articleBackground\":\"none\",\"entries\":[\"117\"]}},\"127\":{\"type\":\"categoryItems\",\"enabled\":\"1\",\"fields\":{\"sectionTitle\":\"Other Places\",\"bandStyle\":\"primary\",\"listStyle\":\"regular\",\"articleStyle\":\"simple\",\"articleBackground\":\"none\",\"limit\":\"1\",\"ministry\":\"\",\"place\":[\"120\"],\"role\":\"\"}}},\"93\":[{\"col1\":\"\",\"col2\":\"\",\"col3\":\"\"}],\"28\":\"\",\"16\":\"\",\"17\":\"background\",\"51\":\"{\\\"markers\\\":[{\\\"isNew\\\":false,\\\"isSavedToMap\\\":true,\\\"title\\\":\\\"\\\",\\\"distance\\\":false,\\\"icon\\\":\\\"\\\",\\\"lat\\\":54.4219197,\\\"lng\\\":-6.4451233,\\\"content\\\":\\\"16 Church Street<br> Portadown<br> Craigavon<br> Craigavon BT62 3LN<br> UK\\\",\\\"customContent\\\":false,\\\"address\\\":\\\"16 Church Street, Portadown, Craigavon, Craigavon BT62 3LN, UK\\\",\\\"addressComponents\\\":[{\\\"long_name\\\":\\\"16\\\",\\\"short_name\\\":\\\"16\\\",\\\"types\\\":[\\\"street_number\\\"]},{\\\"long_name\\\":\\\"Church Street\\\",\\\"short_name\\\":\\\"Church St\\\",\\\"types\\\":[\\\"route\\\"]},{\\\"long_name\\\":\\\"Portadown\\\",\\\"short_name\\\":\\\"Portadown\\\",\\\"types\\\":[\\\"locality\\\",\\\"political\\\"]},{\\\"long_name\\\":\\\"Craigavon\\\",\\\"short_name\\\":\\\"Craigavon\\\",\\\"types\\\":[\\\"postal_town\\\"]},{\\\"long_name\\\":\\\"Craigavon\\\",\\\"short_name\\\":\\\"Craigavon\\\",\\\"types\\\":[\\\"administrative_area_level_2\\\",\\\"political\\\"]},{\\\"long_name\\\":\\\"United Kingdom\\\",\\\"short_name\\\":\\\"GB\\\",\\\"types\\\":[\\\"country\\\",\\\"political\\\"]},{\\\"long_name\\\":\\\"BT62 3LN\\\",\\\"short_name\\\":\\\"BT62 3LN\\\",\\\"types\\\":[\\\"postal_code\\\"]}],\\\"locationId\\\":\\\"2\\\",\\\"elementId\\\":\\\"126\\\",\\\"deleted\\\":false}],\\\"polygons\\\":[],\\\"polylines\\\":[],\\\"routes\\\":[],\\\"circles\\\":[],\\\"groundOverlays\\\":[]}\",\"85\":\"\",\"96\":\"\",\"63\":\"secondary\",\"64\":\"\",\"23\":\"<p>Portadown<\\/p>\",\"3\":\"\",\"29\":\"_layout-tinhouse\"}}', '2014-10-01 11:13:59', '2014-10-01 11:13:59', 'a501cbb7-d8d5-492d-b8e4-85ff2dc2e0c5');
INSERT INTO `di_entryversions` (`id`, `entryId`, `sectionId`, `creatorId`, `locale`, `num`, `notes`, `data`, `dateCreated`, `dateUpdated`, `uid`) VALUES ('383', '114', '10', '1', 'en_gb', '9', '', '{\"typeId\":\"11\",\"authorId\":\"1\",\"title\":\"Lampstand\",\"slug\":\"lampstand\",\"postDate\":1412074800,\"expiryDate\":null,\"enabled\":1,\"fields\":{\"2\":{\"115\":{\"type\":\"image\",\"enabled\":\"1\",\"fields\":{\"image\":[\"59\"],\"assetPlacement\":\"asset--full\",\"imageCaption\":\"\"}},\"116\":{\"type\":\"text\",\"enabled\":\"1\",\"fields\":{\"text\":\"<p>Lorem ipsum dolor sit amet, consectetur adipiscing elit. Sed blandit accumsan risus, et dictum ligula elementum vehicula. Cras in congue ante. Sed non tincidunt ante. Nulla sem nisl, luctus a lacinia sed, hendrerit eget mi. Donec quis feugiat dui. In in risus odio. Duis commodo ligula id aliquet iaculis.<\\/p><p>Donec condimentum, est at ultricies pretium, enim metus consectetur dui, eu cursus elit neque ut neque. Mauris sit amet venenatis diam. Pellentesque tincidunt vulputate nibh, vitae hendrerit nulla. Nulla facilisi. Donec posuere velit ut facilisis sagittis. Morbi maximus sapien orci, non lobortis magna viverra posuere. Morbi faucibus eget ante vitae commodo. Donec porta eleifend massa et porttitor. In mollis libero at erat tristique condimentum. Nullam in rutrum velit.<\\/p>\"}}},\"14\":\"<p>Lorem ipsum dolor sit amet, consectetur adipiscing elit. Sed blandit accumsan risus, et dictum ligula elementum vehicula. Cras in congue ante. Sed non tincidunt ante. Nulla sem nisl, luctus a lacinia sed, hendrerit eget mi. Donec quis feugiat dui. In in risus odio. Duis commodo ligula id aliquet iaculis.<\\/p><p>Donec condimentum, est at ultricies pretium, enim metus consectetur dui, eu cursus elit neque ut neque. Mauris sit amet venenatis diam. Pellentesque tincidunt vulputate nibh, vitae hendrerit nulla. Nulla facilisi. Donec posuere velit ut facilisis sagittis. Morbi maximus sapien orci, non lobortis magna viverra posuere. Morbi faucibus eget ante vitae commodo. Donec porta eleifend massa et porttitor. In mollis libero at erat tristique condimentum. Nullam in rutrum velit.<\\/p>\",\"62\":\"\",\"1\":\"\",\"28\":[\"1\"],\"16\":\"\",\"17\":\"poster\",\"26\":\"\",\"109\":\"\",\"96\":\"\",\"63\":\"none\",\"54\":[{\"col1\":\"12.00\",\"col2\":\"10.00\",\"col7\":\"15.00\",\"col6\":\"GBP\",\"col3\":\"Wooden\",\"col4\":\"1\",\"col5\":\"1\"},{\"col1\":\"13.00\",\"col2\":\"\",\"col7\":\"\",\"col6\":\"GBP\",\"col3\":\"Metal\",\"col4\":\"\",\"col5\":\"\"}],\"108\":[\"136\",\"137\"],\"23\":\"<p>An attractive lampstand that will go with any lamp<\\/p>\",\"3\":\"\",\"29\":\"_layout\"}}', '2014-10-01 11:31:49', '2014-10-01 11:31:49', '2a363bcb-be44-4ff3-bfb4-a8b04b914395');
INSERT INTO `di_entryversions` (`id`, `entryId`, `sectionId`, `creatorId`, `locale`, `num`, `notes`, `data`, `dateCreated`, `dateUpdated`, `uid`) VALUES ('384', '114', '10', '1', 'en_gb', '10', '', '{\"typeId\":\"11\",\"authorId\":\"1\",\"title\":\"Lampstand\",\"slug\":\"lampstand\",\"postDate\":1412074800,\"expiryDate\":null,\"enabled\":1,\"fields\":{\"2\":{\"115\":{\"type\":\"image\",\"enabled\":\"1\",\"fields\":{\"image\":[\"59\"],\"assetPlacement\":\"asset--full\",\"imageCaption\":\"\"}},\"116\":{\"type\":\"text\",\"enabled\":\"1\",\"fields\":{\"text\":\"<p>Lorem ipsum dolor sit amet, consectetur adipiscing elit. Sed blandit accumsan risus, et dictum ligula elementum vehicula. Cras in congue ante. Sed non tincidunt ante. Nulla sem nisl, luctus a lacinia sed, hendrerit eget mi. Donec quis feugiat dui. In in risus odio. Duis commodo ligula id aliquet iaculis.<\\/p><p>Donec condimentum, est at ultricies pretium, enim metus consectetur dui, eu cursus elit neque ut neque. Mauris sit amet venenatis diam. Pellentesque tincidunt vulputate nibh, vitae hendrerit nulla. Nulla facilisi. Donec posuere velit ut facilisis sagittis. Morbi maximus sapien orci, non lobortis magna viverra posuere. Morbi faucibus eget ante vitae commodo. Donec porta eleifend massa et porttitor. In mollis libero at erat tristique condimentum. Nullam in rutrum velit.<\\/p>\"}}},\"14\":\"<p>Lorem ipsum dolor sit amet, consectetur adipiscing elit. Sed blandit accumsan risus, et dictum ligula elementum vehicula. Cras in congue ante. Sed non tincidunt ante. Nulla sem nisl, luctus a lacinia sed, hendrerit eget mi. Donec quis feugiat dui. In in risus odio. Duis commodo ligula id aliquet iaculis.<\\/p><p>Donec condimentum, est at ultricies pretium, enim metus consectetur dui, eu cursus elit neque ut neque. Mauris sit amet venenatis diam. Pellentesque tincidunt vulputate nibh, vitae hendrerit nulla. Nulla facilisi. Donec posuere velit ut facilisis sagittis. Morbi maximus sapien orci, non lobortis magna viverra posuere. Morbi faucibus eget ante vitae commodo. Donec porta eleifend massa et porttitor. In mollis libero at erat tristique condimentum. Nullam in rutrum velit.<\\/p>\",\"62\":\"\",\"1\":\"\",\"28\":[\"1\"],\"16\":[\"51\"],\"17\":\"poster\",\"26\":\"\",\"109\":\"\",\"96\":\"\",\"63\":\"none\",\"54\":[{\"col1\":\"12.00\",\"col2\":\"10.00\",\"col7\":\"15.00\",\"col6\":\"GBP\",\"col3\":\"Wooden\",\"col4\":\"1\",\"col5\":\"1\"},{\"col1\":\"13.00\",\"col2\":\"\",\"col7\":\"\",\"col6\":\"GBP\",\"col3\":\"Metal\",\"col4\":\"\",\"col5\":\"\"}],\"108\":[\"136\",\"137\"],\"23\":\"<p>An attractive lampstand that will go with any lamp<\\/p>\",\"3\":\"\",\"29\":\"_layout\"}}', '2014-10-01 12:43:45', '2014-10-01 12:43:45', '41983b49-dcdb-4163-9737-75a85d972a4f');
INSERT INTO `di_entryversions` (`id`, `entryId`, `sectionId`, `creatorId`, `locale`, `num`, `notes`, `data`, `dateCreated`, `dateUpdated`, `uid`) VALUES ('385', '139', '10', '1', 'en_gb', '1', '', '{\"typeId\":null,\"authorId\":\"1\",\"title\":\"Kenyan Roast\",\"slug\":\"kenyan-roast\",\"postDate\":1412167550,\"expiryDate\":null,\"enabled\":1,\"fields\":{\"2\":\"\",\"14\":\"\",\"62\":\"\",\"1\":\"\",\"28\":\"\",\"16\":[\"51\"],\"17\":\"poster\",\"26\":\"\",\"109\":\"\",\"96\":\"\",\"63\":\"none\",\"54\":[{\"col1\":\"\",\"col2\":\"\",\"col7\":\"\",\"col6\":\"GBP\",\"col3\":\"\",\"col4\":\"1\",\"col5\":\"1\"}],\"108\":[\"136\",\"137\"],\"23\":\"\",\"3\":\"\",\"29\":\"_layout-tinhouse\"}}', '2014-10-01 12:45:50', '2014-10-01 12:45:50', 'a1409123-25ba-4e91-b5e9-aabf978d2134');
INSERT INTO `di_entryversions` (`id`, `entryId`, `sectionId`, `creatorId`, `locale`, `num`, `notes`, `data`, `dateCreated`, `dateUpdated`, `uid`) VALUES ('386', '139', '10', '1', 'en_gb', '2', '', '{\"typeId\":\"11\",\"authorId\":\"1\",\"title\":\"Kenyan Roast\",\"slug\":\"kenyan-roast\",\"postDate\":1412167500,\"expiryDate\":null,\"enabled\":1,\"fields\":{\"2\":\"\",\"14\":\"\",\"62\":\"\",\"1\":\"\",\"28\":\"\",\"16\":[\"51\"],\"17\":\"poster\",\"26\":\"\",\"109\":\"\",\"96\":\"\",\"63\":\"none\",\"54\":[{\"col1\":\"\",\"col2\":\"\",\"col7\":\"\",\"col6\":\"GBP\",\"col3\":\"\",\"col4\":\"\",\"col5\":\"\"}],\"108\":[\"136\",\"137\"],\"23\":\"\",\"3\":\"\",\"29\":\"_layout-tinhouse\"}}', '2014-10-01 12:46:34', '2014-10-01 12:46:34', '1d7978fc-37f1-400b-8f3a-8997464a023a');
INSERT INTO `di_entryversions` (`id`, `entryId`, `sectionId`, `creatorId`, `locale`, `num`, `notes`, `data`, `dateCreated`, `dateUpdated`, `uid`) VALUES ('387', '2', '1', '1', 'en_gb', '38', '', '{\"typeId\":\"1\",\"authorId\":null,\"title\":\"Homepage\",\"slug\":\"homepage\",\"postDate\":1409830139,\"expiryDate\":null,\"enabled\":1,\"fields\":{\"2\":\"\",\"14\":\"<p>We believe Christian fellowship is divinely brought about by God for the purpose of displaying and advancing His Kingdom on earth, as Christians love one another and submit to the lordship of Christ, they show a picture of the heavenly realities that are to come.<\\/p>\",\"62\":[\"61\"],\"1\":\"\",\"35\":\"\",\"65\":\"\",\"16\":[\"18\"],\"17\":\"background\",\"26\":\"\",\"85\":\"\",\"63\":\"secondary\",\"23\":\"<p>Bringing hope, help and healing<br>to a hurting world<\\/p>\",\"29\":\"_layout\"}}', '2014-10-01 14:21:19', '2014-10-01 14:21:19', '2f940a71-eb96-48b0-8832-64e0fd4eb2c7');
INSERT INTO `di_entryversions` (`id`, `entryId`, `sectionId`, `creatorId`, `locale`, `num`, `notes`, `data`, `dateCreated`, `dateUpdated`, `uid`) VALUES ('388', '2', '1', '1', 'en_gb', '39', '', '{\"typeId\":\"1\",\"authorId\":null,\"title\":\"Homepage\",\"slug\":\"homepage\",\"postDate\":1409830139,\"expiryDate\":null,\"enabled\":1,\"fields\":{\"2\":\"\",\"14\":\"<p>We believe Christian fellowship is divinely brought about by God for the purpose of displaying and advancing His Kingdom on earth, as Christians love one another and submit to the lordship of Christ, they show a picture of the heavenly realities that are to come.<\\/p>\",\"62\":[\"61\"],\"1\":\"\",\"35\":{\"new1\":{\"type\":\"categoryItems\",\"enabled\":\"1\",\"fields\":{\"sectionTitle\":\"Places\",\"bandStyle\":\"none\",\"listStyle\":\"regular\",\"articleStyle\":\"tease\",\"articleBackground\":\"none\",\"limit\":\"1\",\"ministry\":\"\",\"place\":[\"120\"],\"role\":\"\"}}},\"65\":\"\",\"16\":[\"18\"],\"17\":\"background\",\"26\":\"\",\"85\":\"\",\"63\":\"secondary\",\"23\":\"<p>Bringing hope, help and healing<br>to a hurting world<\\/p>\",\"29\":\"_layout\"}}', '2014-10-01 14:22:13', '2014-10-01 14:22:13', 'e4ef3657-bb9f-412b-9b33-d5f69ed134df');
INSERT INTO `di_entryversions` (`id`, `entryId`, `sectionId`, `creatorId`, `locale`, `num`, `notes`, `data`, `dateCreated`, `dateUpdated`, `uid`) VALUES ('389', '2', '1', '1', 'en_gb', '40', '', '{\"typeId\":\"1\",\"authorId\":null,\"title\":\"Homepage\",\"slug\":\"homepage\",\"postDate\":1409830139,\"expiryDate\":null,\"enabled\":1,\"fields\":{\"2\":\"\",\"14\":\"<p>We believe Christian fellowship is divinely brought about by God for the purpose of displaying and advancing His Kingdom on earth, as Christians love one another and submit to the lordship of Christ, they show a picture of the heavenly realities that are to come.<\\/p>\",\"62\":[\"61\"],\"1\":\"\",\"35\":{\"141\":{\"type\":\"categoryItems\",\"enabled\":\"1\",\"fields\":{\"sectionTitle\":\"Places\",\"bandStyle\":\"none\",\"listStyle\":\"regular\",\"articleStyle\":\"tease\",\"articleBackground\":\"none\",\"limit\":\"1\",\"ministry\":\"\",\"place\":[\"120\"],\"role\":\"\"}},\"new1\":{\"type\":\"entryIndex\",\"enabled\":\"1\",\"fields\":{\"sectionTitle\":\"Of interest\",\"bandStyle\":\"shade\",\"listStyle\":\"regular\",\"articleStyle\":\"simple\",\"articleBackground\":\"none\",\"entries\":[\"126\",\"114\",\"112\",\"3\",\"29\"]}}},\"65\":\"\",\"16\":[\"18\"],\"17\":\"background\",\"26\":\"\",\"85\":\"\",\"63\":\"secondary\",\"23\":\"<p>Bringing hope, help and healing<br>to a hurting world<\\/p>\",\"29\":\"_layout\"}}', '2014-10-01 14:23:05', '2014-10-01 14:23:05', '6a23f3b1-403b-4ea6-84e0-eda4f7575835');
INSERT INTO `di_entryversions` (`id`, `entryId`, `sectionId`, `creatorId`, `locale`, `num`, `notes`, `data`, `dateCreated`, `dateUpdated`, `uid`) VALUES ('390', '2', '1', '1', 'en_gb', '41', '', '{\"typeId\":\"1\",\"authorId\":null,\"title\":\"Homepage\",\"slug\":\"homepage\",\"postDate\":1409830139,\"expiryDate\":null,\"enabled\":1,\"fields\":{\"2\":\"\",\"14\":\"<p>We believe Christian fellowship is divinely brought about by God for the purpose of displaying and advancing His Kingdom on earth, as Christians love one another and submit to the lordship of Christ, they show a picture of the heavenly realities that are to come.<\\/p>\",\"62\":[\"61\"],\"1\":\"\",\"35\":{\"141\":{\"type\":\"categoryItems\",\"enabled\":\"1\",\"fields\":{\"sectionTitle\":\"Places\",\"bandStyle\":\"none\",\"listStyle\":\"regular\",\"articleStyle\":\"tease\",\"articleBackground\":\"none\",\"limit\":\"1\",\"ministry\":\"\",\"place\":[\"120\"],\"role\":\"\"}},\"142\":{\"type\":\"entryIndex\",\"enabled\":\"1\",\"fields\":{\"sectionTitle\":\"Of interest\",\"bandStyle\":\"shade\",\"listStyle\":\"mini\",\"articleStyle\":\"mini-tease\",\"articleBackground\":\"shade\",\"entries\":[\"126\",\"114\",\"112\",\"3\",\"29\"]}}},\"65\":\"\",\"16\":[\"18\"],\"17\":\"background\",\"26\":\"\",\"85\":\"\",\"63\":\"secondary\",\"23\":\"<p>Bringing hope, help and healing<br>to a hurting world<\\/p>\",\"29\":\"_layout\"}}', '2014-10-01 14:24:15', '2014-10-01 14:24:15', '37c6fec2-c27c-4c90-b937-5b7e7264f0fa');
INSERT INTO `di_entryversions` (`id`, `entryId`, `sectionId`, `creatorId`, `locale`, `num`, `notes`, `data`, `dateCreated`, `dateUpdated`, `uid`) VALUES ('391', '2', '1', '1', 'en_gb', '42', '', '{\"typeId\":\"1\",\"authorId\":null,\"title\":\"Homepage\",\"slug\":\"homepage\",\"postDate\":1409830139,\"expiryDate\":null,\"enabled\":1,\"fields\":{\"2\":\"\",\"14\":\"<p>We believe Christian fellowship is divinely brought about by God for the purpose of displaying and advancing His Kingdom on earth, as Christians love one another and submit to the lordship of Christ, they show a picture of the heavenly realities that are to come.<\\/p>\",\"62\":[\"61\"],\"1\":\"\",\"35\":{\"141\":{\"type\":\"categoryItems\",\"enabled\":\"1\",\"fields\":{\"sectionTitle\":\"Places\",\"bandStyle\":\"none\",\"listStyle\":\"regular\",\"articleStyle\":\"tease\",\"articleBackground\":\"none\",\"limit\":\"1\",\"ministry\":\"\",\"place\":[\"120\"],\"role\":\"\"}},\"142\":{\"type\":\"entryIndex\",\"enabled\":\"1\",\"fields\":{\"sectionTitle\":\"Of interest\",\"bandStyle\":\"shade\",\"listStyle\":\"regular\",\"articleStyle\":\"tease\",\"articleBackground\":\"shade\",\"entries\":[\"126\",\"114\",\"112\",\"3\",\"29\"]}}},\"65\":\"\",\"16\":[\"18\"],\"17\":\"background\",\"26\":\"\",\"85\":\"\",\"63\":\"secondary\",\"23\":\"<p>Bringing hope, help and healing<br>to a hurting world<\\/p>\",\"29\":\"_layout\"}}', '2014-10-01 14:24:39', '2014-10-01 14:24:39', 'ba900993-6951-466b-be9f-001b0aa16ef8');
INSERT INTO `di_entryversions` (`id`, `entryId`, `sectionId`, `creatorId`, `locale`, `num`, `notes`, `data`, `dateCreated`, `dateUpdated`, `uid`) VALUES ('392', '2', '1', '1', 'en_gb', '43', '', '{\"typeId\":\"1\",\"authorId\":null,\"title\":\"Homepage\",\"slug\":\"homepage\",\"postDate\":1409830139,\"expiryDate\":null,\"enabled\":1,\"fields\":{\"2\":\"\",\"14\":\"<p>We believe Christian fellowship is divinely brought about by God for the purpose of displaying and advancing His Kingdom on earth, as Christians love one another and submit to the lordship of Christ, they show a picture of the heavenly realities that are to come.<\\/p>\",\"62\":[\"61\"],\"1\":\"\",\"35\":{\"141\":{\"type\":\"categoryItems\",\"enabled\":\"1\",\"fields\":{\"sectionTitle\":\"Places\",\"bandStyle\":\"none\",\"listStyle\":\"micro\",\"articleStyle\":\"basic\",\"articleBackground\":\"none\",\"limit\":\"1\",\"ministry\":\"\",\"place\":[\"120\"],\"role\":\"\"}},\"142\":{\"type\":\"entryIndex\",\"enabled\":\"1\",\"fields\":{\"sectionTitle\":\"Of interest\",\"bandStyle\":\"shade\",\"listStyle\":\"regular\",\"articleStyle\":\"tease\",\"articleBackground\":\"shade\",\"entries\":[\"126\",\"114\",\"112\",\"3\",\"29\"]}}},\"65\":\"\",\"16\":[\"18\"],\"17\":\"background\",\"26\":\"\",\"85\":\"\",\"63\":\"secondary\",\"23\":\"<p>Bringing hope, help and healing<br>to a hurting world<\\/p>\",\"29\":\"_layout\"}}', '2014-10-01 14:30:36', '2014-10-01 14:30:36', 'f4e37627-b9fc-4adb-8694-e1fd3b0c20cd');
INSERT INTO `di_entryversions` (`id`, `entryId`, `sectionId`, `creatorId`, `locale`, `num`, `notes`, `data`, `dateCreated`, `dateUpdated`, `uid`) VALUES ('393', '2', '1', '1', 'en_gb', '44', '', '{\"typeId\":\"1\",\"authorId\":null,\"title\":\"Homepage\",\"slug\":\"homepage\",\"postDate\":1409830139,\"expiryDate\":null,\"enabled\":1,\"fields\":{\"2\":\"\",\"14\":\"<p>We believe Christian fellowship is divinely brought about by God for the purpose of displaying and advancing His Kingdom on earth, as Christians love one another and submit to the lordship of Christ, they show a picture of the heavenly realities that are to come.<\\/p>\",\"62\":[\"61\"],\"1\":\"\",\"35\":{\"141\":{\"type\":\"categoryItems\",\"enabled\":\"1\",\"fields\":{\"sectionTitle\":\"Shops\",\"bandStyle\":\"none\",\"listStyle\":\"micro\",\"articleStyle\":\"basic\",\"articleBackground\":\"none\",\"limit\":\"1\",\"ministry\":\"\",\"place\":[\"120\"],\"role\":\"\"}},\"142\":{\"type\":\"entryIndex\",\"enabled\":\"1\",\"fields\":{\"sectionTitle\":\"Of interest\",\"bandStyle\":\"shade\",\"listStyle\":\"regular\",\"articleStyle\":\"tease\",\"articleBackground\":\"shade\",\"entries\":[\"126\",\"114\",\"112\",\"3\",\"29\"]}}},\"65\":\"\",\"16\":[\"18\"],\"17\":\"background\",\"26\":\"\",\"85\":\"\",\"63\":\"secondary\",\"23\":\"<p>Bringing hope, help and healing<br>to a hurting world<\\/p>\",\"29\":\"_layout\"}}', '2014-10-01 14:31:01', '2014-10-01 14:31:01', 'e3b3ae9e-2ff7-404e-84ba-a31b40e378af');
INSERT INTO `di_entryversions` (`id`, `entryId`, `sectionId`, `creatorId`, `locale`, `num`, `notes`, `data`, `dateCreated`, `dateUpdated`, `uid`) VALUES ('394', '2', '1', '1', 'en_gb', '45', '', '{\"typeId\":\"1\",\"authorId\":null,\"title\":\"Homepage\",\"slug\":\"homepage\",\"postDate\":1409830139,\"expiryDate\":null,\"enabled\":1,\"fields\":{\"2\":\"\",\"14\":\"<p>We believe Christian fellowship is divinely brought about by God for the purpose of displaying and advancing His Kingdom on earth, as Christians love one another and submit to the lordship of Christ, they show a picture of the heavenly realities that are to come.<\\/p>\",\"62\":[\"61\"],\"1\":\"\",\"35\":{\"new1\":{\"type\":\"entriesList\",\"enabled\":\"1\",\"fields\":{\"sectionTitle\":\"News\",\"bandStyle\":\"none\",\"listStyle\":\"regular\",\"articleStyle\":\"simple\",\"articleBackground\":\"none\",\"entryTypes\":[\"news\"],\"limit\":\"6\",\"ministry\":\"\",\"place\":\"\",\"productCategory\":\"\",\"role\":\"\"}},\"141\":{\"type\":\"categoryItems\",\"enabled\":\"1\",\"fields\":{\"sectionTitle\":\"Shops\",\"bandStyle\":\"none\",\"listStyle\":\"micro\",\"articleStyle\":\"basic\",\"articleBackground\":\"none\",\"limit\":\"1\",\"ministry\":\"\",\"place\":[\"120\"],\"productCategory\":\"\",\"role\":\"\"}},\"142\":{\"type\":\"entryIndex\",\"enabled\":\"1\",\"fields\":{\"sectionTitle\":\"Of interest\",\"bandStyle\":\"shade\",\"listStyle\":\"regular\",\"articleStyle\":\"tease\",\"articleBackground\":\"shade\",\"entries\":[\"126\",\"114\",\"112\",\"3\",\"29\"]}}},\"65\":\"\",\"16\":[\"18\"],\"17\":\"background\",\"26\":\"\",\"85\":\"\",\"63\":\"secondary\",\"23\":\"<p>Bringing hope, help and healing<br>to a hurting world<\\/p>\",\"29\":\"_layout\"}}', '2014-10-01 14:42:15', '2014-10-01 14:42:15', '4559c861-34de-45ac-be35-7376654a05c7');
INSERT INTO `di_entryversions` (`id`, `entryId`, `sectionId`, `creatorId`, `locale`, `num`, `notes`, `data`, `dateCreated`, `dateUpdated`, `uid`) VALUES ('395', '2', '1', '1', 'en_gb', '46', '', '{\"typeId\":\"1\",\"authorId\":null,\"title\":\"Homepage\",\"slug\":\"homepage\",\"postDate\":1409830139,\"expiryDate\":null,\"enabled\":1,\"fields\":{\"2\":\"\",\"14\":\"<p>We believe Christian fellowship is divinely brought about by God for the purpose of displaying and advancing His Kingdom on earth, as Christians love one another and submit to the lordship of Christ, they show a picture of the heavenly realities that are to come.<\\/p>\",\"62\":[\"61\"],\"1\":\"\",\"35\":{\"143\":{\"type\":\"entriesList\",\"enabled\":\"1\",\"fields\":{\"sectionTitle\":\"News\",\"bandStyle\":\"none\",\"listStyle\":\"regular\",\"articleStyle\":\"simple\",\"articleBackground\":\"none\",\"entryTypes\":[\"news\"],\"limit\":\"6\",\"ministry\":\"\",\"place\":\"\",\"productCategory\":\"\",\"role\":\"\"}},\"141\":{\"type\":\"categoryItems\",\"enabled\":\"1\",\"fields\":{\"sectionTitle\":\"Shops\",\"bandStyle\":\"shade\",\"listStyle\":\"micro\",\"articleStyle\":\"basic\",\"articleBackground\":\"none\",\"limit\":\"1\",\"ministry\":\"\",\"place\":[\"120\"],\"productCategory\":\"\",\"role\":\"\"}},\"142\":{\"type\":\"entryIndex\",\"enabled\":\"1\",\"fields\":{\"sectionTitle\":\"Of interest\",\"bandStyle\":\"primary\",\"listStyle\":\"mini\",\"articleStyle\":\"mini-tease\",\"articleBackground\":\"shade\",\"entries\":[\"126\",\"114\",\"112\",\"3\",\"29\"]}}},\"65\":\"\",\"16\":[\"18\"],\"17\":\"background\",\"26\":\"\",\"85\":\"\",\"63\":\"secondary\",\"23\":\"<p>Bringing hope, help and healing<br>to a hurting world<\\/p>\",\"29\":\"_layout\"}}', '2014-10-01 14:47:48', '2014-10-01 14:47:48', 'cce4acc6-8159-4049-bb34-c94570d0644a');
INSERT INTO `di_entryversions` (`id`, `entryId`, `sectionId`, `creatorId`, `locale`, `num`, `notes`, `data`, `dateCreated`, `dateUpdated`, `uid`) VALUES ('396', '2', '1', '1', 'en_gb', '47', '', '{\"typeId\":\"1\",\"authorId\":null,\"title\":\"Homepage\",\"slug\":\"homepage\",\"postDate\":1409830139,\"expiryDate\":null,\"enabled\":1,\"fields\":{\"2\":\"\",\"14\":\"<p>We believe Christian fellowship is divinely brought about by God for the purpose of displaying and advancing His Kingdom on earth, as Christians love one another and submit to the lordship of Christ, they show a picture of the heavenly realities that are to come.<\\/p>\",\"62\":[\"61\"],\"1\":\"\",\"35\":{\"143\":{\"type\":\"entriesList\",\"enabled\":\"1\",\"fields\":{\"sectionTitle\":\"News\",\"bandStyle\":\"none\",\"listStyle\":\"regular\",\"articleStyle\":\"simple\",\"articleBackground\":\"none\",\"entryTypes\":[\"news\"],\"limit\":\"6\",\"ministry\":\"\",\"place\":\"\",\"productCategory\":\"\",\"role\":\"\"}},\"141\":{\"type\":\"categoryItems\",\"enabled\":\"1\",\"fields\":{\"sectionTitle\":\"Shops\",\"bandStyle\":\"shade\",\"listStyle\":\"micro\",\"articleStyle\":\"basic\",\"articleBackground\":\"none\",\"limit\":\"1\",\"ministry\":\"\",\"place\":[\"120\"],\"productCategory\":\"\",\"role\":\"\"}},\"142\":{\"type\":\"entryIndex\",\"enabled\":\"1\",\"fields\":{\"sectionTitle\":\"Of interest\",\"bandStyle\":\"primary\",\"listStyle\":\"mini\",\"articleStyle\":\"mini-tease\",\"articleBackground\":\"shade\",\"entries\":[\"114\",\"112\",\"3\",\"29\"]}}},\"65\":\"\",\"16\":[\"18\"],\"17\":\"background\",\"26\":\"\",\"85\":\"\",\"63\":\"secondary\",\"23\":\"<p>Bringing hope, help and healing<br>to a hurting world<\\/p>\",\"29\":\"_layout\"}}', '2014-10-01 14:48:08', '2014-10-01 14:48:08', '06606d20-e649-4b79-8412-258ba2fbca69');
INSERT INTO `di_entryversions` (`id`, `entryId`, `sectionId`, `creatorId`, `locale`, `num`, `notes`, `data`, `dateCreated`, `dateUpdated`, `uid`) VALUES ('397', '2', '1', '1', 'en_gb', '48', '', '{\"typeId\":\"1\",\"authorId\":null,\"title\":\"Homepage\",\"slug\":\"homepage\",\"postDate\":1409830139,\"expiryDate\":null,\"enabled\":1,\"fields\":{\"2\":\"\",\"14\":\"<p>We believe Christian fellowship is divinely brought about by God for the purpose of displaying and advancing His Kingdom on earth, as Christians love one another and submit to the lordship of Christ, they show a picture of the heavenly realities that are to come.<\\/p>\",\"62\":[\"61\"],\"1\":\"\",\"35\":{\"143\":{\"type\":\"entriesList\",\"enabled\":\"1\",\"fields\":{\"sectionTitle\":\"News\",\"bandStyle\":\"none\",\"listStyle\":\"regular\",\"articleStyle\":\"simple\",\"articleBackground\":\"none\",\"entryTypes\":[\"events\",\"news\",\"people\"],\"limit\":\"6\",\"ministry\":\"\",\"place\":\"\",\"productCategory\":\"\",\"role\":\"\"}},\"141\":{\"type\":\"categoryItems\",\"enabled\":\"1\",\"fields\":{\"sectionTitle\":\"Shops\",\"bandStyle\":\"shade\",\"listStyle\":\"micro\",\"articleStyle\":\"basic\",\"articleBackground\":\"none\",\"limit\":\"1\",\"ministry\":\"\",\"place\":[\"120\"],\"productCategory\":\"\",\"role\":\"\"}},\"142\":{\"type\":\"entryIndex\",\"enabled\":\"1\",\"fields\":{\"sectionTitle\":\"Of interest\",\"bandStyle\":\"primary\",\"listStyle\":\"mini\",\"articleStyle\":\"mini-tease\",\"articleBackground\":\"shade\",\"entries\":[\"114\",\"112\",\"3\",\"29\"]}}},\"65\":\"\",\"16\":[\"18\"],\"17\":\"background\",\"26\":\"\",\"85\":\"\",\"63\":\"secondary\",\"23\":\"<p>Bringing hope, help and healing<br>to a hurting world<\\/p>\",\"29\":\"_layout\"}}', '2014-10-01 14:49:21', '2014-10-01 14:49:21', 'b8f3f22a-24b9-4d51-bf32-ced1c33a17ac');
INSERT INTO `di_entryversions` (`id`, `entryId`, `sectionId`, `creatorId`, `locale`, `num`, `notes`, `data`, `dateCreated`, `dateUpdated`, `uid`) VALUES ('398', '2', '1', '1', 'en_gb', '49', '', '{\"typeId\":\"1\",\"authorId\":null,\"title\":\"Homepage\",\"slug\":\"homepage\",\"postDate\":1409830139,\"expiryDate\":null,\"enabled\":1,\"fields\":{\"2\":\"\",\"14\":\"<p>We believe Christian fellowship is divinely brought about by God for the purpose of displaying and advancing His Kingdom on earth, as Christians love one another and submit to the lordship of Christ, they show a picture of the heavenly realities that are to come.<\\/p>\",\"62\":[\"61\"],\"1\":\"\",\"35\":{\"143\":{\"type\":\"entriesList\",\"enabled\":\"1\",\"fields\":{\"sectionTitle\":\"What\'s new\",\"bandStyle\":\"none\",\"listStyle\":\"mini\",\"articleStyle\":\"mini-tease\",\"articleBackground\":\"none\",\"entryTypes\":[\"events\",\"news\",\"people\"],\"limit\":\"4\",\"ministry\":\"\",\"place\":\"\",\"productCategory\":\"\",\"role\":\"\"}},\"141\":{\"type\":\"categoryItems\",\"enabled\":\"1\",\"fields\":{\"sectionTitle\":\"Shops\",\"bandStyle\":\"shade\",\"listStyle\":\"micro\",\"articleStyle\":\"basic\",\"articleBackground\":\"none\",\"limit\":\"1\",\"ministry\":\"\",\"place\":[\"120\"],\"productCategory\":\"\",\"role\":\"\"}},\"142\":{\"type\":\"entryIndex\",\"enabled\":\"1\",\"fields\":{\"sectionTitle\":\"Of interest\",\"bandStyle\":\"primary\",\"listStyle\":\"mini\",\"articleStyle\":\"mini-tease\",\"articleBackground\":\"shade\",\"entries\":[\"114\",\"112\",\"3\",\"29\"]}}},\"65\":\"\",\"16\":[\"18\"],\"17\":\"background\",\"26\":\"\",\"85\":\"\",\"63\":\"secondary\",\"23\":\"<p>Bringing hope, help and healing<br>to a hurting world<\\/p>\",\"29\":\"_layout\"}}', '2014-10-01 14:50:01', '2014-10-01 14:50:01', '94767849-ce32-4e07-9303-d14e3d4395b1');
INSERT INTO `di_entryversions` (`id`, `entryId`, `sectionId`, `creatorId`, `locale`, `num`, `notes`, `data`, `dateCreated`, `dateUpdated`, `uid`) VALUES ('399', '2', '1', '1', 'en_gb', '50', '', '{\"typeId\":\"1\",\"authorId\":null,\"title\":\"Homepage\",\"slug\":\"homepage\",\"postDate\":1409830139,\"expiryDate\":null,\"enabled\":1,\"fields\":{\"2\":\"\",\"14\":\"<p>We believe Christian fellowship is divinely brought about by God for the purpose of displaying and advancing His Kingdom on earth, as Christians love one another and submit to the lordship of Christ, they show a picture of the heavenly realities that are to come.<\\/p>\",\"62\":[\"61\"],\"1\":\"\",\"35\":{\"143\":{\"type\":\"entriesList\",\"enabled\":\"1\",\"fields\":{\"sectionTitle\":\"What\'s new\",\"bandStyle\":\"none\",\"listStyle\":\"mini\",\"articleStyle\":\"mini-tease\",\"articleBackground\":\"shade\",\"entryTypes\":[\"events\",\"news\",\"people\"],\"limit\":\"4\",\"ministry\":\"\",\"place\":\"\",\"productCategory\":\"\",\"role\":\"\"}},\"141\":{\"type\":\"categoryItems\",\"enabled\":\"1\",\"fields\":{\"sectionTitle\":\"Shops\",\"bandStyle\":\"shade\",\"listStyle\":\"micro\",\"articleStyle\":\"basic\",\"articleBackground\":\"none\",\"limit\":\"1\",\"ministry\":\"\",\"place\":[\"120\"],\"productCategory\":\"\",\"role\":\"\"}},\"142\":{\"type\":\"entryIndex\",\"enabled\":\"1\",\"fields\":{\"sectionTitle\":\"Of interest\",\"bandStyle\":\"primary\",\"listStyle\":\"mini\",\"articleStyle\":\"mini-tease\",\"articleBackground\":\"shade\",\"entries\":[\"114\",\"112\",\"3\",\"29\"]}}},\"65\":\"\",\"16\":[\"18\"],\"17\":\"background\",\"26\":\"\",\"85\":\"\",\"63\":\"secondary\",\"23\":\"<p>Bringing hope, help and healing<br>to a hurting world<\\/p>\",\"29\":\"_layout\"}}', '2014-10-01 14:50:18', '2014-10-01 14:50:18', 'f033de90-89f7-47fb-be80-b67d72dec4e1');
INSERT INTO `di_entryversions` (`id`, `entryId`, `sectionId`, `creatorId`, `locale`, `num`, `notes`, `data`, `dateCreated`, `dateUpdated`, `uid`) VALUES ('400', '2', '1', '1', 'en_gb', '51', '', '{\"typeId\":\"1\",\"authorId\":null,\"title\":\"Homepage\",\"slug\":\"homepage\",\"postDate\":1409830139,\"expiryDate\":null,\"enabled\":1,\"fields\":{\"2\":\"\",\"14\":\"<p>We believe Christian fellowship is divinely brought about by God for the purpose of displaying and advancing His Kingdom on earth, as Christians love one another and submit to the lordship of Christ, they show a picture of the heavenly realities that are to come.<\\/p>\",\"62\":[\"61\"],\"1\":\"\",\"35\":{\"143\":{\"type\":\"entriesList\",\"enabled\":\"1\",\"fields\":{\"sectionTitle\":\"What\'s new\",\"bandStyle\":\"none\",\"listStyle\":\"mini\",\"articleStyle\":\"mini-tease\",\"articleBackground\":\"none\",\"entryTypes\":[\"events\",\"news\",\"people\"],\"limit\":\"4\",\"ministry\":\"\",\"place\":\"\",\"productCategory\":\"\",\"role\":\"\"}},\"141\":{\"type\":\"categoryItems\",\"enabled\":\"1\",\"fields\":{\"sectionTitle\":\"Shops\",\"bandStyle\":\"shade\",\"listStyle\":\"micro\",\"articleStyle\":\"basic\",\"articleBackground\":\"none\",\"limit\":\"1\",\"ministry\":\"\",\"place\":[\"120\"],\"productCategory\":\"\",\"role\":\"\"}},\"142\":{\"type\":\"entryIndex\",\"enabled\":\"1\",\"fields\":{\"sectionTitle\":\"Of interest\",\"bandStyle\":\"primary\",\"listStyle\":\"mini\",\"articleStyle\":\"mini-tease\",\"articleBackground\":\"shade\",\"entries\":[\"114\",\"112\",\"3\",\"29\"]}}},\"65\":\"\",\"16\":[\"18\"],\"17\":\"background\",\"26\":\"\",\"85\":\"\",\"63\":\"secondary\",\"23\":\"<p>Bringing hope, help and healing<br>to a hurting world<\\/p>\",\"29\":\"_layout\"}}', '2014-10-01 14:52:34', '2014-10-01 14:52:34', '5adfa33b-3b66-4a62-8fa7-0a573748cbd0');
INSERT INTO `di_entryversions` (`id`, `entryId`, `sectionId`, `creatorId`, `locale`, `num`, `notes`, `data`, `dateCreated`, `dateUpdated`, `uid`) VALUES ('401', '113', '8', '1', 'en_gb', '9', '', '{\"typeId\":\"8\",\"authorId\":\"1\",\"title\":\"Major event happening\",\"slug\":\"major-event-happening\",\"postDate\":1412064000,\"expiryDate\":1419984000,\"enabled\":1,\"fields\":{\"47\":\"\",\"2\":\"\",\"14\":\"<p>Lorem ipsum dolor sit amet, consectetur adipiscing elit. Sed blandit accumsan risus, et dictum ligula elementum vehicula. Cras in congue ante. Sed non tincidunt ante. Nulla sem nisl, luctus a lacinia sed, hendrerit eget mi. Donec quis feugiat dui. In in risus odio. Duis commodo ligula id aliquet iaculis.<\\/p><p>Donec condimentum, est at ultricies pretium, enim metus consectetur dui, eu cursus elit neque ut neque. Mauris sit amet venenatis diam. Pellentesque tincidunt vulputate nibh, vitae hendrerit nulla. Nulla facilisi. Donec posuere velit ut facilisis sagittis. Morbi maximus sapien orci, non lobortis magna viverra posuere. Morbi faucibus eget ante vitae commodo. Donec porta eleifend massa et porttitor. In mollis libero at erat tristique condimentum. Nullam in rutrum velit.<\\/p>\",\"62\":\"\",\"31\":{\"date\":\"30\\/10\\/2014\",\"time\":\"22:00\"},\"1\":\"There\'s a major event happening soon\",\"28\":\"\",\"16\":[\"28\"],\"17\":\"poster\",\"26\":\"\",\"63\":\"none\",\"30\":{\"date\":\"30\\/10\\/2014\",\"time\":\"18:00\"},\"23\":\"<p>This is a subheading<\\/p>\",\"3\":\"\",\"29\":\"_layout\"}}', '2014-10-01 14:53:04', '2014-10-01 14:53:04', '7e8c96e8-e1c4-4509-b923-b4a2c791ccec');
INSERT INTO `di_entryversions` (`id`, `entryId`, `sectionId`, `creatorId`, `locale`, `num`, `notes`, `data`, `dateCreated`, `dateUpdated`, `uid`) VALUES ('402', '2', '1', '1', 'en_gb', '52', '', '{\"typeId\":\"1\",\"authorId\":null,\"title\":\"Homepage\",\"slug\":\"homepage\",\"postDate\":1409830139,\"expiryDate\":null,\"enabled\":1,\"fields\":{\"2\":\"\",\"14\":\"<p>We believe Christian fellowship is divinely brought about by God for the purpose of displaying and advancing His Kingdom on earth, as Christians love one another and submit to the lordship of Christ, they show a picture of the heavenly realities that are to come.<\\/p>\",\"62\":[\"61\"],\"1\":\"\",\"35\":{\"143\":{\"type\":\"entriesList\",\"enabled\":\"1\",\"fields\":{\"sectionTitle\":\"What\'s new\",\"bandStyle\":\"none\",\"listStyle\":\"mini\",\"articleStyle\":\"mini-tease\",\"articleBackground\":\"none\",\"entryTypes\":[\"events\",\"news\",\"people\"],\"limit\":\"4\",\"ministry\":\"\",\"place\":\"\",\"productCategory\":\"\",\"role\":\"\"}},\"141\":{\"type\":\"categoryItems\",\"enabled\":\"1\",\"fields\":{\"sectionTitle\":\"Shops\",\"bandStyle\":\"shade\",\"listStyle\":\"micro\",\"articleStyle\":\"basic\",\"articleBackground\":\"none\",\"limit\":\"1\",\"ministry\":\"\",\"place\":[\"120\",\"122\"],\"productCategory\":\"\",\"role\":\"\"}},\"142\":{\"type\":\"entryIndex\",\"enabled\":\"1\",\"fields\":{\"sectionTitle\":\"Of interest\",\"bandStyle\":\"primary\",\"listStyle\":\"mini\",\"articleStyle\":\"mini-tease\",\"articleBackground\":\"shade\",\"entries\":[\"114\",\"112\",\"3\",\"29\"]}}},\"65\":\"\",\"16\":[\"18\"],\"17\":\"background\",\"26\":\"\",\"85\":\"\",\"63\":\"secondary\",\"23\":\"<p>Bringing hope, help and healing<br>to a hurting world<\\/p>\",\"29\":\"_layout\"}}', '2014-10-01 14:54:41', '2014-10-01 14:54:41', '105fa9f5-b191-43fc-b9b7-31efbfe7e5a1');
INSERT INTO `di_entryversions` (`id`, `entryId`, `sectionId`, `creatorId`, `locale`, `num`, `notes`, `data`, `dateCreated`, `dateUpdated`, `uid`) VALUES ('403', '2', '1', '1', 'en_gb', '53', '', '{\"typeId\":\"1\",\"authorId\":null,\"title\":\"Homepage\",\"slug\":\"homepage\",\"postDate\":1409830139,\"expiryDate\":null,\"enabled\":1,\"fields\":{\"2\":\"\",\"14\":\"<p>We believe Christian fellowship is divinely brought about by God for the purpose of displaying and advancing His Kingdom on earth, as Christians love one another and submit to the lordship of Christ, they show a picture of the heavenly realities that are to come.<\\/p>\",\"62\":[\"61\"],\"1\":\"\",\"35\":{\"143\":{\"type\":\"entriesList\",\"enabled\":\"1\",\"fields\":{\"sectionTitle\":\"What\'s new\",\"bandStyle\":\"none\",\"listStyle\":\"mini\",\"articleStyle\":\"mini-tease\",\"articleBackground\":\"none\",\"entryTypes\":[\"events\",\"news\",\"people\"],\"limit\":\"4\",\"ministry\":\"\",\"place\":\"\",\"productCategory\":\"\",\"role\":\"\"}},\"141\":{\"type\":\"categoryItems\",\"enabled\":\"1\",\"fields\":{\"sectionTitle\":\"Shops\",\"bandStyle\":\"shade\",\"listStyle\":\"micro\",\"articleStyle\":\"basic\",\"articleBackground\":\"none\",\"limit\":\"1\",\"ministry\":\"\",\"place\":[\"120\",\"121\",\"122\",\"123\",\"124\"],\"productCategory\":\"\",\"role\":\"\"}},\"142\":{\"type\":\"entryIndex\",\"enabled\":\"1\",\"fields\":{\"sectionTitle\":\"Of interest\",\"bandStyle\":\"primary\",\"listStyle\":\"mini\",\"articleStyle\":\"mini-tease\",\"articleBackground\":\"shade\",\"entries\":[\"114\",\"112\",\"3\",\"29\"]}}},\"65\":\"\",\"16\":[\"18\"],\"17\":\"background\",\"26\":\"\",\"85\":\"\",\"63\":\"secondary\",\"23\":\"<p>Bringing hope, help and healing<br>to a hurting world<\\/p>\",\"29\":\"_layout\"}}', '2014-10-01 14:55:08', '2014-10-01 14:55:08', '8774ee81-d218-48d6-b6ad-850effc8e6d0');
INSERT INTO `di_entryversions` (`id`, `entryId`, `sectionId`, `creatorId`, `locale`, `num`, `notes`, `data`, `dateCreated`, `dateUpdated`, `uid`) VALUES ('404', '2', '1', '1', 'en_gb', '54', '', '{\"typeId\":\"1\",\"authorId\":null,\"title\":\"Homepage\",\"slug\":\"homepage\",\"postDate\":1409830139,\"expiryDate\":null,\"enabled\":1,\"fields\":{\"2\":\"\",\"14\":\"<p>We believe Christian fellowship is divinely brought about by God for the purpose of displaying and advancing His Kingdom on earth, as Christians love one another and submit to the lordship of Christ, they show a picture of the heavenly realities that are to come.<\\/p>\",\"62\":[\"61\"],\"1\":\"\",\"35\":{\"143\":{\"type\":\"entriesList\",\"enabled\":\"1\",\"fields\":{\"sectionTitle\":\"What\'s new\",\"bandStyle\":\"none\",\"listStyle\":\"mini\",\"articleStyle\":\"mini-tease\",\"articleBackground\":\"none\",\"entryTypes\":[\"events\",\"news\",\"people\"],\"limit\":\"4\",\"ministry\":\"\",\"place\":\"\",\"productCategory\":\"\",\"role\":\"\"}},\"141\":{\"type\":\"categoryItems\",\"enabled\":\"1\",\"fields\":{\"sectionTitle\":\"Shops\",\"bandStyle\":\"shade\",\"listStyle\":\"micro\",\"articleStyle\":\"basic\",\"articleBackground\":\"none\",\"limit\":\"6\",\"ministry\":\"\",\"place\":[\"120\",\"121\",\"122\",\"123\",\"124\"],\"productCategory\":\"\",\"role\":\"\"}},\"142\":{\"type\":\"entryIndex\",\"enabled\":\"1\",\"fields\":{\"sectionTitle\":\"Of interest\",\"bandStyle\":\"primary\",\"listStyle\":\"mini\",\"articleStyle\":\"mini-tease\",\"articleBackground\":\"shade\",\"entries\":[\"114\",\"112\",\"3\",\"29\"]}}},\"65\":\"\",\"16\":[\"18\"],\"17\":\"background\",\"26\":\"\",\"85\":\"\",\"63\":\"secondary\",\"23\":\"<p>Bringing hope, help and healing<br>to a hurting world<\\/p>\",\"29\":\"_layout\"}}', '2014-10-01 14:55:22', '2014-10-01 14:55:22', 'fcf7dcbc-65db-437c-923e-a0a3ed450cb4');
INSERT INTO `di_entryversions` (`id`, `entryId`, `sectionId`, `creatorId`, `locale`, `num`, `notes`, `data`, `dateCreated`, `dateUpdated`, `uid`) VALUES ('405', '2', '1', '1', 'en_gb', '55', '', '{\"typeId\":\"1\",\"authorId\":null,\"title\":\"Homepage\",\"slug\":\"homepage\",\"postDate\":1409830139,\"expiryDate\":null,\"enabled\":1,\"fields\":{\"2\":\"\",\"14\":\"<p>We believe Christian fellowship is divinely brought about by God for the purpose of displaying and advancing His Kingdom on earth, as Christians love one another and submit to the lordship of Christ, they show a picture of the heavenly realities that are to come.<\\/p>\",\"62\":[\"61\"],\"1\":\"\",\"35\":{\"143\":{\"type\":\"entriesList\",\"enabled\":\"1\",\"fields\":{\"sectionTitle\":\"What\'s new\",\"bandStyle\":\"none\",\"listStyle\":\"mini\",\"articleStyle\":\"mini-tease\",\"articleBackground\":\"none\",\"entryTypes\":[\"events\",\"news\",\"people\"],\"limit\":\"4\",\"ministry\":\"\",\"place\":\"\",\"productCategory\":\"\",\"role\":\"\"}},\"141\":{\"type\":\"categoryItems\",\"enabled\":\"1\",\"fields\":{\"sectionTitle\":\"Shops\",\"bandStyle\":\"shade\",\"listStyle\":\"micro\",\"articleStyle\":\"basic\",\"articleBackground\":\"none\",\"limit\":\"6\",\"ministry\":\"\",\"place\":[\"120\",\"122\"],\"productCategory\":\"\",\"role\":\"\"}},\"142\":{\"type\":\"entryIndex\",\"enabled\":\"1\",\"fields\":{\"sectionTitle\":\"Of interest\",\"bandStyle\":\"primary\",\"listStyle\":\"mini\",\"articleStyle\":\"mini-tease\",\"articleBackground\":\"shade\",\"entries\":[\"114\",\"112\",\"3\",\"29\"]}}},\"65\":\"\",\"16\":[\"18\"],\"17\":\"background\",\"26\":\"\",\"85\":\"\",\"63\":\"secondary\",\"23\":\"<p>Bringing hope, help and healing<br>to a hurting world<\\/p>\",\"29\":\"_layout\"}}', '2014-10-01 15:24:16', '2014-10-01 15:24:16', '2b481558-c606-47a9-bc02-1c55a7277174');
INSERT INTO `di_entryversions` (`id`, `entryId`, `sectionId`, `creatorId`, `locale`, `num`, `notes`, `data`, `dateCreated`, `dateUpdated`, `uid`) VALUES ('406', '2', '1', '1', 'en_gb', '56', '', '{\"typeId\":\"1\",\"authorId\":null,\"title\":\"Homepage\",\"slug\":\"homepage\",\"postDate\":1409830139,\"expiryDate\":null,\"enabled\":1,\"fields\":{\"2\":\"\",\"14\":\"<p>We believe Christian fellowship is divinely brought about by God for the purpose of displaying and advancing His Kingdom on earth, as Christians love one another and submit to the lordship of Christ, they show a picture of the heavenly realities that are to come.<\\/p>\",\"62\":[\"61\"],\"1\":\"\",\"35\":{\"143\":{\"type\":\"entriesList\",\"enabled\":\"1\",\"fields\":{\"sectionTitle\":\"What\'s new\",\"bandStyle\":\"none\",\"listStyle\":\"mini\",\"articleStyle\":\"mini-tease\",\"articleBackground\":\"none\",\"entryTypes\":[\"events\",\"news\",\"people\"],\"limit\":\"4\",\"ministry\":\"\",\"place\":\"\",\"productCategory\":\"\",\"role\":\"\"}},\"141\":{\"type\":\"categoryItems\",\"enabled\":\"1\",\"fields\":{\"sectionTitle\":\"Shops\",\"bandStyle\":\"shade\",\"listStyle\":\"micro\",\"articleStyle\":\"basic\",\"articleBackground\":\"none\",\"limit\":\"6\",\"ministry\":\"\",\"place\":[\"120\",\"122\"],\"productCategory\":\"\",\"role\":\"\"}},\"142\":{\"type\":\"entryIndex\",\"enabled\":\"1\",\"fields\":{\"sectionTitle\":\"Of interest\",\"bandStyle\":\"primary\",\"listStyle\":\"mini\",\"articleStyle\":\"mini-tease\",\"articleBackground\":\"shade\",\"entries\":[\"114\",\"112\",\"3\",\"29\"]}}},\"65\":\"\",\"16\":[\"18\"],\"17\":\"background\",\"26\":\"\",\"85\":\"\",\"63\":\"secondary\",\"23\":\"<p>Bringing hope, help and healing<br>to a hurting world<\\/p>\",\"29\":\"_layout\"}}', '2014-10-01 15:52:41', '2014-10-01 15:52:41', 'ed49fd6a-3f53-40ba-9489-dc37a18b5459');
INSERT INTO `di_entryversions` (`id`, `entryId`, `sectionId`, `creatorId`, `locale`, `num`, `notes`, `data`, `dateCreated`, `dateUpdated`, `uid`) VALUES ('407', '2', '1', '1', 'en_gb', '57', '', '{\"typeId\":\"1\",\"authorId\":null,\"title\":\"Homepage\",\"slug\":\"homepage\",\"postDate\":1409830139,\"expiryDate\":null,\"enabled\":1,\"fields\":{\"2\":\"\",\"14\":\"<p>We believe Christian fellowship is divinely brought about by God for the purpose of displaying and advancing His Kingdom on earth, as Christians love one another and submit to the lordship of Christ, they show a picture of the heavenly realities that are to come.<\\/p>\",\"62\":[\"61\"],\"1\":\"\",\"35\":{\"143\":{\"type\":\"entriesList\",\"enabled\":\"1\",\"fields\":{\"sectionTitle\":\"What\'s new\",\"bandStyle\":\"none\",\"listStyle\":\"mini\",\"articleStyle\":\"mini-tease\",\"articleBackground\":\"none\",\"entryTypes\":[\"events\",\"news\",\"people\"],\"limit\":\"4\",\"ministry\":\"\",\"place\":\"\",\"productCategory\":\"\",\"role\":\"\"}},\"141\":{\"type\":\"categoryItems\",\"enabled\":\"1\",\"fields\":{\"sectionTitle\":\"Shops\",\"bandStyle\":\"shade\",\"listStyle\":\"micro\",\"articleStyle\":\"basic\",\"articleBackground\":\"none\",\"limit\":\"6\",\"ministry\":\"\",\"place\":[\"120\"],\"productCategory\":\"\",\"role\":\"\"}},\"142\":{\"type\":\"entryIndex\",\"enabled\":\"1\",\"fields\":{\"sectionTitle\":\"Of interest\",\"bandStyle\":\"primary\",\"listStyle\":\"mini\",\"articleStyle\":\"mini-tease\",\"articleBackground\":\"shade\",\"entries\":[\"114\",\"112\",\"3\",\"29\"]}}},\"65\":\"\",\"16\":[\"18\"],\"17\":\"background\",\"26\":\"\",\"85\":\"\",\"63\":\"secondary\",\"23\":\"<p>Bringing hope, help and healing<br>to a hurting world<\\/p>\",\"29\":\"_layout\"}}', '2014-10-01 16:30:55', '2014-10-01 16:30:55', '65ceb58d-0095-44d0-80ac-fe516ca02533');
INSERT INTO `di_entryversions` (`id`, `entryId`, `sectionId`, `creatorId`, `locale`, `num`, `notes`, `data`, `dateCreated`, `dateUpdated`, `uid`) VALUES ('408', '2', '1', '1', 'en_gb', '58', '', '{\"typeId\":\"1\",\"authorId\":null,\"title\":\"Homepage\",\"slug\":\"homepage\",\"postDate\":1409830139,\"expiryDate\":null,\"enabled\":1,\"fields\":{\"2\":\"\",\"14\":\"<p>We believe Christian fellowship is divinely brought about by God for the purpose of displaying and advancing His Kingdom on earth, as Christians love one another and submit to the lordship of Christ, they show a picture of the heavenly realities that are to come.<\\/p>\",\"62\":[\"61\"],\"1\":\"\",\"35\":{\"143\":{\"type\":\"entriesList\",\"enabled\":\"1\",\"fields\":{\"sectionTitle\":\"What\'s new\",\"bandStyle\":\"none\",\"listStyle\":\"mini\",\"articleStyle\":\"mini-tease\",\"articleBackground\":\"none\",\"entryTypes\":[\"events\",\"news\",\"people\"],\"limit\":\"4\",\"ministry\":\"\",\"place\":\"\",\"productCategory\":\"\",\"role\":\"\"}},\"141\":{\"type\":\"categoryItems\",\"enabled\":\"1\",\"fields\":{\"sectionTitle\":\"Shops\",\"bandStyle\":\"shade\",\"listStyle\":\"micro\",\"articleStyle\":\"basic\",\"articleBackground\":\"none\",\"limit\":\"6\",\"ministry\":\"\",\"place\":[\"120\",\"122\"],\"productCategory\":\"\",\"role\":\"\"}},\"142\":{\"type\":\"entryIndex\",\"enabled\":\"1\",\"fields\":{\"sectionTitle\":\"Of interest\",\"bandStyle\":\"primary\",\"listStyle\":\"mini\",\"articleStyle\":\"mini-tease\",\"articleBackground\":\"shade\",\"entries\":[\"114\",\"112\",\"3\",\"29\"]}}},\"65\":\"\",\"16\":[\"18\"],\"17\":\"background\",\"26\":\"\",\"85\":\"\",\"63\":\"secondary\",\"23\":\"<p>Bringing hope, help and healing<br>to a hurting world<\\/p>\",\"29\":\"_layout\"}}', '2014-10-01 16:32:03', '2014-10-01 16:32:03', 'e6571c87-6ce3-4343-8985-89edf744960e');
INSERT INTO `di_entryversions` (`id`, `entryId`, `sectionId`, `creatorId`, `locale`, `num`, `notes`, `data`, `dateCreated`, `dateUpdated`, `uid`) VALUES ('409', '2', '1', '1', 'en_gb', '59', '', '{\"typeId\":\"1\",\"authorId\":null,\"title\":\"Homepage\",\"slug\":\"homepage\",\"postDate\":1409830139,\"expiryDate\":null,\"enabled\":1,\"fields\":{\"2\":\"\",\"14\":\"<p>We believe Christian fellowship is divinely brought about by God for the purpose of displaying and advancing His Kingdom on earth, as Christians love one another and submit to the lordship of Christ, they show a picture of the heavenly realities that are to come.<\\/p>\",\"62\":[\"61\"],\"1\":\"\",\"35\":{\"143\":{\"type\":\"entriesList\",\"enabled\":\"1\",\"fields\":{\"sectionTitle\":\"What\'s new\",\"bandStyle\":\"none\",\"listStyle\":\"mini\",\"articleStyle\":\"mini-tease\",\"articleBackground\":\"none\",\"entryTypes\":[\"events\",\"news\",\"people\"],\"limit\":\"4\",\"ministry\":\"\",\"place\":\"\",\"productCategory\":\"\",\"role\":\"\"}},\"141\":{\"type\":\"categoryItems\",\"enabled\":\"1\",\"fields\":{\"sectionTitle\":\"Shops\",\"bandStyle\":\"shade\",\"listStyle\":\"micro\",\"articleStyle\":\"basic\",\"articleBackground\":\"none\",\"limit\":\"6\",\"ministry\":\"\",\"place\":[\"122\"],\"productCategory\":\"\",\"role\":\"\"}},\"142\":{\"type\":\"entryIndex\",\"enabled\":\"1\",\"fields\":{\"sectionTitle\":\"Of interest\",\"bandStyle\":\"primary\",\"listStyle\":\"mini\",\"articleStyle\":\"mini-tease\",\"articleBackground\":\"shade\",\"entries\":[\"114\",\"112\",\"3\",\"29\"]}}},\"65\":\"\",\"16\":[\"18\"],\"17\":\"background\",\"26\":\"\",\"85\":\"\",\"63\":\"secondary\",\"23\":\"<p>Bringing hope, help and healing<br>to a hurting world<\\/p>\",\"29\":\"_layout\"}}', '2014-10-01 16:33:19', '2014-10-01 16:33:19', '1fb98d3e-47e2-45fe-8002-2be40713bbb6');
INSERT INTO `di_entryversions` (`id`, `entryId`, `sectionId`, `creatorId`, `locale`, `num`, `notes`, `data`, `dateCreated`, `dateUpdated`, `uid`) VALUES ('410', '126', '13', '1', 'en_gb', '25', '', '{\"typeId\":\"14\",\"authorId\":\"1\",\"title\":\"Tin House Portadown\",\"slug\":\"tin-house-portadown\",\"postDate\":1412090940,\"expiryDate\":null,\"enabled\":1,\"fields\":{\"50\":[{\"col1\":\"16a Church Street\",\"col2\":\"Portadown\",\"col3\":\"County Armagh\",\"col4\":\"BT62 3LQ \",\"col5\":\"Northern Ireland\",\"col6\":\"\"}],\"2\":\"\",\"14\":\"\",\"62\":[\"65\"],\"1\":\"Tin House Coffee\",\"35\":{\"134\":{\"type\":\"entryIndex\",\"enabled\":\"1\",\"fields\":{\"sectionTitle\":\"Key People\",\"bandStyle\":\"shade\",\"listStyle\":\"regular\",\"articleStyle\":\"tease\",\"articleBackground\":\"none\",\"entries\":[\"117\"]}},\"127\":{\"type\":\"categoryItems\",\"enabled\":\"1\",\"fields\":{\"sectionTitle\":\"Other Places\",\"bandStyle\":\"primary\",\"listStyle\":\"regular\",\"articleStyle\":\"simple\",\"articleBackground\":\"none\",\"limit\":\"1\",\"ministry\":\"\",\"place\":[\"120\"],\"productCategory\":\"\",\"role\":\"\"}}},\"93\":[{\"col1\":\"\",\"col2\":\"\",\"col3\":\"\"}],\"28\":\"\",\"16\":\"\",\"17\":\"background\",\"51\":\"{\\\"markers\\\":[{\\\"isNew\\\":false,\\\"isSavedToMap\\\":true,\\\"title\\\":\\\"\\\",\\\"distance\\\":false,\\\"icon\\\":\\\"\\\",\\\"lat\\\":54.4219197,\\\"lng\\\":-6.4451233,\\\"content\\\":\\\"16 Church Street<br> Portadown<br> Craigavon<br> Craigavon BT62 3LN<br> UK\\\",\\\"customContent\\\":false,\\\"address\\\":\\\"16 Church Street, Portadown, Craigavon, Craigavon BT62 3LN, UK\\\",\\\"addressComponents\\\":[{\\\"long_name\\\":\\\"16\\\",\\\"short_name\\\":\\\"16\\\",\\\"types\\\":[\\\"street_number\\\"]},{\\\"long_name\\\":\\\"Church Street\\\",\\\"short_name\\\":\\\"Church St\\\",\\\"types\\\":[\\\"route\\\"]},{\\\"long_name\\\":\\\"Portadown\\\",\\\"short_name\\\":\\\"Portadown\\\",\\\"types\\\":[\\\"locality\\\",\\\"political\\\"]},{\\\"long_name\\\":\\\"Craigavon\\\",\\\"short_name\\\":\\\"Craigavon\\\",\\\"types\\\":[\\\"postal_town\\\"]},{\\\"long_name\\\":\\\"Craigavon\\\",\\\"short_name\\\":\\\"Craigavon\\\",\\\"types\\\":[\\\"administrative_area_level_2\\\",\\\"political\\\"]},{\\\"long_name\\\":\\\"United Kingdom\\\",\\\"short_name\\\":\\\"GB\\\",\\\"types\\\":[\\\"country\\\",\\\"political\\\"]},{\\\"long_name\\\":\\\"BT62 3LN\\\",\\\"short_name\\\":\\\"BT62 3LN\\\",\\\"types\\\":[\\\"postal_code\\\"]}],\\\"locationId\\\":\\\"2\\\",\\\"elementId\\\":\\\"126\\\",\\\"deleted\\\":false}],\\\"polygons\\\":[],\\\"polylines\\\":[],\\\"routes\\\":[],\\\"circles\\\":[],\\\"groundOverlays\\\":[]}\",\"85\":\"\",\"96\":[\"122\"],\"63\":\"secondary\",\"64\":\"\",\"23\":\"<p>Portadown<\\/p>\",\"3\":\"\",\"29\":\"_layout-tinhouse\"}}', '2014-10-01 16:33:48', '2014-10-01 16:33:48', 'db8fc15b-e2dc-4b60-a0af-223c0ff5dd87');
INSERT INTO `di_entryversions` (`id`, `entryId`, `sectionId`, `creatorId`, `locale`, `num`, `notes`, `data`, `dateCreated`, `dateUpdated`, `uid`) VALUES ('411', '2', '1', '1', 'en_gb', '60', '', '{\"typeId\":\"1\",\"authorId\":null,\"title\":\"Homepage\",\"slug\":\"homepage\",\"postDate\":1409830139,\"expiryDate\":null,\"enabled\":1,\"fields\":{\"2\":\"\",\"14\":\"<p>We believe Christian fellowship is divinely brought about by God for the purpose of displaying and advancing His Kingdom on earth, as Christians love one another and submit to the lordship of Christ, they show a picture of the heavenly realities that are to come.<\\/p>\",\"62\":[\"61\"],\"1\":\"\",\"35\":{\"143\":{\"type\":\"entriesList\",\"enabled\":\"1\",\"fields\":{\"sectionTitle\":\"What\'s new\",\"bandStyle\":\"none\",\"listStyle\":\"mini\",\"articleStyle\":\"mini-tease\",\"articleBackground\":\"none\",\"entryTypes\":[\"events\",\"news\",\"people\"],\"limit\":\"4\",\"ministry\":\"\",\"place\":\"\",\"productCategory\":\"\",\"role\":\"\"}},\"141\":{\"type\":\"categoryItems\",\"enabled\":\"1\",\"fields\":{\"sectionTitle\":\"Shops\",\"bandStyle\":\"shade\",\"listStyle\":\"micro\",\"articleStyle\":\"basic\",\"articleBackground\":\"none\",\"limit\":\"6\",\"ministry\":\"\",\"place\":[\"120\",\"122\"],\"productCategory\":\"\",\"role\":\"\"}},\"142\":{\"type\":\"entryIndex\",\"enabled\":\"1\",\"fields\":{\"sectionTitle\":\"Of interest\",\"bandStyle\":\"primary\",\"listStyle\":\"mini\",\"articleStyle\":\"mini-tease\",\"articleBackground\":\"shade\",\"entries\":[\"114\",\"112\",\"3\",\"29\"]}}},\"65\":\"\",\"16\":[\"18\"],\"17\":\"background\",\"26\":\"\",\"85\":\"\",\"63\":\"secondary\",\"23\":\"<p>Bringing hope, help and healing<br>to a hurting world<\\/p>\",\"29\":\"_layout\"}}', '2014-10-01 16:34:12', '2014-10-01 16:34:12', '7443d6f5-2776-46c5-a0da-abcca78a566b');
INSERT INTO `di_entryversions` (`id`, `entryId`, `sectionId`, `creatorId`, `locale`, `num`, `notes`, `data`, `dateCreated`, `dateUpdated`, `uid`) VALUES ('412', '2', '1', '1', 'en_gb', '61', '', '{\"typeId\":\"1\",\"authorId\":null,\"title\":\"Homepage\",\"slug\":\"homepage\",\"postDate\":1409830139,\"expiryDate\":null,\"enabled\":1,\"fields\":{\"2\":\"\",\"14\":\"<p>We believe Christian fellowship is divinely brought about by God for the purpose of displaying and advancing His Kingdom on earth, as Christians love one another and submit to the lordship of Christ, they show a picture of the heavenly realities that are to come.<\\/p>\",\"62\":[\"61\"],\"1\":\"\",\"35\":{\"143\":{\"type\":\"entriesList\",\"enabled\":\"1\",\"fields\":{\"sectionTitle\":\"What\'s new\",\"bandStyle\":\"none\",\"listStyle\":\"mini\",\"articleStyle\":\"mini-tease\",\"articleBackground\":\"none\",\"entryTypes\":[\"events\",\"news\",\"people\"],\"limit\":\"4\",\"ministry\":\"\",\"place\":\"\",\"productCategory\":\"\",\"role\":\"\"}},\"141\":{\"type\":\"categoryItems\",\"enabled\":\"1\",\"fields\":{\"sectionTitle\":\"Shops\",\"bandStyle\":\"shade\",\"listStyle\":\"micro\",\"articleStyle\":\"basic\",\"articleBackground\":\"none\",\"limit\":\"6\",\"ministry\":\"\",\"place\":[\"120\",\"122\"],\"productCategory\":[\"136\",\"137\"],\"role\":\"\"}},\"142\":{\"type\":\"entryIndex\",\"enabled\":\"1\",\"fields\":{\"sectionTitle\":\"Of interest\",\"bandStyle\":\"primary\",\"listStyle\":\"mini\",\"articleStyle\":\"mini-tease\",\"articleBackground\":\"shade\",\"entries\":[\"114\",\"112\",\"3\",\"29\"]}}},\"65\":\"\",\"16\":[\"18\"],\"17\":\"background\",\"26\":\"\",\"85\":\"\",\"63\":\"secondary\",\"23\":\"<p>Bringing hope, help and healing<br>to a hurting world<\\/p>\",\"29\":\"_layout\"}}', '2014-10-01 16:48:54', '2014-10-01 16:48:54', '295fe643-ca99-4c75-aa45-8dc0a400a9d8');
INSERT INTO `di_entryversions` (`id`, `entryId`, `sectionId`, `creatorId`, `locale`, `num`, `notes`, `data`, `dateCreated`, `dateUpdated`, `uid`) VALUES ('413', '2', '1', '1', 'en_gb', '62', '', '{\"typeId\":\"1\",\"authorId\":null,\"title\":\"Homepage\",\"slug\":\"homepage\",\"postDate\":1409830139,\"expiryDate\":null,\"enabled\":1,\"fields\":{\"2\":\"\",\"14\":\"<p>We believe Christian fellowship is divinely brought about by God for the purpose of displaying and advancing His Kingdom on earth, as Christians love one another and submit to the lordship of Christ, they show a picture of the heavenly realities that are to come.<\\/p>\",\"62\":[\"61\"],\"1\":\"\",\"35\":{\"143\":{\"type\":\"entriesList\",\"enabled\":\"1\",\"fields\":{\"sectionTitle\":\"What\'s new\",\"bandStyle\":\"none\",\"listStyle\":\"mini\",\"articleStyle\":\"mini-tease\",\"articleBackground\":\"none\",\"entryTypes\":[\"events\",\"news\",\"people\"],\"limit\":\"4\",\"ministry\":\"\",\"place\":\"\",\"productCategory\":\"\",\"role\":\"\"}},\"141\":{\"type\":\"categoryItems\",\"enabled\":\"1\",\"fields\":{\"sectionTitle\":\"Shops\",\"bandStyle\":\"shade\",\"listStyle\":\"micro\",\"articleStyle\":\"basic\",\"articleBackground\":\"none\",\"limit\":\"6\",\"ministry\":\"\",\"place\":[\"120\"],\"productCategory\":\"\",\"role\":\"\"}},\"142\":{\"type\":\"entryIndex\",\"enabled\":\"1\",\"fields\":{\"sectionTitle\":\"Of interest\",\"bandStyle\":\"primary\",\"listStyle\":\"mini\",\"articleStyle\":\"mini-tease\",\"articleBackground\":\"shade\",\"entries\":[\"114\",\"112\",\"3\",\"29\"]}}},\"65\":\"\",\"16\":[\"18\"],\"17\":\"background\",\"26\":\"\",\"85\":\"\",\"63\":\"secondary\",\"23\":\"<p>Bringing hope, help and healing<br>to a hurting world<\\/p>\",\"29\":\"_layout\"}}', '2014-10-01 16:52:09', '2014-10-01 16:52:09', '05b10848-e512-4a5b-8aba-ff25ee476731');
INSERT INTO `di_entryversions` (`id`, `entryId`, `sectionId`, `creatorId`, `locale`, `num`, `notes`, `data`, `dateCreated`, `dateUpdated`, `uid`) VALUES ('414', '2', '1', '1', 'en_gb', '63', '', '{\"typeId\":\"1\",\"authorId\":null,\"title\":\"Homepage\",\"slug\":\"homepage\",\"postDate\":1409830139,\"expiryDate\":null,\"enabled\":1,\"fields\":{\"2\":\"\",\"14\":\"<p>We believe Christian fellowship is divinely brought about by God for the purpose of displaying and advancing His Kingdom on earth, as Christians love one another and submit to the lordship of Christ, they show a picture of the heavenly realities that are to come.<\\/p>\",\"62\":[\"61\"],\"1\":\"\",\"35\":{\"143\":{\"type\":\"entriesList\",\"enabled\":\"1\",\"fields\":{\"sectionTitle\":\"What\'s new\",\"bandStyle\":\"none\",\"listStyle\":\"mini\",\"articleStyle\":\"mini-tease\",\"articleBackground\":\"none\",\"entryTypes\":[\"events\",\"news\",\"people\"],\"limit\":\"4\",\"ministry\":\"\",\"place\":\"\",\"productCategory\":\"\",\"role\":\"\"}},\"141\":{\"type\":\"categoryItems\",\"enabled\":\"1\",\"fields\":{\"sectionTitle\":\"Shops\",\"bandStyle\":\"shade\",\"listStyle\":\"micro\",\"articleStyle\":\"basic\",\"articleBackground\":\"none\",\"limit\":\"6\",\"ministry\":\"\",\"place\":[\"120\"],\"productCategory\":[\"136\",\"137\"],\"role\":\"\"}},\"142\":{\"type\":\"entryIndex\",\"enabled\":\"1\",\"fields\":{\"sectionTitle\":\"Of interest\",\"bandStyle\":\"primary\",\"listStyle\":\"mini\",\"articleStyle\":\"mini-tease\",\"articleBackground\":\"shade\",\"entries\":[\"114\",\"112\",\"3\",\"29\"]}}},\"65\":\"\",\"16\":[\"18\"],\"17\":\"background\",\"26\":\"\",\"85\":\"\",\"63\":\"secondary\",\"23\":\"<p>Bringing hope, help and healing<br>to a hurting world<\\/p>\",\"29\":\"_layout\"}}', '2014-10-01 16:56:18', '2014-10-01 16:56:18', '84826897-f8bb-472b-9034-438e44d20c5a');
INSERT INTO `di_entryversions` (`id`, `entryId`, `sectionId`, `creatorId`, `locale`, `num`, `notes`, `data`, `dateCreated`, `dateUpdated`, `uid`) VALUES ('415', '139', '10', '1', 'en_gb', '3', '', '{\"typeId\":\"11\",\"authorId\":\"1\",\"title\":\"Kenyan Roast\",\"slug\":\"kenyan-roast\",\"postDate\":1412167500,\"expiryDate\":null,\"enabled\":1,\"fields\":{\"2\":\"\",\"14\":\"\",\"62\":\"\",\"1\":\"\",\"28\":\"\",\"16\":[\"51\"],\"17\":\"poster\",\"26\":\"\",\"109\":\"\",\"96\":[\"120\"],\"63\":\"none\",\"54\":[{\"col1\":\"\",\"col2\":\"\",\"col7\":\"\",\"col6\":\"GBP\",\"col3\":\"\",\"col4\":\"\",\"col5\":\"\"}],\"108\":[\"136\",\"137\"],\"23\":\"\",\"3\":\"\",\"29\":\"_layout-tinhouse\"}}', '2014-10-01 16:57:07', '2014-10-01 16:57:07', '2230b5de-128f-485e-a79d-6bf99ccaa5c5');
INSERT INTO `di_entryversions` (`id`, `entryId`, `sectionId`, `creatorId`, `locale`, `num`, `notes`, `data`, `dateCreated`, `dateUpdated`, `uid`) VALUES ('416', '2', '1', '1', 'en_gb', '64', '', '{\"typeId\":\"1\",\"authorId\":null,\"title\":\"Homepage\",\"slug\":\"homepage\",\"postDate\":1409830139,\"expiryDate\":null,\"enabled\":1,\"fields\":{\"2\":\"\",\"14\":\"<p>We believe Christian fellowship is divinely brought about by God for the purpose of displaying and advancing His Kingdom on earth, as Christians love one another and submit to the lordship of Christ, they show a picture of the heavenly realities that are to come.<\\/p>\",\"62\":[\"61\"],\"1\":\"\",\"35\":{\"143\":{\"type\":\"entriesList\",\"enabled\":\"1\",\"fields\":{\"sectionTitle\":\"What\'s new\",\"bandStyle\":\"none\",\"listStyle\":\"mini\",\"articleStyle\":\"mini-tease\",\"articleBackground\":\"none\",\"entryTypes\":[\"events\",\"news\",\"people\"],\"limit\":\"4\",\"ministry\":\"\",\"place\":\"\",\"productCategory\":\"\",\"role\":\"\"}},\"141\":{\"type\":\"categoryItems\",\"enabled\":\"1\",\"fields\":{\"sectionTitle\":\"Shops\",\"bandStyle\":\"shade\",\"listStyle\":\"micro\",\"articleStyle\":\"basic\",\"articleBackground\":\"none\",\"limit\":\"6\",\"ministry\":\"\",\"place\":[\"120\"],\"productCategory\":[\"136\",\"137\"],\"role\":\"\",\"join\":\"and\"}},\"142\":{\"type\":\"entryIndex\",\"enabled\":\"1\",\"fields\":{\"sectionTitle\":\"Of interest\",\"bandStyle\":\"primary\",\"listStyle\":\"mini\",\"articleStyle\":\"mini-tease\",\"articleBackground\":\"shade\",\"entries\":[\"114\",\"112\",\"3\",\"29\"]}}},\"65\":\"\",\"16\":[\"18\"],\"17\":\"background\",\"26\":\"\",\"85\":\"\",\"63\":\"secondary\",\"23\":\"<p>Bringing hope, help and healing<br>to a hurting world<\\/p>\",\"29\":\"_layout\"}}', '2014-10-01 17:03:36', '2014-10-01 17:03:36', '2ce7946d-44d6-47ab-9549-4c3d3c05992f');
INSERT INTO `di_entryversions` (`id`, `entryId`, `sectionId`, `creatorId`, `locale`, `num`, `notes`, `data`, `dateCreated`, `dateUpdated`, `uid`) VALUES ('417', '2', '1', '1', 'en_gb', '65', '', '{\"typeId\":\"1\",\"authorId\":null,\"title\":\"Homepage\",\"slug\":\"homepage\",\"postDate\":1409830139,\"expiryDate\":null,\"enabled\":1,\"fields\":{\"2\":\"\",\"14\":\"<p>We believe Christian fellowship is divinely brought about by God for the purpose of displaying and advancing His Kingdom on earth, as Christians love one another and submit to the lordship of Christ, they show a picture of the heavenly realities that are to come.<\\/p>\",\"62\":[\"61\"],\"1\":\"\",\"35\":{\"143\":{\"type\":\"entriesList\",\"enabled\":\"1\",\"fields\":{\"sectionTitle\":\"What\'s new\",\"bandStyle\":\"none\",\"listStyle\":\"mini\",\"articleStyle\":\"mini-tease\",\"articleBackground\":\"none\",\"entryTypes\":[\"events\",\"news\",\"people\"],\"limit\":\"4\",\"ministry\":[\"128\"],\"place\":\"\",\"productCategory\":\"\",\"role\":\"\",\"join\":\"or\"}},\"141\":{\"type\":\"categoryItems\",\"enabled\":\"1\",\"fields\":{\"sectionTitle\":\"Shops\",\"bandStyle\":\"shade\",\"listStyle\":\"micro\",\"articleStyle\":\"basic\",\"articleBackground\":\"none\",\"limit\":\"6\",\"ministry\":\"\",\"place\":[\"120\"],\"productCategory\":[\"136\",\"137\"],\"role\":\"\",\"join\":\"and\"}},\"142\":{\"type\":\"entryIndex\",\"enabled\":\"1\",\"fields\":{\"sectionTitle\":\"Of interest\",\"bandStyle\":\"primary\",\"listStyle\":\"mini\",\"articleStyle\":\"mini-tease\",\"articleBackground\":\"shade\",\"entries\":[\"114\",\"112\",\"3\",\"29\"]}}},\"65\":\"\",\"16\":[\"18\"],\"17\":\"background\",\"26\":\"\",\"85\":\"\",\"63\":\"secondary\",\"23\":\"<p>Bringing hope, help and healing<br>to a hurting world<\\/p>\",\"29\":\"_layout\"}}', '2014-10-01 17:06:54', '2014-10-01 17:06:54', 'cdf5fc22-25d6-4a8f-ae15-8046d857102f');
INSERT INTO `di_entryversions` (`id`, `entryId`, `sectionId`, `creatorId`, `locale`, `num`, `notes`, `data`, `dateCreated`, `dateUpdated`, `uid`) VALUES ('418', '2', '1', '1', 'en_gb', '66', '', '{\"typeId\":\"1\",\"authorId\":null,\"title\":\"Homepage\",\"slug\":\"homepage\",\"postDate\":1409830139,\"expiryDate\":null,\"enabled\":1,\"fields\":{\"2\":\"\",\"14\":\"<p>We believe Christian fellowship is divinely brought about by God for the purpose of displaying and advancing His Kingdom on earth, as Christians love one another and submit to the lordship of Christ, they show a picture of the heavenly realities that are to come.<\\/p>\",\"62\":[\"61\"],\"1\":\"\",\"35\":{\"143\":{\"type\":\"entriesList\",\"enabled\":\"1\",\"fields\":{\"sectionTitle\":\"What\'s new\",\"bandStyle\":\"none\",\"listStyle\":\"mini\",\"articleStyle\":\"mini-tease\",\"articleBackground\":\"none\",\"entryTypes\":[\"events\",\"news\",\"people\"],\"limit\":\"4\",\"ministry\":[\"128\"],\"place\":[\"122\"],\"productCategory\":\"\",\"role\":\"\",\"join\":\"or\"}},\"141\":{\"type\":\"categoryItems\",\"enabled\":\"1\",\"fields\":{\"sectionTitle\":\"Shops\",\"bandStyle\":\"shade\",\"listStyle\":\"micro\",\"articleStyle\":\"basic\",\"articleBackground\":\"none\",\"limit\":\"6\",\"ministry\":\"\",\"place\":[\"120\"],\"productCategory\":[\"136\",\"137\"],\"role\":\"\",\"join\":\"and\"}},\"142\":{\"type\":\"entryIndex\",\"enabled\":\"1\",\"fields\":{\"sectionTitle\":\"Of interest\",\"bandStyle\":\"primary\",\"listStyle\":\"mini\",\"articleStyle\":\"mini-tease\",\"articleBackground\":\"shade\",\"entries\":[\"114\",\"112\",\"3\",\"29\"]}}},\"65\":\"\",\"16\":[\"18\"],\"17\":\"background\",\"26\":\"\",\"85\":\"\",\"63\":\"secondary\",\"23\":\"<p>Bringing hope, help and healing<br>to a hurting world<\\/p>\",\"29\":\"_layout\"}}', '2014-10-01 17:07:47', '2014-10-01 17:07:47', '7903c39b-3679-4e27-ae3c-e612b4607341');
INSERT INTO `di_entryversions` (`id`, `entryId`, `sectionId`, `creatorId`, `locale`, `num`, `notes`, `data`, `dateCreated`, `dateUpdated`, `uid`) VALUES ('419', '3', '2', '1', 'en_gb', '6', '', '{\"typeId\":\"2\",\"authorId\":\"1\",\"title\":\"We just installed Craft!\",\"slug\":\"we-just-installed-craft\",\"postDate\":1409830080,\"expiryDate\":null,\"enabled\":1,\"fields\":{\"2\":\"\",\"14\":\"<p>Kaleta and Thomas grow maize, beans, cassava and potatoes on their farm land. Receiving a joint land certificate has given them security and peace of mind. Thomas tells us \\\"By having the cert, I know the land is ours and I am free from worry for the future.\\\" Now they own the land, cultivate and provide food for their children.<\\/p>\",\"62\":\"\",\"1\":\"\",\"35\":\"\",\"28\":\"\",\"16\":[\"21\"],\"17\":\"poster\",\"109\":[\"128\"],\"85\":\"\",\"96\":\"\",\"63\":\"none\",\"108\":\"\",\"64\":\"\",\"23\":\"\",\"3\":\"\",\"29\":\"_layout\"}}', '2014-10-01 17:08:38', '2014-10-01 17:08:38', '104be5cd-2f19-4d95-af9c-2a95a2c98470');
INSERT INTO `di_entryversions` (`id`, `entryId`, `sectionId`, `creatorId`, `locale`, `num`, `notes`, `data`, `dateCreated`, `dateUpdated`, `uid`) VALUES ('420', '2', '1', '1', 'en_gb', '67', '', '{\"typeId\":\"1\",\"authorId\":null,\"title\":\"Homepage\",\"slug\":\"homepage\",\"postDate\":1409830139,\"expiryDate\":null,\"enabled\":1,\"fields\":{\"2\":\"\",\"14\":\"<p>We believe Christian fellowship is divinely brought about by God for the purpose of displaying and advancing His Kingdom on earth, as Christians love one another and submit to the lordship of Christ, they show a picture of the heavenly realities that are to come.<\\/p>\",\"62\":[\"61\"],\"1\":\"\",\"35\":{\"143\":{\"type\":\"entriesList\",\"enabled\":\"1\",\"fields\":{\"sectionTitle\":\"What\'s new\",\"bandStyle\":\"none\",\"listStyle\":\"mini\",\"articleStyle\":\"mini-tease\",\"articleBackground\":\"none\",\"entryTypes\":[\"events\",\"news\",\"people\"],\"limit\":\"4\",\"ministry\":[\"128\"],\"place\":\"\",\"productCategory\":\"\",\"role\":\"\",\"join\":\"or\"}},\"141\":{\"type\":\"categoryItems\",\"enabled\":\"1\",\"fields\":{\"sectionTitle\":\"Shops\",\"bandStyle\":\"shade\",\"listStyle\":\"micro\",\"articleStyle\":\"basic\",\"articleBackground\":\"none\",\"limit\":\"6\",\"ministry\":\"\",\"place\":[\"120\"],\"productCategory\":[\"136\",\"137\"],\"role\":\"\",\"join\":\"and\"}},\"142\":{\"type\":\"entryIndex\",\"enabled\":\"1\",\"fields\":{\"sectionTitle\":\"Of interest\",\"bandStyle\":\"primary\",\"listStyle\":\"mini\",\"articleStyle\":\"mini-tease\",\"articleBackground\":\"shade\",\"entries\":[\"114\",\"112\",\"3\",\"29\"]}}},\"65\":\"\",\"16\":[\"18\"],\"17\":\"background\",\"26\":\"\",\"85\":\"\",\"63\":\"secondary\",\"23\":\"<p>Bringing hope, help and healing<br>to a hurting world<\\/p>\",\"29\":\"_layout\"}}', '2014-10-01 17:09:13', '2014-10-01 17:09:13', '80ebdbc7-0a80-42e4-9027-eef062912abd');
INSERT INTO `di_entryversions` (`id`, `entryId`, `sectionId`, `creatorId`, `locale`, `num`, `notes`, `data`, `dateCreated`, `dateUpdated`, `uid`) VALUES ('421', '2', '1', '1', 'en_gb', '68', '', '{\"typeId\":\"1\",\"authorId\":null,\"title\":\"Homepage\",\"slug\":\"homepage\",\"postDate\":1409830139,\"expiryDate\":null,\"enabled\":1,\"fields\":{\"2\":\"\",\"14\":\"<p>We believe Christian fellowship is divinely brought about by God for the purpose of displaying and advancing His Kingdom on earth, as Christians love one another and submit to the lordship of Christ, they show a picture of the heavenly realities that are to come.<\\/p>\",\"62\":[\"61\"],\"1\":\"\",\"35\":{\"143\":{\"type\":\"entriesList\",\"enabled\":\"1\",\"fields\":{\"sectionTitle\":\"What\'s new\",\"bandStyle\":\"none\",\"listStyle\":\"mini\",\"articleStyle\":\"mini-tease\",\"articleBackground\":\"none\",\"entryTypes\":[\"events\",\"news\",\"people\"],\"limit\":\"4\",\"ministry\":\"\",\"place\":\"\",\"productCategory\":\"\",\"role\":\"\",\"join\":\"or\"}},\"141\":{\"type\":\"categoryItems\",\"enabled\":\"1\",\"fields\":{\"sectionTitle\":\"Shops\",\"bandStyle\":\"shade\",\"listStyle\":\"micro\",\"articleStyle\":\"basic\",\"articleBackground\":\"none\",\"limit\":\"6\",\"ministry\":\"\",\"place\":[\"120\"],\"productCategory\":[\"136\",\"137\"],\"role\":\"\",\"join\":\"and\"}},\"142\":{\"type\":\"entryIndex\",\"enabled\":\"1\",\"fields\":{\"sectionTitle\":\"Of interest\",\"bandStyle\":\"primary\",\"listStyle\":\"mini\",\"articleStyle\":\"mini-tease\",\"articleBackground\":\"shade\",\"entries\":[\"114\",\"112\",\"3\",\"29\"]}}},\"65\":\"\",\"16\":[\"18\"],\"17\":\"background\",\"26\":\"\",\"85\":\"\",\"63\":\"secondary\",\"23\":\"<p>Bringing hope, help and healing<br>to a hurting world<\\/p>\",\"29\":\"_layout\"}}', '2014-10-01 17:09:28', '2014-10-01 17:09:28', '280bda66-1390-4da8-8a57-c07e8457e12e');
INSERT INTO `di_entryversions` (`id`, `entryId`, `sectionId`, `creatorId`, `locale`, `num`, `notes`, `data`, `dateCreated`, `dateUpdated`, `uid`) VALUES ('422', '2', '1', '1', 'en_gb', '69', '', '{\"typeId\":\"1\",\"authorId\":null,\"title\":\"Homepage\",\"slug\":\"homepage\",\"postDate\":1409830139,\"expiryDate\":null,\"enabled\":1,\"fields\":{\"2\":\"\",\"14\":\"<p>We believe Christian fellowship is divinely brought about by God for the purpose of displaying and advancing His Kingdom on earth, as Christians love one another and submit to the lordship of Christ, they show a picture of the heavenly realities that are to come.<\\/p>\",\"62\":[\"61\"],\"1\":\"\",\"35\":{\"143\":{\"type\":\"entriesList\",\"enabled\":\"1\",\"fields\":{\"sectionTitle\":\"What\'s new\",\"bandStyle\":\"none\",\"listStyle\":\"mini\",\"articleStyle\":\"mini-tease\",\"articleBackground\":\"none\",\"entryTypes\":[\"events\",\"news\",\"people\"],\"limit\":\"4\",\"ministry\":\"\",\"place\":\"\",\"productCategory\":\"\",\"role\":\"\",\"join\":\"or\"}},\"141\":{\"type\":\"categoryItems\",\"enabled\":\"1\",\"fields\":{\"sectionTitle\":\"Shops\",\"bandStyle\":\"shade\",\"listStyle\":\"micro\",\"articleStyle\":\"basic\",\"articleBackground\":\"none\",\"limit\":\"6\",\"ministry\":\"\",\"place\":[\"120\"],\"productCategory\":[\"136\",\"137\"],\"role\":\"\",\"join\":\"and\"}},\"142\":{\"type\":\"entryIndex\",\"enabled\":\"1\",\"fields\":{\"sectionTitle\":\"Of interest\",\"bandStyle\":\"primary\",\"listStyle\":\"mini\",\"articleStyle\":\"mini-tease\",\"articleBackground\":\"shade\",\"entries\":[\"114\",\"112\",\"3\",\"29\"]}}},\"65\":\"\",\"16\":[\"18\"],\"17\":\"background\",\"26\":\"\",\"85\":\"\",\"63\":\"secondary\",\"23\":\"<p>Bringing hope, help and healing<br>to a hurting world<\\/p>\",\"29\":\"_layout\"}}', '2014-10-01 17:10:41', '2014-10-01 17:10:41', '6d2648d2-a279-48af-b93d-5c40df61a9a9');
INSERT INTO `di_entryversions` (`id`, `entryId`, `sectionId`, `creatorId`, `locale`, `num`, `notes`, `data`, `dateCreated`, `dateUpdated`, `uid`) VALUES ('423', '2', '1', '1', 'en_gb', '70', '', '{\"typeId\":\"1\",\"authorId\":null,\"title\":\"Homepage\",\"slug\":\"homepage\",\"postDate\":1409830139,\"expiryDate\":null,\"enabled\":1,\"fields\":{\"2\":\"\",\"14\":\"<p>We believe Christian fellowship is divinely brought about by God for the purpose of displaying and advancing His Kingdom on earth, as Christians love one another and submit to the lordship of Christ, they show a picture of the heavenly realities that are to come.<\\/p>\",\"62\":[\"61\"],\"1\":\"\",\"35\":{\"143\":{\"type\":\"entriesList\",\"enabled\":\"1\",\"fields\":{\"sectionTitle\":\"What\'s new\",\"bandStyle\":\"none\",\"listStyle\":\"mini\",\"articleStyle\":\"mini-tease\",\"articleBackground\":\"none\",\"entryTypes\":[\"events\",\"news\",\"people\"],\"limit\":\"4\",\"ministry\":\"\",\"place\":\"\",\"productCategory\":\"\",\"role\":\"\",\"join\":\"and\"}},\"141\":{\"type\":\"categoryItems\",\"enabled\":\"1\",\"fields\":{\"sectionTitle\":\"Shops\",\"bandStyle\":\"shade\",\"listStyle\":\"micro\",\"articleStyle\":\"basic\",\"articleBackground\":\"none\",\"limit\":\"6\",\"ministry\":\"\",\"place\":[\"120\"],\"productCategory\":[\"136\",\"137\"],\"role\":\"\",\"join\":\"and\"}},\"142\":{\"type\":\"entryIndex\",\"enabled\":\"1\",\"fields\":{\"sectionTitle\":\"Of interest\",\"bandStyle\":\"primary\",\"listStyle\":\"mini\",\"articleStyle\":\"mini-tease\",\"articleBackground\":\"shade\",\"entries\":[\"114\",\"112\",\"3\",\"29\"]}}},\"65\":\"\",\"16\":[\"18\"],\"17\":\"background\",\"26\":\"\",\"85\":\"\",\"63\":\"secondary\",\"23\":\"<p>Bringing hope, help and healing<br>to a hurting world<\\/p>\",\"29\":\"_layout\"}}', '2014-10-01 17:15:28', '2014-10-01 17:15:28', '0546c93d-d24a-40cc-8c05-cd4f6b2f8866');
INSERT INTO `di_entryversions` (`id`, `entryId`, `sectionId`, `creatorId`, `locale`, `num`, `notes`, `data`, `dateCreated`, `dateUpdated`, `uid`) VALUES ('424', '2', '1', '1', 'en_gb', '71', '', '{\"typeId\":\"1\",\"authorId\":null,\"title\":\"Homepage\",\"slug\":\"homepage\",\"postDate\":1409830139,\"expiryDate\":null,\"enabled\":1,\"fields\":{\"2\":\"\",\"14\":\"<p>We believe Christian fellowship is divinely brought about by God for the purpose of displaying and advancing His Kingdom on earth, as Christians love one another and submit to the lordship of Christ, they show a picture of the heavenly realities that are to come.<\\/p>\",\"62\":[\"61\"],\"1\":\"\",\"35\":{\"143\":{\"type\":\"entriesList\",\"enabled\":\"1\",\"fields\":{\"sectionTitle\":\"What\'s new\",\"bandStyle\":\"none\",\"listStyle\":\"mini\",\"articleStyle\":\"mini-tease\",\"articleBackground\":\"none\",\"entryTypes\":[\"events\",\"news\",\"people\"],\"limit\":\"4\",\"ministry\":\"\",\"place\":\"\",\"productCategory\":\"\",\"role\":\"\",\"join\":\"and\"}},\"141\":{\"type\":\"categoryItems\",\"enabled\":\"1\",\"fields\":{\"sectionTitle\":\"Shops\",\"bandStyle\":\"shade\",\"listStyle\":\"micro\",\"articleStyle\":\"basic\",\"articleBackground\":\"none\",\"limit\":\"6\",\"ministry\":\"\",\"place\":[\"120\"],\"productCategory\":[\"136\",\"137\"],\"role\":\"\",\"join\":\"and\"}},\"142\":{\"type\":\"entryIndex\",\"enabled\":\"1\",\"fields\":{\"sectionTitle\":\"Of interest\",\"bandStyle\":\"primary\",\"listStyle\":\"mini\",\"articleStyle\":\"mini-tease\",\"articleBackground\":\"shade\",\"entries\":[\"114\",\"112\",\"3\",\"29\"]}}},\"65\":\"\",\"16\":[\"18\"],\"17\":\"background\",\"26\":\"\",\"85\":\"\",\"63\":\"secondary\",\"23\":\"<p>Bringing hope, help and healing<br>to a hurting world<\\/p>\",\"29\":\"_layout\"}}', '2014-10-01 17:17:38', '2014-10-01 17:17:38', '3df72421-3f52-43fd-b180-b510de181cbe');
INSERT INTO `di_entryversions` (`id`, `entryId`, `sectionId`, `creatorId`, `locale`, `num`, `notes`, `data`, `dateCreated`, `dateUpdated`, `uid`) VALUES ('425', '2', '1', '1', 'en_gb', '72', '', '{\"typeId\":\"1\",\"authorId\":null,\"title\":\"Homepage\",\"slug\":\"homepage\",\"postDate\":1409830139,\"expiryDate\":null,\"enabled\":1,\"fields\":{\"2\":\"\",\"14\":\"<p>We believe Christian fellowship is divinely brought about by God for the purpose of displaying and advancing His Kingdom on earth, as Christians love one another and submit to the lordship of Christ, they show a picture of the heavenly realities that are to come.<\\/p>\",\"62\":[\"61\"],\"1\":\"\",\"35\":{\"143\":{\"type\":\"entriesList\",\"enabled\":\"1\",\"fields\":{\"sectionTitle\":\"What\'s new\",\"bandStyle\":\"none\",\"listStyle\":\"mini\",\"articleStyle\":\"mini-tease\",\"articleBackground\":\"none\",\"entryTypes\":[\"events\",\"news\",\"people\"],\"limit\":\"4\",\"ministry\":[\"128\"],\"place\":\"\",\"productCategory\":\"\",\"role\":\"\",\"join\":\"and\"}},\"141\":{\"type\":\"categoryItems\",\"enabled\":\"1\",\"fields\":{\"sectionTitle\":\"Shops\",\"bandStyle\":\"shade\",\"listStyle\":\"micro\",\"articleStyle\":\"basic\",\"articleBackground\":\"none\",\"limit\":\"6\",\"ministry\":\"\",\"place\":[\"120\"],\"productCategory\":[\"136\",\"137\"],\"role\":\"\",\"join\":\"and\"}},\"142\":{\"type\":\"entryIndex\",\"enabled\":\"1\",\"fields\":{\"sectionTitle\":\"Of interest\",\"bandStyle\":\"primary\",\"listStyle\":\"mini\",\"articleStyle\":\"mini-tease\",\"articleBackground\":\"shade\",\"entries\":[\"114\",\"112\",\"3\",\"29\"]}}},\"65\":\"\",\"16\":[\"18\"],\"17\":\"background\",\"26\":\"\",\"85\":\"\",\"63\":\"secondary\",\"23\":\"<p>Bringing hope, help and healing<br>to a hurting world<\\/p>\",\"29\":\"_layout\"}}', '2014-10-01 17:17:50', '2014-10-01 17:17:50', '4ae2257f-a3fa-420a-9744-d150263dbf88');
INSERT INTO `di_entryversions` (`id`, `entryId`, `sectionId`, `creatorId`, `locale`, `num`, `notes`, `data`, `dateCreated`, `dateUpdated`, `uid`) VALUES ('426', '2', '1', '1', 'en_gb', '73', '', '{\"typeId\":\"1\",\"authorId\":null,\"title\":\"Homepage\",\"slug\":\"homepage\",\"postDate\":1409830139,\"expiryDate\":null,\"enabled\":1,\"fields\":{\"2\":\"\",\"14\":\"<p>We believe Christian fellowship is divinely brought about by God for the purpose of displaying and advancing His Kingdom on earth, as Christians love one another and submit to the lordship of Christ, they show a picture of the heavenly realities that are to come.<\\/p>\",\"62\":[\"61\"],\"1\":\"\",\"35\":{\"143\":{\"type\":\"entriesList\",\"enabled\":\"1\",\"fields\":{\"sectionTitle\":\"What\'s new\",\"bandStyle\":\"none\",\"listStyle\":\"mini\",\"articleStyle\":\"mini-tease\",\"articleBackground\":\"none\",\"entryTypes\":[\"events\",\"news\",\"people\"],\"limit\":\"4\",\"ministry\":[\"128\"],\"place\":\"\",\"productCategory\":\"\",\"role\":\"\",\"join\":\"or\"}},\"141\":{\"type\":\"categoryItems\",\"enabled\":\"1\",\"fields\":{\"sectionTitle\":\"Shops\",\"bandStyle\":\"shade\",\"listStyle\":\"micro\",\"articleStyle\":\"basic\",\"articleBackground\":\"none\",\"limit\":\"6\",\"ministry\":\"\",\"place\":[\"120\"],\"productCategory\":[\"136\",\"137\"],\"role\":\"\",\"join\":\"and\"}},\"142\":{\"type\":\"entryIndex\",\"enabled\":\"1\",\"fields\":{\"sectionTitle\":\"Of interest\",\"bandStyle\":\"primary\",\"listStyle\":\"mini\",\"articleStyle\":\"mini-tease\",\"articleBackground\":\"shade\",\"entries\":[\"114\",\"112\",\"3\",\"29\"]}}},\"65\":\"\",\"16\":[\"18\"],\"17\":\"background\",\"26\":\"\",\"85\":\"\",\"63\":\"secondary\",\"23\":\"<p>Bringing hope, help and healing<br>to a hurting world<\\/p>\",\"29\":\"_layout\"}}', '2014-10-01 17:18:39', '2014-10-01 17:18:39', '4b1281cf-de44-4af3-befb-dbb776ced7d4');
INSERT INTO `di_entryversions` (`id`, `entryId`, `sectionId`, `creatorId`, `locale`, `num`, `notes`, `data`, `dateCreated`, `dateUpdated`, `uid`) VALUES ('427', '2', '1', '1', 'en_gb', '74', '', '{\"typeId\":\"1\",\"authorId\":null,\"title\":\"Homepage\",\"slug\":\"homepage\",\"postDate\":1409830139,\"expiryDate\":null,\"enabled\":1,\"fields\":{\"2\":\"\",\"14\":\"<p>We believe Christian fellowship is divinely brought about by God for the purpose of displaying and advancing His Kingdom on earth, as Christians love one another and submit to the lordship of Christ, they show a picture of the heavenly realities that are to come.<\\/p>\",\"62\":[\"61\"],\"1\":\"\",\"35\":{\"143\":{\"type\":\"entriesList\",\"enabled\":\"1\",\"fields\":{\"sectionTitle\":\"What\'s new\",\"bandStyle\":\"none\",\"listStyle\":\"mini\",\"articleStyle\":\"mini-tease\",\"articleBackground\":\"none\",\"entryTypes\":[\"events\",\"news\",\"people\"],\"limit\":\"4\",\"ministry\":\"\",\"place\":\"\",\"productCategory\":\"\",\"role\":\"\",\"join\":\"or\"}},\"141\":{\"type\":\"categoryItems\",\"enabled\":\"1\",\"fields\":{\"sectionTitle\":\"Shops\",\"bandStyle\":\"shade\",\"listStyle\":\"micro\",\"articleStyle\":\"basic\",\"articleBackground\":\"none\",\"limit\":\"6\",\"ministry\":\"\",\"place\":[\"120\"],\"productCategory\":[\"136\",\"137\"],\"role\":\"\",\"join\":\"and\"}},\"142\":{\"type\":\"entryIndex\",\"enabled\":\"1\",\"fields\":{\"sectionTitle\":\"Of interest\",\"bandStyle\":\"primary\",\"listStyle\":\"mini\",\"articleStyle\":\"mini-tease\",\"articleBackground\":\"shade\",\"entries\":[\"114\",\"112\",\"3\",\"29\"]}}},\"65\":\"\",\"16\":[\"18\"],\"17\":\"background\",\"26\":\"\",\"85\":\"\",\"63\":\"secondary\",\"23\":\"<p>Bringing hope, help and healing<br>to a hurting world<\\/p>\",\"29\":\"_layout\"}}', '2014-10-01 17:22:28', '2014-10-01 17:22:28', 'c38c26f3-28c7-419c-8e2d-3363a7cf33c1');
INSERT INTO `di_entryversions` (`id`, `entryId`, `sectionId`, `creatorId`, `locale`, `num`, `notes`, `data`, `dateCreated`, `dateUpdated`, `uid`) VALUES ('428', '2', '1', '1', 'en_gb', '75', '', '{\"typeId\":\"1\",\"authorId\":null,\"title\":\"Homepage\",\"slug\":\"homepage\",\"postDate\":1409830139,\"expiryDate\":null,\"enabled\":1,\"fields\":{\"2\":\"\",\"14\":\"<p>We believe Christian fellowship is divinely brought about by God for the purpose of displaying and advancing His Kingdom on earth, as Christians love one another and submit to the lordship of Christ, they show a picture of the heavenly realities that are to come.<\\/p>\",\"62\":[\"61\"],\"1\":\"\",\"35\":{\"143\":{\"type\":\"entriesList\",\"enabled\":\"1\",\"fields\":{\"sectionTitle\":\"What\'s new\",\"bandStyle\":\"none\",\"listStyle\":\"mini\",\"articleStyle\":\"mini-tease\",\"articleBackground\":\"none\",\"entryTypes\":[\"events\",\"news\",\"people\"],\"limit\":\"4\",\"ministry\":[\"128\"],\"place\":\"\",\"productCategory\":\"\",\"role\":\"\",\"join\":\"or\"}},\"141\":{\"type\":\"categoryItems\",\"enabled\":\"1\",\"fields\":{\"sectionTitle\":\"Shops\",\"bandStyle\":\"shade\",\"listStyle\":\"micro\",\"articleStyle\":\"basic\",\"articleBackground\":\"none\",\"limit\":\"6\",\"ministry\":\"\",\"place\":[\"120\"],\"productCategory\":[\"136\",\"137\"],\"role\":\"\",\"join\":\"and\"}},\"142\":{\"type\":\"entryIndex\",\"enabled\":\"1\",\"fields\":{\"sectionTitle\":\"Of interest\",\"bandStyle\":\"primary\",\"listStyle\":\"mini\",\"articleStyle\":\"mini-tease\",\"articleBackground\":\"shade\",\"entries\":[\"114\",\"112\",\"3\",\"29\"]}}},\"65\":\"\",\"16\":[\"18\"],\"17\":\"background\",\"26\":\"\",\"85\":\"\",\"63\":\"secondary\",\"23\":\"<p>Bringing hope, help and healing<br>to a hurting world<\\/p>\",\"29\":\"_layout\"}}', '2014-10-01 17:23:49', '2014-10-01 17:23:49', 'f2e307c4-4dba-4755-9aae-a9c1edcf4dc5');
INSERT INTO `di_entryversions` (`id`, `entryId`, `sectionId`, `creatorId`, `locale`, `num`, `notes`, `data`, `dateCreated`, `dateUpdated`, `uid`) VALUES ('429', '2', '1', '1', 'en_gb', '76', '', '{\"typeId\":\"1\",\"authorId\":null,\"title\":\"Homepage\",\"slug\":\"homepage\",\"postDate\":1409830139,\"expiryDate\":null,\"enabled\":1,\"fields\":{\"2\":\"\",\"14\":\"<p>We believe Christian fellowship is divinely brought about by God for the purpose of displaying and advancing His Kingdom on earth, as Christians love one another and submit to the lordship of Christ, they show a picture of the heavenly realities that are to come.<\\/p>\",\"62\":[\"61\"],\"1\":\"\",\"35\":{\"143\":{\"type\":\"entriesList\",\"enabled\":\"1\",\"fields\":{\"sectionTitle\":\"What\'s new\",\"bandStyle\":\"none\",\"listStyle\":\"mini\",\"articleStyle\":\"mini-tease\",\"articleBackground\":\"none\",\"entryTypes\":[\"events\",\"news\",\"people\"],\"limit\":\"4\",\"ministry\":[\"128\"],\"place\":[\"122\"],\"productCategory\":\"\",\"role\":\"\",\"join\":\"or\"}},\"141\":{\"type\":\"categoryItems\",\"enabled\":\"1\",\"fields\":{\"sectionTitle\":\"Shops\",\"bandStyle\":\"shade\",\"listStyle\":\"micro\",\"articleStyle\":\"basic\",\"articleBackground\":\"none\",\"limit\":\"6\",\"ministry\":\"\",\"place\":[\"120\"],\"productCategory\":[\"136\",\"137\"],\"role\":\"\",\"join\":\"and\"}},\"142\":{\"type\":\"entryIndex\",\"enabled\":\"1\",\"fields\":{\"sectionTitle\":\"Of interest\",\"bandStyle\":\"primary\",\"listStyle\":\"mini\",\"articleStyle\":\"mini-tease\",\"articleBackground\":\"shade\",\"entries\":[\"114\",\"112\",\"3\",\"29\"]}}},\"65\":\"\",\"16\":[\"18\"],\"17\":\"background\",\"26\":\"\",\"85\":\"\",\"63\":\"secondary\",\"23\":\"<p>Bringing hope, help and healing<br>to a hurting world<\\/p>\",\"29\":\"_layout\"}}', '2014-10-01 17:24:27', '2014-10-01 17:24:27', 'fc88c26c-ffa0-4fd5-bd45-031131b85e67');
INSERT INTO `di_entryversions` (`id`, `entryId`, `sectionId`, `creatorId`, `locale`, `num`, `notes`, `data`, `dateCreated`, `dateUpdated`, `uid`) VALUES ('430', '3', '2', '1', 'en_gb', '7', '', '{\"typeId\":\"2\",\"authorId\":\"1\",\"title\":\"We just installed Craft!\",\"slug\":\"we-just-installed-craft\",\"postDate\":1409830080,\"expiryDate\":null,\"enabled\":1,\"fields\":{\"2\":\"\",\"14\":\"<p>Kaleta and Thomas grow maize, beans, cassava and potatoes on their farm land. Receiving a joint land certificate has given them security and peace of mind. Thomas tells us \\\"By having the cert, I know the land is ours and I am free from worry for the future.\\\" Now they own the land, cultivate and provide food for their children.<\\/p>\",\"62\":\"\",\"1\":\"\",\"35\":\"\",\"28\":\"\",\"16\":[\"21\"],\"17\":\"poster\",\"109\":[\"128\"],\"85\":\"\",\"96\":[\"122\"],\"63\":\"none\",\"108\":\"\",\"64\":\"\",\"23\":\"\",\"3\":\"\",\"29\":\"_layout\"}}', '2014-10-01 17:24:48', '2014-10-01 17:24:48', '6909feb2-3554-422b-862e-119be3e1b533');
INSERT INTO `di_entryversions` (`id`, `entryId`, `sectionId`, `creatorId`, `locale`, `num`, `notes`, `data`, `dateCreated`, `dateUpdated`, `uid`) VALUES ('431', '2', '1', '1', 'en_gb', '77', '', '{\"typeId\":\"1\",\"authorId\":null,\"title\":\"Homepage\",\"slug\":\"homepage\",\"postDate\":1409830139,\"expiryDate\":null,\"enabled\":1,\"fields\":{\"2\":\"\",\"14\":\"<p>We believe Christian fellowship is divinely brought about by God for the purpose of displaying and advancing His Kingdom on earth, as Christians love one another and submit to the lordship of Christ, they show a picture of the heavenly realities that are to come.<\\/p>\",\"62\":[\"61\"],\"1\":\"\",\"35\":{\"143\":{\"type\":\"entriesList\",\"enabled\":\"1\",\"fields\":{\"sectionTitle\":\"What\'s new\",\"bandStyle\":\"none\",\"listStyle\":\"mini\",\"articleStyle\":\"mini-tease\",\"articleBackground\":\"none\",\"entryTypes\":[\"events\",\"news\",\"people\"],\"limit\":\"4\",\"ministry\":[\"128\"],\"place\":\"\",\"productCategory\":\"\",\"role\":\"\",\"join\":\"or\"}},\"141\":{\"type\":\"categoryItems\",\"enabled\":\"1\",\"fields\":{\"sectionTitle\":\"Shops\",\"bandStyle\":\"shade\",\"listStyle\":\"micro\",\"articleStyle\":\"basic\",\"articleBackground\":\"none\",\"limit\":\"6\",\"ministry\":\"\",\"place\":[\"120\"],\"productCategory\":[\"136\",\"137\"],\"role\":\"\",\"join\":\"and\"}},\"142\":{\"type\":\"entryIndex\",\"enabled\":\"1\",\"fields\":{\"sectionTitle\":\"Of interest\",\"bandStyle\":\"primary\",\"listStyle\":\"mini\",\"articleStyle\":\"mini-tease\",\"articleBackground\":\"shade\",\"entries\":[\"114\",\"112\",\"3\",\"29\"]}}},\"65\":\"\",\"16\":[\"18\"],\"17\":\"background\",\"26\":\"\",\"85\":\"\",\"63\":\"secondary\",\"23\":\"<p>Bringing hope, help and healing<br>to a hurting world<\\/p>\",\"29\":\"_layout\"}}', '2014-10-01 17:25:27', '2014-10-01 17:25:27', '2f4c0f81-b49a-4ef7-af73-c032be4b70d8');
INSERT INTO `di_entryversions` (`id`, `entryId`, `sectionId`, `creatorId`, `locale`, `num`, `notes`, `data`, `dateCreated`, `dateUpdated`, `uid`) VALUES ('432', '3', '2', '1', 'en_gb', '8', '', '{\"typeId\":\"2\",\"authorId\":\"1\",\"title\":\"We just installed Craft!\",\"slug\":\"we-just-installed-craft\",\"postDate\":1409830080,\"expiryDate\":null,\"enabled\":1,\"fields\":{\"2\":\"\",\"14\":\"<p>Kaleta and Thomas grow maize, beans, cassava and potatoes on their farm land. Receiving a joint land certificate has given them security and peace of mind. Thomas tells us \\\"By having the cert, I know the land is ours and I am free from worry for the future.\\\" Now they own the land, cultivate and provide food for their children.<\\/p>\",\"62\":\"\",\"1\":\"\",\"35\":\"\",\"28\":\"\",\"16\":[\"21\"],\"17\":\"poster\",\"109\":[\"128\"],\"85\":\"\",\"96\":\"\",\"63\":\"none\",\"108\":\"\",\"64\":\"\",\"23\":\"\",\"3\":\"\",\"29\":\"_layout\"}}', '2014-10-01 17:26:00', '2014-10-01 17:26:00', 'b400f1e2-8222-4f02-ab4e-c813aa60a809');
INSERT INTO `di_entryversions` (`id`, `entryId`, `sectionId`, `creatorId`, `locale`, `num`, `notes`, `data`, `dateCreated`, `dateUpdated`, `uid`) VALUES ('433', '113', '8', '1', 'en_gb', '10', '', '{\"typeId\":\"8\",\"authorId\":\"1\",\"title\":\"Major event happening\",\"slug\":\"major-event-happening\",\"postDate\":1412064000,\"expiryDate\":1419984000,\"enabled\":1,\"fields\":{\"47\":\"\",\"2\":\"\",\"14\":\"<p>Lorem ipsum dolor sit amet, consectetur adipiscing elit. Sed blandit accumsan risus, et dictum ligula elementum vehicula. Cras in congue ante. Sed non tincidunt ante. Nulla sem nisl, luctus a lacinia sed, hendrerit eget mi. Donec quis feugiat dui. In in risus odio. Duis commodo ligula id aliquet iaculis.<\\/p><p>Donec condimentum, est at ultricies pretium, enim metus consectetur dui, eu cursus elit neque ut neque. Mauris sit amet venenatis diam. Pellentesque tincidunt vulputate nibh, vitae hendrerit nulla. Nulla facilisi. Donec posuere velit ut facilisis sagittis. Morbi maximus sapien orci, non lobortis magna viverra posuere. Morbi faucibus eget ante vitae commodo. Donec porta eleifend massa et porttitor. In mollis libero at erat tristique condimentum. Nullam in rutrum velit.<\\/p>\",\"62\":\"\",\"31\":{\"date\":\"30\\/10\\/2014\",\"time\":\"22:00\"},\"1\":\"There\'s a major event happening soon\",\"28\":\"\",\"16\":[\"28\"],\"17\":\"poster\",\"26\":\"\",\"109\":[\"128\"],\"96\":\"\",\"63\":\"none\",\"108\":\"\",\"30\":{\"date\":\"30\\/10\\/2014\",\"time\":\"18:00\"},\"23\":\"<p>This is a subheading<\\/p>\",\"3\":\"\",\"29\":\"_layout\"}}', '2014-10-01 17:27:05', '2014-10-01 17:27:05', '0c1025be-25a4-40b8-a990-03c84021dfa7');
INSERT INTO `di_entryversions` (`id`, `entryId`, `sectionId`, `creatorId`, `locale`, `num`, `notes`, `data`, `dateCreated`, `dateUpdated`, `uid`) VALUES ('434', '2', '1', '1', 'en_gb', '78', '', '{\"typeId\":\"1\",\"authorId\":null,\"title\":\"Homepage\",\"slug\":\"homepage\",\"postDate\":1409830139,\"expiryDate\":null,\"enabled\":1,\"fields\":{\"2\":\"\",\"14\":\"<p>We believe Christian fellowship is divinely brought about by God for the purpose of displaying and advancing His Kingdom on earth, as Christians love one another and submit to the lordship of Christ, they show a picture of the heavenly realities that are to come.<\\/p>\",\"62\":[\"61\"],\"1\":\"\",\"35\":{\"143\":{\"type\":\"entriesList\",\"enabled\":\"1\",\"fields\":{\"sectionTitle\":\"What\'s new\",\"bandStyle\":\"none\",\"listStyle\":\"mini\",\"articleStyle\":\"mini-tease\",\"articleBackground\":\"none\",\"entryTypes\":[\"events\",\"news\",\"people\"],\"limit\":\"4\",\"ministry\":[\"128\"],\"place\":\"\",\"productCategory\":\"\",\"role\":\"\",\"join\":\"or\"}},\"141\":{\"type\":\"categoryItems\",\"enabled\":\"1\",\"fields\":{\"sectionTitle\":\"Shops\",\"bandStyle\":\"shade\",\"listStyle\":\"micro\",\"articleStyle\":\"basic\",\"articleBackground\":\"none\",\"limit\":\"6\",\"ministry\":\"\",\"place\":[\"120\"],\"productCategory\":[\"136\",\"137\"],\"role\":\"\",\"join\":\"or\"}},\"142\":{\"type\":\"entryIndex\",\"enabled\":\"1\",\"fields\":{\"sectionTitle\":\"Of interest\",\"bandStyle\":\"primary\",\"listStyle\":\"mini\",\"articleStyle\":\"mini-tease\",\"articleBackground\":\"shade\",\"entries\":[\"114\",\"112\",\"3\",\"29\"]}}},\"65\":\"\",\"16\":[\"18\"],\"17\":\"background\",\"26\":\"\",\"85\":\"\",\"63\":\"secondary\",\"23\":\"<p>Bringing hope, help and healing<br>to a hurting world<\\/p>\",\"29\":\"_layout\"}}', '2014-10-01 17:31:19', '2014-10-01 17:31:19', 'a9949ff8-9465-4d45-a1a3-b9382dc275ea');
INSERT INTO `di_entryversions` (`id`, `entryId`, `sectionId`, `creatorId`, `locale`, `num`, `notes`, `data`, `dateCreated`, `dateUpdated`, `uid`) VALUES ('435', '2', '1', '1', 'en_gb', '79', '', '{\"typeId\":\"1\",\"authorId\":null,\"title\":\"Homepage\",\"slug\":\"homepage\",\"postDate\":1409830139,\"expiryDate\":null,\"enabled\":1,\"fields\":{\"2\":\"\",\"14\":\"<p>We believe Christian fellowship is divinely brought about by God for the purpose of displaying and advancing His Kingdom on earth, as Christians love one another and submit to the lordship of Christ, they show a picture of the heavenly realities that are to come.<\\/p>\",\"62\":[\"61\"],\"1\":\"\",\"35\":{\"143\":{\"type\":\"entriesList\",\"enabled\":\"1\",\"fields\":{\"sectionTitle\":\"What\'s new\",\"bandStyle\":\"none\",\"listStyle\":\"mini\",\"articleStyle\":\"mini-tease\",\"articleBackground\":\"none\",\"entryTypes\":[\"events\",\"news\",\"people\"],\"limit\":\"4\",\"ministry\":[\"128\"],\"place\":\"\",\"productCategory\":\"\",\"role\":\"\",\"join\":\"or\"}},\"141\":{\"type\":\"categoryItems\",\"enabled\":\"1\",\"fields\":{\"sectionTitle\":\"Shops\",\"bandStyle\":\"shade\",\"listStyle\":\"micro\",\"articleStyle\":\"basic\",\"articleBackground\":\"none\",\"limit\":\"6\",\"ministry\":\"\",\"place\":[\"120\"],\"productCategory\":[\"136\",\"137\"],\"role\":\"\",\"join\":\"or\"}},\"142\":{\"type\":\"entryIndex\",\"enabled\":\"1\",\"fields\":{\"sectionTitle\":\"Of interest\",\"bandStyle\":\"primary\",\"listStyle\":\"mini\",\"articleStyle\":\"mini-tease\",\"articleBackground\":\"shade\",\"entries\":[\"114\",\"112\",\"3\",\"117\"]}}},\"65\":\"\",\"16\":[\"18\"],\"17\":\"background\",\"26\":\"\",\"85\":\"\",\"63\":\"secondary\",\"23\":\"<p>Bringing hope, help and healing<br>to a hurting world<\\/p>\",\"29\":\"_layout\"}}', '2014-10-01 17:32:12', '2014-10-01 17:32:12', 'b3086cac-db2c-4166-95ca-9e372bc771ab');
INSERT INTO `di_entryversions` (`id`, `entryId`, `sectionId`, `creatorId`, `locale`, `num`, `notes`, `data`, `dateCreated`, `dateUpdated`, `uid`) VALUES ('436', '2', '1', '1', 'en_gb', '80', '', '{\"typeId\":\"1\",\"authorId\":null,\"title\":\"Homepage\",\"slug\":\"homepage\",\"postDate\":1409830139,\"expiryDate\":null,\"enabled\":1,\"fields\":{\"2\":\"\",\"14\":\"<p>We believe Christian fellowship is divinely brought about by God for the purpose of displaying and advancing His Kingdom on earth, as Christians love one another and submit to the lordship of Christ, they show a picture of the heavenly realities that are to come.<\\/p>\",\"62\":[\"61\"],\"1\":\"\",\"35\":{\"143\":{\"type\":\"entriesList\",\"enabled\":\"1\",\"fields\":{\"sectionTitle\":\"What\'s new\",\"bandStyle\":\"none\",\"listStyle\":\"mini\",\"articleStyle\":\"mini-tease\",\"articleBackground\":\"none\",\"entryTypes\":[\"events\",\"news\",\"people\"],\"limit\":\"4\",\"ministry\":\"\",\"place\":\"\",\"productCategory\":\"\",\"role\":\"\",\"join\":\"or\"}},\"141\":{\"type\":\"categoryItems\",\"enabled\":\"1\",\"fields\":{\"sectionTitle\":\"Shops\",\"bandStyle\":\"shade\",\"listStyle\":\"micro\",\"articleStyle\":\"basic\",\"articleBackground\":\"none\",\"limit\":\"6\",\"ministry\":\"\",\"place\":[\"120\"],\"productCategory\":[\"136\",\"137\"],\"role\":\"\",\"join\":\"or\"}},\"142\":{\"type\":\"entryIndex\",\"enabled\":\"1\",\"fields\":{\"sectionTitle\":\"Of interest\",\"bandStyle\":\"primary\",\"listStyle\":\"mini\",\"articleStyle\":\"mini-tease\",\"articleBackground\":\"shade\",\"entries\":[\"114\",\"112\",\"3\",\"117\"]}}},\"65\":\"\",\"16\":[\"18\"],\"17\":\"background\",\"26\":\"\",\"85\":\"\",\"63\":\"secondary\",\"23\":\"<p>Bringing hope, help and healing<br>to a hurting world<\\/p>\",\"29\":\"_layout\"}}', '2014-10-01 17:32:46', '2014-10-01 17:32:46', 'dc81e2b3-bfe3-4e9a-98ed-2bc870e7d9d9');
INSERT INTO `di_entryversions` (`id`, `entryId`, `sectionId`, `creatorId`, `locale`, `num`, `notes`, `data`, `dateCreated`, `dateUpdated`, `uid`) VALUES ('437', '2', '1', '1', 'en_gb', '81', '', '{\"typeId\":\"1\",\"authorId\":null,\"title\":\"Homepage\",\"slug\":\"homepage\",\"postDate\":1409830139,\"expiryDate\":null,\"enabled\":1,\"fields\":{\"2\":\"\",\"14\":\"<p>We believe Christian fellowship is divinely brought about by God for the purpose of displaying and advancing His Kingdom on earth, as Christians love one another and submit to the lordship of Christ, they show a picture of the heavenly realities that are to come.<\\/p>\",\"62\":[\"61\"],\"1\":\"\",\"35\":{\"143\":{\"type\":\"entriesList\",\"enabled\":\"1\",\"fields\":{\"sectionTitle\":\"What\'s new\",\"bandStyle\":\"none\",\"listStyle\":\"mini\",\"articleStyle\":\"mini-tease\",\"articleBackground\":\"none\",\"entryTypes\":[\"events\",\"news\",\"products\"],\"limit\":\"4\",\"ministry\":\"\",\"place\":\"\",\"productCategory\":\"\",\"role\":\"\",\"join\":\"or\"}},\"141\":{\"type\":\"categoryItems\",\"enabled\":\"1\",\"fields\":{\"sectionTitle\":\"Shops\",\"bandStyle\":\"shade\",\"listStyle\":\"micro\",\"articleStyle\":\"basic\",\"articleBackground\":\"none\",\"limit\":\"6\",\"ministry\":\"\",\"place\":[\"120\"],\"productCategory\":[\"136\",\"137\"],\"role\":\"\",\"join\":\"or\"}},\"142\":{\"type\":\"entryIndex\",\"enabled\":\"1\",\"fields\":{\"sectionTitle\":\"Of interest\",\"bandStyle\":\"primary\",\"listStyle\":\"mini\",\"articleStyle\":\"mini-tease\",\"articleBackground\":\"shade\",\"entries\":[\"114\",\"112\",\"3\",\"117\"]}}},\"65\":\"\",\"16\":[\"18\"],\"17\":\"background\",\"26\":\"\",\"85\":\"\",\"63\":\"secondary\",\"23\":\"<p>Bringing hope, help and healing<br>to a hurting world<\\/p>\",\"29\":\"_layout\"}}', '2014-10-01 17:33:09', '2014-10-01 17:33:09', 'f13c353f-a63c-4906-8d30-b5a616632d9c');
INSERT INTO `di_entryversions` (`id`, `entryId`, `sectionId`, `creatorId`, `locale`, `num`, `notes`, `data`, `dateCreated`, `dateUpdated`, `uid`) VALUES ('438', '29', '7', '1', 'en_gb', '21', '', '{\"typeId\":\"7\",\"authorId\":\"1\",\"title\":\"Church\",\"slug\":\"church\",\"postDate\":1410771900,\"expiryDate\":null,\"enabled\":1,\"fields\":{\"2\":\"\",\"14\":\"\",\"62\":[\"60\"],\"1\":\"Grace Community Church\",\"35\":\"\",\"28\":\"\",\"16\":\"\",\"17\":\"fill\",\"26\":\"\",\"85\":\"\",\"63\":\"tertiary\",\"64\":\"\",\"23\":\"\",\"3\":\"\",\"29\":\"_layout-church\"}}', '2014-10-01 17:37:06', '2014-10-01 17:37:06', '07839f07-4ad0-427e-baa9-25ebbdf35c39');
INSERT INTO `di_entryversions` (`id`, `entryId`, `sectionId`, `creatorId`, `locale`, `num`, `notes`, `data`, `dateCreated`, `dateUpdated`, `uid`) VALUES ('439', '2', '1', '1', 'en_gb', '82', '', '{\"typeId\":\"1\",\"authorId\":null,\"title\":\"Homepage\",\"slug\":\"homepage\",\"postDate\":1409830139,\"expiryDate\":null,\"enabled\":1,\"fields\":{\"2\":\"\",\"14\":\"<p>We believe Christian fellowship is divinely brought about by God for the purpose of displaying and advancing His Kingdom on earth, as Christians love one another and submit to the lordship of Christ, they show a picture of the heavenly realities that are to come.<\\/p>\",\"62\":[\"61\"],\"1\":\"\",\"35\":{\"143\":{\"type\":\"entriesList\",\"enabled\":\"1\",\"fields\":{\"sectionTitle\":\"What\'s new\",\"bandStyle\":\"none\",\"listStyle\":\"mini\",\"articleStyle\":\"mini-tease\",\"articleBackground\":\"none\",\"entryTypes\":[\"events\",\"news\",\"products\"],\"limit\":\"4\",\"ministry\":\"\",\"place\":\"\",\"productCategory\":\"\",\"role\":\"\",\"join\":\"or\"}},\"141\":{\"type\":\"categoryItems\",\"enabled\":\"1\",\"fields\":{\"sectionTitle\":\"Shops\",\"bandStyle\":\"shade\",\"listStyle\":\"micro\",\"articleStyle\":\"basic\",\"articleBackground\":\"none\",\"limit\":\"6\",\"ministry\":\"\",\"place\":[\"120\"],\"productCategory\":[\"136\",\"137\"],\"role\":\"\",\"join\":\"or\"}},\"142\":{\"type\":\"entryIndex\",\"enabled\":\"1\",\"fields\":{\"sectionTitle\":\"Of interest\",\"bandStyle\":\"primary\",\"listStyle\":\"mini\",\"articleStyle\":\"mini-tease\",\"articleBackground\":\"shade\",\"entries\":[\"114\",\"112\",\"3\",\"117\"]}}},\"65\":\"\",\"16\":[\"18\"],\"17\":\"fill\",\"26\":\"\",\"85\":\"\",\"63\":\"secondary\",\"23\":\"<p>Bringing hope, help and healing<br>to a hurting world<\\/p>\",\"29\":\"_layout\"}}', '2014-10-01 17:37:54', '2014-10-01 17:37:54', 'abe10910-f443-4d6f-b408-e121a1e0e931');
INSERT INTO `di_entryversions` (`id`, `entryId`, `sectionId`, `creatorId`, `locale`, `num`, `notes`, `data`, `dateCreated`, `dateUpdated`, `uid`) VALUES ('440', '114', '10', '1', 'en_gb', '11', '', '{\"typeId\":\"11\",\"authorId\":\"1\",\"title\":\"Lampstand\",\"slug\":\"lampstand\",\"postDate\":1412074800,\"expiryDate\":null,\"enabled\":1,\"fields\":{\"2\":{\"115\":{\"type\":\"image\",\"enabled\":\"1\",\"fields\":{\"image\":[\"59\"],\"assetPlacement\":\"asset--full\",\"imageCaption\":\"\"}},\"116\":{\"type\":\"text\",\"enabled\":\"1\",\"fields\":{\"text\":\"<p>Lorem ipsum dolor sit amet, consectetur adipiscing elit. Sed blandit accumsan risus, et dictum ligula elementum vehicula. Cras in congue ante. Sed non tincidunt ante. Nulla sem nisl, luctus a lacinia sed, hendrerit eget mi. Donec quis feugiat dui. In in risus odio. Duis commodo ligula id aliquet iaculis.<\\/p><p>Donec condimentum, est at ultricies pretium, enim metus consectetur dui, eu cursus elit neque ut neque. Mauris sit amet venenatis diam. Pellentesque tincidunt vulputate nibh, vitae hendrerit nulla. Nulla facilisi. Donec posuere velit ut facilisis sagittis. Morbi maximus sapien orci, non lobortis magna viverra posuere. Morbi faucibus eget ante vitae commodo. Donec porta eleifend massa et porttitor. In mollis libero at erat tristique condimentum. Nullam in rutrum velit.<\\/p>\"}}},\"14\":\"<p>Lorem ipsum dolor sit amet, consectetur adipiscing elit. Sed blandit accumsan risus, et dictum ligula elementum vehicula. Cras in congue ante. Sed non tincidunt ante. Nulla sem nisl, luctus a lacinia sed, hendrerit eget mi. Donec quis feugiat dui. In in risus odio. Duis commodo ligula id aliquet iaculis.<\\/p><p>Donec condimentum, est at ultricies pretium, enim metus consectetur dui, eu cursus elit neque ut neque. Mauris sit amet venenatis diam. Pellentesque tincidunt vulputate nibh, vitae hendrerit nulla. Nulla facilisi. Donec posuere velit ut facilisis sagittis. Morbi maximus sapien orci, non lobortis magna viverra posuere. Morbi faucibus eget ante vitae commodo. Donec porta eleifend massa et porttitor. In mollis libero at erat tristique condimentum. Nullam in rutrum velit.<\\/p>\",\"62\":\"\",\"1\":\"\",\"28\":[\"1\"],\"16\":[\"144\"],\"17\":\"photo\",\"26\":\"\",\"109\":\"\",\"96\":\"\",\"63\":\"none\",\"54\":[{\"col1\":\"12.00\",\"col2\":\"10.00\",\"col7\":\"15.00\",\"col6\":\"GBP\",\"col3\":\"Wooden\",\"col4\":\"1\",\"col5\":\"1\"},{\"col1\":\"13.00\",\"col2\":\"\",\"col7\":\"\",\"col6\":\"GBP\",\"col3\":\"Metal\",\"col4\":\"\",\"col5\":\"\"}],\"108\":[\"136\",\"137\"],\"23\":\"<p>An attractive lampstand that will go with any lamp<\\/p>\",\"3\":\"\",\"29\":\"_layout\"}}', '2014-10-02 08:02:43', '2014-10-02 08:02:43', 'e0d88de9-92b8-4c04-a02b-3acdd1d91571');
INSERT INTO `di_entryversions` (`id`, `entryId`, `sectionId`, `creatorId`, `locale`, `num`, `notes`, `data`, `dateCreated`, `dateUpdated`, `uid`) VALUES ('441', '114', '10', '1', 'en_gb', '12', '', '{\"typeId\":\"11\",\"authorId\":\"1\",\"title\":\"Lampstand\",\"slug\":\"lampstand\",\"postDate\":1412074800,\"expiryDate\":null,\"enabled\":1,\"fields\":{\"2\":{\"115\":{\"type\":\"image\",\"enabled\":\"1\",\"fields\":{\"image\":[\"59\"],\"assetPlacement\":\"asset--full\",\"imageCaption\":\"\"}},\"116\":{\"type\":\"text\",\"enabled\":\"1\",\"fields\":{\"text\":\"<p>Lorem ipsum dolor sit amet, consectetur adipiscing elit. Sed blandit accumsan risus, et dictum ligula elementum vehicula. Cras in congue ante. Sed non tincidunt ante. Nulla sem nisl, luctus a lacinia sed, hendrerit eget mi. Donec quis feugiat dui. In in risus odio. Duis commodo ligula id aliquet iaculis.<\\/p><p>Donec condimentum, est at ultricies pretium, enim metus consectetur dui, eu cursus elit neque ut neque. Mauris sit amet venenatis diam. Pellentesque tincidunt vulputate nibh, vitae hendrerit nulla. Nulla facilisi. Donec posuere velit ut facilisis sagittis. Morbi maximus sapien orci, non lobortis magna viverra posuere. Morbi faucibus eget ante vitae commodo. Donec porta eleifend massa et porttitor. In mollis libero at erat tristique condimentum. Nullam in rutrum velit.<\\/p>\"}}},\"14\":\"<p>Lorem ipsum dolor sit amet, consectetur adipiscing elit. Sed blandit accumsan risus, et dictum ligula elementum vehicula. Cras in congue ante. Sed non tincidunt ante. Nulla sem nisl, luctus a lacinia sed, hendrerit eget mi. Donec quis feugiat dui. In in risus odio. Duis commodo ligula id aliquet iaculis.<\\/p><p>Donec condimentum, est at ultricies pretium, enim metus consectetur dui, eu cursus elit neque ut neque. Mauris sit amet venenatis diam. Pellentesque tincidunt vulputate nibh, vitae hendrerit nulla. Nulla facilisi. Donec posuere velit ut facilisis sagittis. Morbi maximus sapien orci, non lobortis magna viverra posuere. Morbi faucibus eget ante vitae commodo. Donec porta eleifend massa et porttitor. In mollis libero at erat tristique condimentum. Nullam in rutrum velit.<\\/p>\",\"62\":\"\",\"1\":\"\",\"28\":[\"1\"],\"16\":[\"144\"],\"17\":\"photo\",\"26\":\"\",\"109\":\"\",\"96\":\"\",\"63\":\"shade\",\"54\":[{\"col1\":\"12.00\",\"col2\":\"10.00\",\"col7\":\"15.00\",\"col6\":\"GBP\",\"col3\":\"Wooden\",\"col4\":\"1\",\"col5\":\"1\"},{\"col1\":\"13.00\",\"col2\":\"\",\"col7\":\"\",\"col6\":\"GBP\",\"col3\":\"Metal\",\"col4\":\"\",\"col5\":\"\"}],\"108\":[\"136\",\"137\"],\"23\":\"<p>An attractive lampstand that will go with any lamp<\\/p>\",\"3\":\"\",\"29\":\"_layout\"}}', '2014-10-02 08:03:23', '2014-10-02 08:03:23', 'f03bc242-96a9-4735-a8b3-aec9334be8e0');
INSERT INTO `di_entryversions` (`id`, `entryId`, `sectionId`, `creatorId`, `locale`, `num`, `notes`, `data`, `dateCreated`, `dateUpdated`, `uid`) VALUES ('442', '114', '10', '1', 'en_gb', '13', '', '{\"typeId\":\"11\",\"authorId\":\"1\",\"title\":\"Lampstand\",\"slug\":\"lampstand\",\"postDate\":1412074800,\"expiryDate\":null,\"enabled\":1,\"fields\":{\"2\":{\"115\":{\"type\":\"image\",\"enabled\":\"1\",\"fields\":{\"image\":[\"59\"],\"assetPlacement\":\"asset--full\",\"imageCaption\":\"\"}},\"116\":{\"type\":\"text\",\"enabled\":\"1\",\"fields\":{\"text\":\"<p>Lorem ipsum dolor sit amet, consectetur adipiscing elit. Sed blandit accumsan risus, et dictum ligula elementum vehicula. Cras in congue ante. Sed non tincidunt ante. Nulla sem nisl, luctus a lacinia sed, hendrerit eget mi. Donec quis feugiat dui. In in risus odio. Duis commodo ligula id aliquet iaculis.<\\/p><p>Donec condimentum, est at ultricies pretium, enim metus consectetur dui, eu cursus elit neque ut neque. Mauris sit amet venenatis diam. Pellentesque tincidunt vulputate nibh, vitae hendrerit nulla. Nulla facilisi. Donec posuere velit ut facilisis sagittis. Morbi maximus sapien orci, non lobortis magna viverra posuere. Morbi faucibus eget ante vitae commodo. Donec porta eleifend massa et porttitor. In mollis libero at erat tristique condimentum. Nullam in rutrum velit.<\\/p>\"}}},\"14\":\"<p>Lorem ipsum dolor sit amet, consectetur adipiscing elit. Sed blandit accumsan risus, et dictum ligula elementum vehicula. Cras in congue ante. Sed non tincidunt ante. Nulla sem nisl, luctus a lacinia sed, hendrerit eget mi. Donec quis feugiat dui. In in risus odio. Duis commodo ligula id aliquet iaculis.<\\/p><p>Donec condimentum, est at ultricies pretium, enim metus consectetur dui, eu cursus elit neque ut neque. Mauris sit amet venenatis diam. Pellentesque tincidunt vulputate nibh, vitae hendrerit nulla. Nulla facilisi. Donec posuere velit ut facilisis sagittis. Morbi maximus sapien orci, non lobortis magna viverra posuere. Morbi faucibus eget ante vitae commodo. Donec porta eleifend massa et porttitor. In mollis libero at erat tristique condimentum. Nullam in rutrum velit.<\\/p>\",\"62\":\"\",\"1\":\"\",\"28\":[\"1\"],\"16\":[\"144\"],\"17\":\"photo\",\"26\":\"\",\"109\":\"\",\"96\":\"\",\"63\":\"primary\",\"54\":[{\"col1\":\"12.00\",\"col2\":\"10.00\",\"col7\":\"15.00\",\"col6\":\"GBP\",\"col3\":\"Wooden\",\"col4\":\"1\",\"col5\":\"1\"},{\"col1\":\"13.00\",\"col2\":\"\",\"col7\":\"\",\"col6\":\"GBP\",\"col3\":\"Metal\",\"col4\":\"\",\"col5\":\"\"}],\"108\":[\"136\",\"137\"],\"23\":\"<p>An attractive lampstand that will go with any lamp<\\/p>\",\"3\":\"\",\"29\":\"_layout\"}}', '2014-10-02 08:06:05', '2014-10-02 08:06:05', 'dd7dd941-b30a-4782-b8a2-8c2c0bc60d45');
INSERT INTO `di_entryversions` (`id`, `entryId`, `sectionId`, `creatorId`, `locale`, `num`, `notes`, `data`, `dateCreated`, `dateUpdated`, `uid`) VALUES ('443', '139', '10', '1', 'en_gb', '4', '', '{\"typeId\":\"11\",\"authorId\":\"1\",\"title\":\"Kenyan Roast\",\"slug\":\"kenyan-roast\",\"postDate\":1412167500,\"expiryDate\":null,\"enabled\":1,\"fields\":{\"2\":\"\",\"14\":\"\",\"62\":\"\",\"1\":\"\",\"28\":\"\",\"16\":[\"51\"],\"17\":\"poster\",\"26\":\"\",\"109\":\"\",\"96\":[\"120\"],\"63\":\"tertiary\",\"54\":[{\"col1\":\"\",\"col2\":\"\",\"col7\":\"\",\"col6\":\"GBP\",\"col3\":\"\",\"col4\":\"\",\"col5\":\"\"}],\"108\":[\"136\",\"137\"],\"23\":\"\",\"3\":\"\",\"29\":\"_layout-tinhouse\"}}', '2014-10-02 08:06:17', '2014-10-02 08:06:17', '3e95c0c9-0744-40c4-9ea3-9af156576fb8');
INSERT INTO `di_entryversions` (`id`, `entryId`, `sectionId`, `creatorId`, `locale`, `num`, `notes`, `data`, `dateCreated`, `dateUpdated`, `uid`) VALUES ('444', '114', '10', '1', 'en_gb', '14', '', '{\"typeId\":\"11\",\"authorId\":\"1\",\"title\":\"Lampstand\",\"slug\":\"lampstand\",\"postDate\":1412074800,\"expiryDate\":null,\"enabled\":1,\"fields\":{\"2\":{\"115\":{\"type\":\"image\",\"enabled\":\"1\",\"fields\":{\"image\":[\"59\"],\"assetPlacement\":\"asset--full\",\"imageCaption\":\"\"}},\"116\":{\"type\":\"text\",\"enabled\":\"1\",\"fields\":{\"text\":\"<p>Lorem ipsum dolor sit amet, consectetur adipiscing elit. Sed blandit accumsan risus, et dictum ligula elementum vehicula. Cras in congue ante. Sed non tincidunt ante. Nulla sem nisl, luctus a lacinia sed, hendrerit eget mi. Donec quis feugiat dui. In in risus odio. Duis commodo ligula id aliquet iaculis.<\\/p><p>Donec condimentum, est at ultricies pretium, enim metus consectetur dui, eu cursus elit neque ut neque. Mauris sit amet venenatis diam. Pellentesque tincidunt vulputate nibh, vitae hendrerit nulla. Nulla facilisi. Donec posuere velit ut facilisis sagittis. Morbi maximus sapien orci, non lobortis magna viverra posuere. Morbi faucibus eget ante vitae commodo. Donec porta eleifend massa et porttitor. In mollis libero at erat tristique condimentum. Nullam in rutrum velit.<\\/p>\"}}},\"14\":\"<p>Lorem ipsum dolor sit amet, consectetur adipiscing elit. Sed blandit accumsan risus, et dictum ligula elementum vehicula. Cras in congue ante. Sed non tincidunt ante. Nulla sem nisl, luctus a lacinia sed, hendrerit eget mi. Donec quis feugiat dui. In in risus odio. Duis commodo ligula id aliquet iaculis.<\\/p><p>Donec condimentum, est at ultricies pretium, enim metus consectetur dui, eu cursus elit neque ut neque. Mauris sit amet venenatis diam. Pellentesque tincidunt vulputate nibh, vitae hendrerit nulla. Nulla facilisi. Donec posuere velit ut facilisis sagittis. Morbi maximus sapien orci, non lobortis magna viverra posuere. Morbi faucibus eget ante vitae commodo. Donec porta eleifend massa et porttitor. In mollis libero at erat tristique condimentum. Nullam in rutrum velit.<\\/p>\",\"62\":\"\",\"1\":\"\",\"28\":[\"1\"],\"16\":[\"144\"],\"17\":\"photo\",\"26\":\"\",\"109\":\"\",\"96\":\"\",\"63\":\"tertiary\",\"54\":[{\"col1\":\"12.00\",\"col2\":\"10.00\",\"col7\":\"15.00\",\"col6\":\"GBP\",\"col3\":\"Wooden\",\"col4\":\"1\",\"col5\":\"1\"},{\"col1\":\"13.00\",\"col2\":\"\",\"col7\":\"\",\"col6\":\"GBP\",\"col3\":\"Metal\",\"col4\":\"\",\"col5\":\"\"}],\"108\":[\"136\",\"137\"],\"23\":\"<p>An attractive lampstand that will go with any lamp<\\/p>\",\"3\":\"\",\"29\":\"_layout\"}}', '2014-10-02 08:07:32', '2014-10-02 08:07:32', '2a3e7b1b-66c5-4997-9d56-b966863d0c23');
INSERT INTO `di_entryversions` (`id`, `entryId`, `sectionId`, `creatorId`, `locale`, `num`, `notes`, `data`, `dateCreated`, `dateUpdated`, `uid`) VALUES ('445', '114', '10', '1', 'en_gb', '15', '', '{\"typeId\":\"11\",\"authorId\":\"1\",\"title\":\"Lampstand\",\"slug\":\"lampstand\",\"postDate\":1412074800,\"expiryDate\":null,\"enabled\":1,\"fields\":{\"2\":{\"115\":{\"type\":\"image\",\"enabled\":\"1\",\"fields\":{\"image\":[\"59\"],\"assetPlacement\":\"asset--full\",\"imageCaption\":\"\"}},\"116\":{\"type\":\"text\",\"enabled\":\"1\",\"fields\":{\"text\":\"<p>Lorem ipsum dolor sit amet, consectetur adipiscing elit. Sed blandit accumsan risus, et dictum ligula elementum vehicula. Cras in congue ante. Sed non tincidunt ante. Nulla sem nisl, luctus a lacinia sed, hendrerit eget mi. Donec quis feugiat dui. In in risus odio. Duis commodo ligula id aliquet iaculis.<\\/p><p>Donec condimentum, est at ultricies pretium, enim metus consectetur dui, eu cursus elit neque ut neque. Mauris sit amet venenatis diam. Pellentesque tincidunt vulputate nibh, vitae hendrerit nulla. Nulla facilisi. Donec posuere velit ut facilisis sagittis. Morbi maximus sapien orci, non lobortis magna viverra posuere. Morbi faucibus eget ante vitae commodo. Donec porta eleifend massa et porttitor. In mollis libero at erat tristique condimentum. Nullam in rutrum velit.<\\/p>\"}}},\"14\":\"<p>Lorem ipsum dolor sit amet, consectetur adipiscing elit. Sed blandit accumsan risus, et dictum ligula elementum vehicula. Cras in congue ante. Sed non tincidunt ante. Nulla sem nisl, luctus a lacinia sed, hendrerit eget mi. Donec quis feugiat dui. In in risus odio. Duis commodo ligula id aliquet iaculis.<\\/p><p>Donec condimentum, est at ultricies pretium, enim metus consectetur dui, eu cursus elit neque ut neque. Mauris sit amet venenatis diam. Pellentesque tincidunt vulputate nibh, vitae hendrerit nulla. Nulla facilisi. Donec posuere velit ut facilisis sagittis. Morbi maximus sapien orci, non lobortis magna viverra posuere. Morbi faucibus eget ante vitae commodo. Donec porta eleifend massa et porttitor. In mollis libero at erat tristique condimentum. Nullam in rutrum velit.<\\/p>\",\"62\":\"\",\"1\":\"\",\"28\":[\"1\"],\"16\":[\"144\"],\"17\":\"photo\",\"26\":\"\",\"109\":\"\",\"96\":\"\",\"63\":\"quaternary\",\"54\":[{\"col1\":\"12.00\",\"col2\":\"10.00\",\"col7\":\"15.00\",\"col6\":\"GBP\",\"col3\":\"Wooden\",\"col4\":\"1\",\"col5\":\"1\"},{\"col1\":\"13.00\",\"col2\":\"\",\"col7\":\"\",\"col6\":\"GBP\",\"col3\":\"Metal\",\"col4\":\"\",\"col5\":\"\"}],\"108\":[\"136\",\"137\"],\"23\":\"<p>An attractive lampstand that will go with any lamp<\\/p>\",\"3\":\"\",\"29\":\"_layout\"}}', '2014-10-02 08:12:27', '2014-10-02 08:12:27', '91c26716-372a-4f00-ac53-d30b12eda3b7');
INSERT INTO `di_entryversions` (`id`, `entryId`, `sectionId`, `creatorId`, `locale`, `num`, `notes`, `data`, `dateCreated`, `dateUpdated`, `uid`) VALUES ('446', '114', '10', '1', 'en_gb', '16', '', '{\"typeId\":\"11\",\"authorId\":\"1\",\"title\":\"Lampstand\",\"slug\":\"lampstand\",\"postDate\":1412074800,\"expiryDate\":null,\"enabled\":1,\"fields\":{\"2\":{\"115\":{\"type\":\"image\",\"enabled\":\"1\",\"fields\":{\"image\":[\"59\"],\"assetPlacement\":\"asset--full\",\"imageCaption\":\"\"}},\"116\":{\"type\":\"text\",\"enabled\":\"1\",\"fields\":{\"text\":\"<p>Lorem ipsum dolor sit amet, consectetur adipiscing elit. Sed blandit accumsan risus, et dictum ligula elementum vehicula. Cras in congue ante. Sed non tincidunt ante. Nulla sem nisl, luctus a lacinia sed, hendrerit eget mi. Donec quis feugiat dui. In in risus odio. Duis commodo ligula id aliquet iaculis.<\\/p><p>Donec condimentum, est at ultricies pretium, enim metus consectetur dui, eu cursus elit neque ut neque. Mauris sit amet venenatis diam. Pellentesque tincidunt vulputate nibh, vitae hendrerit nulla. Nulla facilisi. Donec posuere velit ut facilisis sagittis. Morbi maximus sapien orci, non lobortis magna viverra posuere. Morbi faucibus eget ante vitae commodo. Donec porta eleifend massa et porttitor. In mollis libero at erat tristique condimentum. Nullam in rutrum velit.<\\/p>\"}}},\"14\":\"<p>Lorem ipsum dolor sit amet, consectetur adipiscing elit. Sed blandit accumsan risus, et dictum ligula elementum vehicula. Cras in congue ante. Sed non tincidunt ante. Nulla sem nisl, luctus a lacinia sed, hendrerit eget mi. Donec quis feugiat dui. In in risus odio. Duis commodo ligula id aliquet iaculis.<\\/p><p>Donec condimentum, est at ultricies pretium, enim metus consectetur dui, eu cursus elit neque ut neque. Mauris sit amet venenatis diam. Pellentesque tincidunt vulputate nibh, vitae hendrerit nulla. Nulla facilisi. Donec posuere velit ut facilisis sagittis. Morbi maximus sapien orci, non lobortis magna viverra posuere. Morbi faucibus eget ante vitae commodo. Donec porta eleifend massa et porttitor. In mollis libero at erat tristique condimentum. Nullam in rutrum velit.<\\/p>\",\"62\":\"\",\"1\":\"\",\"28\":[\"1\"],\"16\":[\"144\"],\"17\":\"photo\",\"26\":\"\",\"109\":\"\",\"96\":\"\",\"63\":\"site\",\"54\":[{\"col1\":\"12.00\",\"col2\":\"10.00\",\"col7\":\"15.00\",\"col6\":\"GBP\",\"col3\":\"Wooden\",\"col4\":\"1\",\"col5\":\"1\"},{\"col1\":\"13.00\",\"col2\":\"\",\"col7\":\"\",\"col6\":\"GBP\",\"col3\":\"Metal\",\"col4\":\"\",\"col5\":\"\"}],\"108\":[\"136\",\"137\"],\"23\":\"<p>An attractive lampstand that will go with any lamp<\\/p>\",\"3\":\"\",\"29\":\"_layout\"}}', '2014-10-02 08:14:14', '2014-10-02 08:14:14', '5a1d91cc-094f-4e8f-8430-a9fa6731d475');
INSERT INTO `di_entryversions` (`id`, `entryId`, `sectionId`, `creatorId`, `locale`, `num`, `notes`, `data`, `dateCreated`, `dateUpdated`, `uid`) VALUES ('447', '145', '11', '1', 'en_gb', '1', '', '{\"typeId\":null,\"authorId\":\"1\",\"title\":\"Wake Up, Oh Church!\",\"slug\":\"wake-up-oh-church\",\"postDate\":1412238245,\"expiryDate\":null,\"enabled\":1,\"fields\":{\"2\":\"\",\"14\":\"<p>Please pray for believers around the world to be aware of the plight of the Body of Christ when it comes to the issue of persecution. We\\u2019ve seen the level of persecution rise in the last year in places like Iraq, Nigeria, Sudan, Pakistan and Syria and our suffering brothers and sisters need our prayers more than ever! Pray for Christians to be burdened in prayer with God\\u2019s heart for both the persecuted and the persecutor. May modern day Saul\\u2019s encounter Jesus and become modern day Paul\\u2019s!<\\/p>\",\"62\":\"\",\"1\":\"\",\"35\":\"\",\"28\":\"\",\"16\":\"\",\"17\":\"poster\",\"26\":\"\",\"63\":\"none\",\"64\":\"\",\"23\":\"\",\"3\":\"\",\"29\":\"_layout\"}}', '2014-10-02 08:24:05', '2014-10-02 08:24:05', '6b6a45e2-efb0-4fbc-98d7-d3e09d544c98');
INSERT INTO `di_entryversions` (`id`, `entryId`, `sectionId`, `creatorId`, `locale`, `num`, `notes`, `data`, `dateCreated`, `dateUpdated`, `uid`) VALUES ('448', '145', '11', '1', 'en_gb', '2', '', '{\"typeId\":\"12\",\"authorId\":\"1\",\"title\":\"Wake up, oh Church!\",\"slug\":\"wake-up-oh-church\",\"postDate\":1412238240,\"expiryDate\":null,\"enabled\":1,\"fields\":{\"2\":\"\",\"14\":\"<p>Please pray for believers around the world to be aware of the plight of the Body of Christ when it comes to the issue of persecution. We\\u2019ve seen the level of persecution rise in the last year in places like Iraq, Nigeria, Sudan, Pakistan and Syria and our suffering brothers and sisters need our prayers more than ever! Pray for Christians to be burdened in prayer with God\\u2019s heart for both the persecuted and the persecutor. May modern day Saul\\u2019s encounter Jesus and become modern day Paul\\u2019s!<\\/p>\",\"62\":\"\",\"1\":\"\",\"35\":\"\",\"28\":\"\",\"16\":[\"28\"],\"17\":\"poster\",\"26\":\"\",\"63\":\"none\",\"64\":\"\",\"23\":\"\",\"3\":\"\",\"29\":\"_layout\"}}', '2014-10-02 08:26:02', '2014-10-02 08:26:02', '09118dc5-f936-48aa-8721-97b855ee61d1');
INSERT INTO `di_entryversions` (`id`, `entryId`, `sectionId`, `creatorId`, `locale`, `num`, `notes`, `data`, `dateCreated`, `dateUpdated`, `uid`) VALUES ('449', '2', '1', '1', 'en_gb', '83', '', '{\"typeId\":\"1\",\"authorId\":null,\"title\":\"Homepage\",\"slug\":\"homepage\",\"postDate\":1409830139,\"expiryDate\":null,\"enabled\":1,\"fields\":{\"2\":\"\",\"14\":\"<p>We believe Christian fellowship is divinely brought about by God for the purpose of displaying and advancing His Kingdom on earth, as Christians love one another and submit to the lordship of Christ, they show a picture of the heavenly realities that are to come.<\\/p>\",\"62\":[\"61\"],\"1\":\"\",\"35\":{\"143\":{\"type\":\"entriesList\",\"enabled\":\"1\",\"fields\":{\"sectionTitle\":\"What\'s new\",\"bandStyle\":\"none\",\"listStyle\":\"mini\",\"articleStyle\":\"mini-tease\",\"articleBackground\":\"none\",\"entryTypes\":[\"events\",\"news\",\"products\",\"articles\"],\"limit\":\"4\",\"ministry\":\"\",\"place\":\"\",\"productCategory\":\"\",\"role\":\"\",\"join\":\"or\"}},\"141\":{\"type\":\"categoryItems\",\"enabled\":\"1\",\"fields\":{\"sectionTitle\":\"Shops\",\"bandStyle\":\"shade\",\"listStyle\":\"micro\",\"articleStyle\":\"basic\",\"articleBackground\":\"none\",\"limit\":\"6\",\"ministry\":\"\",\"place\":[\"120\"],\"productCategory\":[\"136\",\"137\"],\"role\":\"\",\"join\":\"or\"}},\"142\":{\"type\":\"entryIndex\",\"enabled\":\"1\",\"fields\":{\"sectionTitle\":\"Of interest\",\"bandStyle\":\"primary\",\"listStyle\":\"mini\",\"articleStyle\":\"mini-tease\",\"articleBackground\":\"shade\",\"entries\":[\"114\",\"112\",\"3\",\"117\"]}}},\"65\":\"\",\"16\":[\"18\"],\"17\":\"fill\",\"26\":\"\",\"85\":\"\",\"63\":\"secondary\",\"23\":\"<p>Bringing hope, help and healing<br>to a hurting world<\\/p>\",\"29\":\"_layout\"}}', '2014-10-02 08:27:09', '2014-10-02 08:27:09', 'd44910df-c9db-4138-a20c-b45b7cf015c2');
INSERT INTO `di_entryversions` (`id`, `entryId`, `sectionId`, `creatorId`, `locale`, `num`, `notes`, `data`, `dateCreated`, `dateUpdated`, `uid`) VALUES ('450', '126', '13', '1', 'en_gb', '26', '', '{\"typeId\":\"14\",\"authorId\":\"1\",\"title\":\"Tin House Portadown\",\"slug\":\"tin-house-portadown\",\"postDate\":1412090940,\"expiryDate\":null,\"enabled\":1,\"fields\":{\"50\":[{\"col1\":\"16a Church Street\",\"col2\":\"Portadown\",\"col3\":\"County Armagh\",\"col4\":\"BT62 3LQ \",\"col5\":\"Northern Ireland\",\"col6\":\"\"}],\"2\":\"\",\"14\":\"\",\"62\":[\"65\"],\"1\":\"Tin House Coffee\",\"35\":{\"134\":{\"type\":\"entryIndex\",\"enabled\":\"1\",\"fields\":{\"sectionTitle\":\"Key People\",\"bandStyle\":\"shade\",\"listStyle\":\"regular\",\"articleStyle\":\"tease\",\"articleBackground\":\"none\",\"entries\":[\"117\"]}},\"127\":{\"type\":\"categoryItems\",\"enabled\":\"1\",\"fields\":{\"sectionTitle\":\"Other Places\",\"bandStyle\":\"primary\",\"listStyle\":\"regular\",\"articleStyle\":\"simple\",\"articleBackground\":\"none\",\"limit\":\"1\",\"ministry\":\"\",\"place\":[\"120\"],\"productCategory\":\"\",\"role\":\"\",\"join\":\"or\"}}},\"93\":[{\"col1\":\"\",\"col2\":\"\",\"col3\":\"\"}],\"28\":\"\",\"16\":[\"146\"],\"17\":\"background\",\"51\":\"{\\\"markers\\\":[{\\\"isNew\\\":false,\\\"isSavedToMap\\\":true,\\\"title\\\":\\\"\\\",\\\"distance\\\":false,\\\"icon\\\":\\\"\\\",\\\"lat\\\":54.4219197,\\\"lng\\\":-6.4451233,\\\"content\\\":\\\"16 Church Street<br> Portadown<br> Craigavon<br> Craigavon BT62 3LN<br> UK\\\",\\\"customContent\\\":false,\\\"address\\\":\\\"16 Church Street, Portadown, Craigavon, Craigavon BT62 3LN, UK\\\",\\\"addressComponents\\\":[{\\\"long_name\\\":\\\"16\\\",\\\"short_name\\\":\\\"16\\\",\\\"types\\\":[\\\"street_number\\\"]},{\\\"long_name\\\":\\\"Church Street\\\",\\\"short_name\\\":\\\"Church St\\\",\\\"types\\\":[\\\"route\\\"]},{\\\"long_name\\\":\\\"Portadown\\\",\\\"short_name\\\":\\\"Portadown\\\",\\\"types\\\":[\\\"locality\\\",\\\"political\\\"]},{\\\"long_name\\\":\\\"Craigavon\\\",\\\"short_name\\\":\\\"Craigavon\\\",\\\"types\\\":[\\\"postal_town\\\"]},{\\\"long_name\\\":\\\"Craigavon\\\",\\\"short_name\\\":\\\"Craigavon\\\",\\\"types\\\":[\\\"administrative_area_level_2\\\",\\\"political\\\"]},{\\\"long_name\\\":\\\"United Kingdom\\\",\\\"short_name\\\":\\\"GB\\\",\\\"types\\\":[\\\"country\\\",\\\"political\\\"]},{\\\"long_name\\\":\\\"BT62 3LN\\\",\\\"short_name\\\":\\\"BT62 3LN\\\",\\\"types\\\":[\\\"postal_code\\\"]}],\\\"locationId\\\":\\\"2\\\",\\\"elementId\\\":\\\"126\\\",\\\"deleted\\\":false}],\\\"polygons\\\":[],\\\"polylines\\\":[],\\\"routes\\\":[],\\\"circles\\\":[],\\\"groundOverlays\\\":[]}\",\"85\":\"\",\"96\":[\"122\"],\"63\":\"secondary\",\"64\":\"\",\"23\":\"<p>Portadown<\\/p>\",\"3\":\"\",\"29\":\"_layout-tinhouse\"}}', '2014-10-02 09:03:13', '2014-10-02 09:03:13', 'e2fa23aa-3fcf-47d6-a79f-fb599c509bff');
INSERT INTO `di_entryversions` (`id`, `entryId`, `sectionId`, `creatorId`, `locale`, `num`, `notes`, `data`, `dateCreated`, `dateUpdated`, `uid`) VALUES ('451', '112', '2', '1', 'en_gb', '2', '', '{\"typeId\":\"2\",\"authorId\":\"1\",\"title\":\"Hello\",\"slug\":\"hello\",\"postDate\":1412003340,\"expiryDate\":null,\"enabled\":1,\"fields\":{\"2\":\"\",\"14\":\"\",\"62\":\"\",\"124\":\"\",\"1\":\"\",\"35\":\"\",\"28\":\"\",\"16\":[\"28\"],\"17\":\"poster\",\"109\":\"\",\"85\":\"\",\"96\":\"\",\"63\":\"none\",\"108\":\"\",\"64\":\"\",\"23\":\"\",\"3\":\"\",\"29\":\"_layout\"}}', '2014-10-02 09:35:42', '2014-10-02 09:35:42', '36eccd5e-3f1e-4c97-948e-945cca8cdbd5');
INSERT INTO `di_entryversions` (`id`, `entryId`, `sectionId`, `creatorId`, `locale`, `num`, `notes`, `data`, `dateCreated`, `dateUpdated`, `uid`) VALUES ('452', '112', '2', '1', 'en_gb', '3', '', '{\"typeId\":\"2\",\"authorId\":\"1\",\"title\":\"Hello\",\"slug\":\"hello\",\"postDate\":1412003340,\"expiryDate\":null,\"enabled\":1,\"fields\":{\"2\":\"\",\"14\":\"\",\"62\":\"\",\"124\":\"\",\"1\":\"\",\"35\":\"\",\"28\":\"\",\"16\":[\"28\"],\"17\":\"poster\",\"109\":\"\",\"85\":\"\",\"96\":\"\",\"63\":\"none\",\"108\":\"\",\"64\":\"\",\"23\":\"\",\"3\":\"\",\"29\":\"_layout\"}}', '2014-10-02 09:36:00', '2014-10-02 09:36:00', 'e2604f99-4cac-44a7-b611-fc9b841d187a');
INSERT INTO `di_entryversions` (`id`, `entryId`, `sectionId`, `creatorId`, `locale`, `num`, `notes`, `data`, `dateCreated`, `dateUpdated`, `uid`) VALUES ('453', '112', '2', '1', 'en_gb', '4', '', '{\"typeId\":\"2\",\"authorId\":\"1\",\"title\":\"Hello\",\"slug\":\"hello\",\"postDate\":1412003340,\"expiryDate\":null,\"enabled\":1,\"fields\":{\"2\":\"\",\"14\":\"\",\"62\":\"\",\"124\":\"\",\"1\":\"\",\"35\":\"\",\"28\":\"\",\"16\":[\"28\"],\"17\":\"poster\",\"109\":\"\",\"85\":\"\",\"96\":\"\",\"63\":\"none\",\"108\":\"\",\"64\":\"\",\"23\":\"\",\"3\":\"\",\"29\":\"_layout\"}}', '2014-10-02 09:42:23', '2014-10-02 09:42:23', '030e88d9-6b91-4bb6-b837-7f59463306eb');
INSERT INTO `di_entryversions` (`id`, `entryId`, `sectionId`, `creatorId`, `locale`, `num`, `notes`, `data`, `dateCreated`, `dateUpdated`, `uid`) VALUES ('454', '112', '2', '1', 'en_gb', '5', '', '{\"typeId\":\"2\",\"authorId\":\"1\",\"title\":\"Hello\",\"slug\":\"hello\",\"postDate\":1412003340,\"expiryDate\":null,\"enabled\":1,\"fields\":{\"2\":\"\",\"14\":\"\",\"62\":\"\",\"124\":\"54.464800000000004,-6.3360199999999995\",\"1\":\"\",\"35\":\"\",\"28\":\"\",\"16\":[\"28\"],\"17\":\"poster\",\"109\":\"\",\"85\":\"\",\"96\":\"\",\"63\":\"none\",\"108\":\"\",\"64\":\"\",\"23\":\"\",\"3\":\"\",\"29\":\"_layout\"}}', '2014-10-02 09:42:45', '2014-10-02 09:42:45', 'd610735b-0c7b-47e1-b593-2fb2e922a3bc');
INSERT INTO `di_entryversions` (`id`, `entryId`, `sectionId`, `creatorId`, `locale`, `num`, `notes`, `data`, `dateCreated`, `dateUpdated`, `uid`) VALUES ('455', '151', '11', '1', 'en_gb', '1', '', '{\"typeId\":null,\"authorId\":\"1\",\"title\":\"Sign Language: Alphabet\",\"slug\":\"sign-language-alphabet\",\"postDate\":1412245018,\"expiryDate\":null,\"enabled\":1,\"fields\":{\"2\":{\"new1\":{\"type\":\"image\",\"enabled\":\"1\",\"fields\":{\"image\":[\"150\"],\"assetPlacement\":\"asset--full\",\"imageCaption\":\"<p>Two handed alphabet<\\/p>\"}}},\"14\":\"<p>Communicating the gospel to the deaf community<\\/p>\",\"62\":\"\",\"1\":\"\",\"35\":\"\",\"28\":[\"1\"],\"16\":\"\",\"17\":\"poster\",\"26\":\"\",\"63\":\"none\",\"64\":\"\",\"23\":\"<p>Introduction to Sign Language. Part 1<\\/p>\",\"3\":[\"148\",\"149\"],\"29\":\"_layout\"}}', '2014-10-02 10:16:58', '2014-10-02 10:16:58', '0efdbb8d-1948-46a8-95a2-6cd71b8d19df');
INSERT INTO `di_entryversions` (`id`, `entryId`, `sectionId`, `creatorId`, `locale`, `num`, `notes`, `data`, `dateCreated`, `dateUpdated`, `uid`) VALUES ('456', '151', '11', '1', 'en_gb', '2', '', '{\"typeId\":\"12\",\"authorId\":\"1\",\"title\":\"Sign Language: Alphabet\",\"slug\":\"sign-language-alphabet\",\"postDate\":1412244960,\"expiryDate\":null,\"enabled\":1,\"fields\":{\"2\":{\"152\":{\"type\":\"image\",\"enabled\":\"1\",\"fields\":{\"image\":[\"150\"],\"assetPlacement\":\"asset--full\",\"imageCaption\":\"<p>Two handed alphabet. Graphic from&nbsp;http:\\/\\/www.british-sign.co.uk\\/<\\/p>\"}}},\"14\":\"<p>Communicating the gospel to the deaf community<\\/p>\",\"62\":\"\",\"1\":\"\",\"35\":\"\",\"28\":[\"1\"],\"16\":\"\",\"17\":\"poster\",\"26\":\"\",\"63\":\"none\",\"64\":\"\",\"23\":\"<p>Introduction to Sign Language. Part 1<\\/p>\",\"3\":[\"148\",\"149\"],\"29\":\"_layout\"}}', '2014-10-02 10:19:54', '2014-10-02 10:19:54', 'ebcc8727-854c-4a10-9866-9ccbb72768c4');
INSERT INTO `di_entryversions` (`id`, `entryId`, `sectionId`, `creatorId`, `locale`, `num`, `notes`, `data`, `dateCreated`, `dateUpdated`, `uid`) VALUES ('457', '151', '11', '1', 'en_gb', '3', '', '{\"typeId\":\"12\",\"authorId\":\"1\",\"title\":\"Sign Language: Alphabet\",\"slug\":\"sign-language-alphabet\",\"postDate\":1412244960,\"expiryDate\":null,\"enabled\":1,\"fields\":{\"2\":{\"152\":{\"type\":\"image\",\"enabled\":\"1\",\"fields\":{\"image\":[\"150\"],\"assetPlacement\":\"asset--full\",\"imageCaption\":\"<p>Two handed alphabet. Graphic from british-sign.co.uk<\\/p>\"}}},\"14\":\"<p>Communicating the gospel to the deaf community<\\/p>\",\"62\":\"\",\"1\":\"\",\"35\":\"\",\"28\":[\"1\"],\"16\":\"\",\"17\":\"poster\",\"26\":\"\",\"63\":\"none\",\"64\":\"\",\"23\":\"<p>Introduction to Sign Language. Part 1<\\/p>\",\"3\":[\"148\",\"149\"],\"29\":\"_layout\"}}', '2014-10-02 10:20:14', '2014-10-02 10:20:14', '50ff388d-e602-4815-8389-51f4b32101b5');
INSERT INTO `di_entryversions` (`id`, `entryId`, `sectionId`, `creatorId`, `locale`, `num`, `notes`, `data`, `dateCreated`, `dateUpdated`, `uid`) VALUES ('458', '151', '11', '1', 'en_gb', '4', '', '{\"typeId\":\"12\",\"authorId\":\"1\",\"title\":\"Sign Language: Alphabet\",\"slug\":\"sign-language-alphabet\",\"postDate\":1412244960,\"expiryDate\":null,\"enabled\":1,\"fields\":{\"2\":{\"152\":{\"type\":\"image\",\"enabled\":\"1\",\"fields\":{\"image\":[\"150\"],\"assetPlacement\":\"asset--full\",\"imageCaption\":\"<p>Two handed alphabet. Graphic from british-sign.co.uk<\\/p>\"}}},\"14\":\"<p>Communicating the gospel to the deaf community<\\/p>\",\"62\":\"\",\"1\":\"\",\"35\":\"\",\"28\":[\"1\"],\"16\":[\"154\"],\"17\":\"poster\",\"26\":\"\",\"63\":\"none\",\"64\":\"\",\"23\":\"<p>Introduction to Sign Language. Part 1<\\/p>\",\"3\":[\"148\",\"149\"],\"29\":\"_layout\"}}', '2014-10-02 10:22:57', '2014-10-02 10:22:57', '3c39e75e-ff6c-4c37-8045-5cbcc6dcb8a1');
INSERT INTO `di_entryversions` (`id`, `entryId`, `sectionId`, `creatorId`, `locale`, `num`, `notes`, `data`, `dateCreated`, `dateUpdated`, `uid`) VALUES ('459', '151', '11', '1', 'en_gb', '5', '', '{\"typeId\":\"12\",\"authorId\":\"1\",\"title\":\"Sign Language: Alphabet\",\"slug\":\"sign-language-alphabet\",\"postDate\":1412244960,\"expiryDate\":null,\"enabled\":1,\"fields\":{\"2\":{\"152\":{\"type\":\"image\",\"enabled\":\"1\",\"fields\":{\"image\":[\"150\"],\"assetPlacement\":\"asset--full\",\"imageCaption\":\"<p>Two handed alphabet. Graphic from british-sign.co.uk<\\/p>\"}}},\"14\":\"<p>Communicating the gospel to the deaf community<\\/p>\",\"62\":\"\",\"1\":\"\",\"35\":\"\",\"28\":[\"1\"],\"16\":[\"154\"],\"17\":\"background\",\"26\":\"\",\"63\":\"none\",\"64\":\"\",\"23\":\"<p>Introduction to Sign Language. Part 1<\\/p>\",\"3\":[\"148\",\"149\"],\"29\":\"_layout\"}}', '2014-10-02 10:23:17', '2014-10-02 10:23:17', '1d104cd4-3dee-45e0-a7f6-9345b69faa0b');
INSERT INTO `di_entryversions` (`id`, `entryId`, `sectionId`, `creatorId`, `locale`, `num`, `notes`, `data`, `dateCreated`, `dateUpdated`, `uid`) VALUES ('460', '151', '11', '1', 'en_gb', '6', '', '{\"typeId\":\"12\",\"authorId\":\"1\",\"title\":\"Sign Language: Alphabet\",\"slug\":\"sign-language-alphabet\",\"postDate\":1412244960,\"expiryDate\":null,\"enabled\":1,\"fields\":{\"2\":{\"152\":{\"type\":\"image\",\"enabled\":\"1\",\"fields\":{\"image\":[\"150\"],\"assetPlacement\":\"asset--full\",\"imageCaption\":\"<p>Two handed alphabet. Graphic from british-sign.co.uk<\\/p>\"}}},\"14\":\"<p>Communicating the gospel to the deaf community<\\/p>\",\"62\":\"\",\"1\":\"\",\"35\":\"\",\"28\":[\"1\"],\"16\":[\"154\"],\"17\":\"background\",\"26\":\"\",\"63\":\"primary\",\"64\":\"\",\"23\":\"<p>Introduction to Sign Language. Part 1<\\/p>\",\"3\":[\"148\",\"149\"],\"29\":\"_layout\"}}', '2014-10-02 10:23:39', '2014-10-02 10:23:39', '8f43746c-65d5-4a03-8227-a70abeba71db');
INSERT INTO `di_entryversions` (`id`, `entryId`, `sectionId`, `creatorId`, `locale`, `num`, `notes`, `data`, `dateCreated`, `dateUpdated`, `uid`) VALUES ('461', '151', '11', '1', 'en_gb', '7', '', '{\"typeId\":\"12\",\"authorId\":\"1\",\"title\":\"Sign Language: Alphabet\",\"slug\":\"sign-language-alphabet\",\"postDate\":1412244960,\"expiryDate\":null,\"enabled\":1,\"fields\":{\"2\":{\"152\":{\"type\":\"image\",\"enabled\":\"1\",\"fields\":{\"image\":[\"150\"],\"assetPlacement\":\"asset--full\",\"imageCaption\":\"<p>Two handed alphabet. Graphic from british-sign.co.uk<\\/p>\"}}},\"14\":\"<p>Communicating the gospel to the deaf community<\\/p>\",\"62\":\"\",\"1\":\"\",\"35\":\"\",\"28\":[\"1\"],\"16\":[\"154\"],\"17\":\"photo\",\"26\":\"\",\"63\":\"primary\",\"64\":\"\",\"23\":\"<p>Introduction to Sign Language. Part 1<\\/p>\",\"3\":[\"148\",\"149\"],\"29\":\"_layout\"}}', '2014-10-02 10:23:54', '2014-10-02 10:23:54', 'd0ead1c2-35ee-418f-9b0d-d112d2c610b4');
INSERT INTO `di_entryversions` (`id`, `entryId`, `sectionId`, `creatorId`, `locale`, `num`, `notes`, `data`, `dateCreated`, `dateUpdated`, `uid`) VALUES ('462', '151', '11', '1', 'en_gb', '8', '', '{\"typeId\":\"12\",\"authorId\":\"1\",\"title\":\"Sign Language: Alphabet\",\"slug\":\"sign-language-alphabet\",\"postDate\":1412244960,\"expiryDate\":null,\"enabled\":1,\"fields\":{\"2\":{\"152\":{\"type\":\"image\",\"enabled\":\"1\",\"fields\":{\"image\":[\"150\"],\"assetPlacement\":\"asset--full\",\"imageCaption\":\"<p>Two handed alphabet. Graphic from british-sign.co.uk<\\/p>\"}}},\"14\":\"<p>Communicating the gospel to the deaf community<\\/p>\",\"62\":\"\",\"1\":\"\",\"35\":\"\",\"28\":[\"1\"],\"16\":[\"154\"],\"17\":\"poster\",\"26\":\"\",\"63\":\"primary\",\"64\":\"\",\"23\":\"<p>Introduction to Sign Language. Part 1<\\/p>\",\"3\":[\"148\",\"149\"],\"29\":\"_layout\"}}', '2014-10-02 10:24:31', '2014-10-02 10:24:31', 'd2edd4ec-aac5-45fe-8f99-679348105053');
INSERT INTO `di_entryversions` (`id`, `entryId`, `sectionId`, `creatorId`, `locale`, `num`, `notes`, `data`, `dateCreated`, `dateUpdated`, `uid`) VALUES ('463', '151', '11', '1', 'en_gb', '9', '', '{\"typeId\":\"12\",\"authorId\":\"1\",\"title\":\"Sign Language: Alphabet\",\"slug\":\"sign-language-alphabet\",\"postDate\":1412244960,\"expiryDate\":null,\"enabled\":1,\"fields\":{\"2\":{\"152\":{\"type\":\"image\",\"enabled\":\"1\",\"fields\":{\"image\":[\"150\"],\"assetPlacement\":\"asset--full\",\"imageCaption\":\"<p>Two handed alphabet. Graphic from british-sign.co.uk<\\/p>\"}}},\"14\":\"<p>Communicating the gospel to the deaf community<\\/p>\",\"62\":\"\",\"1\":\"\",\"35\":\"\",\"28\":[\"1\"],\"16\":[\"155\"],\"17\":\"poster\",\"26\":\"\",\"63\":\"primary\",\"64\":\"\",\"23\":\"<p>Introduction to Sign Language. Part 1<\\/p>\",\"3\":[\"148\",\"149\"],\"29\":\"_layout\"}}', '2014-10-02 10:25:49', '2014-10-02 10:25:49', 'b7912f21-2b17-47e2-99b6-35b3881cfbaf');
INSERT INTO `di_entryversions` (`id`, `entryId`, `sectionId`, `creatorId`, `locale`, `num`, `notes`, `data`, `dateCreated`, `dateUpdated`, `uid`) VALUES ('464', '151', '11', '1', 'en_gb', '10', '', '{\"typeId\":\"12\",\"authorId\":\"1\",\"title\":\"Sign Language: Alphabet\",\"slug\":\"sign-language-alphabet\",\"postDate\":1412244960,\"expiryDate\":null,\"enabled\":1,\"fields\":{\"2\":{\"152\":{\"type\":\"image\",\"enabled\":\"1\",\"fields\":{\"image\":[\"150\"],\"assetPlacement\":\"asset--wide\",\"imageCaption\":\"<p>Two handed alphabet. Graphic from british-sign.co.uk<\\/p>\"}}},\"14\":\"<p>Communicating the gospel to the deaf community<\\/p>\",\"62\":\"\",\"1\":\"\",\"35\":\"\",\"28\":[\"1\"],\"16\":[\"155\"],\"17\":\"poster\",\"26\":\"\",\"63\":\"primary\",\"64\":\"\",\"23\":\"<p>Introduction to Sign Language. Part 1<\\/p>\",\"3\":[\"148\",\"149\"],\"29\":\"_layout\"}}', '2014-10-02 10:44:57', '2014-10-02 10:44:57', '7612259c-42bf-451d-b1c1-71ece1dc7f6c');
INSERT INTO `di_entryversions` (`id`, `entryId`, `sectionId`, `creatorId`, `locale`, `num`, `notes`, `data`, `dateCreated`, `dateUpdated`, `uid`) VALUES ('465', '151', '11', '1', 'en_gb', '11', '', '{\"typeId\":\"12\",\"authorId\":\"1\",\"title\":\"Sign Language: Alphabet\",\"slug\":\"sign-language-alphabet\",\"postDate\":1412244960,\"expiryDate\":null,\"enabled\":1,\"fields\":{\"2\":{\"152\":{\"type\":\"image\",\"enabled\":\"1\",\"fields\":{\"image\":[\"150\"],\"assetPlacement\":\"asset--inset\",\"imageCaption\":\"<p>Two handed alphabet. Graphic from british-sign.co.uk<\\/p>\"}}},\"14\":\"<p>Communicating the gospel to the deaf community<\\/p>\",\"62\":\"\",\"1\":\"\",\"35\":\"\",\"28\":[\"1\"],\"16\":[\"155\"],\"17\":\"poster\",\"26\":\"\",\"63\":\"primary\",\"64\":\"\",\"23\":\"<p>Introduction to Sign Language. Part 1<\\/p>\",\"3\":[\"148\",\"149\"],\"29\":\"_layout\"}}', '2014-10-02 10:49:47', '2014-10-02 10:49:47', 'acf2362a-9ed5-4a9d-a459-b3bcc229b8f7');
INSERT INTO `di_entryversions` (`id`, `entryId`, `sectionId`, `creatorId`, `locale`, `num`, `notes`, `data`, `dateCreated`, `dateUpdated`, `uid`) VALUES ('466', '151', '11', '1', 'en_gb', '12', '', '{\"typeId\":\"12\",\"authorId\":\"1\",\"title\":\"Sign Language: Alphabet\",\"slug\":\"sign-language-alphabet\",\"postDate\":1412244960,\"expiryDate\":null,\"enabled\":1,\"fields\":{\"2\":{\"152\":{\"type\":\"image\",\"enabled\":\"1\",\"fields\":{\"image\":[\"150\"],\"assetPlacement\":\"asset--inset\",\"imageCaption\":\"<p>Two handed alphabet. Graphic from british-sign.co.uk<\\/p>\"}},\"new1\":{\"type\":\"text\",\"enabled\":\"1\",\"fields\":{\"text\":\"<p><strong style=\\\"background-color: initial;\\\">Colds<\\/strong> are caused by hundreds of different viruses. When one of these viruses gets into your body, your immune system attacks it. Some of the effects of this immune response are the classic symptoms of a cold, such as congestion and coughing.<\\/p><p>The germs that cause colds are contagious. You can pick them up when an infected person sneezes, coughs, or shakes hands with you. After a couple of weeks, at the most, your immune system fights off the virus and you should stop having symptoms.<\\/p><p><strong>Allergies<\\/strong> are caused by an overactive immune system. For some reason, your body mistakes harmless substances -- such as dust or <a href=\\\"http:\\/\\/www.webmd.com\\/allergies\\/guide\\/pollen-allergies-symptoms-triggers-treatments\\\">pollen<\\/a> -- for germs and attacks them. Your body releases chemicals such as histamine, just as it does when fighting a cold. This can cause swelling in your nasal passages, a runny nose, coughing, and sneezing. Allergies are not contagious, although some people may inherit a tendency to develop them.<\\/p>\"}}},\"14\":\"<p>Communicating the gospel to the deaf community<\\/p>\",\"62\":\"\",\"1\":\"\",\"35\":\"\",\"28\":[\"1\"],\"16\":[\"155\"],\"17\":\"poster\",\"26\":\"\",\"63\":\"primary\",\"64\":\"\",\"23\":\"<p>Introduction to Sign Language. Part 1<\\/p>\",\"3\":[\"148\",\"149\"],\"29\":\"_layout\"}}', '2014-10-02 10:54:29', '2014-10-02 10:54:29', 'e943186d-2735-4ec9-8c0b-e4c0d6489088');
INSERT INTO `di_entryversions` (`id`, `entryId`, `sectionId`, `creatorId`, `locale`, `num`, `notes`, `data`, `dateCreated`, `dateUpdated`, `uid`) VALUES ('467', '151', '11', '1', 'en_gb', '13', '', '{\"typeId\":\"12\",\"authorId\":\"1\",\"title\":\"Sign Language: Alphabet\",\"slug\":\"sign-language-alphabet\",\"postDate\":1412244960,\"expiryDate\":null,\"enabled\":1,\"fields\":{\"2\":{\"152\":{\"type\":\"image\",\"enabled\":\"1\",\"fields\":{\"image\":[\"150\"],\"assetPlacement\":\"asset--full\",\"imageCaption\":\"<p>Two handed alphabet. Graphic from british-sign.co.uk<\\/p>\"}},\"156\":{\"type\":\"text\",\"enabled\":\"1\",\"fields\":{\"text\":\"<p><strong>Colds<\\/strong> are caused by hundreds of different viruses. When one of these viruses gets into your body, your immune system attacks it. Some of the effects of this immune response are the classic symptoms of a cold, such as congestion and coughing.<\\/p><p>The germs that cause colds are contagious. You can pick them up when an infected person sneezes, coughs, or shakes hands with you. After a couple of weeks, at the most, your immune system fights off the virus and you should stop having symptoms.<\\/p><p><strong>Allergies<\\/strong> are caused by an overactive immune system. For some reason, your body mistakes harmless substances -- such as dust or <a href=\\\"http:\\/\\/www.webmd.com\\/allergies\\/guide\\/pollen-allergies-symptoms-triggers-treatments\\\">pollen<\\/a> -- for germs and attacks them. Your body releases chemicals such as histamine, just as it does when fighting a cold. This can cause swelling in your nasal passages, a runny nose, coughing, and sneezing. Allergies are not contagious, although some people may inherit a tendency to develop them.<\\/p>\"}}},\"14\":\"<p>Communicating the gospel to the deaf community<\\/p>\",\"62\":\"\",\"1\":\"\",\"35\":\"\",\"28\":[\"1\"],\"16\":[\"155\"],\"17\":\"poster\",\"26\":\"\",\"63\":\"primary\",\"64\":\"\",\"23\":\"<p>Introduction to Sign Language. Part 1<\\/p>\",\"3\":[\"148\",\"149\"],\"29\":\"_layout-church\"}}', '2014-10-02 11:04:11', '2014-10-02 11:04:11', 'c89da82d-c3f8-43a7-aca4-fff704b9897a');
INSERT INTO `di_entryversions` (`id`, `entryId`, `sectionId`, `creatorId`, `locale`, `num`, `notes`, `data`, `dateCreated`, `dateUpdated`, `uid`) VALUES ('468', '151', '11', '1', 'en_gb', '14', '', '{\"typeId\":\"12\",\"authorId\":\"1\",\"title\":\"Sign Language: Alphabet\",\"slug\":\"sign-language-alphabet\",\"postDate\":1412244960,\"expiryDate\":null,\"enabled\":1,\"fields\":{\"2\":{\"152\":{\"type\":\"image\",\"enabled\":\"1\",\"fields\":{\"image\":[\"150\"],\"assetPlacement\":\"asset--full\",\"imageCaption\":\"<p>Two handed alphabet. Graphic from british-sign.co.uk<\\/p>\"}},\"156\":{\"type\":\"text\",\"enabled\":\"1\",\"fields\":{\"text\":\"<p><strong>Colds<\\/strong> are caused by hundreds of different viruses. When one of these viruses gets into your body, your immune system attacks it. Some of the effects of this immune response are the classic symptoms of a cold, such as congestion and coughing.<\\/p><p>The germs that cause colds are contagious. You can pick them up when an infected person sneezes, coughs, or shakes hands with you. After a couple of weeks, at the most, your immune system fights off the virus and you should stop having symptoms.<\\/p><p><strong>Allergies<\\/strong> are caused by an overactive immune system. For some reason, your body mistakes harmless substances -- such as dust or <a href=\\\"http:\\/\\/www.webmd.com\\/allergies\\/guide\\/pollen-allergies-symptoms-triggers-treatments\\\">pollen<\\/a> -- for germs and attacks them. Your body releases chemicals such as histamine, just as it does when fighting a cold. This can cause swelling in your nasal passages, a runny nose, coughing, and sneezing. Allergies are not contagious, although some people may inherit a tendency to develop them.<\\/p>\"}}},\"14\":\"<p>Communicating the gospel to the deaf community<\\/p>\",\"62\":\"\",\"1\":\"\",\"35\":{\"new2\":{\"type\":\"entriesList\",\"enabled\":\"1\",\"fields\":{\"sectionTitle\":\"More\",\"bandStyle\":\"secondary\",\"listStyle\":\"regular\",\"articleStyle\":\"simple\",\"articleBackground\":\"none\",\"entryTypes\":[\"articles\"],\"limit\":\"1\",\"ministry\":\"\",\"place\":\"\",\"productCategory\":\"\",\"role\":\"\",\"join\":\"or\"}}},\"28\":[\"1\"],\"16\":[\"155\"],\"17\":\"poster\",\"26\":\"\",\"63\":\"primary\",\"64\":\"\",\"23\":\"<p>Introduction to Sign Language. Part 1<\\/p>\",\"3\":[\"148\",\"149\"],\"29\":\"_layout-church\"}}', '2014-10-02 11:06:15', '2014-10-02 11:06:15', 'df5911d8-514d-4f71-80b9-e565ad66ac94');
INSERT INTO `di_entryversions` (`id`, `entryId`, `sectionId`, `creatorId`, `locale`, `num`, `notes`, `data`, `dateCreated`, `dateUpdated`, `uid`) VALUES ('469', '151', '11', '1', 'en_gb', '15', '', '{\"typeId\":\"12\",\"authorId\":\"1\",\"title\":\"Sign Language: Alphabet\",\"slug\":\"sign-language-alphabet\",\"postDate\":1412244960,\"expiryDate\":null,\"enabled\":1,\"fields\":{\"2\":{\"152\":{\"type\":\"image\",\"enabled\":\"1\",\"fields\":{\"image\":[\"150\"],\"assetPlacement\":\"asset--full\",\"imageCaption\":\"<p>Two handed alphabet. Graphic from british-sign.co.uk<\\/p>\"}},\"156\":{\"type\":\"text\",\"enabled\":\"1\",\"fields\":{\"text\":\"<p><strong>Colds<\\/strong> are caused by hundreds of different viruses. When one of these viruses gets into your body, your immune system attacks it. Some of the effects of this immune response are the classic symptoms of a cold, such as congestion and coughing.<\\/p><p>The germs that cause colds are contagious. You can pick them up when an infected person sneezes, coughs, or shakes hands with you. After a couple of weeks, at the most, your immune system fights off the virus and you should stop having symptoms.<\\/p><p><strong>Allergies<\\/strong> are caused by an overactive immune system. For some reason, your body mistakes harmless substances -- such as dust or <a href=\\\"http:\\/\\/www.webmd.com\\/allergies\\/guide\\/pollen-allergies-symptoms-triggers-treatments\\\">pollen<\\/a> -- for germs and attacks them. Your body releases chemicals such as histamine, just as it does when fighting a cold. This can cause swelling in your nasal passages, a runny nose, coughing, and sneezing. Allergies are not contagious, although some people may inherit a tendency to develop them.<\\/p>\"}}},\"14\":\"<p>Communicating the gospel to the deaf community<\\/p>\",\"62\":\"\",\"1\":\"\",\"35\":{\"157\":{\"type\":\"entriesList\",\"enabled\":\"1\",\"fields\":{\"sectionTitle\":\"More\",\"bandStyle\":\"primary\",\"listStyle\":\"regular\",\"articleStyle\":\"simple\",\"articleBackground\":\"none\",\"entryTypes\":[\"articles\"],\"limit\":\"1\",\"ministry\":\"\",\"place\":\"\",\"productCategory\":\"\",\"role\":\"\",\"join\":\"or\"}}},\"28\":[\"1\"],\"16\":[\"155\"],\"17\":\"poster\",\"26\":\"\",\"63\":\"primary\",\"64\":\"\",\"23\":\"<p>Introduction to Sign Language. Part 1<\\/p>\",\"3\":[\"148\",\"149\"],\"29\":\"_layout-church\"}}', '2014-10-02 11:07:44', '2014-10-02 11:07:44', '8457fbca-b5c0-49f4-a512-a40541aa2db4');
INSERT INTO `di_entryversions` (`id`, `entryId`, `sectionId`, `creatorId`, `locale`, `num`, `notes`, `data`, `dateCreated`, `dateUpdated`, `uid`) VALUES ('470', '151', '11', '1', 'en_gb', '16', '', '{\"typeId\":\"12\",\"authorId\":\"1\",\"title\":\"Sign Language: Alphabet\",\"slug\":\"sign-language-alphabet\",\"postDate\":1412244960,\"expiryDate\":null,\"enabled\":1,\"fields\":{\"2\":{\"152\":{\"type\":\"image\",\"enabled\":\"1\",\"fields\":{\"image\":[\"150\"],\"assetPlacement\":\"asset--full\",\"imageCaption\":\"<p>Two handed alphabet. Graphic from british-sign.co.uk<\\/p>\"}},\"156\":{\"type\":\"text\",\"enabled\":\"1\",\"fields\":{\"text\":\"<p><strong>Colds<\\/strong> are caused by hundreds of different viruses. When one of these viruses gets into your body, your immune system attacks it. Some of the effects of this immune response are the classic symptoms of a cold, such as congestion and coughing.<\\/p><p>The germs that cause colds are contagious. You can pick them up when an infected person sneezes, coughs, or shakes hands with you. After a couple of weeks, at the most, your immune system fights off the virus and you should stop having symptoms.<\\/p><p><strong>Allergies<\\/strong> are caused by an overactive immune system. For some reason, your body mistakes harmless substances -- such as dust or <a href=\\\"http:\\/\\/www.webmd.com\\/allergies\\/guide\\/pollen-allergies-symptoms-triggers-treatments\\\">pollen<\\/a> -- for germs and attacks them. Your body releases chemicals such as histamine, just as it does when fighting a cold. This can cause swelling in your nasal passages, a runny nose, coughing, and sneezing. Allergies are not contagious, although some people may inherit a tendency to develop them.<\\/p>\"}}},\"14\":\"<p>Communicating the gospel to the deaf community<\\/p>\",\"62\":\"\",\"1\":\"\",\"35\":{\"157\":{\"type\":\"entriesList\",\"enabled\":\"1\",\"fields\":{\"sectionTitle\":\"More\",\"bandStyle\":\"primary\",\"listStyle\":\"regular\",\"articleStyle\":\"tease\",\"articleBackground\":\"none\",\"entryTypes\":[\"articles\"],\"limit\":\"1\",\"ministry\":\"\",\"place\":\"\",\"productCategory\":\"\",\"role\":\"\",\"join\":\"or\"}}},\"28\":[\"1\"],\"16\":[\"155\"],\"17\":\"poster\",\"26\":\"\",\"63\":\"primary\",\"64\":\"\",\"23\":\"<p>Introduction to Sign Language. Part 1<\\/p>\",\"3\":[\"148\",\"149\"],\"29\":\"_layout-church\"}}', '2014-10-02 11:08:08', '2014-10-02 11:08:08', '205811bd-8e0c-4de0-8778-6c3cc4a63ea3');
INSERT INTO `di_entryversions` (`id`, `entryId`, `sectionId`, `creatorId`, `locale`, `num`, `notes`, `data`, `dateCreated`, `dateUpdated`, `uid`) VALUES ('471', '151', '11', '1', 'en_gb', '17', '', '{\"typeId\":\"12\",\"authorId\":\"1\",\"title\":\"Sign Language: Alphabet\",\"slug\":\"sign-language-alphabet\",\"postDate\":1412244960,\"expiryDate\":null,\"enabled\":1,\"fields\":{\"2\":{\"152\":{\"type\":\"image\",\"enabled\":\"1\",\"fields\":{\"image\":[\"150\"],\"assetPlacement\":\"asset--full\",\"imageCaption\":\"<p>Two handed alphabet. Graphic from british-sign.co.uk<\\/p>\"}},\"156\":{\"type\":\"text\",\"enabled\":\"1\",\"fields\":{\"text\":\"<p><strong>Colds<\\/strong> are caused by hundreds of different viruses. When one of these viruses gets into your body, your immune system attacks it. Some of the effects of this immune response are the classic symptoms of a cold, such as congestion and coughing.<\\/p><p>The germs that cause colds are contagious. You can pick them up when an infected person sneezes, coughs, or shakes hands with you. After a couple of weeks, at the most, your immune system fights off the virus and you should stop having symptoms.<\\/p><p><strong>Allergies<\\/strong> are caused by an overactive immune system. For some reason, your body mistakes harmless substances -- such as dust or <a href=\\\"http:\\/\\/www.webmd.com\\/allergies\\/guide\\/pollen-allergies-symptoms-triggers-treatments\\\">pollen<\\/a> -- for germs and attacks them. Your body releases chemicals such as histamine, just as it does when fighting a cold. This can cause swelling in your nasal passages, a runny nose, coughing, and sneezing. Allergies are not contagious, although some people may inherit a tendency to develop them.<\\/p>\"}}},\"14\":\"<p>Communicating the gospel to the deaf community<\\/p>\",\"62\":\"\",\"1\":\"\",\"35\":{\"157\":{\"type\":\"entriesList\",\"enabled\":\"1\",\"fields\":{\"sectionTitle\":\"More\",\"bandStyle\":\"primary\",\"listStyle\":\"mini\",\"articleStyle\":\"mini-tease\",\"articleBackground\":\"none\",\"entryTypes\":[\"articles\"],\"limit\":\"4\",\"ministry\":\"\",\"place\":\"\",\"productCategory\":\"\",\"role\":\"\",\"join\":\"or\"}}},\"28\":[\"1\"],\"16\":[\"155\"],\"17\":\"poster\",\"26\":\"\",\"63\":\"primary\",\"64\":\"\",\"23\":\"<p>Introduction to Sign Language. Part 1<\\/p>\",\"3\":[\"148\",\"149\"],\"29\":\"_layout-church\"}}', '2014-10-02 11:08:47', '2014-10-02 11:08:47', '2755b2fd-843f-4833-bcec-47085a1abb40');
INSERT INTO `di_entryversions` (`id`, `entryId`, `sectionId`, `creatorId`, `locale`, `num`, `notes`, `data`, `dateCreated`, `dateUpdated`, `uid`) VALUES ('472', '151', '11', '1', 'en_gb', '18', '', '{\"typeId\":\"12\",\"authorId\":\"1\",\"title\":\"Sign Language: Alphabet\",\"slug\":\"sign-language-alphabet\",\"postDate\":1412244960,\"expiryDate\":null,\"enabled\":1,\"fields\":{\"2\":{\"152\":{\"type\":\"image\",\"enabled\":\"1\",\"fields\":{\"image\":[\"150\"],\"assetPlacement\":\"asset--full\",\"imageCaption\":\"<p>Two handed alphabet. Graphic from british-sign.co.uk<\\/p>\"}},\"156\":{\"type\":\"text\",\"enabled\":\"1\",\"fields\":{\"text\":\"<p><strong>Colds<\\/strong> are caused by hundreds of different viruses. When one of these viruses gets into your body, your immune system attacks it. Some of the effects of this immune response are the classic symptoms of a cold, such as congestion and coughing.<\\/p><p>The germs that cause colds are contagious. You can pick them up when an infected person sneezes, coughs, or shakes hands with you. After a couple of weeks, at the most, your immune system fights off the virus and you should stop having symptoms.<\\/p><p><strong>Allergies<\\/strong> are caused by an overactive immune system. For some reason, your body mistakes harmless substances -- such as dust or <a href=\\\"http:\\/\\/www.webmd.com\\/allergies\\/guide\\/pollen-allergies-symptoms-triggers-treatments\\\">pollen<\\/a> -- for germs and attacks them. Your body releases chemicals such as histamine, just as it does when fighting a cold. This can cause swelling in your nasal passages, a runny nose, coughing, and sneezing. Allergies are not contagious, although some people may inherit a tendency to develop them.<\\/p>\"}}},\"14\":\"<p>Communicating the gospel to the deaf community<\\/p>\",\"62\":\"\",\"1\":\"\",\"35\":{\"157\":{\"type\":\"entriesList\",\"enabled\":\"1\",\"fields\":{\"sectionTitle\":\"More\",\"bandStyle\":\"primary\",\"listStyle\":\"regular\",\"articleStyle\":\"tease\",\"articleBackground\":\"none\",\"entryTypes\":[\"articles\"],\"limit\":\"4\",\"ministry\":\"\",\"place\":\"\",\"productCategory\":\"\",\"role\":\"\",\"join\":\"or\"}}},\"28\":[\"1\"],\"16\":[\"155\"],\"17\":\"poster\",\"26\":\"\",\"63\":\"primary\",\"64\":\"\",\"23\":\"<p>Introduction to Sign Language. Part 1<\\/p>\",\"3\":[\"148\",\"149\"],\"29\":\"_layout-church\"}}', '2014-10-02 11:12:43', '2014-10-02 11:12:43', '08695e9b-86ce-4218-9f1a-ec0342747916');
INSERT INTO `di_entryversions` (`id`, `entryId`, `sectionId`, `creatorId`, `locale`, `num`, `notes`, `data`, `dateCreated`, `dateUpdated`, `uid`) VALUES ('473', '151', '11', '1', 'en_gb', '19', '', '{\"typeId\":\"12\",\"authorId\":\"1\",\"title\":\"Sign Language: Alphabet\",\"slug\":\"sign-language-alphabet\",\"postDate\":1412244960,\"expiryDate\":null,\"enabled\":1,\"fields\":{\"2\":{\"152\":{\"type\":\"image\",\"enabled\":\"1\",\"fields\":{\"image\":[\"150\"],\"assetPlacement\":\"asset--full\",\"imageCaption\":\"<p>Two handed alphabet. Graphic from british-sign.co.uk<\\/p>\"}},\"156\":{\"type\":\"text\",\"enabled\":\"1\",\"fields\":{\"text\":\"<p><strong>Colds<\\/strong> are caused by hundreds of different viruses. When one of these viruses gets into your body, your immune system attacks it. Some of the effects of this immune response are the classic symptoms of a cold, such as congestion and coughing.<\\/p><p>The germs that cause colds are contagious. You can pick them up when an infected person sneezes, coughs, or shakes hands with you. After a couple of weeks, at the most, your immune system fights off the virus and you should stop having symptoms.<\\/p><p><strong>Allergies<\\/strong> are caused by an overactive immune system. For some reason, your body mistakes harmless substances -- such as dust or <a href=\\\"http:\\/\\/www.webmd.com\\/allergies\\/guide\\/pollen-allergies-symptoms-triggers-treatments\\\">pollen<\\/a> -- for germs and attacks them. Your body releases chemicals such as histamine, just as it does when fighting a cold. This can cause swelling in your nasal passages, a runny nose, coughing, and sneezing. Allergies are not contagious, although some people may inherit a tendency to develop them.<\\/p>\"}}},\"14\":\"<p>Communicating the gospel to the deaf community<\\/p>\",\"62\":\"\",\"1\":\"\",\"35\":{\"157\":{\"type\":\"entriesList\",\"enabled\":\"1\",\"fields\":{\"sectionTitle\":\"More\",\"bandStyle\":\"tint\",\"listStyle\":\"regular\",\"articleStyle\":\"tease\",\"articleBackground\":\"none\",\"entryTypes\":[\"articles\"],\"limit\":\"4\",\"ministry\":\"\",\"place\":\"\",\"productCategory\":\"\",\"role\":\"\",\"join\":\"or\"}}},\"28\":[\"1\"],\"16\":[\"155\"],\"17\":\"poster\",\"26\":\"\",\"63\":\"primary\",\"64\":\"\",\"23\":\"<p>Introduction to Sign Language. Part 1<\\/p>\",\"3\":[\"148\",\"149\"],\"29\":\"_layout-church\"}}', '2014-10-02 11:13:52', '2014-10-02 11:13:52', 'bb76b3dd-7c88-41f6-a823-bf22c13fc96c');
INSERT INTO `di_entryversions` (`id`, `entryId`, `sectionId`, `creatorId`, `locale`, `num`, `notes`, `data`, `dateCreated`, `dateUpdated`, `uid`) VALUES ('474', '2', '1', '1', 'en_gb', '84', '', '{\"typeId\":\"1\",\"authorId\":null,\"title\":\"Homepage\",\"slug\":\"homepage\",\"postDate\":1409830139,\"expiryDate\":null,\"enabled\":1,\"fields\":{\"2\":{\"new1\":{\"type\":\"embedVideo\",\"enabled\":\"1\",\"fields\":{\"embedVideo\":\"https:\\/\\/www.youtube.com\\/watch?v=Ie5QnUAkv1M\",\"assetPlacement\":\"asset--full\",\"assetCaption\":\"<p>Bela Fleck<\\/p>\"}}},\"14\":\"<p>We believe Christian fellowship is divinely brought about by God for the purpose of displaying and advancing His Kingdom on earth, as Christians love one another and submit to the lordship of Christ, they show a picture of the heavenly realities that are to come.<\\/p>\",\"62\":[\"61\"],\"1\":\"\",\"35\":{\"143\":{\"type\":\"entriesList\",\"enabled\":\"1\",\"fields\":{\"sectionTitle\":\"What\'s new\",\"bandStyle\":\"none\",\"listStyle\":\"mini\",\"articleStyle\":\"mini-tease\",\"articleBackground\":\"none\",\"entryTypes\":[\"events\",\"news\",\"products\",\"articles\"],\"limit\":\"4\",\"ministry\":\"\",\"place\":\"\",\"productCategory\":\"\",\"role\":\"\",\"join\":\"or\"}},\"141\":{\"type\":\"categoryItems\",\"enabled\":\"1\",\"fields\":{\"sectionTitle\":\"Shops\",\"bandStyle\":\"shade\",\"listStyle\":\"micro\",\"articleStyle\":\"basic\",\"articleBackground\":\"none\",\"limit\":\"6\",\"ministry\":\"\",\"place\":[\"120\"],\"productCategory\":[\"136\",\"137\"],\"role\":\"\",\"join\":\"or\"}},\"142\":{\"type\":\"entryIndex\",\"enabled\":\"1\",\"fields\":{\"sectionTitle\":\"Of interest\",\"bandStyle\":\"primary\",\"listStyle\":\"mini\",\"articleStyle\":\"mini-tease\",\"articleBackground\":\"shade\",\"entries\":[\"114\",\"112\",\"3\",\"117\"]}}},\"65\":\"\",\"16\":[\"18\"],\"17\":\"fill\",\"26\":\"\",\"85\":\"\",\"63\":\"secondary\",\"23\":\"<p>Bringing hope, help and healing<br>to a hurting world<\\/p>\",\"29\":\"_layout\"}}', '2014-10-02 11:16:24', '2014-10-02 11:16:24', '285f755a-e10d-4aa4-ad70-0f81ca3ad6d0');
INSERT INTO `di_entryversions` (`id`, `entryId`, `sectionId`, `creatorId`, `locale`, `num`, `notes`, `data`, `dateCreated`, `dateUpdated`, `uid`) VALUES ('475', '2', '1', '1', 'en_gb', '85', '', '{\"typeId\":\"1\",\"authorId\":null,\"title\":\"Homepage\",\"slug\":\"homepage\",\"postDate\":1409830139,\"expiryDate\":null,\"enabled\":1,\"fields\":{\"2\":{\"158\":{\"type\":\"embedVideo\",\"enabled\":\"1\",\"fields\":{\"embedVideo\":\"https:\\/\\/www.youtube.com\\/watch?v=Ie5QnUAkv1M\",\"assetPlacement\":\"asset--full\",\"assetCaption\":\"<p>Bela Fleck<\\/p>\"}}},\"14\":\"<p>We believe Christian fellowship is divinely brought about by God for the purpose of displaying and advancing His Kingdom on earth, as Christians love one another and submit to the lordship of Christ, they show a picture of the heavenly realities that are to come.<\\/p>\",\"62\":[\"61\"],\"1\":\"\",\"35\":{\"143\":{\"type\":\"entriesList\",\"enabled\":\"1\",\"fields\":{\"sectionTitle\":\"What\'s new\",\"bandStyle\":\"none\",\"listStyle\":\"mini\",\"articleStyle\":\"mini-tease\",\"articleBackground\":\"none\",\"entryTypes\":[\"events\",\"news\",\"products\",\"articles\"],\"limit\":\"4\",\"ministry\":\"\",\"place\":\"\",\"productCategory\":\"\",\"role\":\"\",\"join\":\"or\"}},\"141\":{\"type\":\"categoryItems\",\"enabled\":\"1\",\"fields\":{\"sectionTitle\":\"Shops\",\"bandStyle\":\"shade\",\"listStyle\":\"micro\",\"articleStyle\":\"basic\",\"articleBackground\":\"none\",\"limit\":\"6\",\"ministry\":\"\",\"place\":[\"120\"],\"productCategory\":[\"136\",\"137\"],\"role\":\"\",\"join\":\"or\"}},\"142\":{\"type\":\"entryIndex\",\"enabled\":\"1\",\"fields\":{\"sectionTitle\":\"Of interest\",\"bandStyle\":\"primary\",\"listStyle\":\"mini\",\"articleStyle\":\"mini-tease\",\"articleBackground\":\"shade\",\"entries\":[\"114\",\"112\",\"3\",\"117\"]}}},\"28\":[\"1\"],\"16\":[\"18\"],\"17\":\"fill\",\"26\":\"\",\"85\":\"\",\"63\":\"secondary\",\"23\":\"<p>Bringing hope, help and healing<br>to a hurting world<\\/p>\",\"29\":\"_layout\"}}', '2014-10-02 11:17:52', '2014-10-02 11:17:52', '2a4d74d6-2679-407d-ae84-54a3b9f6065c');
INSERT INTO `di_entryversions` (`id`, `entryId`, `sectionId`, `creatorId`, `locale`, `num`, `notes`, `data`, `dateCreated`, `dateUpdated`, `uid`) VALUES ('476', '2', '1', '1', 'en_gb', '86', '', '{\"typeId\":\"1\",\"authorId\":null,\"title\":\"Homepage\",\"slug\":\"homepage\",\"postDate\":1409830139,\"expiryDate\":null,\"enabled\":1,\"fields\":{\"2\":{\"158\":{\"type\":\"embedVideo\",\"enabled\":\"1\",\"fields\":{\"embedVideo\":\"https:\\/\\/www.youtube.com\\/watch?v=Ie5QnUAkv1M\",\"assetPlacement\":\"asset--wide\",\"assetCaption\":\"<p>Bela Fleck<\\/p>\"}}},\"14\":\"<p>We believe Christian fellowship is divinely brought about by God for the purpose of displaying and advancing His Kingdom on earth, as Christians love one another and submit to the lordship of Christ, they show a picture of the heavenly realities that are to come.<\\/p>\",\"62\":[\"61\"],\"1\":\"\",\"35\":{\"143\":{\"type\":\"entriesList\",\"enabled\":\"1\",\"fields\":{\"sectionTitle\":\"What\'s new\",\"bandStyle\":\"none\",\"listStyle\":\"mini\",\"articleStyle\":\"mini-tease\",\"articleBackground\":\"none\",\"entryTypes\":[\"events\",\"news\",\"products\",\"articles\"],\"limit\":\"4\",\"ministry\":\"\",\"place\":\"\",\"productCategory\":\"\",\"role\":\"\",\"join\":\"or\"}},\"141\":{\"type\":\"categoryItems\",\"enabled\":\"1\",\"fields\":{\"sectionTitle\":\"Shops\",\"bandStyle\":\"shade\",\"listStyle\":\"micro\",\"articleStyle\":\"basic\",\"articleBackground\":\"none\",\"limit\":\"6\",\"ministry\":\"\",\"place\":[\"120\"],\"productCategory\":[\"136\",\"137\"],\"role\":\"\",\"join\":\"or\"}},\"142\":{\"type\":\"entryIndex\",\"enabled\":\"1\",\"fields\":{\"sectionTitle\":\"Of interest\",\"bandStyle\":\"primary\",\"listStyle\":\"mini\",\"articleStyle\":\"mini-tease\",\"articleBackground\":\"shade\",\"entries\":[\"114\",\"112\",\"3\",\"117\"]}}},\"28\":[\"1\"],\"16\":[\"18\"],\"17\":\"fill\",\"26\":\"\",\"85\":\"\",\"63\":\"secondary\",\"23\":\"<p>Bringing hope, help and healing<br>to a hurting world<\\/p>\",\"29\":\"_layout\"}}', '2014-10-02 11:18:03', '2014-10-02 11:18:03', '26d5bab5-6f22-4c43-8bdd-c99ef063cccf');
INSERT INTO `di_entryversions` (`id`, `entryId`, `sectionId`, `creatorId`, `locale`, `num`, `notes`, `data`, `dateCreated`, `dateUpdated`, `uid`) VALUES ('477', '2', '1', '1', 'en_gb', '87', '', '{\"typeId\":\"1\",\"authorId\":null,\"title\":\"Homepage\",\"slug\":\"homepage\",\"postDate\":1409830139,\"expiryDate\":null,\"enabled\":1,\"fields\":{\"2\":{\"158\":{\"type\":\"embedVideo\",\"enabled\":\"1\",\"fields\":{\"embedVideo\":\"http:\\/\\/vimeo.com\\/104315167\",\"assetPlacement\":\"asset--wide\",\"assetCaption\":\"<p>Bela Fleck<\\/p>\"}}},\"14\":\"<p>We believe Christian fellowship is divinely brought about by God for the purpose of displaying and advancing His Kingdom on earth, as Christians love one another and submit to the lordship of Christ, they show a picture of the heavenly realities that are to come.<\\/p>\",\"62\":[\"61\"],\"1\":\"\",\"35\":{\"143\":{\"type\":\"entriesList\",\"enabled\":\"1\",\"fields\":{\"sectionTitle\":\"What\'s new\",\"bandStyle\":\"none\",\"listStyle\":\"mini\",\"articleStyle\":\"mini-tease\",\"articleBackground\":\"none\",\"entryTypes\":[\"events\",\"news\",\"products\",\"articles\"],\"limit\":\"4\",\"ministry\":\"\",\"place\":\"\",\"productCategory\":\"\",\"role\":\"\",\"join\":\"or\"}},\"141\":{\"type\":\"categoryItems\",\"enabled\":\"1\",\"fields\":{\"sectionTitle\":\"Shops\",\"bandStyle\":\"shade\",\"listStyle\":\"micro\",\"articleStyle\":\"basic\",\"articleBackground\":\"none\",\"limit\":\"6\",\"ministry\":\"\",\"place\":[\"120\"],\"productCategory\":[\"136\",\"137\"],\"role\":\"\",\"join\":\"or\"}},\"142\":{\"type\":\"entryIndex\",\"enabled\":\"1\",\"fields\":{\"sectionTitle\":\"Of interest\",\"bandStyle\":\"primary\",\"listStyle\":\"mini\",\"articleStyle\":\"mini-tease\",\"articleBackground\":\"shade\",\"entries\":[\"114\",\"112\",\"3\",\"117\"]}}},\"28\":[\"1\"],\"16\":[\"18\"],\"17\":\"fill\",\"26\":\"\",\"85\":\"\",\"63\":\"secondary\",\"23\":\"<p>Bringing hope, help and healing<br>to a hurting world<\\/p>\",\"29\":\"_layout\"}}', '2014-10-02 11:18:40', '2014-10-02 11:18:40', '0d797119-95d3-4336-9a35-dc5db3eb9e42');
INSERT INTO `di_entryversions` (`id`, `entryId`, `sectionId`, `creatorId`, `locale`, `num`, `notes`, `data`, `dateCreated`, `dateUpdated`, `uid`) VALUES ('478', '2', '1', '1', 'en_gb', '88', '', '{\"typeId\":\"1\",\"authorId\":null,\"title\":\"Homepage\",\"slug\":\"homepage\",\"postDate\":1409830139,\"expiryDate\":null,\"enabled\":1,\"fields\":{\"2\":{\"158\":{\"type\":\"embedVideo\",\"enabled\":\"1\",\"fields\":{\"embedVideo\":\"http:\\/\\/vimeo.com\\/104315167\",\"assetPlacement\":\"asset--full\",\"assetCaption\":\"<p>The Engine Room<\\/p>\"}}},\"14\":\"<p>We believe Christian fellowship is divinely brought about by God for the purpose of displaying and advancing His Kingdom on earth, as Christians love one another and submit to the lordship of Christ, they show a picture of the heavenly realities that are to come.<\\/p>\",\"62\":[\"61\"],\"1\":\"\",\"35\":{\"143\":{\"type\":\"entriesList\",\"enabled\":\"1\",\"fields\":{\"sectionTitle\":\"What\'s new\",\"bandStyle\":\"none\",\"listStyle\":\"mini\",\"articleStyle\":\"mini-tease\",\"articleBackground\":\"none\",\"entryTypes\":[\"events\",\"news\",\"products\",\"articles\"],\"limit\":\"4\",\"ministry\":\"\",\"place\":\"\",\"productCategory\":\"\",\"role\":\"\",\"join\":\"or\"}},\"141\":{\"type\":\"categoryItems\",\"enabled\":\"1\",\"fields\":{\"sectionTitle\":\"Shops\",\"bandStyle\":\"shade\",\"listStyle\":\"micro\",\"articleStyle\":\"basic\",\"articleBackground\":\"none\",\"limit\":\"6\",\"ministry\":\"\",\"place\":[\"120\"],\"productCategory\":[\"136\",\"137\"],\"role\":\"\",\"join\":\"or\"}},\"142\":{\"type\":\"entryIndex\",\"enabled\":\"1\",\"fields\":{\"sectionTitle\":\"Of interest\",\"bandStyle\":\"primary\",\"listStyle\":\"mini\",\"articleStyle\":\"mini-tease\",\"articleBackground\":\"shade\",\"entries\":[\"114\",\"112\",\"3\",\"117\"]}}},\"28\":[\"1\"],\"16\":[\"18\"],\"17\":\"fill\",\"26\":\"\",\"85\":\"\",\"63\":\"secondary\",\"23\":\"<p>Bringing hope, help and healing<br>to a hurting world<\\/p>\",\"29\":\"_layout\"}}', '2014-10-02 11:19:06', '2014-10-02 11:19:06', '44c3e133-c813-4978-a1cd-81b240c02cee');
INSERT INTO `di_entryversions` (`id`, `entryId`, `sectionId`, `creatorId`, `locale`, `num`, `notes`, `data`, `dateCreated`, `dateUpdated`, `uid`) VALUES ('479', '2', '1', '1', 'en_gb', '89', '', '{\"typeId\":\"1\",\"authorId\":null,\"title\":\"Homepage\",\"slug\":\"homepage\",\"postDate\":1409830139,\"expiryDate\":null,\"enabled\":1,\"fields\":{\"2\":{\"158\":{\"type\":\"embedVideo\",\"enabled\":\"1\",\"fields\":{\"embedVideo\":\"http:\\/\\/vimeo.com\\/104315167\",\"assetPlacement\":\"asset--full\",\"assetCaption\":\"<p>The Engine Room<\\/p>\"}}},\"14\":\"<p>We believe Christian fellowship is divinely brought about by God for the purpose of displaying and advancing His Kingdom on earth, as Christians love one another and submit to the lordship of Christ, they show a picture of the heavenly realities that are to come.<\\/p>\",\"62\":[\"61\"],\"1\":\"\",\"35\":{\"143\":{\"type\":\"entriesList\",\"enabled\":\"1\",\"fields\":{\"sectionTitle\":\"What\'s new\",\"bandStyle\":\"shade\",\"listStyle\":\"mini\",\"articleStyle\":\"mini-tease\",\"articleBackground\":\"none\",\"entryTypes\":[\"events\",\"news\",\"products\",\"articles\"],\"limit\":\"4\",\"ministry\":\"\",\"place\":\"\",\"productCategory\":\"\",\"role\":\"\",\"join\":\"or\"}},\"141\":{\"type\":\"categoryItems\",\"enabled\":\"1\",\"fields\":{\"sectionTitle\":\"Shops\",\"bandStyle\":\"shade\",\"listStyle\":\"micro\",\"articleStyle\":\"basic\",\"articleBackground\":\"none\",\"limit\":\"6\",\"ministry\":\"\",\"place\":[\"120\"],\"productCategory\":[\"136\",\"137\"],\"role\":\"\",\"join\":\"or\"}},\"142\":{\"type\":\"entryIndex\",\"enabled\":\"1\",\"fields\":{\"sectionTitle\":\"Of interest\",\"bandStyle\":\"primary\",\"listStyle\":\"mini\",\"articleStyle\":\"mini-tease\",\"articleBackground\":\"shade\",\"entries\":[\"114\",\"112\",\"3\",\"117\"]}}},\"28\":[\"1\"],\"16\":[\"18\"],\"17\":\"fill\",\"26\":\"\",\"85\":\"\",\"63\":\"secondary\",\"23\":\"<p>Bringing hope, help and healing<br>to a hurting world<\\/p>\",\"29\":\"_layout\"}}', '2014-10-02 11:19:38', '2014-10-02 11:19:38', '475078bd-5d77-45b8-ac9e-41fbdeeefff7');
INSERT INTO `di_entryversions` (`id`, `entryId`, `sectionId`, `creatorId`, `locale`, `num`, `notes`, `data`, `dateCreated`, `dateUpdated`, `uid`) VALUES ('480', '2', '1', '1', 'en_gb', '90', '', '{\"typeId\":\"1\",\"authorId\":null,\"title\":\"Homepage\",\"slug\":\"homepage\",\"postDate\":1409830139,\"expiryDate\":null,\"enabled\":1,\"fields\":{\"2\":{\"158\":{\"type\":\"embedVideo\",\"enabled\":\"1\",\"fields\":{\"embedVideo\":\"http:\\/\\/vimeo.com\\/104315167\",\"assetPlacement\":\"asset--full\",\"assetCaption\":\"<p>The Engine Room<\\/p>\"}}},\"14\":\"<p>We believe Christian fellowship is divinely brought about by God for the purpose of displaying and advancing His Kingdom on earth, as Christians love one another and submit to the lordship of Christ, they show a picture of the heavenly realities that are to come.<\\/p>\",\"62\":[\"61\"],\"1\":\"\",\"35\":{\"143\":{\"type\":\"entriesList\",\"enabled\":\"1\",\"fields\":{\"sectionTitle\":\"What\'s new\",\"bandStyle\":\"shade\",\"listStyle\":\"mini\",\"articleStyle\":\"mini-tease\",\"articleBackground\":\"none\",\"entryTypes\":[\"events\",\"news\",\"products\",\"articles\"],\"limit\":\"4\",\"ministry\":\"\",\"place\":\"\",\"productCategory\":\"\",\"role\":\"\",\"join\":\"or\"}},\"141\":{\"type\":\"categoryItems\",\"enabled\":\"1\",\"fields\":{\"sectionTitle\":\"Shops\",\"bandStyle\":\"primary\",\"listStyle\":\"micro\",\"articleStyle\":\"basic\",\"articleBackground\":\"none\",\"limit\":\"6\",\"ministry\":\"\",\"place\":[\"120\"],\"productCategory\":[\"136\",\"137\"],\"role\":\"\",\"join\":\"or\"}},\"142\":{\"type\":\"entryIndex\",\"enabled\":\"1\",\"fields\":{\"sectionTitle\":\"Of interest\",\"bandStyle\":\"secondary\",\"listStyle\":\"mini\",\"articleStyle\":\"mini-tease\",\"articleBackground\":\"shade\",\"entries\":[\"114\",\"112\",\"3\",\"117\"]}}},\"28\":[\"1\"],\"16\":[\"18\"],\"17\":\"fill\",\"26\":\"\",\"85\":\"\",\"63\":\"secondary\",\"23\":\"<p>Bringing hope, help and healing<br>to a hurting world<\\/p>\",\"29\":\"_layout\"}}', '2014-10-02 11:20:06', '2014-10-02 11:20:06', 'a077bfda-a116-4125-8eb9-aaa7a46a0053');
INSERT INTO `di_entryversions` (`id`, `entryId`, `sectionId`, `creatorId`, `locale`, `num`, `notes`, `data`, `dateCreated`, `dateUpdated`, `uid`) VALUES ('481', '2', '1', '1', 'en_gb', '91', '', '{\"typeId\":\"1\",\"authorId\":null,\"title\":\"Homepage\",\"slug\":\"homepage\",\"postDate\":1409830139,\"expiryDate\":null,\"enabled\":1,\"fields\":{\"2\":{\"158\":{\"type\":\"embedVideo\",\"enabled\":\"1\",\"fields\":{\"embedVideo\":\"http:\\/\\/vimeo.com\\/104315167\",\"assetPlacement\":\"asset--wide\",\"assetCaption\":\"\"}}},\"14\":\"<p>We believe Christian fellowship is divinely brought about by God for the purpose of displaying and advancing His Kingdom on earth, as Christians love one another and submit to the lordship of Christ, they show a picture of the heavenly realities that are to come.<\\/p>\",\"62\":[\"61\"],\"1\":\"\",\"35\":{\"143\":{\"type\":\"entriesList\",\"enabled\":\"1\",\"fields\":{\"sectionTitle\":\"What\'s new\",\"bandStyle\":\"shade\",\"listStyle\":\"mini\",\"articleStyle\":\"mini-tease\",\"articleBackground\":\"none\",\"entryTypes\":[\"events\",\"news\",\"products\",\"articles\"],\"limit\":\"4\",\"ministry\":\"\",\"place\":\"\",\"productCategory\":\"\",\"role\":\"\",\"join\":\"or\"}},\"141\":{\"type\":\"categoryItems\",\"enabled\":\"1\",\"fields\":{\"sectionTitle\":\"Shops\",\"bandStyle\":\"primary\",\"listStyle\":\"micro\",\"articleStyle\":\"basic\",\"articleBackground\":\"none\",\"limit\":\"6\",\"ministry\":\"\",\"place\":[\"120\"],\"productCategory\":[\"136\",\"137\"],\"role\":\"\",\"join\":\"or\"}},\"142\":{\"type\":\"entryIndex\",\"enabled\":\"1\",\"fields\":{\"sectionTitle\":\"Of interest\",\"bandStyle\":\"secondary\",\"listStyle\":\"mini\",\"articleStyle\":\"mini-tease\",\"articleBackground\":\"shade\",\"entries\":[\"114\",\"112\",\"3\",\"117\"]}}},\"28\":\"\",\"16\":[\"18\"],\"17\":\"fill\",\"26\":\"\",\"85\":\"\",\"63\":\"secondary\",\"23\":\"<p>Bringing hope, help and healing<br>to a hurting world<\\/p>\",\"29\":\"_layout\"}}', '2014-10-02 11:20:58', '2014-10-02 11:20:58', '3f212d07-d74e-4f09-b322-5f3d4d522f76');
INSERT INTO `di_entryversions` (`id`, `entryId`, `sectionId`, `creatorId`, `locale`, `num`, `notes`, `data`, `dateCreated`, `dateUpdated`, `uid`) VALUES ('482', '2', '1', '1', 'en_gb', '92', '', '{\"typeId\":\"1\",\"authorId\":null,\"title\":\"Homepage\",\"slug\":\"homepage\",\"postDate\":1409830139,\"expiryDate\":null,\"enabled\":1,\"fields\":{\"2\":{\"158\":{\"type\":\"embedVideo\",\"enabled\":\"1\",\"fields\":{\"embedVideo\":\"http:\\/\\/vimeo.com\\/90327032\",\"assetPlacement\":\"asset--wide\",\"assetCaption\":\"\"}}},\"14\":\"<p>We believe Christian fellowship is divinely brought about by God for the purpose of displaying and advancing His Kingdom on earth, as Christians love one another and submit to the lordship of Christ, they show a picture of the heavenly realities that are to come.<\\/p>\",\"62\":[\"61\"],\"1\":\"\",\"35\":{\"143\":{\"type\":\"entriesList\",\"enabled\":\"1\",\"fields\":{\"sectionTitle\":\"What\'s new\",\"bandStyle\":\"shade\",\"listStyle\":\"mini\",\"articleStyle\":\"mini-tease\",\"articleBackground\":\"none\",\"entryTypes\":[\"events\",\"news\",\"products\",\"articles\"],\"limit\":\"4\",\"ministry\":\"\",\"place\":\"\",\"productCategory\":\"\",\"role\":\"\",\"join\":\"or\"}},\"141\":{\"type\":\"categoryItems\",\"enabled\":\"1\",\"fields\":{\"sectionTitle\":\"Shops\",\"bandStyle\":\"primary\",\"listStyle\":\"micro\",\"articleStyle\":\"basic\",\"articleBackground\":\"none\",\"limit\":\"6\",\"ministry\":\"\",\"place\":[\"120\"],\"productCategory\":[\"136\",\"137\"],\"role\":\"\",\"join\":\"or\"}},\"142\":{\"type\":\"entryIndex\",\"enabled\":\"1\",\"fields\":{\"sectionTitle\":\"Of interest\",\"bandStyle\":\"secondary\",\"listStyle\":\"mini\",\"articleStyle\":\"mini-tease\",\"articleBackground\":\"shade\",\"entries\":[\"114\",\"112\",\"3\",\"117\"]}}},\"28\":\"\",\"16\":[\"18\"],\"17\":\"poster\",\"26\":\"\",\"85\":\"\",\"63\":\"secondary\",\"23\":\"<p>Bringing hope, help and healing<br>to a hurting world<\\/p>\",\"29\":\"_layout\"}}', '2014-10-02 11:32:14', '2014-10-02 11:32:14', '69716599-4b1b-4976-91a0-b9ec192170dc');
INSERT INTO `di_entryversions` (`id`, `entryId`, `sectionId`, `creatorId`, `locale`, `num`, `notes`, `data`, `dateCreated`, `dateUpdated`, `uid`) VALUES ('483', '2', '1', '1', 'en_gb', '93', '', '{\"typeId\":\"1\",\"authorId\":null,\"title\":\"Homepage\",\"slug\":\"homepage\",\"postDate\":1409830139,\"expiryDate\":null,\"enabled\":1,\"fields\":{\"2\":{\"158\":{\"type\":\"embedVideo\",\"enabled\":\"1\",\"fields\":{\"embedVideo\":\"http:\\/\\/vimeo.com\\/90327032\",\"assetPlacement\":\"asset--wide\",\"assetCaption\":\"\"}}},\"14\":\"<p>We believe Christian fellowship is divinely brought about by God for the purpose of displaying and advancing His Kingdom on earth, as Christians love one another and submit to the lordship of Christ, they show a picture of the heavenly realities that are to come.<\\/p>\",\"62\":[\"61\"],\"1\":\"\",\"35\":{\"143\":{\"type\":\"entriesList\",\"enabled\":\"1\",\"fields\":{\"sectionTitle\":\"What\'s new\",\"bandStyle\":\"none\",\"listStyle\":\"mini\",\"articleStyle\":\"mini-tease\",\"articleBackground\":\"none\",\"entryTypes\":[\"events\",\"news\",\"products\",\"articles\"],\"limit\":\"4\",\"ministry\":\"\",\"place\":\"\",\"productCategory\":\"\",\"role\":\"\",\"join\":\"or\"}},\"141\":{\"type\":\"categoryItems\",\"enabled\":\"1\",\"fields\":{\"sectionTitle\":\"Shops\",\"bandStyle\":\"primary\",\"listStyle\":\"micro\",\"articleStyle\":\"basic\",\"articleBackground\":\"none\",\"limit\":\"6\",\"ministry\":\"\",\"place\":[\"120\"],\"productCategory\":[\"136\",\"137\"],\"role\":\"\",\"join\":\"or\"}},\"142\":{\"type\":\"entryIndex\",\"enabled\":\"1\",\"fields\":{\"sectionTitle\":\"Of interest\",\"bandStyle\":\"primary\",\"listStyle\":\"mini\",\"articleStyle\":\"mini-tease\",\"articleBackground\":\"shade\",\"entries\":[\"114\",\"112\",\"3\",\"117\"]}}},\"28\":\"\",\"16\":[\"18\"],\"17\":\"poster\",\"26\":\"\",\"85\":\"\",\"63\":\"secondary\",\"23\":\"<p>Bringing hope, help and healing<br>to a hurting world<\\/p>\",\"29\":\"_layout\"}}', '2014-10-02 11:32:50', '2014-10-02 11:32:50', '0e7a2f18-0623-4e51-99ca-b6dff4764a21');
INSERT INTO `di_entryversions` (`id`, `entryId`, `sectionId`, `creatorId`, `locale`, `num`, `notes`, `data`, `dateCreated`, `dateUpdated`, `uid`) VALUES ('484', '2', '1', '1', 'en_gb', '94', '', '{\"typeId\":\"1\",\"authorId\":null,\"title\":\"Homepage\",\"slug\":\"homepage\",\"postDate\":1409830139,\"expiryDate\":null,\"enabled\":1,\"fields\":{\"2\":{\"158\":{\"type\":\"embedVideo\",\"enabled\":\"1\",\"fields\":{\"embedVideo\":\"http:\\/\\/vimeo.com\\/90327032\",\"assetPlacement\":\"asset--wide\",\"assetCaption\":\"\"}}},\"14\":\"<p>We believe Christian fellowship is divinely brought about by God for the purpose of displaying and advancing His Kingdom on earth, as Christians love one another and submit to the lordship of Christ, they show a picture of the heavenly realities that are to come.<\\/p>\",\"62\":[\"61\"],\"1\":\"\",\"35\":{\"143\":{\"type\":\"entriesList\",\"enabled\":\"1\",\"fields\":{\"sectionTitle\":\"What\'s new\",\"bandStyle\":\"none\",\"listStyle\":\"mini\",\"articleStyle\":\"mini-tease\",\"articleBackground\":\"none\",\"entryTypes\":[\"events\",\"news\",\"products\",\"articles\"],\"limit\":\"4\",\"ministry\":\"\",\"place\":\"\",\"productCategory\":\"\",\"role\":\"\",\"join\":\"or\"}},\"141\":{\"type\":\"categoryItems\",\"enabled\":\"1\",\"fields\":{\"sectionTitle\":\"Shops\",\"bandStyle\":\"primary\",\"listStyle\":\"micro\",\"articleStyle\":\"basic\",\"articleBackground\":\"none\",\"limit\":\"6\",\"ministry\":\"\",\"place\":[\"120\"],\"productCategory\":[\"136\",\"137\"],\"role\":\"\",\"join\":\"or\"}},\"142\":{\"type\":\"entryIndex\",\"enabled\":\"1\",\"fields\":{\"sectionTitle\":\"Of interest\",\"bandStyle\":\"primary\",\"listStyle\":\"mini\",\"articleStyle\":\"mini-tease\",\"articleBackground\":\"shade\",\"entries\":[\"114\",\"112\",\"3\",\"117\"]}}},\"28\":\"\",\"16\":\"\",\"17\":\"background\",\"26\":\"\",\"85\":\"\",\"63\":\"secondary\",\"23\":\"<p>Bringing hope, help and healing<br>to a hurting world<\\/p>\",\"29\":\"_layout\"}}', '2014-10-02 11:33:52', '2014-10-02 11:33:52', '9425d1a6-0369-46f5-be53-7bdaced3ebde');
INSERT INTO `di_entryversions` (`id`, `entryId`, `sectionId`, `creatorId`, `locale`, `num`, `notes`, `data`, `dateCreated`, `dateUpdated`, `uid`) VALUES ('485', '2', '1', '1', 'en_gb', '95', '', '{\"typeId\":\"1\",\"authorId\":null,\"title\":\"Homepage\",\"slug\":\"homepage\",\"postDate\":1409830139,\"expiryDate\":null,\"enabled\":1,\"fields\":{\"2\":{\"158\":{\"type\":\"embedVideo\",\"enabled\":\"1\",\"fields\":{\"embedVideo\":\"http:\\/\\/vimeo.com\\/90327032\",\"assetPlacement\":\"asset--wide\",\"assetCaption\":\"\"}}},\"14\":\"<p>We believe Christian fellowship is divinely brought about by God for the purpose of displaying and advancing His Kingdom on earth, as Christians love one another and submit to the lordship of Christ, they show a picture of the heavenly realities that are to come.<\\/p>\",\"62\":[\"61\"],\"1\":\"\",\"35\":{\"143\":{\"type\":\"entriesList\",\"enabled\":\"1\",\"fields\":{\"sectionTitle\":\"What\'s new\",\"bandStyle\":\"none\",\"listStyle\":\"mini\",\"articleStyle\":\"mini-tease\",\"articleBackground\":\"none\",\"entryTypes\":[\"events\",\"news\",\"products\",\"articles\"],\"limit\":\"4\",\"ministry\":\"\",\"place\":\"\",\"productCategory\":\"\",\"role\":\"\",\"join\":\"or\"}},\"141\":{\"type\":\"categoryItems\",\"enabled\":\"1\",\"fields\":{\"sectionTitle\":\"Shops\",\"bandStyle\":\"primary\",\"listStyle\":\"micro\",\"articleStyle\":\"basic\",\"articleBackground\":\"none\",\"limit\":\"6\",\"ministry\":\"\",\"place\":[\"120\"],\"productCategory\":[\"136\",\"137\"],\"role\":\"\",\"join\":\"or\"}},\"142\":{\"type\":\"entryIndex\",\"enabled\":\"1\",\"fields\":{\"sectionTitle\":\"Of interest\",\"bandStyle\":\"primary\",\"listStyle\":\"mini\",\"articleStyle\":\"mini-tease\",\"articleBackground\":\"shade\",\"entries\":[\"114\",\"112\",\"3\",\"117\"]}}},\"28\":\"\",\"16\":\"\",\"17\":\"background\",\"26\":\"\",\"85\":\"\",\"63\":\"quaternary\",\"23\":\"<p>Bringing hope, help and healing<br>to a hurting world<\\/p>\",\"29\":\"_layout\"}}', '2014-10-02 11:34:14', '2014-10-02 11:34:14', '61256b54-b12f-4a20-80ce-993429632e6c');
INSERT INTO `di_entryversions` (`id`, `entryId`, `sectionId`, `creatorId`, `locale`, `num`, `notes`, `data`, `dateCreated`, `dateUpdated`, `uid`) VALUES ('486', '2', '1', '1', 'en_gb', '96', '', '{\"typeId\":\"1\",\"authorId\":null,\"title\":\"Homepage\",\"slug\":\"homepage\",\"postDate\":1409830139,\"expiryDate\":null,\"enabled\":1,\"fields\":{\"2\":{\"158\":{\"type\":\"embedVideo\",\"enabled\":\"1\",\"fields\":{\"embedVideo\":\"http:\\/\\/vimeo.com\\/90327032\",\"assetPlacement\":\"asset--wide\",\"assetCaption\":\"\"}}},\"14\":\"<p>We believe Christian fellowship is divinely brought about by God for the purpose of displaying and advancing His Kingdom on earth, as Christians love one another and submit to the lordship of Christ, they show a picture of the heavenly realities that are to come.<\\/p>\",\"62\":[\"61\"],\"1\":\"\",\"35\":{\"143\":{\"type\":\"entriesList\",\"enabled\":\"1\",\"fields\":{\"sectionTitle\":\"What\'s new\",\"bandStyle\":\"none\",\"listStyle\":\"mini\",\"articleStyle\":\"mini-tease\",\"articleBackground\":\"none\",\"entryTypes\":[\"events\",\"news\",\"products\",\"articles\"],\"limit\":\"4\",\"ministry\":\"\",\"place\":\"\",\"productCategory\":\"\",\"role\":\"\",\"join\":\"or\"}},\"141\":{\"type\":\"categoryItems\",\"enabled\":\"1\",\"fields\":{\"sectionTitle\":\"Shops\",\"bandStyle\":\"primary\",\"listStyle\":\"micro\",\"articleStyle\":\"basic\",\"articleBackground\":\"none\",\"limit\":\"6\",\"ministry\":\"\",\"place\":[\"120\"],\"productCategory\":[\"136\",\"137\"],\"role\":\"\",\"join\":\"or\"}},\"142\":{\"type\":\"entryIndex\",\"enabled\":\"1\",\"fields\":{\"sectionTitle\":\"Of interest\",\"bandStyle\":\"primary\",\"listStyle\":\"mini\",\"articleStyle\":\"mini-tease\",\"articleBackground\":\"shade\",\"entries\":[\"114\",\"112\",\"3\",\"117\"]}}},\"28\":\"\",\"16\":\"\",\"17\":\"poster\",\"26\":\"\",\"85\":\"\",\"63\":\"primary\",\"23\":\"<p>Bringing hope, help and healing<br>to a hurting world<\\/p>\",\"29\":\"_layout\"}}', '2014-10-02 11:35:16', '2014-10-02 11:35:16', 'a3992226-d569-4924-b47d-b49706307878');
INSERT INTO `di_entryversions` (`id`, `entryId`, `sectionId`, `creatorId`, `locale`, `num`, `notes`, `data`, `dateCreated`, `dateUpdated`, `uid`) VALUES ('487', '2', '1', '1', 'en_gb', '97', '', '{\"typeId\":\"1\",\"authorId\":null,\"title\":\"Homepage\",\"slug\":\"homepage\",\"postDate\":1409830139,\"expiryDate\":null,\"enabled\":1,\"fields\":{\"2\":{\"158\":{\"type\":\"embedVideo\",\"enabled\":\"1\",\"fields\":{\"embedVideo\":\"http:\\/\\/vimeo.com\\/90327032\",\"assetPlacement\":\"asset--wide\",\"assetCaption\":\"\"}}},\"14\":\"<p>We believe Christian fellowship is divinely brought about by God for the purpose of displaying and advancing His Kingdom on earth, as Christians love one another and submit to the lordship of Christ, they show a picture of the heavenly realities that are to come.<\\/p>\",\"62\":[\"61\"],\"1\":\"\",\"35\":{\"143\":{\"type\":\"entriesList\",\"enabled\":\"1\",\"fields\":{\"sectionTitle\":\"What\'s new\",\"bandStyle\":\"none\",\"listStyle\":\"mini\",\"articleStyle\":\"mini-tease\",\"articleBackground\":\"none\",\"entryTypes\":[\"events\",\"news\",\"products\",\"articles\"],\"limit\":\"4\",\"ministry\":\"\",\"place\":\"\",\"productCategory\":\"\",\"role\":\"\",\"join\":\"or\"}},\"141\":{\"type\":\"categoryItems\",\"enabled\":\"1\",\"fields\":{\"sectionTitle\":\"Shops\",\"bandStyle\":\"shade\",\"listStyle\":\"micro\",\"articleStyle\":\"basic\",\"articleBackground\":\"none\",\"limit\":\"6\",\"ministry\":\"\",\"place\":[\"120\"],\"productCategory\":[\"136\",\"137\"],\"role\":\"\",\"join\":\"or\"}},\"142\":{\"type\":\"entryIndex\",\"enabled\":\"1\",\"fields\":{\"sectionTitle\":\"Of interest\",\"bandStyle\":\"primary\",\"listStyle\":\"mini\",\"articleStyle\":\"mini-tease\",\"articleBackground\":\"shade\",\"entries\":[\"114\",\"112\",\"3\",\"117\"]}}},\"28\":\"\",\"16\":\"\",\"17\":\"poster\",\"26\":\"\",\"85\":\"\",\"63\":\"primary\",\"23\":\"<p>Bringing hope, help and healing<br>to a hurting world<\\/p>\",\"29\":\"_layout\"}}', '2014-10-02 11:36:40', '2014-10-02 11:36:40', 'fea44b4c-1ae4-4260-a16d-853a4c30558f');
INSERT INTO `di_entryversions` (`id`, `entryId`, `sectionId`, `creatorId`, `locale`, `num`, `notes`, `data`, `dateCreated`, `dateUpdated`, `uid`) VALUES ('488', '2', '1', '1', 'en_gb', '98', '', '{\"typeId\":\"1\",\"authorId\":null,\"title\":\"Homepage\",\"slug\":\"homepage\",\"postDate\":1409830139,\"expiryDate\":null,\"enabled\":1,\"fields\":{\"2\":{\"158\":{\"type\":\"embedVideo\",\"enabled\":\"1\",\"fields\":{\"embedVideo\":\"http:\\/\\/vimeo.com\\/90327032\",\"assetPlacement\":\"asset--wide\",\"assetCaption\":\"\"}}},\"14\":\"<p>We believe Christian fellowship is divinely brought about by God for the purpose of displaying and advancing His Kingdom on earth, as Christians love one another and submit to the lordship of Christ, they show a picture of the heavenly realities that are to come.<\\/p>\",\"62\":[\"61\"],\"1\":\"\",\"35\":{\"143\":{\"type\":\"entriesList\",\"enabled\":\"1\",\"fields\":{\"sectionTitle\":\"What\'s new\",\"bandStyle\":\"none\",\"listStyle\":\"mini\",\"articleStyle\":\"mini-tease\",\"articleBackground\":\"none\",\"entryTypes\":[\"events\",\"news\",\"products\",\"articles\"],\"limit\":\"4\",\"ministry\":\"\",\"place\":\"\",\"productCategory\":\"\",\"role\":\"\",\"join\":\"or\"}},\"141\":{\"type\":\"categoryItems\",\"enabled\":\"1\",\"fields\":{\"sectionTitle\":\"Shops\",\"bandStyle\":\"shade\",\"listStyle\":\"micro\",\"articleStyle\":\"basic\",\"articleBackground\":\"none\",\"limit\":\"6\",\"ministry\":\"\",\"place\":[\"120\",\"121\",\"122\",\"123\",\"124\"],\"productCategory\":[\"136\",\"137\"],\"role\":\"\",\"join\":\"or\"}},\"142\":{\"type\":\"entryIndex\",\"enabled\":\"1\",\"fields\":{\"sectionTitle\":\"Of interest\",\"bandStyle\":\"primary\",\"listStyle\":\"mini\",\"articleStyle\":\"mini-tease\",\"articleBackground\":\"shade\",\"entries\":[\"114\",\"112\",\"3\",\"117\"]}}},\"28\":\"\",\"16\":\"\",\"17\":\"poster\",\"26\":\"\",\"85\":\"\",\"63\":\"primary\",\"23\":\"<p>Bringing hope, help and healing<br>to a hurting world<\\/p>\",\"29\":\"_layout\"}}', '2014-10-02 11:38:13', '2014-10-02 11:38:13', '88c6ee6d-37d2-4960-a155-4d44c5aa5d86');
INSERT INTO `di_entryversions` (`id`, `entryId`, `sectionId`, `creatorId`, `locale`, `num`, `notes`, `data`, `dateCreated`, `dateUpdated`, `uid`) VALUES ('489', '2', '1', '1', 'en_gb', '99', '', '{\"typeId\":\"1\",\"authorId\":null,\"title\":\"Homepage\",\"slug\":\"homepage\",\"postDate\":1409830139,\"expiryDate\":null,\"enabled\":1,\"fields\":{\"2\":{\"158\":{\"type\":\"embedVideo\",\"enabled\":\"1\",\"fields\":{\"embedVideo\":\"http:\\/\\/vimeo.com\\/90327032\",\"assetPlacement\":\"asset--wide\",\"assetCaption\":\"\"}}},\"14\":\"<p>We believe Christian fellowship is divinely brought about by God for the purpose of displaying and advancing His Kingdom on earth, as Christians love one another and submit to the lordship of Christ, they show a picture of the heavenly realities that are to come.<\\/p>\",\"62\":[\"61\"],\"1\":\"\",\"35\":{\"143\":{\"type\":\"entriesList\",\"enabled\":\"1\",\"fields\":{\"sectionTitle\":\"What\'s new\",\"bandStyle\":\"none\",\"listStyle\":\"mini\",\"articleStyle\":\"mini-tease\",\"articleBackground\":\"none\",\"entryTypes\":[\"events\",\"news\",\"products\",\"articles\"],\"limit\":\"4\",\"ministry\":\"\",\"place\":\"\",\"productCategory\":\"\",\"role\":\"\",\"join\":\"or\"}},\"141\":{\"type\":\"categoryItems\",\"enabled\":\"1\",\"fields\":{\"sectionTitle\":\"Shops\",\"bandStyle\":\"shade\",\"listStyle\":\"mini\",\"articleStyle\":\"basic\",\"articleBackground\":\"none\",\"limit\":\"6\",\"ministry\":\"\",\"place\":[\"120\",\"121\",\"122\",\"123\",\"124\"],\"productCategory\":[\"136\",\"137\"],\"role\":\"\",\"join\":\"or\"}},\"142\":{\"type\":\"entryIndex\",\"enabled\":\"1\",\"fields\":{\"sectionTitle\":\"Of interest\",\"bandStyle\":\"primary\",\"listStyle\":\"mini\",\"articleStyle\":\"mini-tease\",\"articleBackground\":\"shade\",\"entries\":[\"114\",\"112\",\"3\",\"117\"]}}},\"28\":\"\",\"16\":\"\",\"17\":\"poster\",\"26\":\"\",\"85\":\"\",\"63\":\"primary\",\"23\":\"<p>Bringing hope, help and healing<br>to a hurting world<\\/p>\",\"29\":\"_layout\"}}', '2014-10-02 11:38:54', '2014-10-02 11:38:54', '3f55bdf9-6fc3-44af-accb-a1b3b3b7ce7f');
INSERT INTO `di_entryversions` (`id`, `entryId`, `sectionId`, `creatorId`, `locale`, `num`, `notes`, `data`, `dateCreated`, `dateUpdated`, `uid`) VALUES ('490', '2', '1', '1', 'en_gb', '100', '', '{\"typeId\":\"1\",\"authorId\":null,\"title\":\"Homepage\",\"slug\":\"homepage\",\"postDate\":1409830139,\"expiryDate\":null,\"enabled\":1,\"fields\":{\"2\":{\"158\":{\"type\":\"embedVideo\",\"enabled\":\"1\",\"fields\":{\"embedVideo\":\"http:\\/\\/vimeo.com\\/90327032\",\"assetPlacement\":\"asset--wide\",\"assetCaption\":\"\"}}},\"14\":\"<p>We believe Christian fellowship is divinely brought about by God for the purpose of displaying and advancing His Kingdom on earth, as Christians love one another and submit to the lordship of Christ, they show a picture of the heavenly realities that are to come.<\\/p>\",\"62\":[\"61\"],\"1\":\"\",\"35\":{\"143\":{\"type\":\"entriesList\",\"enabled\":\"1\",\"fields\":{\"sectionTitle\":\"What\'s new\",\"bandStyle\":\"none\",\"listStyle\":\"mini\",\"articleStyle\":\"mini-tease\",\"articleBackground\":\"none\",\"entryTypes\":[\"events\",\"news\",\"products\",\"articles\"],\"limit\":\"4\",\"ministry\":\"\",\"place\":\"\",\"productCategory\":\"\",\"role\":\"\",\"join\":\"or\"}},\"141\":{\"type\":\"categoryItems\",\"enabled\":\"1\",\"fields\":{\"sectionTitle\":\"Shops\",\"bandStyle\":\"shade\",\"listStyle\":\"mini\",\"articleStyle\":\"media\",\"articleBackground\":\"none\",\"limit\":\"6\",\"ministry\":\"\",\"place\":[\"120\",\"121\",\"122\",\"123\",\"124\"],\"productCategory\":[\"136\",\"137\"],\"role\":\"\",\"join\":\"or\"}},\"142\":{\"type\":\"entryIndex\",\"enabled\":\"1\",\"fields\":{\"sectionTitle\":\"Of interest\",\"bandStyle\":\"primary\",\"listStyle\":\"mini\",\"articleStyle\":\"mini-tease\",\"articleBackground\":\"shade\",\"entries\":[\"114\",\"112\",\"3\",\"117\"]}}},\"28\":\"\",\"16\":\"\",\"17\":\"poster\",\"26\":\"\",\"85\":\"\",\"63\":\"primary\",\"23\":\"<p>Bringing hope, help and healing<br>to a hurting world<\\/p>\",\"29\":\"_layout\"}}', '2014-10-02 11:39:20', '2014-10-02 11:39:20', 'de038095-13a1-4fd3-9efb-0836371a5e80');
INSERT INTO `di_entryversions` (`id`, `entryId`, `sectionId`, `creatorId`, `locale`, `num`, `notes`, `data`, `dateCreated`, `dateUpdated`, `uid`) VALUES ('491', '2', '1', '1', 'en_gb', '101', '', '{\"typeId\":\"1\",\"authorId\":null,\"title\":\"Homepage\",\"slug\":\"homepage\",\"postDate\":1409830139,\"expiryDate\":null,\"enabled\":1,\"fields\":{\"2\":{\"158\":{\"type\":\"embedVideo\",\"enabled\":\"1\",\"fields\":{\"embedVideo\":\"http:\\/\\/vimeo.com\\/90327032\",\"assetPlacement\":\"asset--wide\",\"assetCaption\":\"\"}}},\"14\":\"<p>We believe Christian fellowship is divinely brought about by God for the purpose of displaying and advancing His Kingdom on earth, as Christians love one another and submit to the lordship of Christ, they show a picture of the heavenly realities that are to come.<\\/p>\",\"62\":[\"61\"],\"1\":\"\",\"35\":{\"143\":{\"type\":\"entriesList\",\"enabled\":\"1\",\"fields\":{\"sectionTitle\":\"What\'s new\",\"bandStyle\":\"none\",\"listStyle\":\"mini\",\"articleStyle\":\"mini-tease\",\"articleBackground\":\"none\",\"entryTypes\":[\"events\",\"news\",\"products\",\"articles\"],\"limit\":\"4\",\"ministry\":\"\",\"place\":\"\",\"productCategory\":\"\",\"role\":\"\",\"join\":\"or\"}},\"141\":{\"type\":\"categoryItems\",\"enabled\":\"1\",\"fields\":{\"sectionTitle\":\"Shops\",\"bandStyle\":\"shade\",\"listStyle\":\"mini\",\"articleStyle\":\"media\",\"articleBackground\":\"none\",\"limit\":\"6\",\"ministry\":\"\",\"place\":[\"120\",\"121\",\"122\",\"123\",\"124\"],\"productCategory\":[\"136\",\"137\"],\"role\":\"\",\"join\":\"or\"}},\"142\":{\"type\":\"entryIndex\",\"enabled\":\"1\",\"fields\":{\"sectionTitle\":\"Of interest\",\"bandStyle\":\"primary\",\"listStyle\":\"mini\",\"articleStyle\":\"mini-tease\",\"articleBackground\":\"none\",\"entries\":[\"114\",\"112\",\"3\",\"117\"]}}},\"28\":\"\",\"16\":\"\",\"17\":\"poster\",\"26\":\"\",\"85\":\"\",\"63\":\"primary\",\"23\":\"<p>Bringing hope, help and healing<br>to a hurting world<\\/p>\",\"29\":\"_layout\"}}', '2014-10-02 11:39:53', '2014-10-02 11:39:53', 'd2e69634-5145-4701-b8d0-4d3acad595c9');
INSERT INTO `di_entryversions` (`id`, `entryId`, `sectionId`, `creatorId`, `locale`, `num`, `notes`, `data`, `dateCreated`, `dateUpdated`, `uid`) VALUES ('492', '2', '1', '1', 'en_gb', '102', '', '{\"typeId\":\"1\",\"authorId\":null,\"title\":\"Homepage\",\"slug\":\"homepage\",\"postDate\":1409830139,\"expiryDate\":null,\"enabled\":1,\"fields\":{\"2\":{\"158\":{\"type\":\"embedVideo\",\"enabled\":\"1\",\"fields\":{\"embedVideo\":\"http:\\/\\/vimeo.com\\/90327032\",\"assetPlacement\":\"asset--wide\",\"assetCaption\":\"\"}}},\"14\":\"<p>We believe Christian fellowship is divinely brought about by God for the purpose of displaying and advancing His Kingdom on earth, as Christians love one another and submit to the lordship of Christ, they show a picture of the heavenly realities that are to come.<\\/p>\",\"62\":[\"61\"],\"1\":\"\",\"35\":{\"143\":{\"type\":\"entriesList\",\"enabled\":\"1\",\"fields\":{\"sectionTitle\":\"What\'s new\",\"bandStyle\":\"none\",\"listStyle\":\"mini\",\"articleStyle\":\"mini-tease\",\"articleBackground\":\"shade\",\"entryTypes\":[\"events\",\"news\",\"products\",\"articles\"],\"limit\":\"4\",\"ministry\":\"\",\"place\":\"\",\"productCategory\":\"\",\"role\":\"\",\"join\":\"or\"}},\"141\":{\"type\":\"categoryItems\",\"enabled\":\"1\",\"fields\":{\"sectionTitle\":\"Shops\",\"bandStyle\":\"shade\",\"listStyle\":\"mini\",\"articleStyle\":\"media\",\"articleBackground\":\"none\",\"limit\":\"6\",\"ministry\":\"\",\"place\":[\"120\",\"121\",\"122\",\"123\",\"124\"],\"productCategory\":[\"136\",\"137\"],\"role\":\"\",\"join\":\"or\"}},\"142\":{\"type\":\"entryIndex\",\"enabled\":\"1\",\"fields\":{\"sectionTitle\":\"Of interest\",\"bandStyle\":\"primary\",\"listStyle\":\"mini\",\"articleStyle\":\"mini-tease\",\"articleBackground\":\"shade\",\"entries\":[\"114\",\"112\",\"3\",\"117\"]}}},\"28\":\"\",\"16\":\"\",\"17\":\"poster\",\"26\":\"\",\"85\":\"\",\"63\":\"primary\",\"23\":\"<p>Bringing hope, help and healing<br>to a hurting world<\\/p>\",\"29\":\"_layout\"}}', '2014-10-02 11:40:24', '2014-10-02 11:40:24', 'cdb94e99-a516-475f-b269-09bd61e3c85d');
INSERT INTO `di_entryversions` (`id`, `entryId`, `sectionId`, `creatorId`, `locale`, `num`, `notes`, `data`, `dateCreated`, `dateUpdated`, `uid`) VALUES ('493', '2', '1', '1', 'en_gb', '103', '', '{\"typeId\":\"1\",\"authorId\":null,\"title\":\"Homepage\",\"slug\":\"homepage\",\"postDate\":1409830139,\"expiryDate\":null,\"enabled\":1,\"fields\":{\"2\":{\"158\":{\"type\":\"embedVideo\",\"enabled\":\"1\",\"fields\":{\"embedVideo\":\"http:\\/\\/vimeo.com\\/90327032\",\"assetPlacement\":\"asset--wide\",\"assetCaption\":\"\"}}},\"14\":\"<p>We believe Christian fellowship is divinely brought about by God for the purpose of displaying and advancing His Kingdom on earth, as Christians love one another and submit to the lordship of Christ, they show a picture of the heavenly realities that are to come.<\\/p>\",\"62\":[\"61\"],\"1\":\"\",\"35\":{\"143\":{\"type\":\"entriesList\",\"enabled\":\"1\",\"fields\":{\"sectionTitle\":\"What\'s new\",\"bandStyle\":\"none\",\"listStyle\":\"mini\",\"articleStyle\":\"mini-tease\",\"articleBackground\":\"shade\",\"entryTypes\":[\"events\",\"news\",\"products\",\"articles\"],\"limit\":\"4\",\"ministry\":\"\",\"place\":\"\",\"productCategory\":\"\",\"role\":\"\",\"join\":\"or\"}},\"141\":{\"type\":\"categoryItems\",\"enabled\":\"1\",\"fields\":{\"sectionTitle\":\"Shops\",\"bandStyle\":\"shade\",\"listStyle\":\"mini\",\"articleStyle\":\"basic\",\"articleBackground\":\"none\",\"limit\":\"6\",\"ministry\":\"\",\"place\":[\"120\",\"121\",\"122\",\"123\",\"124\"],\"productCategory\":[\"136\",\"137\"],\"role\":\"\",\"join\":\"or\"}},\"142\":{\"type\":\"entryIndex\",\"enabled\":\"1\",\"fields\":{\"sectionTitle\":\"Of interest\",\"bandStyle\":\"primary\",\"listStyle\":\"mini\",\"articleStyle\":\"mini-tease\",\"articleBackground\":\"shade\",\"entries\":[\"114\",\"112\",\"3\",\"117\"]}}},\"28\":\"\",\"16\":\"\",\"17\":\"poster\",\"26\":\"\",\"85\":\"\",\"63\":\"primary\",\"23\":\"<p>Bringing hope, help and healing<br>to a hurting world<\\/p>\",\"29\":\"_layout\"}}', '2014-10-02 11:40:49', '2014-10-02 11:40:49', 'eac83eba-1d84-4040-9d60-ad6b14ee0a58');
INSERT INTO `di_entryversions` (`id`, `entryId`, `sectionId`, `creatorId`, `locale`, `num`, `notes`, `data`, `dateCreated`, `dateUpdated`, `uid`) VALUES ('494', '2', '1', '1', 'en_gb', '104', '', '{\"typeId\":\"1\",\"authorId\":null,\"title\":\"Homepage\",\"slug\":\"homepage\",\"postDate\":1409830139,\"expiryDate\":null,\"enabled\":1,\"fields\":{\"2\":{\"158\":{\"type\":\"embedVideo\",\"enabled\":\"1\",\"fields\":{\"embedVideo\":\"http:\\/\\/vimeo.com\\/90327032\",\"assetPlacement\":\"asset--wide\",\"assetCaption\":\"\"}}},\"14\":\"<p>We believe Christian fellowship is divinely brought about by God for the purpose of displaying and advancing His Kingdom on earth, as Christians love one another and submit to the lordship of Christ, they show a picture of the heavenly realities that are to come.<\\/p>\",\"62\":[\"61\"],\"1\":\"\",\"35\":{\"143\":{\"type\":\"entriesList\",\"enabled\":\"1\",\"fields\":{\"sectionTitle\":\"What\'s new\",\"bandStyle\":\"none\",\"listStyle\":\"mini\",\"articleStyle\":\"mini-tease\",\"articleBackground\":\"shade\",\"entryTypes\":[\"events\",\"news\",\"products\",\"articles\"],\"limit\":\"4\",\"ministry\":\"\",\"place\":\"\",\"productCategory\":\"\",\"role\":\"\",\"join\":\"or\"}},\"141\":{\"type\":\"categoryItems\",\"enabled\":\"1\",\"fields\":{\"sectionTitle\":\"Shops\",\"bandStyle\":\"shade\",\"listStyle\":\"mini\",\"articleStyle\":\"basic\",\"articleBackground\":\"none\",\"limit\":\"6\",\"ministry\":\"\",\"place\":[\"120\",\"121\",\"122\",\"123\",\"124\"],\"productCategory\":[\"136\",\"137\"],\"role\":\"\",\"join\":\"or\"}},\"142\":{\"type\":\"entryIndex\",\"enabled\":\"1\",\"fields\":{\"sectionTitle\":\"Of interest\",\"bandStyle\":\"primary\",\"listStyle\":\"mini\",\"articleStyle\":\"mini-tease\",\"articleBackground\":\"shade\",\"entries\":[\"114\",\"112\",\"3\",\"117\"]}}},\"28\":\"\",\"16\":\"\",\"17\":\"poster\",\"26\":\"\",\"125\":\"http:\\/\\/vimeo.com\\/90327032\",\"85\":\"\",\"63\":\"primary\",\"23\":\"<p>Bringing hope, help and healing<br>to a hurting world<\\/p>\",\"29\":\"_layout\"}}', '2014-10-02 12:04:07', '2014-10-02 12:04:07', 'aa424aa2-af77-4eac-9de1-a67dc0909ca5');
INSERT INTO `di_entryversions` (`id`, `entryId`, `sectionId`, `creatorId`, `locale`, `num`, `notes`, `data`, `dateCreated`, `dateUpdated`, `uid`) VALUES ('495', '2', '1', '1', 'en_gb', '105', '', '{\"typeId\":\"1\",\"authorId\":null,\"title\":\"Homepage\",\"slug\":\"homepage\",\"postDate\":1409830139,\"expiryDate\":null,\"enabled\":1,\"fields\":{\"2\":\"\",\"14\":\"<p>We believe Christian fellowship is divinely brought about by God for the purpose of displaying and advancing His Kingdom on earth, as Christians love one another and submit to the lordship of Christ, they show a picture of the heavenly realities that are to come.<\\/p>\",\"62\":[\"61\"],\"1\":\"\",\"35\":{\"143\":{\"type\":\"entriesList\",\"enabled\":\"1\",\"fields\":{\"sectionTitle\":\"What\'s new\",\"bandStyle\":\"none\",\"listStyle\":\"mini\",\"articleStyle\":\"mini-tease\",\"articleBackground\":\"shade\",\"entryTypes\":[\"events\",\"news\",\"products\",\"articles\"],\"limit\":\"4\",\"ministry\":\"\",\"place\":\"\",\"productCategory\":\"\",\"role\":\"\",\"join\":\"or\"}},\"141\":{\"type\":\"categoryItems\",\"enabled\":\"1\",\"fields\":{\"sectionTitle\":\"Shops\",\"bandStyle\":\"shade\",\"listStyle\":\"mini\",\"articleStyle\":\"basic\",\"articleBackground\":\"none\",\"limit\":\"6\",\"ministry\":\"\",\"place\":[\"120\",\"121\",\"122\",\"123\",\"124\"],\"productCategory\":[\"136\",\"137\"],\"role\":\"\",\"join\":\"or\"}},\"142\":{\"type\":\"entryIndex\",\"enabled\":\"1\",\"fields\":{\"sectionTitle\":\"Of interest\",\"bandStyle\":\"primary\",\"listStyle\":\"mini\",\"articleStyle\":\"mini-tease\",\"articleBackground\":\"shade\",\"entries\":[\"114\",\"112\",\"3\",\"117\"]}}},\"28\":\"\",\"16\":\"\",\"17\":\"poster\",\"26\":\"\",\"125\":\"http:\\/\\/vimeo.com\\/90327032\",\"85\":\"\",\"63\":\"primary\",\"23\":\"<p>Bringing hope, help and healing<br>to a hurting world<\\/p>\",\"29\":\"_layout\"}}', '2014-10-02 12:05:11', '2014-10-02 12:05:11', '0f06d8bd-a2cc-4dfe-a8b2-6e8d4f0d8b02');
INSERT INTO `di_entryversions` (`id`, `entryId`, `sectionId`, `creatorId`, `locale`, `num`, `notes`, `data`, `dateCreated`, `dateUpdated`, `uid`) VALUES ('496', '2', '1', '1', 'en_gb', '106', '', '{\"typeId\":\"1\",\"authorId\":null,\"title\":\"Homepage\",\"slug\":\"homepage\",\"postDate\":1409830139,\"expiryDate\":null,\"enabled\":1,\"fields\":{\"2\":\"\",\"14\":\"<p>We believe Christian fellowship is divinely brought about by God for the purpose of displaying and advancing His Kingdom on earth, as Christians love one another and submit to the lordship of Christ, they show a picture of the heavenly realities that are to come.<\\/p>\",\"62\":[\"61\"],\"1\":\"\",\"35\":{\"143\":{\"type\":\"entriesList\",\"enabled\":\"1\",\"fields\":{\"sectionTitle\":\"What\'s new\",\"bandStyle\":\"none\",\"listStyle\":\"mini\",\"articleStyle\":\"mini-tease\",\"articleBackground\":\"shade\",\"entryTypes\":[\"events\",\"news\",\"products\",\"articles\"],\"limit\":\"4\",\"ministry\":\"\",\"place\":\"\",\"productCategory\":\"\",\"role\":\"\",\"join\":\"or\"}},\"141\":{\"type\":\"categoryItems\",\"enabled\":\"1\",\"fields\":{\"sectionTitle\":\"Shops\",\"bandStyle\":\"shade\",\"listStyle\":\"mini\",\"articleStyle\":\"basic\",\"articleBackground\":\"none\",\"limit\":\"6\",\"ministry\":\"\",\"place\":[\"120\",\"121\",\"122\",\"123\",\"124\"],\"productCategory\":[\"136\",\"137\"],\"role\":\"\",\"join\":\"or\"}},\"142\":{\"type\":\"entryIndex\",\"enabled\":\"1\",\"fields\":{\"sectionTitle\":\"Of interest\",\"bandStyle\":\"primary\",\"listStyle\":\"mini\",\"articleStyle\":\"mini-tease\",\"articleBackground\":\"shade\",\"entries\":[\"114\",\"112\",\"3\",\"117\"]}}},\"28\":\"\",\"16\":\"\",\"17\":\"poster\",\"26\":\"\",\"125\":\"http:\\/\\/vimeo.com\\/104315167\",\"85\":\"\",\"63\":\"primary\",\"23\":\"<p>Bringing hope, help and healing<br>to a hurting world<\\/p>\",\"29\":\"_layout\"}}', '2014-10-02 13:15:57', '2014-10-02 13:15:57', 'bcede3c6-2868-4558-bd17-6ebe1383cb64');
INSERT INTO `di_entryversions` (`id`, `entryId`, `sectionId`, `creatorId`, `locale`, `num`, `notes`, `data`, `dateCreated`, `dateUpdated`, `uid`) VALUES ('497', '117', '12', '1', 'en_gb', '8', '', '{\"typeId\":\"13\",\"authorId\":\"1\",\"title\":\"David McBride\",\"slug\":\"david-mcbride\",\"postDate\":1412080440,\"expiryDate\":null,\"enabled\":1,\"fields\":{\"50\":\"\",\"2\":{\"118\":{\"type\":\"text\",\"enabled\":\"1\",\"fields\":{\"text\":\"<p>I\'ve worked in Tin House for many years<\\/p>\"}},\"119\":{\"type\":\"embedVideo\",\"enabled\":\"1\",\"fields\":{\"embedVideo\":\"https:\\/\\/www.youtube.com\\/watch?v=5e74y7566Sc\",\"assetPlacement\":\"asset--full\",\"assetCaption\":\"\"}}},\"14\":\"<p>Lorem ipsum dolor sit amet, consectetur adipiscing elit. Sed blandit accumsan risus, et dictum ligula elementum vehicula. Cras in congue ante. Sed non tincidunt ante. Nulla sem nisl, luctus a lacinia sed, hendrerit eget mi. Donec quis feugiat dui. In in risus odio. Duis commodo ligula id aliquet iaculis.<\\/p><p>Donec condimentum, est at ultricies pretium, enim metus consectetur dui, eu cursus elit neque ut neque. Mauris sit amet venenatis diam. Pellentesque tincidunt vulputate nibh, vitae hendrerit nulla. Nulla facilisi. Donec posuere velit ut facilisis sagittis. Morbi maximus sapien orci, non lobortis magna viverra posuere. Morbi faucibus eget ante vitae commodo. Donec porta eleifend massa et porttitor. In mollis libero at erat tristique condimentum. Nullam in rutrum velit.<\\/p>\",\"126\":[{\"col1\":\"Telephone\",\"col2\":\"028 9012 3456\",\"col3\":\"\"},{\"col1\":\"Twitter\",\"col2\":\"@davidmcbride\",\"col3\":\"\"},{\"col1\":\"Email\",\"col2\":\"mailto:david@dropinn.net\",\"col3\":\"\"}],\"86\":\"David\",\"93\":\"\",\"28\":[\"1\"],\"16\":[\"111\"],\"51\":\"{\\\"markers\\\":[],\\\"polygons\\\":[],\\\"polylines\\\":[],\\\"routes\\\":[],\\\"circles\\\":[],\\\"groundOverlays\\\":[]}\",\"88\":\"\",\"89\":\"\",\"85\":\"\",\"63\":\"none\",\"64\":\"\",\"23\":\"<p>Manager, Tin House Coffee<\\/p>\",\"87\":\"McBride\",\"3\":\"\",\"29\":\"_layout-tinhouse\"}}', '2014-10-02 15:14:30', '2014-10-02 15:14:30', '094382f5-4be7-4e1c-a19c-b8532585d27c');
INSERT INTO `di_entryversions` (`id`, `entryId`, `sectionId`, `creatorId`, `locale`, `num`, `notes`, `data`, `dateCreated`, `dateUpdated`, `uid`) VALUES ('498', '126', '13', '1', 'en_gb', '27', '', '{\"typeId\":\"14\",\"authorId\":\"1\",\"title\":\"Tin House Portadown\",\"slug\":\"tin-house-portadown\",\"postDate\":1412090940,\"expiryDate\":null,\"enabled\":1,\"fields\":{\"50\":[{\"col1\":\"16a Church Street\",\"col2\":\"Portadown\",\"col3\":\"County Armagh\",\"col4\":\"BT62 3LQ \",\"col5\":\"Northern Ireland\",\"col6\":\"\"}],\"2\":\"\",\"14\":\"\",\"126\":[{\"col1\":\"Telephone\",\"col2\":\"028 3812 3456\",\"col3\":\"\"}],\"62\":[\"65\"],\"124\":\"54.464800000000004,-6.3360199999999995\",\"1\":\"Tin House Coffee\",\"35\":{\"134\":{\"type\":\"entryIndex\",\"enabled\":\"1\",\"fields\":{\"sectionTitle\":\"Key People\",\"bandStyle\":\"shade\",\"listStyle\":\"regular\",\"articleStyle\":\"tease\",\"articleBackground\":\"none\",\"entries\":[\"117\"]}},\"127\":{\"type\":\"categoryItems\",\"enabled\":\"1\",\"fields\":{\"sectionTitle\":\"Other Places\",\"bandStyle\":\"primary\",\"listStyle\":\"regular\",\"articleStyle\":\"simple\",\"articleBackground\":\"none\",\"limit\":\"1\",\"ministry\":\"\",\"place\":[\"120\"],\"productCategory\":\"\",\"role\":\"\",\"join\":\"or\"}}},\"93\":[{\"col1\":\"\",\"col2\":\"\",\"col3\":\"\"}],\"28\":\"\",\"16\":[\"146\"],\"17\":\"background\",\"51\":\"{\\\"markers\\\":[{\\\"isNew\\\":false,\\\"isSavedToMap\\\":true,\\\"title\\\":\\\"\\\",\\\"distance\\\":false,\\\"icon\\\":\\\"\\\",\\\"lat\\\":54.4219197,\\\"lng\\\":-6.4451233,\\\"content\\\":\\\"16 Church Street<br> Portadown<br> Craigavon<br> Craigavon BT62 3LN<br> UK\\\",\\\"customContent\\\":false,\\\"address\\\":\\\"16 Church Street, Portadown, Craigavon, Craigavon BT62 3LN, UK\\\",\\\"addressComponents\\\":[{\\\"long_name\\\":\\\"16\\\",\\\"short_name\\\":\\\"16\\\",\\\"types\\\":[\\\"street_number\\\"]},{\\\"long_name\\\":\\\"Church Street\\\",\\\"short_name\\\":\\\"Church St\\\",\\\"types\\\":[\\\"route\\\"]},{\\\"long_name\\\":\\\"Portadown\\\",\\\"short_name\\\":\\\"Portadown\\\",\\\"types\\\":[\\\"locality\\\",\\\"political\\\"]},{\\\"long_name\\\":\\\"Craigavon\\\",\\\"short_name\\\":\\\"Craigavon\\\",\\\"types\\\":[\\\"postal_town\\\"]},{\\\"long_name\\\":\\\"Craigavon\\\",\\\"short_name\\\":\\\"Craigavon\\\",\\\"types\\\":[\\\"administrative_area_level_2\\\",\\\"political\\\"]},{\\\"long_name\\\":\\\"United Kingdom\\\",\\\"short_name\\\":\\\"GB\\\",\\\"types\\\":[\\\"country\\\",\\\"political\\\"]},{\\\"long_name\\\":\\\"BT62 3LN\\\",\\\"short_name\\\":\\\"BT62 3LN\\\",\\\"types\\\":[\\\"postal_code\\\"]}],\\\"locationId\\\":\\\"2\\\",\\\"elementId\\\":\\\"126\\\",\\\"deleted\\\":false}],\\\"polygons\\\":[],\\\"polylines\\\":[],\\\"routes\\\":[],\\\"circles\\\":[],\\\"groundOverlays\\\":[]}\",\"85\":\"\",\"96\":[\"122\"],\"63\":\"secondary\",\"64\":\"\",\"23\":\"<p>Portadown<\\/p>\",\"3\":\"\",\"29\":\"_layout-tinhouse\"}}', '2014-10-02 15:14:50', '2014-10-02 15:14:50', 'f41dd690-4c07-42c6-b1f8-11a943a0e31c');
INSERT INTO `di_entryversions` (`id`, `entryId`, `sectionId`, `creatorId`, `locale`, `num`, `notes`, `data`, `dateCreated`, `dateUpdated`, `uid`) VALUES ('499', '126', '13', '1', 'en_gb', '28', '', '{\"typeId\":\"14\",\"authorId\":\"1\",\"title\":\"Tin House Portadown\",\"slug\":\"tin-house-portadown\",\"postDate\":1412090940,\"expiryDate\":null,\"enabled\":1,\"fields\":{\"50\":[{\"col1\":\"16a Church Street\",\"col2\":\"Portadown\",\"col3\":\"County Armagh\",\"col4\":\"BT62 3LQ \",\"col5\":\"Northern Ireland\",\"col6\":\"\"}],\"2\":{\"new1\":{\"type\":\"ibox\",\"enabled\":\"1\",\"fields\":{\"infoTitle\":\"David McBride\",\"infoBrief\":\"<p>Manager<\\/p>\",\"infoTable\":[{\"col1\":\"\",\"col2\":\"\",\"col5\":\"\"}],\"assetPlacement\":\"asset--margin\",\"entry\":[\"117\"],\"infoType\":\"contact\"}}},\"14\":\"\",\"126\":[{\"col1\":\"Telephone\",\"col2\":\"028 3812 3456\",\"col3\":\"\"}],\"62\":[\"65\"],\"124\":\"54.464800000000004,-6.3360199999999995\",\"1\":\"Tin House Coffee\",\"35\":{\"134\":{\"type\":\"entryIndex\",\"enabled\":\"1\",\"fields\":{\"sectionTitle\":\"Key People\",\"bandStyle\":\"shade\",\"listStyle\":\"regular\",\"articleStyle\":\"tease\",\"articleBackground\":\"none\",\"entries\":[\"117\"]}},\"127\":{\"type\":\"categoryItems\",\"enabled\":\"1\",\"fields\":{\"sectionTitle\":\"Other Places\",\"bandStyle\":\"primary\",\"listStyle\":\"regular\",\"articleStyle\":\"simple\",\"articleBackground\":\"none\",\"limit\":\"1\",\"ministry\":\"\",\"place\":[\"120\"],\"productCategory\":\"\",\"role\":\"\",\"join\":\"or\"}}},\"93\":[{\"col1\":\"\",\"col2\":\"\",\"col3\":\"\"}],\"28\":\"\",\"16\":[\"146\"],\"17\":\"background\",\"51\":\"{\\\"markers\\\":[{\\\"isNew\\\":false,\\\"isSavedToMap\\\":true,\\\"title\\\":\\\"\\\",\\\"distance\\\":false,\\\"icon\\\":\\\"\\\",\\\"lat\\\":54.4219197,\\\"lng\\\":-6.4451233,\\\"content\\\":\\\"16 Church Street<br> Portadown<br> Craigavon<br> Craigavon BT62 3LN<br> UK\\\",\\\"customContent\\\":false,\\\"address\\\":\\\"16 Church Street, Portadown, Craigavon, Craigavon BT62 3LN, UK\\\",\\\"addressComponents\\\":[{\\\"long_name\\\":\\\"16\\\",\\\"short_name\\\":\\\"16\\\",\\\"types\\\":[\\\"street_number\\\"]},{\\\"long_name\\\":\\\"Church Street\\\",\\\"short_name\\\":\\\"Church St\\\",\\\"types\\\":[\\\"route\\\"]},{\\\"long_name\\\":\\\"Portadown\\\",\\\"short_name\\\":\\\"Portadown\\\",\\\"types\\\":[\\\"locality\\\",\\\"political\\\"]},{\\\"long_name\\\":\\\"Craigavon\\\",\\\"short_name\\\":\\\"Craigavon\\\",\\\"types\\\":[\\\"postal_town\\\"]},{\\\"long_name\\\":\\\"Craigavon\\\",\\\"short_name\\\":\\\"Craigavon\\\",\\\"types\\\":[\\\"administrative_area_level_2\\\",\\\"political\\\"]},{\\\"long_name\\\":\\\"United Kingdom\\\",\\\"short_name\\\":\\\"GB\\\",\\\"types\\\":[\\\"country\\\",\\\"political\\\"]},{\\\"long_name\\\":\\\"BT62 3LN\\\",\\\"short_name\\\":\\\"BT62 3LN\\\",\\\"types\\\":[\\\"postal_code\\\"]}],\\\"locationId\\\":\\\"2\\\",\\\"elementId\\\":\\\"126\\\",\\\"deleted\\\":false}],\\\"polygons\\\":[],\\\"polylines\\\":[],\\\"routes\\\":[],\\\"circles\\\":[],\\\"groundOverlays\\\":[]}\",\"85\":\"\",\"96\":[\"122\"],\"63\":\"secondary\",\"64\":\"\",\"23\":\"<p>Portadown<\\/p>\",\"3\":\"\",\"29\":\"_layout-tinhouse\"}}', '2014-10-02 15:19:02', '2014-10-02 15:19:02', '5983a63c-04e2-46f2-867e-3469cb32794d');
INSERT INTO `di_entryversions` (`id`, `entryId`, `sectionId`, `creatorId`, `locale`, `num`, `notes`, `data`, `dateCreated`, `dateUpdated`, `uid`) VALUES ('500', '126', '13', '1', 'en_gb', '29', '', '{\"typeId\":\"14\",\"authorId\":\"1\",\"title\":\"Tin House Portadown\",\"slug\":\"tin-house-portadown\",\"postDate\":1412090940,\"expiryDate\":null,\"enabled\":1,\"fields\":{\"50\":[{\"col1\":\"16a Church Street\",\"col2\":\"Portadown\",\"col3\":\"County Armagh\",\"col4\":\"BT62 3LQ \",\"col5\":\"Northern Ireland\",\"col6\":\"\"}],\"2\":\"\",\"14\":\"\",\"126\":[{\"col1\":\"Telephone\",\"col2\":\"028 3812 3456\",\"col3\":\"\"}],\"62\":[\"65\"],\"124\":\"54.464800000000004,-6.3360199999999995\",\"1\":\"Tin House Coffee\",\"35\":{\"134\":{\"type\":\"entryIndex\",\"enabled\":\"1\",\"fields\":{\"sectionTitle\":\"Key People\",\"bandStyle\":\"shade\",\"listStyle\":\"regular\",\"articleStyle\":\"tease\",\"articleBackground\":\"none\",\"entries\":[\"117\"]}},\"127\":{\"type\":\"categoryItems\",\"enabled\":\"1\",\"fields\":{\"sectionTitle\":\"Other Places\",\"bandStyle\":\"primary\",\"listStyle\":\"regular\",\"articleStyle\":\"simple\",\"articleBackground\":\"none\",\"limit\":\"1\",\"ministry\":\"\",\"place\":[\"120\"],\"productCategory\":\"\",\"role\":\"\",\"join\":\"or\"}}},\"93\":[{\"col1\":\"\",\"col2\":\"\",\"col3\":\"\"}],\"28\":\"\",\"16\":[\"146\"],\"17\":\"background\",\"51\":\"{\\\"markers\\\":[{\\\"isNew\\\":false,\\\"isSavedToMap\\\":true,\\\"title\\\":\\\"\\\",\\\"distance\\\":false,\\\"icon\\\":\\\"\\\",\\\"lat\\\":54.4219197,\\\"lng\\\":-6.4451233,\\\"content\\\":\\\"16 Church Street<br> Portadown<br> Craigavon<br> Craigavon BT62 3LN<br> UK\\\",\\\"customContent\\\":false,\\\"address\\\":\\\"16 Church Street, Portadown, Craigavon, Craigavon BT62 3LN, UK\\\",\\\"addressComponents\\\":[{\\\"long_name\\\":\\\"16\\\",\\\"short_name\\\":\\\"16\\\",\\\"types\\\":[\\\"street_number\\\"]},{\\\"long_name\\\":\\\"Church Street\\\",\\\"short_name\\\":\\\"Church St\\\",\\\"types\\\":[\\\"route\\\"]},{\\\"long_name\\\":\\\"Portadown\\\",\\\"short_name\\\":\\\"Portadown\\\",\\\"types\\\":[\\\"locality\\\",\\\"political\\\"]},{\\\"long_name\\\":\\\"Craigavon\\\",\\\"short_name\\\":\\\"Craigavon\\\",\\\"types\\\":[\\\"postal_town\\\"]},{\\\"long_name\\\":\\\"Craigavon\\\",\\\"short_name\\\":\\\"Craigavon\\\",\\\"types\\\":[\\\"administrative_area_level_2\\\",\\\"political\\\"]},{\\\"long_name\\\":\\\"United Kingdom\\\",\\\"short_name\\\":\\\"GB\\\",\\\"types\\\":[\\\"country\\\",\\\"political\\\"]},{\\\"long_name\\\":\\\"BT62 3LN\\\",\\\"short_name\\\":\\\"BT62 3LN\\\",\\\"types\\\":[\\\"postal_code\\\"]}],\\\"locationId\\\":\\\"2\\\",\\\"elementId\\\":\\\"126\\\",\\\"deleted\\\":false}],\\\"polygons\\\":[],\\\"polylines\\\":[],\\\"routes\\\":[],\\\"circles\\\":[],\\\"groundOverlays\\\":[]}\",\"85\":\"\",\"96\":[\"122\"],\"63\":\"secondary\",\"64\":\"\",\"23\":\"<p>Portadown<\\/p>\",\"3\":\"\",\"29\":\"_layout-tinhouse\"}}', '2014-10-02 15:28:36', '2014-10-02 15:28:36', '90e44dac-8bb6-49a6-ad28-2cba98030601');
INSERT INTO `di_entryversions` (`id`, `entryId`, `sectionId`, `creatorId`, `locale`, `num`, `notes`, `data`, `dateCreated`, `dateUpdated`, `uid`) VALUES ('501', '125', '13', '1', 'en_gb', '17', '', '{\"typeId\":\"14\",\"authorId\":\"1\",\"title\":\"Grace Community Church\",\"slug\":\"grace-community-church\",\"postDate\":1412087040,\"expiryDate\":null,\"enabled\":1,\"fields\":{\"50\":[{\"col1\":\"171 Dobbin Rd\",\"col2\":\"Richhill\",\"col3\":\"County Armagh\",\"col4\":\"BT61 9LW\",\"col5\":\"Northern Ireland\",\"col6\":\"\"}],\"2\":\"\",\"14\":\"\",\"126\":[{\"col1\":\"Telephone\",\"col2\":\"028 3887 1389\",\"col3\":\"\"}],\"62\":[\"71\"],\"124\":\"54.464800000000004,-6.3360199999999995\",\"1\":\"\",\"35\":\"\",\"93\":[{\"col1\":\"\",\"col2\":\"\",\"col3\":\"\"}],\"28\":\"\",\"16\":[\"28\"],\"17\":\"background\",\"51\":\"{\\\"markers\\\":[{\\\"isNew\\\":false,\\\"isSavedToMap\\\":true,\\\"title\\\":\\\"\\\",\\\"distance\\\":false,\\\"icon\\\":\\\"\\\",\\\"lat\\\":54.3879396,\\\"lng\\\":-6.5344737,\\\"content\\\":\\\"Drop Inn Community Church<br> 171 Dobbin Road<br> Richhill<br> Armagh<br> Armagh BT61 9LW<br> UK\\\",\\\"customContent\\\":false,\\\"address\\\":\\\"Drop Inn Community Church, 171 Dobbin Road, Richhill, Armagh, Armagh BT61 9LW, UK\\\",\\\"addressComponents\\\":[{\\\"long_name\\\":\\\"Drop Inn Community Church\\\",\\\"short_name\\\":\\\"Drop Inn Community Church\\\",\\\"types\\\":[\\\"point_of_interest\\\",\\\"establishment\\\"]},{\\\"long_name\\\":\\\"171\\\",\\\"short_name\\\":\\\"171\\\",\\\"types\\\":[\\\"street_number\\\"]},{\\\"long_name\\\":\\\"Dobbin Road\\\",\\\"short_name\\\":\\\"Dobbin Rd\\\",\\\"types\\\":[\\\"route\\\"]},{\\\"long_name\\\":\\\"Richhill\\\",\\\"short_name\\\":\\\"Richhill\\\",\\\"types\\\":[\\\"locality\\\",\\\"political\\\"]},{\\\"long_name\\\":\\\"Armagh\\\",\\\"short_name\\\":\\\"Armagh\\\",\\\"types\\\":[\\\"postal_town\\\"]},{\\\"long_name\\\":\\\"Armagh\\\",\\\"short_name\\\":\\\"Armagh\\\",\\\"types\\\":[\\\"administrative_area_level_2\\\",\\\"political\\\"]},{\\\"long_name\\\":\\\"United Kingdom\\\",\\\"short_name\\\":\\\"GB\\\",\\\"types\\\":[\\\"country\\\",\\\"political\\\"]},{\\\"long_name\\\":\\\"BT61 9LW\\\",\\\"short_name\\\":\\\"BT61 9LW\\\",\\\"types\\\":[\\\"postal_code\\\"]}],\\\"locationId\\\":\\\"1\\\",\\\"elementId\\\":\\\"125\\\",\\\"deleted\\\":false}],\\\"polygons\\\":[],\\\"polylines\\\":[],\\\"routes\\\":[],\\\"circles\\\":[],\\\"groundOverlays\\\":[]}\",\"85\":\"\",\"96\":[\"120\"],\"63\":\"secondary\",\"64\":\"\",\"23\":\"<p>The local \\/ global church<\\/p>\",\"3\":\"\",\"29\":\"_layout-church\"}}', '2014-10-02 15:30:43', '2014-10-02 15:30:43', 'e017e498-8f09-4abe-a54e-418185074db6');
INSERT INTO `di_entryversions` (`id`, `entryId`, `sectionId`, `creatorId`, `locale`, `num`, `notes`, `data`, `dateCreated`, `dateUpdated`, `uid`) VALUES ('502', '117', '12', '1', 'en_gb', '9', '', '{\"typeId\":\"13\",\"authorId\":\"1\",\"title\":\"David McBride\",\"slug\":\"david-mcbride\",\"postDate\":1412080440,\"expiryDate\":null,\"enabled\":1,\"fields\":{\"50\":\"\",\"2\":{\"118\":{\"type\":\"text\",\"enabled\":\"1\",\"fields\":{\"text\":\"<p>I\'ve worked in Tin House for many years<\\/p>\"}},\"119\":{\"type\":\"embedVideo\",\"enabled\":\"1\",\"fields\":{\"embedVideo\":\"https:\\/\\/www.youtube.com\\/watch?v=5e74y7566Sc\",\"assetPlacement\":\"asset--full\",\"assetCaption\":\"\"}}},\"14\":\"<p>Lorem ipsum dolor sit amet, consectetur adipiscing elit. Sed blandit accumsan risus, et dictum ligula elementum vehicula. Cras in congue ante. Sed non tincidunt ante. Nulla sem nisl, luctus a lacinia sed, hendrerit eget mi. Donec quis feugiat dui. In in risus odio. Duis commodo ligula id aliquet iaculis.<\\/p><p>Donec condimentum, est at ultricies pretium, enim metus consectetur dui, eu cursus elit neque ut neque. Mauris sit amet venenatis diam. Pellentesque tincidunt vulputate nibh, vitae hendrerit nulla. Nulla facilisi. Donec posuere velit ut facilisis sagittis. Morbi maximus sapien orci, non lobortis magna viverra posuere. Morbi faucibus eget ante vitae commodo. Donec porta eleifend massa et porttitor. In mollis libero at erat tristique condimentum. Nullam in rutrum velit.<\\/p>\",\"126\":[{\"col1\":\"Telephone\",\"col2\":\"028 9012 3456\",\"col3\":\"\"},{\"col1\":\"Twitter\",\"col2\":\"@davidmcbride\",\"col3\":\"\"},{\"col1\":\"Email\",\"col2\":\"david@dropinn.net\",\"col3\":\"\"}],\"86\":\"David\",\"93\":\"\",\"28\":[\"1\"],\"16\":[\"111\"],\"51\":\"{\\\"markers\\\":[],\\\"polygons\\\":[],\\\"polylines\\\":[],\\\"routes\\\":[],\\\"circles\\\":[],\\\"groundOverlays\\\":[]}\",\"88\":\"\",\"89\":\"\",\"85\":\"\",\"63\":\"none\",\"64\":\"\",\"23\":\"<p>Manager, Tin House Coffee<\\/p>\",\"87\":\"McBride\",\"3\":\"\",\"29\":\"_layout-tinhouse\"}}', '2014-10-02 15:41:17', '2014-10-02 15:41:17', 'abf3d95c-6271-4ed9-adfe-67b3406bd013');
INSERT INTO `di_entryversions` (`id`, `entryId`, `sectionId`, `creatorId`, `locale`, `num`, `notes`, `data`, `dateCreated`, `dateUpdated`, `uid`) VALUES ('503', '2', '1', '1', 'en_gb', '107', '', '{\"typeId\":\"1\",\"authorId\":null,\"title\":\"Homepage\",\"slug\":\"homepage\",\"postDate\":1409830139,\"expiryDate\":null,\"enabled\":1,\"fields\":{\"2\":\"\",\"14\":\"<p>We believe Christian fellowship is divinely brought about by God for the purpose of displaying and advancing His Kingdom on earth, as Christians love one another and submit to the lordship of Christ, they show a picture of the heavenly realities that are to come.<\\/p>\",\"62\":[\"61\"],\"1\":\"\",\"35\":{\"143\":{\"type\":\"entriesList\",\"enabled\":\"1\",\"fields\":{\"sectionTitle\":\"What\'s new\",\"bandStyle\":\"none\",\"listStyle\":\"mini\",\"articleStyle\":\"mini-tease\",\"articleBackground\":\"shade\",\"entryTypes\":[\"events\",\"news\",\"products\",\"articles\"],\"limit\":\"4\",\"ministry\":\"\",\"place\":\"\",\"productCategory\":\"\",\"role\":\"\",\"join\":\"or\"}},\"141\":{\"type\":\"categoryItems\",\"enabled\":\"1\",\"fields\":{\"sectionTitle\":\"Shops\",\"bandStyle\":\"shade\",\"listStyle\":\"micro\",\"articleStyle\":\"basic\",\"articleBackground\":\"none\",\"limit\":\"6\",\"ministry\":\"\",\"place\":[\"120\",\"121\",\"122\",\"123\",\"124\"],\"productCategory\":[\"136\",\"137\"],\"role\":\"\",\"join\":\"or\"}},\"142\":{\"type\":\"entryIndex\",\"enabled\":\"1\",\"fields\":{\"sectionTitle\":\"Of interest\",\"bandStyle\":\"primary\",\"listStyle\":\"mini\",\"articleStyle\":\"mini-tease\",\"articleBackground\":\"shade\",\"entries\":[\"114\",\"112\",\"3\",\"117\"]}}},\"28\":\"\",\"16\":\"\",\"17\":\"poster\",\"26\":\"\",\"125\":\"http:\\/\\/vimeo.com\\/104315167\",\"85\":\"\",\"63\":\"primary\",\"23\":\"<p>Bringing hope, help and healing<br>to a hurting world<\\/p>\",\"29\":\"_layout\"}}', '2014-10-02 16:15:39', '2014-10-02 16:15:39', 'ce99a706-cd25-4596-8d91-11acf948ff9d');
INSERT INTO `di_entryversions` (`id`, `entryId`, `sectionId`, `creatorId`, `locale`, `num`, `notes`, `data`, `dateCreated`, `dateUpdated`, `uid`) VALUES ('504', '2', '1', '1', 'en_gb', '108', '', '{\"typeId\":\"1\",\"authorId\":null,\"title\":\"Homepage\",\"slug\":\"homepage\",\"postDate\":1409830139,\"expiryDate\":null,\"enabled\":1,\"fields\":{\"2\":\"\",\"14\":\"<p>We believe Christian fellowship is divinely brought about by God for the purpose of displaying and advancing His Kingdom on earth, as Christians love one another and submit to the lordship of Christ, they show a picture of the heavenly realities that are to come.<\\/p>\",\"62\":[\"61\"],\"1\":\"Bringing hope, help and healing to a hurting world\",\"35\":{\"143\":{\"type\":\"entriesList\",\"enabled\":\"1\",\"fields\":{\"sectionTitle\":\"What\'s new\",\"bandStyle\":\"none\",\"listStyle\":\"mini\",\"articleStyle\":\"mini-tease\",\"articleBackground\":\"shade\",\"entryTypes\":[\"events\",\"news\",\"products\",\"articles\"],\"limit\":\"4\",\"ministry\":\"\",\"place\":\"\",\"productCategory\":\"\",\"role\":\"\",\"join\":\"or\"}},\"141\":{\"type\":\"categoryItems\",\"enabled\":\"1\",\"fields\":{\"sectionTitle\":\"Shops\",\"bandStyle\":\"shade\",\"listStyle\":\"micro\",\"articleStyle\":\"basic\",\"articleBackground\":\"none\",\"limit\":\"6\",\"ministry\":\"\",\"place\":[\"120\",\"121\",\"122\",\"123\",\"124\"],\"productCategory\":[\"136\",\"137\"],\"role\":\"\",\"join\":\"or\"}},\"142\":{\"type\":\"entryIndex\",\"enabled\":\"1\",\"fields\":{\"sectionTitle\":\"Of interest\",\"bandStyle\":\"primary\",\"listStyle\":\"mini\",\"articleStyle\":\"mini-tease\",\"articleBackground\":\"shade\",\"entries\":[\"114\",\"112\",\"3\",\"117\"]}}},\"28\":\"\",\"16\":\"\",\"17\":\"poster\",\"26\":\"\",\"125\":\"http:\\/\\/vimeo.com\\/104315167\",\"85\":\"\",\"63\":\"primary\",\"23\":\"\",\"29\":\"_layout\"}}', '2014-10-02 16:18:37', '2014-10-02 16:18:37', '7e0233d9-529f-4681-8660-bedf7a87562e');
INSERT INTO `di_entryversions` (`id`, `entryId`, `sectionId`, `creatorId`, `locale`, `num`, `notes`, `data`, `dateCreated`, `dateUpdated`, `uid`) VALUES ('505', '2', '1', '1', 'en_gb', '109', '', '{\"typeId\":\"1\",\"authorId\":null,\"title\":\"Homepage\",\"slug\":\"homepage\",\"postDate\":1409830139,\"expiryDate\":null,\"enabled\":1,\"fields\":{\"2\":\"\",\"14\":\"<p>We believe Christian fellowship is divinely brought about by God for the purpose of displaying and advancing His Kingdom on earth, as Christians love one another and submit to the lordship of Christ, they show a picture of the heavenly realities that are to come.<\\/p>\",\"62\":[\"61\"],\"1\":\"Bringing hope, help and healing to a hurting world\",\"35\":{\"143\":{\"type\":\"entriesList\",\"enabled\":\"1\",\"fields\":{\"sectionTitle\":\"What\'s new\",\"bandStyle\":\"none\",\"listStyle\":\"mini\",\"articleStyle\":\"mini-tease\",\"articleBackground\":\"shade\",\"entryTypes\":[\"events\",\"news\",\"products\",\"articles\"],\"limit\":\"4\",\"ministry\":\"\",\"place\":\"\",\"productCategory\":\"\",\"role\":\"\",\"join\":\"or\"}},\"141\":{\"type\":\"categoryItems\",\"enabled\":\"1\",\"fields\":{\"sectionTitle\":\"Shops\",\"bandStyle\":\"shade\",\"listStyle\":\"teaser-list\",\"articleStyle\":\"basic\",\"articleBackground\":\"none\",\"limit\":\"6\",\"ministry\":\"\",\"place\":[\"120\",\"121\",\"122\",\"123\",\"124\"],\"productCategory\":[\"136\",\"137\"],\"role\":\"\",\"join\":\"or\"}},\"142\":{\"type\":\"entryIndex\",\"enabled\":\"1\",\"fields\":{\"sectionTitle\":\"Of interest\",\"bandStyle\":\"primary\",\"listStyle\":\"mini\",\"articleStyle\":\"mini-tease\",\"articleBackground\":\"shade\",\"entries\":[\"114\",\"112\",\"3\",\"117\"]}}},\"28\":\"\",\"16\":\"\",\"17\":\"poster\",\"26\":\"\",\"125\":\"http:\\/\\/vimeo.com\\/104315167\",\"85\":\"\",\"63\":\"primary\",\"23\":\"\",\"29\":\"_layout\"}}', '2014-10-03 12:38:10', '2014-10-03 12:38:10', '555b5f4d-b8f0-4262-9956-1159be1051cd');
INSERT INTO `di_entryversions` (`id`, `entryId`, `sectionId`, `creatorId`, `locale`, `num`, `notes`, `data`, `dateCreated`, `dateUpdated`, `uid`) VALUES ('506', '2', '1', '1', 'en_gb', '110', '', '{\"typeId\":\"1\",\"authorId\":null,\"title\":\"Homepage\",\"slug\":\"homepage\",\"postDate\":1409830139,\"expiryDate\":null,\"enabled\":1,\"fields\":{\"2\":\"\",\"14\":\"<p>We believe Christian fellowship is divinely brought about by God for the purpose of displaying and advancing His Kingdom on earth, as Christians love one another and submit to the lordship of Christ, they show a picture of the heavenly realities that are to come.<\\/p>\",\"62\":[\"61\"],\"1\":\"Bringing hope, help and healing to a hurting world\",\"35\":{\"143\":{\"type\":\"entriesList\",\"enabled\":\"1\",\"fields\":{\"sectionTitle\":\"What\'s new\",\"bandStyle\":\"none\",\"listStyle\":\"teaser-list\",\"entryTypes\":[\"events\",\"news\",\"products\",\"articles\"],\"limit\":\"4\",\"ministry\":\"\",\"place\":\"\",\"productCategory\":\"\",\"role\":\"\",\"join\":\"or\"}},\"141\":{\"type\":\"categoryItems\",\"enabled\":\"1\",\"fields\":{\"sectionTitle\":\"Shops\",\"bandStyle\":\"shade\",\"listStyle\":\"mini-list\",\"limit\":\"6\",\"ministry\":\"\",\"place\":[\"120\",\"121\",\"122\",\"123\",\"124\"],\"productCategory\":[\"136\",\"137\"],\"role\":\"\",\"join\":\"or\"}},\"142\":{\"type\":\"entryIndex\",\"enabled\":\"1\",\"fields\":{\"sectionTitle\":\"Of interest\",\"bandStyle\":\"primary\",\"listStyle\":\"article-list\",\"entries\":[\"114\",\"112\",\"3\",\"117\"]}}},\"28\":\"\",\"16\":\"\",\"17\":\"poster\",\"26\":\"\",\"125\":\"http:\\/\\/vimeo.com\\/104315167\",\"85\":\"\",\"63\":\"primary\",\"23\":\"\",\"29\":\"_layout\"}}', '2014-10-03 12:53:46', '2014-10-03 12:53:46', '56480dde-a01a-440b-bb59-eb4fa1da2f78');
INSERT INTO `di_entryversions` (`id`, `entryId`, `sectionId`, `creatorId`, `locale`, `num`, `notes`, `data`, `dateCreated`, `dateUpdated`, `uid`) VALUES ('507', '2', '1', '1', 'en_gb', '111', '', '{\"typeId\":\"1\",\"authorId\":null,\"title\":\"Homepage\",\"slug\":\"homepage\",\"postDate\":1409830139,\"expiryDate\":null,\"enabled\":1,\"fields\":{\"2\":\"\",\"14\":\"<p>We believe Christian fellowship is divinely brought about by God for the purpose of displaying and advancing His Kingdom on earth, as Christians love one another and submit to the lordship of Christ, they show a picture of the heavenly realities that are to come.<\\/p>\",\"62\":[\"61\"],\"1\":\"Bringing hope, help and healing to a hurting world\",\"35\":{\"143\":{\"type\":\"entriesList\",\"enabled\":\"1\",\"fields\":{\"sectionTitle\":\"What\'s new\",\"bandStyle\":\"none\",\"listStyle\":\"teaser-list\",\"entryTypes\":[\"events\",\"news\",\"products\",\"articles\"],\"limit\":\"4\",\"ministry\":\"\",\"place\":\"\",\"productCategory\":\"\",\"role\":\"\",\"join\":\"or\"}},\"141\":{\"type\":\"categoryItems\",\"enabled\":\"1\",\"fields\":{\"sectionTitle\":\"Shops\",\"bandStyle\":\"shade\",\"listStyle\":\"mini-list\",\"limit\":\"6\",\"ministry\":\"\",\"place\":[\"120\",\"121\",\"122\",\"123\",\"124\"],\"productCategory\":[\"136\",\"137\"],\"role\":\"\",\"join\":\"or\"}},\"142\":{\"type\":\"entryIndex\",\"enabled\":\"1\",\"fields\":{\"sectionTitle\":\"Of interest\",\"bandStyle\":\"primary\",\"listStyle\":\"teaser-list\",\"entries\":[\"114\",\"112\",\"3\",\"117\"]}}},\"28\":\"\",\"16\":\"\",\"17\":\"poster\",\"26\":\"\",\"125\":\"http:\\/\\/vimeo.com\\/104315167\",\"85\":\"\",\"63\":\"primary\",\"23\":\"\",\"29\":\"_layout\"}}', '2014-10-03 13:00:15', '2014-10-03 13:00:15', 'f31a19ac-1c0f-434f-a6f3-fdc318bb2608');
INSERT INTO `di_entryversions` (`id`, `entryId`, `sectionId`, `creatorId`, `locale`, `num`, `notes`, `data`, `dateCreated`, `dateUpdated`, `uid`) VALUES ('508', '2', '1', '1', 'en_gb', '112', '', '{\"typeId\":\"1\",\"authorId\":null,\"title\":\"Homepage\",\"slug\":\"homepage\",\"postDate\":1409830139,\"expiryDate\":null,\"enabled\":1,\"fields\":{\"2\":\"\",\"14\":\"<p>We believe Christian fellowship is divinely brought about by God for the purpose of displaying and advancing His Kingdom on earth, as Christians love one another and submit to the lordship of Christ, they show a picture of the heavenly realities that are to come.<\\/p>\",\"62\":[\"61\"],\"1\":\"Bringing hope, help and healing to a hurting world\",\"35\":{\"143\":{\"type\":\"entriesList\",\"enabled\":\"1\",\"fields\":{\"sectionTitle\":\"What\'s new\",\"bandStyle\":\"shade\",\"listStyle\":\"teaser-list\",\"entryTypes\":[\"events\",\"news\",\"products\",\"articles\"],\"limit\":\"4\",\"ministry\":\"\",\"place\":\"\",\"productCategory\":\"\",\"role\":\"\",\"join\":\"or\"}},\"141\":{\"type\":\"categoryItems\",\"enabled\":\"1\",\"fields\":{\"sectionTitle\":\"Shops\",\"bandStyle\":\"shade\",\"listStyle\":\"mini-list\",\"limit\":\"6\",\"ministry\":\"\",\"place\":[\"120\",\"121\",\"122\",\"123\",\"124\"],\"productCategory\":[\"136\",\"137\"],\"role\":\"\",\"join\":\"or\"}},\"142\":{\"type\":\"entryIndex\",\"enabled\":\"1\",\"fields\":{\"sectionTitle\":\"Of interest\",\"bandStyle\":\"primary\",\"listStyle\":\"teaser-list\",\"entries\":[\"114\",\"112\",\"3\",\"117\"]}}},\"28\":\"\",\"16\":\"\",\"17\":\"poster\",\"26\":\"\",\"125\":\"http:\\/\\/vimeo.com\\/104315167\",\"85\":\"\",\"63\":\"primary\",\"23\":\"\",\"29\":\"_layout\"}}', '2014-10-03 13:01:16', '2014-10-03 13:01:16', '25d96bd0-a3a2-4c31-a550-0ff1223a389b');
INSERT INTO `di_entryversions` (`id`, `entryId`, `sectionId`, `creatorId`, `locale`, `num`, `notes`, `data`, `dateCreated`, `dateUpdated`, `uid`) VALUES ('509', '2', '1', '1', 'en_gb', '113', '', '{\"typeId\":\"1\",\"authorId\":null,\"title\":\"Homepage\",\"slug\":\"homepage\",\"postDate\":1409830139,\"expiryDate\":null,\"enabled\":1,\"fields\":{\"2\":\"\",\"14\":\"<p>We believe Christian fellowship is divinely brought about by God for the purpose of displaying and advancing His Kingdom on earth, as Christians love one another and submit to the lordship of Christ, they show a picture of the heavenly realities that are to come.<\\/p>\",\"62\":[\"61\"],\"1\":\"Bringing hope, help and healing to a hurting world\",\"35\":{\"143\":{\"type\":\"entriesList\",\"enabled\":\"1\",\"fields\":{\"sectionTitle\":\"What\'s new\",\"bandStyle\":\"shade\",\"listStyle\":\"teaser-list\",\"entryTypes\":[\"events\",\"news\",\"products\",\"articles\"],\"limit\":\"4\",\"ministry\":\"\",\"place\":\"\",\"productCategory\":\"\",\"role\":\"\",\"join\":\"or\"}},\"141\":{\"type\":\"categoryItems\",\"enabled\":\"1\",\"fields\":{\"sectionTitle\":\"Shops\",\"bandStyle\":\"primary\",\"listStyle\":\"mini-list\",\"limit\":\"6\",\"ministry\":\"\",\"place\":[\"120\",\"121\",\"122\",\"123\",\"124\"],\"productCategory\":[\"136\",\"137\"],\"role\":\"\",\"join\":\"or\"}},\"142\":{\"type\":\"entryIndex\",\"enabled\":\"1\",\"fields\":{\"sectionTitle\":\"Of interest\",\"bandStyle\":\"primary\",\"listStyle\":\"teaser-list\",\"entries\":[\"114\",\"112\",\"3\",\"117\"]}}},\"28\":\"\",\"16\":\"\",\"17\":\"poster\",\"26\":\"\",\"125\":\"http:\\/\\/vimeo.com\\/104315167\",\"85\":\"\",\"63\":\"primary\",\"23\":\"\",\"29\":\"_layout\"}}', '2014-10-03 13:01:44', '2014-10-03 13:01:44', 'e5c340af-ff08-4946-9e92-6953aa4bbfdd');
INSERT INTO `di_entryversions` (`id`, `entryId`, `sectionId`, `creatorId`, `locale`, `num`, `notes`, `data`, `dateCreated`, `dateUpdated`, `uid`) VALUES ('510', '3', '2', '1', 'en_gb', '9', '', '{\"typeId\":\"2\",\"authorId\":\"1\",\"title\":\"We just installed Craft!\",\"slug\":\"we-just-installed-craft\",\"postDate\":1409830080,\"expiryDate\":null,\"enabled\":1,\"fields\":{\"2\":\"\",\"14\":\"<p>Kaleta and Thomas grow maize, beans, cassava and potatoes on their farm land. Receiving a joint land certificate has given them security and peace of mind. Thomas tells us \\\"By having the cert, I know the land is ours and I am free from worry for the future.\\\" Now they own the land, cultivate and provide food for their children.<\\/p>\",\"62\":\"\",\"124\":\"54.464800000000004,-6.3360199999999995\",\"1\":\"\",\"35\":\"\",\"28\":\"\",\"16\":[\"21\"],\"17\":\"poster\",\"109\":[\"128\"],\"85\":[\"posterTitle\"],\"96\":\"\",\"63\":\"none\",\"108\":\"\",\"64\":\"\",\"23\":\"\",\"3\":\"\",\"29\":\"_layout\"}}', '2014-10-03 13:26:51', '2014-10-03 13:26:51', '8f76ef92-3a1d-404c-95b4-33cbbe925e08');
INSERT INTO `di_entryversions` (`id`, `entryId`, `sectionId`, `creatorId`, `locale`, `num`, `notes`, `data`, `dateCreated`, `dateUpdated`, `uid`) VALUES ('511', '3', '2', '1', 'en_gb', '10', '', '{\"typeId\":\"2\",\"authorId\":\"1\",\"title\":\"We just installed Craft!\",\"slug\":\"we-just-installed-craft\",\"postDate\":1409830080,\"expiryDate\":null,\"enabled\":1,\"fields\":{\"2\":\"\",\"14\":\"<p>Kaleta and Thomas grow maize, beans, cassava and potatoes on their farm land. Receiving a joint land certificate has given them security and peace of mind. Thomas tells us \\\"By having the cert, I know the land is ours and I am free from worry for the future.\\\" Now they own the land, cultivate and provide food for their children.<\\/p>\",\"62\":\"\",\"124\":\"54.464800000000004,-6.3360199999999995\",\"1\":\"\",\"35\":\"\",\"28\":\"\",\"16\":[\"21\"],\"17\":\"poster\",\"109\":[\"128\"],\"85\":[\"poster\",\"posterTitle\"],\"96\":\"\",\"63\":\"none\",\"108\":\"\",\"64\":\"\",\"23\":\"\",\"3\":\"\",\"29\":\"_layout\"}}', '2014-10-03 13:44:01', '2014-10-03 13:44:01', '41798e08-303f-4f25-9848-382f69fb5dc9');
INSERT INTO `di_entryversions` (`id`, `entryId`, `sectionId`, `creatorId`, `locale`, `num`, `notes`, `data`, `dateCreated`, `dateUpdated`, `uid`) VALUES ('512', '3', '2', '1', 'en_gb', '11', '', '{\"typeId\":\"2\",\"authorId\":\"1\",\"title\":\"We just installed Craft!\",\"slug\":\"we-just-installed-craft\",\"postDate\":1409830080,\"expiryDate\":null,\"enabled\":1,\"fields\":{\"2\":\"\",\"14\":\"<p>Kaleta and Thomas grow maize, beans, cassava and potatoes on their farm land. Receiving a joint land certificate has given them security and peace of mind. Thomas tells us \\\"By having the cert, I know the land is ours and I am free from worry for the future.\\\" Now they own the land, cultivate and provide food for their children.<\\/p>\",\"62\":\"\",\"124\":\"54.464800000000004,-6.3360199999999995\",\"1\":\"\",\"35\":\"\",\"28\":\"\",\"16\":[\"21\"],\"17\":\"poster\",\"109\":[\"128\"],\"85\":\"\",\"96\":\"\",\"63\":\"none\",\"108\":\"\",\"64\":\"\",\"23\":\"\",\"3\":\"\",\"29\":\"_layout\"}}', '2014-10-03 13:54:30', '2014-10-03 13:54:30', 'c3dc4810-a2c7-4d13-bde2-1d29275c2973');
INSERT INTO `di_entryversions` (`id`, `entryId`, `sectionId`, `creatorId`, `locale`, `num`, `notes`, `data`, `dateCreated`, `dateUpdated`, `uid`) VALUES ('513', '3', '2', '1', 'en_gb', '12', '', '{\"typeId\":\"2\",\"authorId\":\"1\",\"title\":\"We just installed Craft!\",\"slug\":\"we-just-installed-craft\",\"postDate\":1409830080,\"expiryDate\":null,\"enabled\":1,\"fields\":{\"2\":\"\",\"14\":\"<p>Kaleta and Thomas grow maize, beans, cassava and potatoes on their farm land. Receiving a joint land certificate has given them security and peace of mind. Thomas tells us \\\"By having the cert, I know the land is ours and I am free from worry for the future.\\\" Now they own the land, cultivate and provide food for their children.<\\/p>\",\"62\":\"\",\"124\":\"54.464800000000004,-6.3360199999999995\",\"1\":\"\",\"35\":\"\",\"28\":\"\",\"16\":[\"21\"],\"17\":\"poster\",\"109\":[\"128\"],\"85\":[\"poster\"],\"96\":\"\",\"63\":\"none\",\"108\":\"\",\"64\":\"\",\"23\":\"\",\"3\":\"\",\"29\":\"_layout\"}}', '2014-10-03 13:54:46', '2014-10-03 13:54:46', 'b8943a92-7e0f-4d83-aee3-8fc2192015be');
INSERT INTO `di_entryversions` (`id`, `entryId`, `sectionId`, `creatorId`, `locale`, `num`, `notes`, `data`, `dateCreated`, `dateUpdated`, `uid`) VALUES ('514', '3', '2', '1', 'en_gb', '13', '', '{\"typeId\":\"2\",\"authorId\":\"1\",\"title\":\"We just installed Craft!\",\"slug\":\"we-just-installed-craft\",\"postDate\":1409830080,\"expiryDate\":null,\"enabled\":1,\"fields\":{\"2\":\"\",\"14\":\"<p>Kaleta and Thomas grow maize, beans, cassava and potatoes on their farm land. Receiving a joint land certificate has given them security and peace of mind. Thomas tells us \\\"By having the cert, I know the land is ours and I am free from worry for the future.\\\" Now they own the land, cultivate and provide food for their children.<\\/p>\",\"62\":\"\",\"124\":\"54.464800000000004,-6.3360199999999995\",\"1\":\"\",\"35\":\"\",\"28\":\"\",\"16\":[\"21\"],\"17\":\"poster\",\"109\":[\"128\"],\"85\":[\"poster\"],\"96\":\"\",\"63\":\"primary\",\"108\":\"\",\"64\":\"\",\"23\":\"\",\"3\":\"\",\"29\":\"_layout\"}}', '2014-10-03 13:56:30', '2014-10-03 13:56:30', '354a82c5-bdb9-48e6-9198-9956f5ea242d');
INSERT INTO `di_entryversions` (`id`, `entryId`, `sectionId`, `creatorId`, `locale`, `num`, `notes`, `data`, `dateCreated`, `dateUpdated`, `uid`) VALUES ('515', '3', '2', '1', 'en_gb', '14', '', '{\"typeId\":\"2\",\"authorId\":\"1\",\"title\":\"We just installed Craft!\",\"slug\":\"we-just-installed-craft\",\"postDate\":1409830080,\"expiryDate\":null,\"enabled\":1,\"fields\":{\"2\":\"\",\"14\":\"<p>Kaleta and Thomas grow maize, beans, cassava and potatoes on their farm land. Receiving a joint land certificate has given them security and peace of mind. Thomas tells us \\\"By having the cert, I know the land is ours and I am free from worry for the future.\\\" Now they own the land, cultivate and provide food for their children.<\\/p>\",\"62\":\"\",\"124\":\"54.464800000000004,-6.3360199999999995\",\"1\":\"\",\"35\":\"\",\"28\":\"\",\"16\":[\"21\"],\"17\":\"poster\",\"109\":[\"128\"],\"85\":[\"poster\",\"posterTitle\"],\"96\":\"\",\"63\":\"primary\",\"108\":\"\",\"64\":\"\",\"23\":\"\",\"3\":\"\",\"29\":\"_layout\"}}', '2014-10-03 14:04:35', '2014-10-03 14:04:35', 'c7dd76d9-b415-4dee-84b2-2c66b25e65f7');
INSERT INTO `di_entryversions` (`id`, `entryId`, `sectionId`, `creatorId`, `locale`, `num`, `notes`, `data`, `dateCreated`, `dateUpdated`, `uid`) VALUES ('516', '3', '2', '1', 'en_gb', '15', '', '{\"typeId\":\"2\",\"authorId\":\"1\",\"title\":\"We just installed Craft!\",\"slug\":\"we-just-installed-craft\",\"postDate\":1409830080,\"expiryDate\":null,\"enabled\":1,\"fields\":{\"2\":\"\",\"14\":\"<p>Kaleta and Thomas grow maize, beans, cassava and potatoes on their farm land. Receiving a joint land certificate has given them security and peace of mind. Thomas tells us \\\"By having the cert, I know the land is ours and I am free from worry for the future.\\\" Now they own the land, cultivate and provide food for their children.<\\/p>\",\"62\":\"\",\"124\":\"54.464800000000004,-6.3360199999999995\",\"1\":\"\",\"35\":\"\",\"28\":\"\",\"16\":[\"21\"],\"17\":\"poster\",\"109\":[\"128\"],\"85\":[\"poster\",\"posterTitle\"],\"96\":\"\",\"63\":\"primary\",\"108\":\"\",\"64\":\"\",\"23\":\"<p>Kaleta and Thomas grow maize, beans, cassava and potatoes on their farm land.<\\/p>\",\"3\":\"\",\"29\":\"_layout\"}}', '2014-10-03 14:21:18', '2014-10-03 14:21:18', '7bf23780-2dff-4f3d-90a2-e6e6ab5c8cef');
INSERT INTO `di_entryversions` (`id`, `entryId`, `sectionId`, `creatorId`, `locale`, `num`, `notes`, `data`, `dateCreated`, `dateUpdated`, `uid`) VALUES ('517', '2', '1', '1', 'en_gb', '114', '', '{\"typeId\":\"1\",\"authorId\":null,\"title\":\"Homepage\",\"slug\":\"homepage\",\"postDate\":1409830139,\"expiryDate\":null,\"enabled\":1,\"fields\":{\"2\":\"\",\"14\":\"<p>We believe Christian fellowship is divinely brought about by God for the purpose of displaying and advancing His Kingdom on earth, as Christians love one another and submit to the lordship of Christ, they show a picture of the heavenly realities that are to come.<\\/p>\",\"62\":[\"61\"],\"1\":\"Bringing hope, help and healing to a hurting world\",\"35\":{\"143\":{\"type\":\"entriesList\",\"enabled\":\"1\",\"fields\":{\"sectionTitle\":\"What\'s new\",\"bandStyle\":\"shade\",\"listStyle\":\"teaser-list\",\"entryTypes\":[\"events\",\"news\",\"products\",\"articles\"],\"limit\":\"4\",\"ministry\":\"\",\"place\":\"\",\"productCategory\":\"\",\"role\":\"\",\"join\":\"or\"}},\"141\":{\"type\":\"categoryItems\",\"enabled\":\"1\",\"fields\":{\"sectionTitle\":\"Shops\",\"bandStyle\":\"primary\",\"listStyle\":\"mini-list\",\"limit\":\"6\",\"ministry\":\"\",\"place\":[\"120\",\"121\",\"122\",\"123\",\"124\"],\"productCategory\":[\"136\",\"137\"],\"role\":\"\",\"join\":\"or\"}},\"142\":{\"type\":\"entryIndex\",\"enabled\":\"1\",\"fields\":{\"sectionTitle\":\"Of interest\",\"bandStyle\":\"primary\",\"listStyle\":\"teaser-list\",\"entries\":[\"114\",\"112\",\"3\",\"117\"]}}},\"28\":\"\",\"16\":\"\",\"17\":\"poster\",\"26\":\"\",\"125\":\"http:\\/\\/vimeo.com\\/104315167\",\"85\":[\"poster\",\"posterFullHeight\",\"posterTitle\"],\"63\":\"primary\",\"23\":\"\",\"29\":\"_layout\"}}', '2014-10-03 14:21:52', '2014-10-03 14:21:52', 'abe60061-4833-40ee-a602-39f1f2fcdf8f');
INSERT INTO `di_entryversions` (`id`, `entryId`, `sectionId`, `creatorId`, `locale`, `num`, `notes`, `data`, `dateCreated`, `dateUpdated`, `uid`) VALUES ('518', '2', '1', '1', 'en_gb', '115', '', '{\"typeId\":\"1\",\"authorId\":null,\"title\":\"Homepage\",\"slug\":\"homepage\",\"postDate\":1409830139,\"expiryDate\":null,\"enabled\":1,\"fields\":{\"2\":\"\",\"14\":\"<p>We believe Christian fellowship is divinely brought about by God for the purpose of displaying and advancing His Kingdom on earth, as Christians love one another and submit to the lordship of Christ, they show a picture of the heavenly realities that are to come.<\\/p>\",\"62\":[\"61\"],\"1\":\"Bringing hope, help and healing to a hurting world\",\"35\":{\"143\":{\"type\":\"entriesList\",\"enabled\":\"1\",\"fields\":{\"sectionTitle\":\"What\'s new\",\"bandStyle\":\"shade\",\"listStyle\":\"teaser-list\",\"entryTypes\":[\"events\",\"news\",\"products\",\"articles\"],\"limit\":\"4\",\"ministry\":\"\",\"place\":\"\",\"productCategory\":\"\",\"role\":\"\",\"join\":\"or\"}},\"141\":{\"type\":\"categoryItems\",\"enabled\":\"1\",\"fields\":{\"sectionTitle\":\"Shops\",\"bandStyle\":\"primary\",\"listStyle\":\"mini-list\",\"limit\":\"6\",\"ministry\":\"\",\"place\":[\"120\",\"121\",\"122\",\"123\",\"124\"],\"productCategory\":[\"136\",\"137\"],\"role\":\"\",\"join\":\"or\"}},\"142\":{\"type\":\"entryIndex\",\"enabled\":\"1\",\"fields\":{\"sectionTitle\":\"Of interest\",\"bandStyle\":\"primary\",\"listStyle\":\"teaser-list\",\"entries\":[\"114\",\"112\",\"3\",\"117\"]}}},\"28\":\"\",\"16\":\"\",\"17\":\"poster\",\"26\":\"\",\"125\":\"http:\\/\\/vimeo.com\\/104315167\",\"85\":[\"poster\",\"posterFullHeight\",\"posterTitle\"],\"63\":\"secondary\",\"23\":\"\",\"29\":\"_layout\"}}', '2014-10-03 14:23:17', '2014-10-03 14:23:17', '0bf475af-9b15-4a82-a091-b56be4ce70d1');
INSERT INTO `di_entryversions` (`id`, `entryId`, `sectionId`, `creatorId`, `locale`, `num`, `notes`, `data`, `dateCreated`, `dateUpdated`, `uid`) VALUES ('519', '2', '1', '1', 'en_gb', '116', '', '{\"typeId\":\"1\",\"authorId\":null,\"title\":\"Homepage\",\"slug\":\"homepage\",\"postDate\":1409830139,\"expiryDate\":null,\"enabled\":1,\"fields\":{\"2\":\"\",\"14\":\"<p>We believe Christian fellowship is divinely brought about by God for the purpose of displaying and advancing His Kingdom on earth, as Christians love one another and submit to the lordship of Christ, they show a picture of the heavenly realities that are to come.<\\/p>\",\"62\":[\"61\"],\"1\":\"Bringing hope, help and healing to a hurting world\",\"35\":{\"143\":{\"type\":\"entriesList\",\"enabled\":\"1\",\"fields\":{\"sectionTitle\":\"What\'s new\",\"bandStyle\":\"shade\",\"listStyle\":\"teaser-list\",\"entryTypes\":[\"events\",\"news\",\"products\",\"articles\"],\"limit\":\"4\",\"ministry\":\"\",\"place\":\"\",\"productCategory\":\"\",\"role\":\"\",\"join\":\"or\"}},\"141\":{\"type\":\"categoryItems\",\"enabled\":\"1\",\"fields\":{\"sectionTitle\":\"Shops\",\"bandStyle\":\"shade\",\"listStyle\":\"mini-list\",\"limit\":\"6\",\"ministry\":\"\",\"place\":[\"120\",\"121\",\"122\",\"123\",\"124\"],\"productCategory\":[\"136\",\"137\"],\"role\":\"\",\"join\":\"or\"}},\"142\":{\"type\":\"entryIndex\",\"enabled\":\"1\",\"fields\":{\"sectionTitle\":\"Of interest\",\"bandStyle\":\"primary\",\"listStyle\":\"teaser-list\",\"entries\":[\"114\",\"112\",\"3\",\"117\"]}}},\"28\":\"\",\"16\":\"\",\"17\":\"poster\",\"26\":\"\",\"125\":\"http:\\/\\/vimeo.com\\/104315167\",\"85\":[\"poster\",\"posterFullHeight\",\"posterTitle\"],\"63\":\"secondary\",\"23\":\"\",\"29\":\"_layout\"}}', '2014-10-03 14:27:31', '2014-10-03 14:27:31', '4d936017-eaa1-4c30-84b6-a38eb56942c1');
INSERT INTO `di_entryversions` (`id`, `entryId`, `sectionId`, `creatorId`, `locale`, `num`, `notes`, `data`, `dateCreated`, `dateUpdated`, `uid`) VALUES ('520', '2', '1', '1', 'en_gb', '117', '', '{\"typeId\":\"1\",\"authorId\":null,\"title\":\"Homepage\",\"slug\":\"homepage\",\"postDate\":1409830139,\"expiryDate\":null,\"enabled\":1,\"fields\":{\"2\":\"\",\"14\":\"<p>We believe Christian fellowship is divinely brought about by God for the purpose of displaying and advancing His Kingdom on earth, as Christians love one another and submit to the lordship of Christ, they show a picture of the heavenly realities that are to come.<\\/p>\",\"62\":[\"61\"],\"1\":\"Bringing hope, help and healing to a hurting world\",\"35\":{\"143\":{\"type\":\"entriesList\",\"enabled\":\"1\",\"fields\":{\"sectionTitle\":\"What\'s new\",\"bandStyle\":\"shade\",\"listStyle\":\"teaser-list\",\"entryTypes\":[\"events\",\"news\",\"products\",\"articles\"],\"limit\":\"4\",\"ministry\":\"\",\"place\":\"\",\"productCategory\":\"\",\"role\":\"\",\"join\":\"or\"}},\"141\":{\"type\":\"categoryItems\",\"enabled\":\"1\",\"fields\":{\"sectionTitle\":\"Shops\",\"bandStyle\":\"shade\",\"listStyle\":\"mini-list\",\"limit\":\"6\",\"ministry\":\"\",\"place\":[\"120\",\"121\",\"122\",\"123\",\"124\"],\"productCategory\":[\"136\",\"137\"],\"role\":\"\",\"join\":\"or\"}},\"142\":{\"type\":\"entryIndex\",\"enabled\":\"1\",\"fields\":{\"sectionTitle\":\"Of interest\",\"bandStyle\":\"primary\",\"listStyle\":\"teaser-list\",\"entries\":[\"114\",\"112\",\"3\",\"117\"]}}},\"28\":\"\",\"16\":\"\",\"125\":\"http:\\/\\/vimeo.com\\/104315167\",\"85\":[\"poster\",\"posterFullHeight\",\"posterTitle\"],\"63\":\"secondary\",\"23\":\"\",\"29\":\"_layout\"}}', '2014-10-03 14:35:47', '2014-10-03 14:35:47', '3b4ae730-d25a-4fa4-ad77-529ed9da32dd');
INSERT INTO `di_entryversions` (`id`, `entryId`, `sectionId`, `creatorId`, `locale`, `num`, `notes`, `data`, `dateCreated`, `dateUpdated`, `uid`) VALUES ('521', '2', '1', '1', 'en_gb', '118', '', '{\"typeId\":\"1\",\"authorId\":null,\"title\":\"Homepage\",\"slug\":\"homepage\",\"postDate\":1409830139,\"expiryDate\":null,\"enabled\":1,\"fields\":{\"2\":\"\",\"14\":\"<p>We believe Christian fellowship is divinely brought about by God for the purpose of displaying and advancing His Kingdom on earth, as Christians love one another and submit to the lordship of Christ, they show a picture of the heavenly realities that are to come.<\\/p>\",\"62\":[\"61\"],\"1\":\"Bringing hope, help and healing to a hurting world\",\"35\":{\"143\":{\"type\":\"entriesList\",\"enabled\":\"1\",\"fields\":{\"sectionTitle\":\"What\'s new\",\"bandStyle\":\"shade\",\"listStyle\":\"teaser-list\",\"entryTypes\":[\"events\",\"news\",\"products\",\"articles\"],\"limit\":\"4\",\"ministry\":\"\",\"place\":\"\",\"productCategory\":\"\",\"role\":\"\",\"join\":\"or\"}},\"141\":{\"type\":\"categoryItems\",\"enabled\":\"1\",\"fields\":{\"sectionTitle\":\"Shops\",\"bandStyle\":\"shade\",\"listStyle\":\"mini-list\",\"limit\":\"6\",\"ministry\":\"\",\"place\":[\"120\",\"121\",\"122\",\"123\",\"124\"],\"productCategory\":[\"136\",\"137\"],\"role\":\"\",\"join\":\"or\"}},\"142\":{\"type\":\"entryIndex\",\"enabled\":\"1\",\"fields\":{\"sectionTitle\":\"Of interest\",\"bandStyle\":\"primary\",\"listStyle\":\"teaser-list\",\"entries\":[\"114\",\"112\",\"3\",\"117\"]}}},\"28\":\"\",\"16\":\"\",\"125\":\"http:\\/\\/vimeo.com\\/104315167\",\"85\":[\"poster\",\"posterFullHeight\"],\"63\":\"secondary\",\"23\":\"\",\"29\":\"_layout\"}}', '2014-10-03 14:38:24', '2014-10-03 14:38:24', '4594ce67-74ff-448b-8dfe-12caee8d24d6');
INSERT INTO `di_entryversions` (`id`, `entryId`, `sectionId`, `creatorId`, `locale`, `num`, `notes`, `data`, `dateCreated`, `dateUpdated`, `uid`) VALUES ('522', '126', '13', '1', 'en_gb', '30', '', '{\"typeId\":\"14\",\"authorId\":\"1\",\"title\":\"Tin House Portadown\",\"slug\":\"tin-house-portadown\",\"postDate\":1412090940,\"expiryDate\":null,\"enabled\":1,\"fields\":{\"50\":[{\"col1\":\"16a Church Street\",\"col2\":\"Portadown\",\"col3\":\"County Armagh\",\"col4\":\"BT62 3LQ \",\"col5\":\"Northern Ireland\",\"col6\":\"\"}],\"2\":\"\",\"14\":\"\",\"126\":[{\"col1\":\"Telephone\",\"col2\":\"028 3812 3456\",\"col3\":\"\"}],\"62\":[\"65\"],\"124\":\"54.464800000000004,-6.3360199999999995\",\"1\":\"Tin House Coffee\",\"35\":{\"134\":{\"type\":\"entryIndex\",\"enabled\":\"1\",\"fields\":{\"sectionTitle\":\"Key People\",\"bandStyle\":\"shade\",\"listStyle\":\"article-list\",\"entries\":[\"117\"]}},\"127\":{\"type\":\"categoryItems\",\"enabled\":\"1\",\"fields\":{\"sectionTitle\":\"Other Places\",\"bandStyle\":\"primary\",\"listStyle\":\"article-list\",\"limit\":\"1\",\"ministry\":\"\",\"place\":[\"120\"],\"productCategory\":\"\",\"role\":\"\",\"join\":\"or\"}}},\"93\":[{\"col1\":\"\",\"col2\":\"\",\"col3\":\"\"}],\"28\":\"\",\"16\":[\"146\"],\"51\":\"{\\\"markers\\\":[{\\\"isNew\\\":false,\\\"isSavedToMap\\\":true,\\\"title\\\":\\\"\\\",\\\"distance\\\":false,\\\"icon\\\":\\\"\\\",\\\"lat\\\":54.4219197,\\\"lng\\\":-6.4451233,\\\"content\\\":\\\"16 Church Street<br> Portadown<br> Craigavon<br> Craigavon BT62 3LN<br> UK\\\",\\\"customContent\\\":false,\\\"address\\\":\\\"16 Church Street, Portadown, Craigavon, Craigavon BT62 3LN, UK\\\",\\\"addressComponents\\\":[{\\\"long_name\\\":\\\"16\\\",\\\"short_name\\\":\\\"16\\\",\\\"types\\\":[\\\"street_number\\\"]},{\\\"long_name\\\":\\\"Church Street\\\",\\\"short_name\\\":\\\"Church St\\\",\\\"types\\\":[\\\"route\\\"]},{\\\"long_name\\\":\\\"Portadown\\\",\\\"short_name\\\":\\\"Portadown\\\",\\\"types\\\":[\\\"locality\\\",\\\"political\\\"]},{\\\"long_name\\\":\\\"Craigavon\\\",\\\"short_name\\\":\\\"Craigavon\\\",\\\"types\\\":[\\\"postal_town\\\"]},{\\\"long_name\\\":\\\"Craigavon\\\",\\\"short_name\\\":\\\"Craigavon\\\",\\\"types\\\":[\\\"administrative_area_level_2\\\",\\\"political\\\"]},{\\\"long_name\\\":\\\"United Kingdom\\\",\\\"short_name\\\":\\\"GB\\\",\\\"types\\\":[\\\"country\\\",\\\"political\\\"]},{\\\"long_name\\\":\\\"BT62 3LN\\\",\\\"short_name\\\":\\\"BT62 3LN\\\",\\\"types\\\":[\\\"postal_code\\\"]}],\\\"locationId\\\":\\\"2\\\",\\\"elementId\\\":\\\"126\\\",\\\"deleted\\\":false}],\\\"polygons\\\":[],\\\"polylines\\\":[],\\\"routes\\\":[],\\\"circles\\\":[],\\\"groundOverlays\\\":[]}\",\"85\":[\"poster\"],\"96\":[\"122\"],\"63\":\"secondary\",\"64\":\"\",\"23\":\"<p>Portadown<\\/p>\",\"3\":\"\",\"29\":\"_layout-tinhouse\"}}', '2014-10-03 14:41:16', '2014-10-03 14:41:16', 'b4fadf20-99e8-4b54-b438-86fc7bd438ee');
INSERT INTO `di_entryversions` (`id`, `entryId`, `sectionId`, `creatorId`, `locale`, `num`, `notes`, `data`, `dateCreated`, `dateUpdated`, `uid`) VALUES ('523', '126', '13', '1', 'en_gb', '31', '', '{\"typeId\":\"14\",\"authorId\":\"1\",\"title\":\"Tin House Portadown\",\"slug\":\"tin-house-portadown\",\"postDate\":1412090940,\"expiryDate\":null,\"enabled\":1,\"fields\":{\"50\":[{\"col1\":\"16a Church Street\",\"col2\":\"Portadown\",\"col3\":\"County Armagh\",\"col4\":\"BT62 3LQ \",\"col5\":\"Northern Ireland\",\"col6\":\"\"}],\"2\":\"\",\"14\":\"\",\"126\":[{\"col1\":\"Telephone\",\"col2\":\"028 3812 3456\",\"col3\":\"\"}],\"62\":[\"65\"],\"124\":\"54.464800000000004,-6.3360199999999995\",\"1\":\"Tin House Coffee\",\"35\":{\"134\":{\"type\":\"entryIndex\",\"enabled\":\"1\",\"fields\":{\"sectionTitle\":\"Key People\",\"bandStyle\":\"shade\",\"listStyle\":\"teaser-list\",\"entries\":[\"117\"]}},\"127\":{\"type\":\"categoryItems\",\"enabled\":\"1\",\"fields\":{\"sectionTitle\":\"Other Places\",\"bandStyle\":\"primary\",\"listStyle\":\"article-list\",\"limit\":\"1\",\"ministry\":\"\",\"place\":[\"120\"],\"productCategory\":\"\",\"role\":\"\",\"join\":\"or\"}}},\"93\":[{\"col1\":\"\",\"col2\":\"\",\"col3\":\"\"}],\"28\":\"\",\"16\":[\"146\"],\"51\":\"{\\\"markers\\\":[{\\\"isNew\\\":false,\\\"isSavedToMap\\\":true,\\\"title\\\":\\\"\\\",\\\"distance\\\":false,\\\"icon\\\":\\\"\\\",\\\"lat\\\":54.4219197,\\\"lng\\\":-6.4451233,\\\"content\\\":\\\"16 Church Street<br> Portadown<br> Craigavon<br> Craigavon BT62 3LN<br> UK\\\",\\\"customContent\\\":false,\\\"address\\\":\\\"16 Church Street, Portadown, Craigavon, Craigavon BT62 3LN, UK\\\",\\\"addressComponents\\\":[{\\\"long_name\\\":\\\"16\\\",\\\"short_name\\\":\\\"16\\\",\\\"types\\\":[\\\"street_number\\\"]},{\\\"long_name\\\":\\\"Church Street\\\",\\\"short_name\\\":\\\"Church St\\\",\\\"types\\\":[\\\"route\\\"]},{\\\"long_name\\\":\\\"Portadown\\\",\\\"short_name\\\":\\\"Portadown\\\",\\\"types\\\":[\\\"locality\\\",\\\"political\\\"]},{\\\"long_name\\\":\\\"Craigavon\\\",\\\"short_name\\\":\\\"Craigavon\\\",\\\"types\\\":[\\\"postal_town\\\"]},{\\\"long_name\\\":\\\"Craigavon\\\",\\\"short_name\\\":\\\"Craigavon\\\",\\\"types\\\":[\\\"administrative_area_level_2\\\",\\\"political\\\"]},{\\\"long_name\\\":\\\"United Kingdom\\\",\\\"short_name\\\":\\\"GB\\\",\\\"types\\\":[\\\"country\\\",\\\"political\\\"]},{\\\"long_name\\\":\\\"BT62 3LN\\\",\\\"short_name\\\":\\\"BT62 3LN\\\",\\\"types\\\":[\\\"postal_code\\\"]}],\\\"locationId\\\":\\\"2\\\",\\\"elementId\\\":\\\"126\\\",\\\"deleted\\\":false}],\\\"polygons\\\":[],\\\"polylines\\\":[],\\\"routes\\\":[],\\\"circles\\\":[],\\\"groundOverlays\\\":[]}\",\"85\":[\"poster\"],\"96\":[\"122\"],\"63\":\"secondary\",\"64\":\"\",\"23\":\"<p>Portadown<\\/p>\",\"3\":\"\",\"29\":\"_layout-tinhouse\"}}', '2014-10-03 14:42:21', '2014-10-03 14:42:21', 'e1dcc7a3-a3ab-4d35-ae15-80314c7434b4');
INSERT INTO `di_entryversions` (`id`, `entryId`, `sectionId`, `creatorId`, `locale`, `num`, `notes`, `data`, `dateCreated`, `dateUpdated`, `uid`) VALUES ('524', '126', '13', '1', 'en_gb', '32', '', '{\"typeId\":\"14\",\"authorId\":\"1\",\"title\":\"Tin House Portadown\",\"slug\":\"tin-house-portadown\",\"postDate\":1412090940,\"expiryDate\":null,\"enabled\":1,\"fields\":{\"50\":[{\"col1\":\"16a Church Street\",\"col2\":\"Portadown\",\"col3\":\"County Armagh\",\"col4\":\"BT62 3LQ \",\"col5\":\"Northern Ireland\",\"col6\":\"\"}],\"2\":\"\",\"14\":\"\",\"126\":[{\"col1\":\"Telephone\",\"col2\":\"028 3812 3456\",\"col3\":\"\"}],\"62\":[\"65\"],\"124\":\"54.464800000000004,-6.3360199999999995\",\"1\":\"Tin House Coffee\",\"35\":{\"134\":{\"type\":\"entryIndex\",\"enabled\":\"1\",\"fields\":{\"sectionTitle\":\"Key People\",\"bandStyle\":\"shade\",\"listStyle\":\"teaser-list\",\"entries\":[\"117\"]}},\"127\":{\"type\":\"categoryItems\",\"enabled\":\"1\",\"fields\":{\"sectionTitle\":\"Other Places\",\"bandStyle\":\"primary\",\"listStyle\":\"mini-list\",\"limit\":\"1\",\"ministry\":\"\",\"place\":[\"120\"],\"productCategory\":\"\",\"role\":\"\",\"join\":\"or\"}}},\"93\":[{\"col1\":\"\",\"col2\":\"\",\"col3\":\"\"}],\"28\":\"\",\"16\":[\"146\"],\"51\":\"{\\\"markers\\\":[{\\\"isNew\\\":false,\\\"isSavedToMap\\\":true,\\\"title\\\":\\\"\\\",\\\"distance\\\":false,\\\"icon\\\":\\\"\\\",\\\"lat\\\":54.4219197,\\\"lng\\\":-6.4451233,\\\"content\\\":\\\"16 Church Street<br> Portadown<br> Craigavon<br> Craigavon BT62 3LN<br> UK\\\",\\\"customContent\\\":false,\\\"address\\\":\\\"16 Church Street, Portadown, Craigavon, Craigavon BT62 3LN, UK\\\",\\\"addressComponents\\\":[{\\\"long_name\\\":\\\"16\\\",\\\"short_name\\\":\\\"16\\\",\\\"types\\\":[\\\"street_number\\\"]},{\\\"long_name\\\":\\\"Church Street\\\",\\\"short_name\\\":\\\"Church St\\\",\\\"types\\\":[\\\"route\\\"]},{\\\"long_name\\\":\\\"Portadown\\\",\\\"short_name\\\":\\\"Portadown\\\",\\\"types\\\":[\\\"locality\\\",\\\"political\\\"]},{\\\"long_name\\\":\\\"Craigavon\\\",\\\"short_name\\\":\\\"Craigavon\\\",\\\"types\\\":[\\\"postal_town\\\"]},{\\\"long_name\\\":\\\"Craigavon\\\",\\\"short_name\\\":\\\"Craigavon\\\",\\\"types\\\":[\\\"administrative_area_level_2\\\",\\\"political\\\"]},{\\\"long_name\\\":\\\"United Kingdom\\\",\\\"short_name\\\":\\\"GB\\\",\\\"types\\\":[\\\"country\\\",\\\"political\\\"]},{\\\"long_name\\\":\\\"BT62 3LN\\\",\\\"short_name\\\":\\\"BT62 3LN\\\",\\\"types\\\":[\\\"postal_code\\\"]}],\\\"locationId\\\":\\\"2\\\",\\\"elementId\\\":\\\"126\\\",\\\"deleted\\\":false}],\\\"polygons\\\":[],\\\"polylines\\\":[],\\\"routes\\\":[],\\\"circles\\\":[],\\\"groundOverlays\\\":[]}\",\"85\":[\"poster\"],\"96\":[\"122\"],\"63\":\"secondary\",\"64\":\"\",\"23\":\"<p>Portadown<\\/p>\",\"3\":\"\",\"29\":\"_layout-tinhouse\"}}', '2014-10-03 14:42:38', '2014-10-03 14:42:38', 'fb0f0de4-65fa-4338-96c4-26dc06d61e16');
INSERT INTO `di_entryversions` (`id`, `entryId`, `sectionId`, `creatorId`, `locale`, `num`, `notes`, `data`, `dateCreated`, `dateUpdated`, `uid`) VALUES ('525', '126', '13', '1', 'en_gb', '33', '', '{\"typeId\":\"14\",\"authorId\":\"1\",\"title\":\"Tin House Portadown\",\"slug\":\"tin-house-portadown\",\"postDate\":1412090940,\"expiryDate\":null,\"enabled\":1,\"fields\":{\"50\":[{\"col1\":\"16a Church Street\",\"col2\":\"Portadown\",\"col3\":\"County Armagh\",\"col4\":\"BT62 3LQ \",\"col5\":\"Northern Ireland\",\"col6\":\"\"}],\"2\":\"\",\"14\":\"\",\"126\":[{\"col1\":\"Telephone\",\"col2\":\"028 3812 3456\",\"col3\":\"\"}],\"62\":[\"65\"],\"124\":\"54.464800000000004,-6.3360199999999995\",\"1\":\"Tin House Coffee\",\"35\":{\"134\":{\"type\":\"entryIndex\",\"enabled\":\"1\",\"fields\":{\"sectionTitle\":\"Key People\",\"bandStyle\":\"shade\",\"listStyle\":\"teaser-list\",\"entries\":[\"117\"]}},\"127\":{\"type\":\"categoryItems\",\"enabled\":\"1\",\"fields\":{\"sectionTitle\":\"Other Places\",\"bandStyle\":\"primary\",\"listStyle\":\"mini-list\",\"limit\":\"1\",\"ministry\":\"\",\"place\":[\"120\"],\"productCategory\":\"\",\"role\":\"\",\"join\":\"or\"}}},\"93\":[{\"col1\":\"\",\"col2\":\"\",\"col3\":\"\"}],\"28\":\"\",\"16\":[\"146\"],\"51\":\"{\\\"markers\\\":[{\\\"isNew\\\":false,\\\"isSavedToMap\\\":true,\\\"title\\\":\\\"\\\",\\\"distance\\\":false,\\\"icon\\\":\\\"\\\",\\\"lat\\\":54.4219197,\\\"lng\\\":-6.4451233,\\\"content\\\":\\\"16 Church Street<br> Portadown<br> Craigavon<br> Craigavon BT62 3LN<br> UK\\\",\\\"customContent\\\":false,\\\"address\\\":\\\"16 Church Street, Portadown, Craigavon, Craigavon BT62 3LN, UK\\\",\\\"addressComponents\\\":[{\\\"long_name\\\":\\\"16\\\",\\\"short_name\\\":\\\"16\\\",\\\"types\\\":[\\\"street_number\\\"]},{\\\"long_name\\\":\\\"Church Street\\\",\\\"short_name\\\":\\\"Church St\\\",\\\"types\\\":[\\\"route\\\"]},{\\\"long_name\\\":\\\"Portadown\\\",\\\"short_name\\\":\\\"Portadown\\\",\\\"types\\\":[\\\"locality\\\",\\\"political\\\"]},{\\\"long_name\\\":\\\"Craigavon\\\",\\\"short_name\\\":\\\"Craigavon\\\",\\\"types\\\":[\\\"postal_town\\\"]},{\\\"long_name\\\":\\\"Craigavon\\\",\\\"short_name\\\":\\\"Craigavon\\\",\\\"types\\\":[\\\"administrative_area_level_2\\\",\\\"political\\\"]},{\\\"long_name\\\":\\\"United Kingdom\\\",\\\"short_name\\\":\\\"GB\\\",\\\"types\\\":[\\\"country\\\",\\\"political\\\"]},{\\\"long_name\\\":\\\"BT62 3LN\\\",\\\"short_name\\\":\\\"BT62 3LN\\\",\\\"types\\\":[\\\"postal_code\\\"]}],\\\"locationId\\\":\\\"2\\\",\\\"elementId\\\":\\\"126\\\",\\\"deleted\\\":false}],\\\"polygons\\\":[],\\\"polylines\\\":[],\\\"routes\\\":[],\\\"circles\\\":[],\\\"groundOverlays\\\":[]}\",\"85\":[\"poster\",\"posterTitle\"],\"96\":[\"122\"],\"63\":\"secondary\",\"64\":\"\",\"23\":\"<p>Portadown<\\/p>\",\"3\":\"\",\"29\":\"_layout-tinhouse\"}}', '2014-10-03 14:52:34', '2014-10-03 14:52:34', '414d072e-809f-4203-9fcb-cd39f5fe87b6');
INSERT INTO `di_entryversions` (`id`, `entryId`, `sectionId`, `creatorId`, `locale`, `num`, `notes`, `data`, `dateCreated`, `dateUpdated`, `uid`) VALUES ('526', '126', '13', '1', 'en_gb', '34', '', '{\"typeId\":\"14\",\"authorId\":\"1\",\"title\":\"Tin House Portadown\",\"slug\":\"tin-house-portadown\",\"postDate\":1412090940,\"expiryDate\":null,\"enabled\":1,\"fields\":{\"50\":[{\"col1\":\"16a Church Street\",\"col2\":\"Portadown\",\"col3\":\"County Armagh\",\"col4\":\"BT62 3LQ \",\"col5\":\"Northern Ireland\",\"col6\":\"\"}],\"2\":\"\",\"14\":\"\",\"126\":[{\"col1\":\"Telephone\",\"col2\":\"028 3812 3456\",\"col3\":\"\"}],\"62\":[\"65\"],\"124\":\"54.464800000000004,-6.3360199999999995\",\"1\":\"Tin House Coffee\",\"35\":{\"134\":{\"type\":\"entryIndex\",\"enabled\":\"1\",\"fields\":{\"sectionTitle\":\"Key People\",\"bandStyle\":\"shade\",\"listStyle\":\"teaser-list\",\"entries\":[\"117\"]}},\"127\":{\"type\":\"categoryItems\",\"enabled\":\"1\",\"fields\":{\"sectionTitle\":\"Other Places\",\"bandStyle\":\"primary\",\"listStyle\":\"mini-list\",\"limit\":\"1\",\"ministry\":\"\",\"place\":[\"120\"],\"productCategory\":\"\",\"role\":\"\",\"join\":\"or\"}}},\"93\":[{\"col1\":\"\",\"col2\":\"\",\"col3\":\"\"}],\"28\":\"\",\"16\":[\"146\"],\"51\":\"{\\\"markers\\\":[{\\\"isNew\\\":false,\\\"isSavedToMap\\\":true,\\\"title\\\":\\\"\\\",\\\"distance\\\":false,\\\"icon\\\":\\\"\\\",\\\"lat\\\":54.4219197,\\\"lng\\\":-6.4451233,\\\"content\\\":\\\"16 Church Street<br> Portadown<br> Craigavon<br> Craigavon BT62 3LN<br> UK\\\",\\\"customContent\\\":false,\\\"address\\\":\\\"16 Church Street, Portadown, Craigavon, Craigavon BT62 3LN, UK\\\",\\\"addressComponents\\\":[{\\\"long_name\\\":\\\"16\\\",\\\"short_name\\\":\\\"16\\\",\\\"types\\\":[\\\"street_number\\\"]},{\\\"long_name\\\":\\\"Church Street\\\",\\\"short_name\\\":\\\"Church St\\\",\\\"types\\\":[\\\"route\\\"]},{\\\"long_name\\\":\\\"Portadown\\\",\\\"short_name\\\":\\\"Portadown\\\",\\\"types\\\":[\\\"locality\\\",\\\"political\\\"]},{\\\"long_name\\\":\\\"Craigavon\\\",\\\"short_name\\\":\\\"Craigavon\\\",\\\"types\\\":[\\\"postal_town\\\"]},{\\\"long_name\\\":\\\"Craigavon\\\",\\\"short_name\\\":\\\"Craigavon\\\",\\\"types\\\":[\\\"administrative_area_level_2\\\",\\\"political\\\"]},{\\\"long_name\\\":\\\"United Kingdom\\\",\\\"short_name\\\":\\\"GB\\\",\\\"types\\\":[\\\"country\\\",\\\"political\\\"]},{\\\"long_name\\\":\\\"BT62 3LN\\\",\\\"short_name\\\":\\\"BT62 3LN\\\",\\\"types\\\":[\\\"postal_code\\\"]}],\\\"locationId\\\":\\\"2\\\",\\\"elementId\\\":\\\"126\\\",\\\"deleted\\\":false}],\\\"polygons\\\":[],\\\"polylines\\\":[],\\\"routes\\\":[],\\\"circles\\\":[],\\\"groundOverlays\\\":[]}\",\"85\":[\"poster\"],\"96\":[\"122\"],\"63\":\"secondary\",\"64\":\"\",\"23\":\"<p>Portadown<\\/p>\",\"3\":\"\",\"29\":\"_layout-tinhouse\"}}', '2014-10-03 14:52:50', '2014-10-03 14:52:50', '9a842733-1a64-4ef0-9166-29801dcbb550');
INSERT INTO `di_entryversions` (`id`, `entryId`, `sectionId`, `creatorId`, `locale`, `num`, `notes`, `data`, `dateCreated`, `dateUpdated`, `uid`) VALUES ('527', '126', '13', '1', 'en_gb', '35', '', '{\"typeId\":\"14\",\"authorId\":\"1\",\"title\":\"Tin House Portadown\",\"slug\":\"tin-house-portadown\",\"postDate\":1412090940,\"expiryDate\":null,\"enabled\":1,\"fields\":{\"50\":[{\"col1\":\"16a Church Street\",\"col2\":\"Portadown\",\"col3\":\"County Armagh\",\"col4\":\"BT62 3LQ \",\"col5\":\"Northern Ireland\",\"col6\":\"\"}],\"2\":{\"new1\":{\"type\":\"text\",\"enabled\":\"1\",\"fields\":{\"text\":\"<p>The Department of Social Development (DSD) in Northern Ireland is launching a new piece of legislation in relation to Landlords. From the 25th February 2014 \\u2018The Landlord Registration Scheme Regulations (NI) 2012\\u2019 will be in operation. This legislation requires all Landlords who let properties under a private tenancy to register under the scheme.<\\/p><p>Landlords must register with the scheme immediately for tenancies commencing on or after the 25th February 2014. For all other existing tenancies, Landlords have 12 months to register (i.e. before 24th February 2015). Each registration lasts for three years, and costs \\u00a370.00 for an online submission and \\u00a380.00 for a paper submission.<\\/p><p>Landlords who are set up as a company and those who have a \\u2018House of Multiple Occupancy\\u2019 Licence will be exempt from paying the registration fee. On completion of the Landlord Registration, the Registrar will issue a Certificate of Registration to confirm compliance with the scheme.<\\/p><p>Who is a \\u2018Landlord\\u2019? For the purposes of this new legislation, a \\u2018Landlord\\u2019 is anybody who receives rent for accommodation. This encompasses a wide range of situations, including renting a property for short period of time. For example, renting your property while on holiday or having a lodger renting a room. All these situations create a private tenancy, thus you are considered a \\u2018Landlord\\u2019 liable for registration.<\\/p>\"}}},\"14\":\"\",\"126\":[{\"col1\":\"Telephone\",\"col2\":\"028 3812 3456\",\"col3\":\"\"}],\"62\":[\"65\"],\"124\":\"54.464800000000004,-6.3360199999999995\",\"1\":\"Tin House Coffee\",\"35\":{\"134\":{\"type\":\"entryIndex\",\"enabled\":\"1\",\"fields\":{\"sectionTitle\":\"Key People\",\"bandStyle\":\"shade\",\"listStyle\":\"teaser-list\",\"entries\":[\"117\"]}},\"127\":{\"type\":\"categoryItems\",\"enabled\":\"1\",\"fields\":{\"sectionTitle\":\"Other Places\",\"bandStyle\":\"primary\",\"listStyle\":\"mini-list\",\"limit\":\"1\",\"ministry\":\"\",\"place\":[\"120\"],\"productCategory\":\"\",\"role\":\"\",\"join\":\"or\"}}},\"93\":[{\"col1\":\"\",\"col2\":\"\",\"col3\":\"\"}],\"28\":\"\",\"16\":[\"146\"],\"51\":\"{\\\"markers\\\":[{\\\"isNew\\\":false,\\\"isSavedToMap\\\":true,\\\"title\\\":\\\"\\\",\\\"distance\\\":false,\\\"icon\\\":\\\"\\\",\\\"lat\\\":54.4219197,\\\"lng\\\":-6.4451233,\\\"content\\\":\\\"16 Church Street<br> Portadown<br> Craigavon<br> Craigavon BT62 3LN<br> UK\\\",\\\"customContent\\\":false,\\\"address\\\":\\\"16 Church Street, Portadown, Craigavon, Craigavon BT62 3LN, UK\\\",\\\"addressComponents\\\":[{\\\"long_name\\\":\\\"16\\\",\\\"short_name\\\":\\\"16\\\",\\\"types\\\":[\\\"street_number\\\"]},{\\\"long_name\\\":\\\"Church Street\\\",\\\"short_name\\\":\\\"Church St\\\",\\\"types\\\":[\\\"route\\\"]},{\\\"long_name\\\":\\\"Portadown\\\",\\\"short_name\\\":\\\"Portadown\\\",\\\"types\\\":[\\\"locality\\\",\\\"political\\\"]},{\\\"long_name\\\":\\\"Craigavon\\\",\\\"short_name\\\":\\\"Craigavon\\\",\\\"types\\\":[\\\"postal_town\\\"]},{\\\"long_name\\\":\\\"Craigavon\\\",\\\"short_name\\\":\\\"Craigavon\\\",\\\"types\\\":[\\\"administrative_area_level_2\\\",\\\"political\\\"]},{\\\"long_name\\\":\\\"United Kingdom\\\",\\\"short_name\\\":\\\"GB\\\",\\\"types\\\":[\\\"country\\\",\\\"political\\\"]},{\\\"long_name\\\":\\\"BT62 3LN\\\",\\\"short_name\\\":\\\"BT62 3LN\\\",\\\"types\\\":[\\\"postal_code\\\"]}],\\\"locationId\\\":\\\"2\\\",\\\"elementId\\\":\\\"126\\\",\\\"deleted\\\":false}],\\\"polygons\\\":[],\\\"polylines\\\":[],\\\"routes\\\":[],\\\"circles\\\":[],\\\"groundOverlays\\\":[]}\",\"85\":[\"poster\"],\"96\":[\"122\"],\"63\":\"secondary\",\"64\":\"\",\"23\":\"<p>Portadown<\\/p>\",\"3\":\"\",\"29\":\"_layout-tinhouse\"}}', '2014-10-03 15:08:32', '2014-10-03 15:08:32', '1624e149-d6a3-4d0f-9361-b4c3a3c4f87a');
INSERT INTO `di_entryversions` (`id`, `entryId`, `sectionId`, `creatorId`, `locale`, `num`, `notes`, `data`, `dateCreated`, `dateUpdated`, `uid`) VALUES ('528', '2', '1', '1', 'en_gb', '119', '', '{\"typeId\":\"1\",\"authorId\":null,\"title\":\"Homepage\",\"slug\":\"homepage\",\"postDate\":1409830139,\"expiryDate\":null,\"enabled\":1,\"fields\":{\"2\":\"\",\"14\":\"<p>We believe Christian fellowship is divinely brought about by God for the purpose of displaying and advancing His Kingdom on earth, as Christians love one another and submit to the lordship of Christ, they show a picture of the heavenly realities that are to come.<\\/p>\",\"62\":[\"61\"],\"1\":\"Bringing hope, help and healing to a hurting world\",\"35\":{\"143\":{\"type\":\"entriesList\",\"enabled\":\"1\",\"fields\":{\"sectionTitle\":\"What\'s new\",\"bandStyle\":\"shade\",\"listStyle\":\"teaser-list\",\"entryTypes\":[\"events\",\"news\",\"products\",\"articles\"],\"limit\":\"4\",\"ministry\":\"\",\"place\":\"\",\"productCategory\":\"\",\"role\":\"\",\"join\":\"or\"}},\"141\":{\"type\":\"categoryItems\",\"enabled\":\"1\",\"fields\":{\"sectionTitle\":\"Shops\",\"bandStyle\":\"shade\",\"listStyle\":\"mini-list\",\"limit\":\"6\",\"ministry\":\"\",\"place\":[\"120\",\"121\",\"122\",\"123\",\"124\"],\"productCategory\":[\"136\",\"137\"],\"role\":\"\",\"join\":\"or\"}},\"142\":{\"type\":\"entryIndex\",\"enabled\":\"1\",\"fields\":{\"sectionTitle\":\"Of interest\",\"bandStyle\":\"primary\",\"listStyle\":\"teaser-list\",\"entries\":[\"114\",\"112\",\"3\",\"117\"]}}},\"28\":\"\",\"16\":\"\",\"125\":\"http:\\/\\/vimeo.com\\/104315167\",\"85\":[\"poster\"],\"63\":\"secondary\",\"23\":\"\",\"29\":\"_layout\"}}', '2014-10-03 15:21:59', '2014-10-03 15:21:59', 'b6f70420-9e66-4348-9dd2-edf9b8e53df3');
INSERT INTO `di_entryversions` (`id`, `entryId`, `sectionId`, `creatorId`, `locale`, `num`, `notes`, `data`, `dateCreated`, `dateUpdated`, `uid`) VALUES ('529', '125', '13', '1', 'en_gb', '18', '', '{\"typeId\":\"14\",\"authorId\":\"1\",\"title\":\"Grace Community Church\",\"slug\":\"grace-community-church\",\"postDate\":1412087040,\"expiryDate\":null,\"enabled\":1,\"fields\":{\"50\":[{\"col1\":\"171 Dobbin Rd\",\"col2\":\"Richhill\",\"col3\":\"County Armagh\",\"col4\":\"BT61 9LW\",\"col5\":\"Northern Ireland\",\"col6\":\"\"}],\"2\":\"\",\"14\":\"\",\"126\":[{\"col1\":\"Telephone\",\"col2\":\"028 3887 1389\",\"col3\":\"\"}],\"62\":[\"71\"],\"124\":\"54.464800000000004,-6.3360199999999995\",\"1\":\"\",\"35\":\"\",\"93\":[{\"col1\":\"\",\"col2\":\"\",\"col3\":\"\"}],\"28\":\"\",\"16\":[\"28\"],\"51\":\"{\\\"markers\\\":[{\\\"isNew\\\":false,\\\"isSavedToMap\\\":true,\\\"title\\\":\\\"\\\",\\\"distance\\\":false,\\\"icon\\\":\\\"\\\",\\\"lat\\\":54.3879396,\\\"lng\\\":-6.5344737,\\\"content\\\":\\\"Drop Inn Community Church<br> 171 Dobbin Road<br> Richhill<br> Armagh<br> Armagh BT61 9LW<br> UK\\\",\\\"customContent\\\":false,\\\"address\\\":\\\"Drop Inn Community Church, 171 Dobbin Road, Richhill, Armagh, Armagh BT61 9LW, UK\\\",\\\"addressComponents\\\":[{\\\"long_name\\\":\\\"Drop Inn Community Church\\\",\\\"short_name\\\":\\\"Drop Inn Community Church\\\",\\\"types\\\":[\\\"point_of_interest\\\",\\\"establishment\\\"]},{\\\"long_name\\\":\\\"171\\\",\\\"short_name\\\":\\\"171\\\",\\\"types\\\":[\\\"street_number\\\"]},{\\\"long_name\\\":\\\"Dobbin Road\\\",\\\"short_name\\\":\\\"Dobbin Rd\\\",\\\"types\\\":[\\\"route\\\"]},{\\\"long_name\\\":\\\"Richhill\\\",\\\"short_name\\\":\\\"Richhill\\\",\\\"types\\\":[\\\"locality\\\",\\\"political\\\"]},{\\\"long_name\\\":\\\"Armagh\\\",\\\"short_name\\\":\\\"Armagh\\\",\\\"types\\\":[\\\"postal_town\\\"]},{\\\"long_name\\\":\\\"Armagh\\\",\\\"short_name\\\":\\\"Armagh\\\",\\\"types\\\":[\\\"administrative_area_level_2\\\",\\\"political\\\"]},{\\\"long_name\\\":\\\"United Kingdom\\\",\\\"short_name\\\":\\\"GB\\\",\\\"types\\\":[\\\"country\\\",\\\"political\\\"]},{\\\"long_name\\\":\\\"BT61 9LW\\\",\\\"short_name\\\":\\\"BT61 9LW\\\",\\\"types\\\":[\\\"postal_code\\\"]}],\\\"locationId\\\":\\\"1\\\",\\\"elementId\\\":\\\"125\\\",\\\"deleted\\\":false}],\\\"polygons\\\":[],\\\"polylines\\\":[],\\\"routes\\\":[],\\\"circles\\\":[],\\\"groundOverlays\\\":[]}\",\"85\":[\"poster\"],\"96\":[\"120\"],\"63\":\"secondary\",\"64\":\"\",\"23\":\"<p>The local \\/ global church<\\/p>\",\"3\":\"\",\"29\":\"_layout-church\"}}', '2014-10-03 15:24:27', '2014-10-03 15:24:27', '505848c1-0984-404f-9581-1af81fef9635');
INSERT INTO `di_entryversions` (`id`, `entryId`, `sectionId`, `creatorId`, `locale`, `num`, `notes`, `data`, `dateCreated`, `dateUpdated`, `uid`) VALUES ('530', '125', '13', '1', 'en_gb', '19', '', '{\"typeId\":\"14\",\"authorId\":\"1\",\"title\":\"Grace Community Church\",\"slug\":\"grace-community-church\",\"postDate\":1412087040,\"expiryDate\":null,\"enabled\":1,\"fields\":{\"50\":[{\"col1\":\"171 Dobbin Rd\",\"col2\":\"Richhill\",\"col3\":\"County Armagh\",\"col4\":\"BT61 9LW\",\"col5\":\"Northern Ireland\",\"col6\":\"\"}],\"2\":\"\",\"14\":\"\",\"126\":[{\"col1\":\"Telephone\",\"col2\":\"028 3887 1389\",\"col3\":\"\"}],\"62\":[\"71\"],\"124\":\"54.464800000000004,-6.3360199999999995\",\"1\":\"\",\"35\":\"\",\"93\":[{\"col1\":\"\",\"col2\":\"\",\"col3\":\"\"}],\"28\":\"\",\"16\":\"\",\"51\":\"{\\\"markers\\\":[{\\\"isNew\\\":false,\\\"isSavedToMap\\\":true,\\\"title\\\":\\\"\\\",\\\"distance\\\":false,\\\"icon\\\":\\\"\\\",\\\"lat\\\":54.3879396,\\\"lng\\\":-6.5344737,\\\"content\\\":\\\"Drop Inn Community Church<br> 171 Dobbin Road<br> Richhill<br> Armagh<br> Armagh BT61 9LW<br> UK\\\",\\\"customContent\\\":false,\\\"address\\\":\\\"Drop Inn Community Church, 171 Dobbin Road, Richhill, Armagh, Armagh BT61 9LW, UK\\\",\\\"addressComponents\\\":[{\\\"long_name\\\":\\\"Drop Inn Community Church\\\",\\\"short_name\\\":\\\"Drop Inn Community Church\\\",\\\"types\\\":[\\\"point_of_interest\\\",\\\"establishment\\\"]},{\\\"long_name\\\":\\\"171\\\",\\\"short_name\\\":\\\"171\\\",\\\"types\\\":[\\\"street_number\\\"]},{\\\"long_name\\\":\\\"Dobbin Road\\\",\\\"short_name\\\":\\\"Dobbin Rd\\\",\\\"types\\\":[\\\"route\\\"]},{\\\"long_name\\\":\\\"Richhill\\\",\\\"short_name\\\":\\\"Richhill\\\",\\\"types\\\":[\\\"locality\\\",\\\"political\\\"]},{\\\"long_name\\\":\\\"Armagh\\\",\\\"short_name\\\":\\\"Armagh\\\",\\\"types\\\":[\\\"postal_town\\\"]},{\\\"long_name\\\":\\\"Armagh\\\",\\\"short_name\\\":\\\"Armagh\\\",\\\"types\\\":[\\\"administrative_area_level_2\\\",\\\"political\\\"]},{\\\"long_name\\\":\\\"United Kingdom\\\",\\\"short_name\\\":\\\"GB\\\",\\\"types\\\":[\\\"country\\\",\\\"political\\\"]},{\\\"long_name\\\":\\\"BT61 9LW\\\",\\\"short_name\\\":\\\"BT61 9LW\\\",\\\"types\\\":[\\\"postal_code\\\"]}],\\\"locationId\\\":\\\"1\\\",\\\"elementId\\\":\\\"125\\\",\\\"deleted\\\":false}],\\\"polygons\\\":[],\\\"polylines\\\":[],\\\"routes\\\":[],\\\"circles\\\":[],\\\"groundOverlays\\\":[]}\",\"85\":[\"poster\"],\"96\":[\"120\"],\"63\":\"secondary\",\"64\":\"\",\"23\":\"<p>The local \\/ global church<\\/p>\",\"3\":\"\",\"29\":\"_layout-church\"}}', '2014-10-03 15:24:39', '2014-10-03 15:24:39', 'cbad0250-29da-4d32-9b1f-562e3e522fe5');
INSERT INTO `di_entryversions` (`id`, `entryId`, `sectionId`, `creatorId`, `locale`, `num`, `notes`, `data`, `dateCreated`, `dateUpdated`, `uid`) VALUES ('531', '125', '13', '1', 'en_gb', '20', '', '{\"typeId\":\"14\",\"authorId\":\"1\",\"title\":\"Grace Community Church\",\"slug\":\"grace-community-church\",\"postDate\":1412087040,\"expiryDate\":null,\"enabled\":1,\"fields\":{\"50\":[{\"col1\":\"171 Dobbin Rd\",\"col2\":\"Richhill\",\"col3\":\"County Armagh\",\"col4\":\"BT61 9LW\",\"col5\":\"Northern Ireland\",\"col6\":\"\"}],\"2\":\"\",\"14\":\"\",\"126\":[{\"col1\":\"Telephone\",\"col2\":\"028 3887 1389\",\"col3\":\"\"}],\"62\":[\"60\"],\"124\":\"54.464800000000004,-6.3360199999999995\",\"1\":\"\",\"35\":\"\",\"93\":[{\"col1\":\"\",\"col2\":\"\",\"col3\":\"\"}],\"28\":\"\",\"16\":\"\",\"51\":\"{\\\"markers\\\":[{\\\"isNew\\\":false,\\\"isSavedToMap\\\":true,\\\"title\\\":\\\"\\\",\\\"distance\\\":false,\\\"icon\\\":\\\"\\\",\\\"lat\\\":54.3879396,\\\"lng\\\":-6.5344737,\\\"content\\\":\\\"Drop Inn Community Church<br> 171 Dobbin Road<br> Richhill<br> Armagh<br> Armagh BT61 9LW<br> UK\\\",\\\"customContent\\\":false,\\\"address\\\":\\\"Drop Inn Community Church, 171 Dobbin Road, Richhill, Armagh, Armagh BT61 9LW, UK\\\",\\\"addressComponents\\\":[{\\\"long_name\\\":\\\"Drop Inn Community Church\\\",\\\"short_name\\\":\\\"Drop Inn Community Church\\\",\\\"types\\\":[\\\"point_of_interest\\\",\\\"establishment\\\"]},{\\\"long_name\\\":\\\"171\\\",\\\"short_name\\\":\\\"171\\\",\\\"types\\\":[\\\"street_number\\\"]},{\\\"long_name\\\":\\\"Dobbin Road\\\",\\\"short_name\\\":\\\"Dobbin Rd\\\",\\\"types\\\":[\\\"route\\\"]},{\\\"long_name\\\":\\\"Richhill\\\",\\\"short_name\\\":\\\"Richhill\\\",\\\"types\\\":[\\\"locality\\\",\\\"political\\\"]},{\\\"long_name\\\":\\\"Armagh\\\",\\\"short_name\\\":\\\"Armagh\\\",\\\"types\\\":[\\\"postal_town\\\"]},{\\\"long_name\\\":\\\"Armagh\\\",\\\"short_name\\\":\\\"Armagh\\\",\\\"types\\\":[\\\"administrative_area_level_2\\\",\\\"political\\\"]},{\\\"long_name\\\":\\\"United Kingdom\\\",\\\"short_name\\\":\\\"GB\\\",\\\"types\\\":[\\\"country\\\",\\\"political\\\"]},{\\\"long_name\\\":\\\"BT61 9LW\\\",\\\"short_name\\\":\\\"BT61 9LW\\\",\\\"types\\\":[\\\"postal_code\\\"]}],\\\"locationId\\\":\\\"1\\\",\\\"elementId\\\":\\\"125\\\",\\\"deleted\\\":false}],\\\"polygons\\\":[],\\\"polylines\\\":[],\\\"routes\\\":[],\\\"circles\\\":[],\\\"groundOverlays\\\":[]}\",\"85\":[\"poster\"],\"96\":[\"120\"],\"63\":\"secondary\",\"64\":\"\",\"23\":\"<p>The local \\/ global church<\\/p>\",\"3\":\"\",\"29\":\"_layout-church\"}}', '2014-10-03 15:24:52', '2014-10-03 15:24:52', '473b6220-2e29-4907-805f-5de10b2d8950');
INSERT INTO `di_entryversions` (`id`, `entryId`, `sectionId`, `creatorId`, `locale`, `num`, `notes`, `data`, `dateCreated`, `dateUpdated`, `uid`) VALUES ('532', '2', '1', '1', 'en_gb', '120', '', '{\"typeId\":\"1\",\"authorId\":null,\"title\":\"Homepage\",\"slug\":\"homepage\",\"postDate\":1409830139,\"expiryDate\":null,\"enabled\":1,\"fields\":{\"2\":\"\",\"14\":\"<p>We believe Christian fellowship is divinely brought about by God for the purpose of displaying and advancing His Kingdom on earth, as Christians love one another and submit to the lordship of Christ, they show a picture of the heavenly realities that are to come.<\\/p>\",\"62\":[\"61\"],\"1\":\"Bringing hope, help and healing to a hurting world\",\"35\":{\"143\":{\"type\":\"entriesList\",\"enabled\":\"1\",\"fields\":{\"sectionTitle\":\"What\'s new\",\"bandStyle\":\"shade\",\"listStyle\":\"teaser-list\",\"entryTypes\":[\"events\",\"news\",\"products\",\"articles\"],\"limit\":\"4\",\"ministry\":\"\",\"place\":\"\",\"productCategory\":\"\",\"role\":\"\",\"join\":\"or\"}},\"141\":{\"type\":\"categoryItems\",\"enabled\":\"1\",\"fields\":{\"sectionTitle\":\"Shops\",\"bandStyle\":\"primary\",\"listStyle\":\"mini-list\",\"limit\":\"6\",\"ministry\":\"\",\"place\":[\"120\",\"121\",\"122\",\"123\",\"124\"],\"productCategory\":[\"136\",\"137\"],\"role\":\"\",\"join\":\"or\"}},\"142\":{\"type\":\"entryIndex\",\"enabled\":\"1\",\"fields\":{\"sectionTitle\":\"Of interest\",\"bandStyle\":\"primary\",\"listStyle\":\"teaser-list\",\"entries\":[\"114\",\"112\",\"3\",\"117\"]}}},\"28\":\"\",\"16\":\"\",\"125\":\"http:\\/\\/vimeo.com\\/104315167\",\"85\":[\"poster\"],\"63\":\"secondary\",\"23\":\"\",\"29\":\"_layout\"}}', '2014-10-03 15:43:45', '2014-10-03 15:43:45', '84fa3b39-7fed-4514-ba16-d429134b74eb');
INSERT INTO `di_entryversions` (`id`, `entryId`, `sectionId`, `creatorId`, `locale`, `num`, `notes`, `data`, `dateCreated`, `dateUpdated`, `uid`) VALUES ('533', '2', '1', '1', 'en_gb', '121', '', '{\"typeId\":\"1\",\"authorId\":null,\"title\":\"Homepage\",\"slug\":\"homepage\",\"postDate\":1409830139,\"expiryDate\":null,\"enabled\":1,\"fields\":{\"2\":\"\",\"14\":\"<p>We believe Christian fellowship is divinely brought about by God for the purpose of displaying and advancing His Kingdom on earth, as Christians love one another and submit to the lordship of Christ, they show a picture of the heavenly realities that are to come.<\\/p>\",\"62\":[\"61\"],\"1\":\"Bringing hope, help and healing to a hurting world\",\"35\":{\"143\":{\"type\":\"entriesList\",\"enabled\":\"1\",\"fields\":{\"sectionTitle\":\"What\'s new\",\"bandStyle\":\"shade\",\"listStyle\":\"teaser-list\",\"entryTypes\":[\"events\",\"news\",\"products\",\"articles\"],\"limit\":\"4\",\"ministry\":\"\",\"place\":\"\",\"productCategory\":\"\",\"role\":\"\",\"join\":\"or\"}},\"141\":{\"type\":\"categoryItems\",\"enabled\":\"1\",\"fields\":{\"sectionTitle\":\"Shops\",\"bandStyle\":\"primary\",\"listStyle\":\"mini-list\",\"limit\":\"6\",\"ministry\":\"\",\"place\":[\"120\",\"121\",\"122\",\"123\",\"124\"],\"productCategory\":[\"136\",\"137\"],\"role\":\"\",\"join\":\"or\"}},\"142\":{\"type\":\"entryIndex\",\"enabled\":\"1\",\"fields\":{\"sectionTitle\":\"Of interest\",\"bandStyle\":\"primary\",\"listStyle\":\"article-list\",\"entries\":[\"114\",\"112\",\"3\",\"117\"]}}},\"28\":\"\",\"16\":\"\",\"125\":\"http:\\/\\/vimeo.com\\/104315167\",\"85\":[\"poster\"],\"63\":\"secondary\",\"23\":\"\",\"29\":\"_layout\"}}', '2014-10-03 15:44:11', '2014-10-03 15:44:11', 'cad33f78-7fce-4b5d-a9fb-216de2b4ea42');
INSERT INTO `di_entryversions` (`id`, `entryId`, `sectionId`, `creatorId`, `locale`, `num`, `notes`, `data`, `dateCreated`, `dateUpdated`, `uid`) VALUES ('534', '2', '1', '1', 'en_gb', '122', '', '{\"typeId\":\"1\",\"authorId\":null,\"title\":\"Homepage\",\"slug\":\"homepage\",\"postDate\":1409830139,\"expiryDate\":null,\"enabled\":1,\"fields\":{\"2\":\"\",\"14\":\"<p>We believe Christian fellowship is divinely brought about by God for the purpose of displaying and advancing His Kingdom on earth, as Christians love one another and submit to the lordship of Christ, they show a picture of the heavenly realities that are to come.<\\/p>\",\"62\":[\"61\"],\"1\":\"Bringing hope, help and healing to a hurting world\",\"35\":{\"143\":{\"type\":\"entriesList\",\"enabled\":\"1\",\"fields\":{\"sectionTitle\":\"What\'s new\",\"bandStyle\":\"none\",\"listStyle\":\"teaser-list\",\"entryTypes\":[\"events\",\"news\",\"products\",\"articles\"],\"limit\":\"4\",\"ministry\":\"\",\"place\":\"\",\"productCategory\":\"\",\"role\":\"\",\"join\":\"or\"}},\"141\":{\"type\":\"categoryItems\",\"enabled\":\"1\",\"fields\":{\"sectionTitle\":\"Shops\",\"bandStyle\":\"shade\",\"listStyle\":\"mini-list\",\"limit\":\"6\",\"ministry\":\"\",\"place\":[\"120\",\"121\",\"122\",\"123\",\"124\"],\"productCategory\":[\"136\",\"137\"],\"role\":\"\",\"join\":\"or\"}},\"142\":{\"type\":\"entryIndex\",\"enabled\":\"1\",\"fields\":{\"sectionTitle\":\"Of interest\",\"bandStyle\":\"primary\",\"listStyle\":\"article-list\",\"entries\":[\"114\",\"112\",\"3\",\"117\"]}}},\"28\":\"\",\"16\":\"\",\"125\":\"http:\\/\\/vimeo.com\\/104315167\",\"85\":[\"poster\"],\"63\":\"secondary\",\"23\":\"\",\"29\":\"_layout\"}}', '2014-10-03 15:45:58', '2014-10-03 15:45:58', '61e3b6b3-a87d-4474-ba5a-6c54f2f89c72');
INSERT INTO `di_entryversions` (`id`, `entryId`, `sectionId`, `creatorId`, `locale`, `num`, `notes`, `data`, `dateCreated`, `dateUpdated`, `uid`) VALUES ('535', '2', '1', '1', 'en_gb', '123', '', '{\"typeId\":\"1\",\"authorId\":null,\"title\":\"Homepage\",\"slug\":\"homepage\",\"postDate\":1409830139,\"expiryDate\":null,\"enabled\":1,\"fields\":{\"2\":\"\",\"14\":\"<p>We believe Christian fellowship is divinely brought about by God for the purpose of displaying and advancing His Kingdom on earth, as Christians love one another and submit to the lordship of Christ, they show a picture of the heavenly realities that are to come.<\\/p>\",\"62\":[\"61\"],\"1\":\"Bringing hope, help and healing to a hurting world\",\"35\":{\"143\":{\"type\":\"entriesList\",\"enabled\":\"1\",\"fields\":{\"sectionTitle\":\"What\'s new\",\"bandStyle\":\"none\",\"listStyle\":\"teaser-list\",\"entryTypes\":[\"events\",\"news\",\"products\",\"articles\"],\"limit\":\"4\",\"ministry\":\"\",\"place\":\"\",\"productCategory\":\"\",\"role\":\"\",\"join\":\"or\"}},\"141\":{\"type\":\"categoryItems\",\"enabled\":\"1\",\"fields\":{\"sectionTitle\":\"Shops\",\"bandStyle\":\"shade\",\"listStyle\":\"mini-list\",\"limit\":\"6\",\"ministry\":[\"128\",\"129\"],\"place\":[\"120\",\"121\",\"122\",\"123\",\"124\"],\"productCategory\":[\"136\",\"137\"],\"role\":[\"130\",\"131\",\"132\",\"133\"],\"join\":\"or\"}},\"142\":{\"type\":\"entryIndex\",\"enabled\":\"1\",\"fields\":{\"sectionTitle\":\"Of interest\",\"bandStyle\":\"primary\",\"listStyle\":\"article-list\",\"entries\":[\"114\",\"112\",\"3\",\"117\"]}}},\"28\":\"\",\"16\":\"\",\"125\":\"http:\\/\\/vimeo.com\\/104315167\",\"85\":[\"poster\"],\"63\":\"secondary\",\"23\":\"\",\"29\":\"_layout\"}}', '2014-10-03 15:47:08', '2014-10-03 15:47:08', 'f8522c16-86d7-4cb6-8b27-be3dd1a9c056');
INSERT INTO `di_entryversions` (`id`, `entryId`, `sectionId`, `creatorId`, `locale`, `num`, `notes`, `data`, `dateCreated`, `dateUpdated`, `uid`) VALUES ('536', '125', '13', '1', 'en_gb', '21', '', '{\"typeId\":\"14\",\"authorId\":\"1\",\"title\":\"Grace Community Church\",\"slug\":\"grace-community-church\",\"postDate\":1412087040,\"expiryDate\":null,\"enabled\":1,\"fields\":{\"50\":[{\"col1\":\"171 Dobbin Rd\",\"col2\":\"Richhill\",\"col3\":\"County Armagh\",\"col4\":\"BT61 9LW\",\"col5\":\"Northern Ireland\",\"col6\":\"\"}],\"2\":\"\",\"14\":\"\",\"126\":[{\"col1\":\"Telephone\",\"col2\":\"028 3887 1389\",\"col3\":\"\"}],\"62\":[\"60\"],\"124\":\"54.464800000000004,-6.3360199999999995\",\"1\":\"\",\"35\":\"\",\"93\":[{\"col1\":\"\",\"col2\":\"\",\"col3\":\"\"}],\"28\":\"\",\"16\":\"\",\"51\":\"{\\\"markers\\\":[{\\\"isNew\\\":false,\\\"isSavedToMap\\\":true,\\\"title\\\":\\\"\\\",\\\"distance\\\":false,\\\"icon\\\":\\\"\\\",\\\"lat\\\":54.3879396,\\\"lng\\\":-6.5344737,\\\"content\\\":\\\"Drop Inn Community Church<br> 171 Dobbin Road<br> Richhill<br> Armagh<br> Armagh BT61 9LW<br> UK\\\",\\\"customContent\\\":false,\\\"address\\\":\\\"Drop Inn Community Church, 171 Dobbin Road, Richhill, Armagh, Armagh BT61 9LW, UK\\\",\\\"addressComponents\\\":[{\\\"long_name\\\":\\\"Drop Inn Community Church\\\",\\\"short_name\\\":\\\"Drop Inn Community Church\\\",\\\"types\\\":[\\\"point_of_interest\\\",\\\"establishment\\\"]},{\\\"long_name\\\":\\\"171\\\",\\\"short_name\\\":\\\"171\\\",\\\"types\\\":[\\\"street_number\\\"]},{\\\"long_name\\\":\\\"Dobbin Road\\\",\\\"short_name\\\":\\\"Dobbin Rd\\\",\\\"types\\\":[\\\"route\\\"]},{\\\"long_name\\\":\\\"Richhill\\\",\\\"short_name\\\":\\\"Richhill\\\",\\\"types\\\":[\\\"locality\\\",\\\"political\\\"]},{\\\"long_name\\\":\\\"Armagh\\\",\\\"short_name\\\":\\\"Armagh\\\",\\\"types\\\":[\\\"postal_town\\\"]},{\\\"long_name\\\":\\\"Armagh\\\",\\\"short_name\\\":\\\"Armagh\\\",\\\"types\\\":[\\\"administrative_area_level_2\\\",\\\"political\\\"]},{\\\"long_name\\\":\\\"United Kingdom\\\",\\\"short_name\\\":\\\"GB\\\",\\\"types\\\":[\\\"country\\\",\\\"political\\\"]},{\\\"long_name\\\":\\\"BT61 9LW\\\",\\\"short_name\\\":\\\"BT61 9LW\\\",\\\"types\\\":[\\\"postal_code\\\"]}],\\\"locationId\\\":\\\"1\\\",\\\"elementId\\\":\\\"125\\\",\\\"deleted\\\":false}],\\\"polygons\\\":[],\\\"polylines\\\":[],\\\"routes\\\":[],\\\"circles\\\":[],\\\"groundOverlays\\\":[]}\",\"85\":[\"poster\"],\"96\":[\"120\"],\"63\":\"quaternary\",\"64\":\"\",\"23\":\"<p>The local \\/ global church<\\/p>\",\"3\":\"\",\"29\":\"_layout-church\"}}', '2014-10-03 15:49:34', '2014-10-03 15:49:34', 'b994863b-b0f1-4609-84cc-f9aa0c02b9e1');
INSERT INTO `di_entryversions` (`id`, `entryId`, `sectionId`, `creatorId`, `locale`, `num`, `notes`, `data`, `dateCreated`, `dateUpdated`, `uid`) VALUES ('537', '125', '13', '1', 'en_gb', '22', '', '{\"typeId\":\"14\",\"authorId\":\"1\",\"title\":\"Grace Community Church\",\"slug\":\"grace-community-church\",\"postDate\":1412087040,\"expiryDate\":null,\"enabled\":1,\"fields\":{\"50\":[{\"col1\":\"171 Dobbin Rd\",\"col2\":\"Richhill\",\"col3\":\"County Armagh\",\"col4\":\"BT61 9LW\",\"col5\":\"Northern Ireland\",\"col6\":\"\"}],\"2\":\"\",\"14\":\"\",\"126\":[{\"col1\":\"Telephone\",\"col2\":\"028 3887 1389\",\"col3\":\"\"}],\"62\":[\"60\"],\"124\":\"54.464800000000004,-6.3360199999999995\",\"1\":\"\",\"35\":\"\",\"93\":[{\"col1\":\"\",\"col2\":\"\",\"col3\":\"\"}],\"28\":\"\",\"16\":\"\",\"51\":\"{\\\"markers\\\":[{\\\"isNew\\\":false,\\\"isSavedToMap\\\":true,\\\"title\\\":\\\"\\\",\\\"distance\\\":false,\\\"icon\\\":\\\"\\\",\\\"lat\\\":54.3879396,\\\"lng\\\":-6.5344737,\\\"content\\\":\\\"Drop Inn Community Church<br> 171 Dobbin Road<br> Richhill<br> Armagh<br> Armagh BT61 9LW<br> UK\\\",\\\"customContent\\\":false,\\\"address\\\":\\\"Drop Inn Community Church, 171 Dobbin Road, Richhill, Armagh, Armagh BT61 9LW, UK\\\",\\\"addressComponents\\\":[{\\\"long_name\\\":\\\"Drop Inn Community Church\\\",\\\"short_name\\\":\\\"Drop Inn Community Church\\\",\\\"types\\\":[\\\"point_of_interest\\\",\\\"establishment\\\"]},{\\\"long_name\\\":\\\"171\\\",\\\"short_name\\\":\\\"171\\\",\\\"types\\\":[\\\"street_number\\\"]},{\\\"long_name\\\":\\\"Dobbin Road\\\",\\\"short_name\\\":\\\"Dobbin Rd\\\",\\\"types\\\":[\\\"route\\\"]},{\\\"long_name\\\":\\\"Richhill\\\",\\\"short_name\\\":\\\"Richhill\\\",\\\"types\\\":[\\\"locality\\\",\\\"political\\\"]},{\\\"long_name\\\":\\\"Armagh\\\",\\\"short_name\\\":\\\"Armagh\\\",\\\"types\\\":[\\\"postal_town\\\"]},{\\\"long_name\\\":\\\"Armagh\\\",\\\"short_name\\\":\\\"Armagh\\\",\\\"types\\\":[\\\"administrative_area_level_2\\\",\\\"political\\\"]},{\\\"long_name\\\":\\\"United Kingdom\\\",\\\"short_name\\\":\\\"GB\\\",\\\"types\\\":[\\\"country\\\",\\\"political\\\"]},{\\\"long_name\\\":\\\"BT61 9LW\\\",\\\"short_name\\\":\\\"BT61 9LW\\\",\\\"types\\\":[\\\"postal_code\\\"]}],\\\"locationId\\\":\\\"1\\\",\\\"elementId\\\":\\\"125\\\",\\\"deleted\\\":false}],\\\"polygons\\\":[],\\\"polylines\\\":[],\\\"routes\\\":[],\\\"circles\\\":[],\\\"groundOverlays\\\":[]}\",\"85\":[\"poster\",\"posterMap\"],\"96\":[\"120\"],\"63\":\"quaternary\",\"64\":\"\",\"23\":\"<p>The local \\/ global church<\\/p>\",\"3\":\"\",\"29\":\"_layout-church\"}}', '2014-10-03 15:57:18', '2014-10-03 15:57:18', '4d0fede5-fb73-4ddb-8b3f-2ad14dfda456');
INSERT INTO `di_entryversions` (`id`, `entryId`, `sectionId`, `creatorId`, `locale`, `num`, `notes`, `data`, `dateCreated`, `dateUpdated`, `uid`) VALUES ('538', '125', '13', '1', 'en_gb', '23', '', '{\"typeId\":\"14\",\"authorId\":\"1\",\"title\":\"Grace Community Church\",\"slug\":\"grace-community-church\",\"postDate\":1412087040,\"expiryDate\":null,\"enabled\":1,\"fields\":{\"50\":[{\"col1\":\"171 Dobbin Rd\",\"col2\":\"Richhill\",\"col3\":\"County Armagh\",\"col4\":\"BT61 9LW\",\"col5\":\"Northern Ireland\",\"col6\":\"\"}],\"2\":\"\",\"14\":\"\",\"126\":[{\"col1\":\"Telephone\",\"col2\":\"028 3887 1389\",\"col3\":\"\"}],\"62\":[\"60\"],\"124\":\"54.464800000000004,-6.3360199999999995\",\"1\":\"\",\"35\":\"\",\"93\":[{\"col1\":\"\",\"col2\":\"\",\"col3\":\"\"}],\"28\":\"\",\"16\":\"\",\"125\":\"https:\\/\\/www.youtube.com\\/watch?v=Ie5QnUAkv1M\",\"51\":\"{\\\"markers\\\":[{\\\"isNew\\\":false,\\\"isSavedToMap\\\":true,\\\"title\\\":\\\"\\\",\\\"distance\\\":false,\\\"icon\\\":\\\"\\\",\\\"lat\\\":54.3879396,\\\"lng\\\":-6.5344737,\\\"content\\\":\\\"Drop Inn Community Church<br> 171 Dobbin Road<br> Richhill<br> Armagh<br> Armagh BT61 9LW<br> UK\\\",\\\"customContent\\\":false,\\\"address\\\":\\\"Drop Inn Community Church, 171 Dobbin Road, Richhill, Armagh, Armagh BT61 9LW, UK\\\",\\\"addressComponents\\\":[{\\\"long_name\\\":\\\"Drop Inn Community Church\\\",\\\"short_name\\\":\\\"Drop Inn Community Church\\\",\\\"types\\\":[\\\"point_of_interest\\\",\\\"establishment\\\"]},{\\\"long_name\\\":\\\"171\\\",\\\"short_name\\\":\\\"171\\\",\\\"types\\\":[\\\"street_number\\\"]},{\\\"long_name\\\":\\\"Dobbin Road\\\",\\\"short_name\\\":\\\"Dobbin Rd\\\",\\\"types\\\":[\\\"route\\\"]},{\\\"long_name\\\":\\\"Richhill\\\",\\\"short_name\\\":\\\"Richhill\\\",\\\"types\\\":[\\\"locality\\\",\\\"political\\\"]},{\\\"long_name\\\":\\\"Armagh\\\",\\\"short_name\\\":\\\"Armagh\\\",\\\"types\\\":[\\\"postal_town\\\"]},{\\\"long_name\\\":\\\"Armagh\\\",\\\"short_name\\\":\\\"Armagh\\\",\\\"types\\\":[\\\"administrative_area_level_2\\\",\\\"political\\\"]},{\\\"long_name\\\":\\\"United Kingdom\\\",\\\"short_name\\\":\\\"GB\\\",\\\"types\\\":[\\\"country\\\",\\\"political\\\"]},{\\\"long_name\\\":\\\"BT61 9LW\\\",\\\"short_name\\\":\\\"BT61 9LW\\\",\\\"types\\\":[\\\"postal_code\\\"]}],\\\"locationId\\\":\\\"1\\\",\\\"elementId\\\":\\\"125\\\",\\\"deleted\\\":false}],\\\"polygons\\\":[],\\\"polylines\\\":[],\\\"routes\\\":[],\\\"circles\\\":[],\\\"groundOverlays\\\":[]}\",\"85\":[\"poster\",\"posterVideo\"],\"96\":[\"120\"],\"63\":\"quaternary\",\"64\":\"\",\"23\":\"<p>The local \\/ global church<\\/p>\",\"3\":\"\",\"29\":\"_layout-church\"}}', '2014-10-03 16:10:20', '2014-10-03 16:10:20', '10edb1f2-82d8-4cd6-aeb4-e9c183edeae7');
INSERT INTO `di_entryversions` (`id`, `entryId`, `sectionId`, `creatorId`, `locale`, `num`, `notes`, `data`, `dateCreated`, `dateUpdated`, `uid`) VALUES ('539', '2', '1', '1', 'en_gb', '124', '', '{\"typeId\":\"1\",\"authorId\":null,\"title\":\"Homepage\",\"slug\":\"homepage\",\"postDate\":1409830139,\"expiryDate\":null,\"enabled\":1,\"fields\":{\"2\":\"\",\"14\":\"<p>We believe Christian fellowship is divinely brought about by God for the purpose of displaying and advancing His Kingdom on earth, as Christians love one another and submit to the lordship of Christ, they show a picture of the heavenly realities that are to come.<\\/p>\",\"62\":[\"61\"],\"1\":\"Bringing hope, help and healing to a hurting world\",\"35\":{\"143\":{\"type\":\"entriesList\",\"enabled\":\"1\",\"fields\":{\"sectionTitle\":\"What\'s new\",\"bandStyle\":\"none\",\"listStyle\":\"teaser-list\",\"entryTypes\":[\"events\",\"news\",\"products\",\"articles\"],\"limit\":\"4\",\"ministry\":\"\",\"place\":\"\",\"productCategory\":\"\",\"role\":\"\",\"join\":\"or\"}},\"141\":{\"type\":\"categoryItems\",\"enabled\":\"1\",\"fields\":{\"sectionTitle\":\"Shops\",\"bandStyle\":\"shade\",\"listStyle\":\"mini-list\",\"limit\":\"6\",\"ministry\":[\"128\",\"129\"],\"place\":[\"120\",\"121\",\"122\",\"123\",\"124\"],\"productCategory\":[\"136\",\"137\"],\"role\":[\"130\",\"131\",\"132\",\"133\"],\"join\":\"or\"}},\"142\":{\"type\":\"entryIndex\",\"enabled\":\"1\",\"fields\":{\"sectionTitle\":\"Of interest\",\"bandStyle\":\"primary\",\"listStyle\":\"article-list\",\"entries\":[\"114\",\"112\",\"3\",\"117\"]}}},\"28\":\"\",\"16\":\"\",\"125\":\"http:\\/\\/vimeo.com\\/104315167\",\"85\":[\"poster\",\"posterVideo\"],\"63\":\"secondary\",\"23\":\"\",\"29\":\"_layout\"}}', '2014-10-03 16:11:36', '2014-10-03 16:11:36', '49061b65-6938-4742-aa0b-127f43bc808e');
INSERT INTO `di_entryversions` (`id`, `entryId`, `sectionId`, `creatorId`, `locale`, `num`, `notes`, `data`, `dateCreated`, `dateUpdated`, `uid`) VALUES ('540', '2', '1', '1', 'en_gb', '125', '', '{\"typeId\":\"1\",\"authorId\":null,\"title\":\"Homepage\",\"slug\":\"homepage\",\"postDate\":1409830139,\"expiryDate\":null,\"enabled\":1,\"fields\":{\"2\":\"\",\"14\":\"<p>We believe Christian fellowship is divinely brought about by God for the purpose of displaying and advancing His Kingdom on earth, as Christians love one another and submit to the lordship of Christ, they show a picture of the heavenly realities that are to come.<\\/p>\",\"62\":[\"61\"],\"1\":\"Bringing hope, help and healing to a hurting world\",\"35\":{\"143\":{\"type\":\"entriesList\",\"enabled\":\"1\",\"fields\":{\"sectionTitle\":\"What\'s new\",\"bandStyle\":\"none\",\"listStyle\":\"teaser-list\",\"entryTypes\":[\"events\",\"news\",\"products\",\"articles\"],\"limit\":\"4\",\"ministry\":\"\",\"place\":\"\",\"productCategory\":\"\",\"role\":\"\",\"join\":\"or\"}},\"141\":{\"type\":\"categoryItems\",\"enabled\":\"1\",\"fields\":{\"sectionTitle\":\"Shops\",\"bandStyle\":\"shade\",\"listStyle\":\"mini-list\",\"limit\":\"6\",\"ministry\":[\"128\",\"129\"],\"place\":[\"120\",\"121\",\"122\",\"123\",\"124\"],\"productCategory\":[\"136\",\"137\"],\"role\":[\"130\",\"131\",\"132\",\"133\"],\"join\":\"or\"}},\"142\":{\"type\":\"entryIndex\",\"enabled\":\"1\",\"fields\":{\"sectionTitle\":\"Of interest\",\"bandStyle\":\"primary\",\"listStyle\":\"article-list\",\"entries\":[\"114\",\"112\",\"3\",\"117\"]}}},\"28\":\"\",\"16\":\"\",\"125\":\"http:\\/\\/vimeo.com\\/104315167\",\"85\":[\"poster\"],\"63\":\"secondary\",\"23\":\"\",\"29\":\"_layout\"}}', '2014-10-03 16:13:54', '2014-10-03 16:13:54', '231af743-a3ba-49c4-b709-e8d6b54741f3');
INSERT INTO `di_entryversions` (`id`, `entryId`, `sectionId`, `creatorId`, `locale`, `num`, `notes`, `data`, `dateCreated`, `dateUpdated`, `uid`) VALUES ('541', '151', '11', '1', 'en_gb', '20', '', '{\"typeId\":\"12\",\"authorId\":\"1\",\"title\":\"Sign Language: Alphabet\",\"slug\":\"sign-language-alphabet\",\"postDate\":1412244960,\"expiryDate\":null,\"enabled\":1,\"fields\":{\"2\":{\"152\":{\"type\":\"image\",\"enabled\":\"1\",\"fields\":{\"image\":[\"150\"],\"assetPlacement\":\"asset--full\",\"imageCaption\":\"<p>Two handed alphabet. Graphic from british-sign.co.uk<\\/p>\"}},\"156\":{\"type\":\"text\",\"enabled\":\"1\",\"fields\":{\"text\":\"<p><strong>Colds<\\/strong> are caused by hundreds of different viruses. When one of these viruses gets into your body, your immune system attacks it. Some of the effects of this immune response are the classic symptoms of a cold, such as congestion and coughing.<\\/p><p>The germs that cause colds are contagious. You can pick them up when an infected person sneezes, coughs, or shakes hands with you. After a couple of weeks, at the most, your immune system fights off the virus and you should stop having symptoms.<\\/p><p><strong>Allergies<\\/strong> are caused by an overactive immune system. For some reason, your body mistakes harmless substances -- such as dust or <a href=\\\"http:\\/\\/www.webmd.com\\/allergies\\/guide\\/pollen-allergies-symptoms-triggers-treatments\\\">pollen<\\/a> -- for germs and attacks them. Your body releases chemicals such as histamine, just as it does when fighting a cold. This can cause swelling in your nasal passages, a runny nose, coughing, and sneezing. Allergies are not contagious, although some people may inherit a tendency to develop them.<\\/p>\"}}},\"14\":\"<p>Communicating the gospel to the deaf community<\\/p>\",\"62\":\"\",\"124\":\"54.4819629,-6.3536984\",\"1\":\"\",\"35\":{\"157\":{\"type\":\"entriesList\",\"enabled\":\"1\",\"fields\":{\"sectionTitle\":\"More\",\"bandStyle\":\"tint\",\"listStyle\":\"article-list\",\"entryTypes\":[\"articles\"],\"limit\":\"4\",\"ministry\":\"\",\"place\":\"\",\"productCategory\":\"\",\"role\":\"\",\"join\":\"or\"}}},\"28\":[\"1\"],\"16\":[\"155\"],\"125\":\"\",\"109\":\"\",\"85\":[\"poster\",\"posterTitle\"],\"96\":\"\",\"63\":\"primary\",\"108\":\"\",\"64\":\"\",\"23\":\"<p>Introduction to Sign Language. Part 1<\\/p>\",\"3\":[\"148\",\"149\"],\"29\":\"_layout-church\"}}', '2014-10-03 16:16:26', '2014-10-03 16:16:26', 'f096277d-75de-4369-bfa0-6205828fef6e');
INSERT INTO `di_entryversions` (`id`, `entryId`, `sectionId`, `creatorId`, `locale`, `num`, `notes`, `data`, `dateCreated`, `dateUpdated`, `uid`) VALUES ('542', '151', '11', '1', 'en_gb', '21', '', '{\"typeId\":\"12\",\"authorId\":\"1\",\"title\":\"Sign Language: Alphabet\",\"slug\":\"sign-language-alphabet\",\"postDate\":1412244960,\"expiryDate\":null,\"enabled\":1,\"fields\":{\"2\":{\"152\":{\"type\":\"image\",\"enabled\":\"1\",\"fields\":{\"image\":[\"150\"],\"assetPlacement\":\"asset--full\",\"imageCaption\":\"<p>Two handed alphabet. Graphic from british-sign.co.uk<\\/p>\"}},\"156\":{\"type\":\"text\",\"enabled\":\"1\",\"fields\":{\"text\":\"<p><strong>Colds<\\/strong> are caused by hundreds of different viruses. When one of these viruses gets into your body, your immune system attacks it. Some of the effects of this immune response are the classic symptoms of a cold, such as congestion and coughing.<\\/p><p>The germs that cause colds are contagious. You can pick them up when an infected person sneezes, coughs, or shakes hands with you. After a couple of weeks, at the most, your immune system fights off the virus and you should stop having symptoms.<\\/p><p><strong>Allergies<\\/strong> are caused by an overactive immune system. For some reason, your body mistakes harmless substances -- such as dust or <a href=\\\"http:\\/\\/www.webmd.com\\/allergies\\/guide\\/pollen-allergies-symptoms-triggers-treatments\\\">pollen<\\/a> -- for germs and attacks them. Your body releases chemicals such as histamine, just as it does when fighting a cold. This can cause swelling in your nasal passages, a runny nose, coughing, and sneezing. Allergies are not contagious, although some people may inherit a tendency to develop them.<\\/p>\"}}},\"14\":\"<p>Communicating the gospel to the deaf community<\\/p>\",\"62\":\"\",\"124\":\"54.4819629,-6.3536984\",\"1\":\"\",\"35\":{\"157\":{\"type\":\"entriesList\",\"enabled\":\"1\",\"fields\":{\"sectionTitle\":\"More\",\"bandStyle\":\"tint\",\"listStyle\":\"article-list\",\"entryTypes\":[\"articles\"],\"limit\":\"4\",\"ministry\":\"\",\"place\":\"\",\"productCategory\":\"\",\"role\":\"\",\"join\":\"or\"}}},\"28\":[\"1\"],\"16\":[\"155\"],\"125\":\"\",\"109\":\"\",\"85\":[\"poster\",\"posterTitle\",\"showRelated\"],\"96\":\"\",\"63\":\"primary\",\"108\":\"\",\"64\":\"\",\"23\":\"<p>Introduction to Sign Language. Part 1<\\/p>\",\"3\":[\"148\",\"149\"],\"29\":\"_layout-church\"}}', '2014-10-03 16:30:33', '2014-10-03 16:30:33', '2bf982f3-8e8d-461f-babb-451d16fe7419');
INSERT INTO `di_entryversions` (`id`, `entryId`, `sectionId`, `creatorId`, `locale`, `num`, `notes`, `data`, `dateCreated`, `dateUpdated`, `uid`) VALUES ('543', '151', '11', '1', 'en_gb', '22', '', '{\"typeId\":\"12\",\"authorId\":\"1\",\"title\":\"Sign Language: Alphabet\",\"slug\":\"sign-language-alphabet\",\"postDate\":1412244960,\"expiryDate\":null,\"enabled\":1,\"fields\":{\"2\":{\"152\":{\"type\":\"image\",\"enabled\":\"1\",\"fields\":{\"image\":[\"150\"],\"assetPlacement\":\"asset--full\",\"imageCaption\":\"<p>Two handed alphabet. Graphic from british-sign.co.uk<\\/p>\"}},\"156\":{\"type\":\"text\",\"enabled\":\"1\",\"fields\":{\"text\":\"<p><strong>Colds<\\/strong> are caused by hundreds of different viruses. When one of these viruses gets into your body, your immune system attacks it. Some of the effects of this immune response are the classic symptoms of a cold, such as congestion and coughing.<\\/p><p>The germs that cause colds are contagious. You can pick them up when an infected person sneezes, coughs, or shakes hands with you. After a couple of weeks, at the most, your immune system fights off the virus and you should stop having symptoms.<\\/p><p><strong>Allergies<\\/strong> are caused by an overactive immune system. For some reason, your body mistakes harmless substances -- such as dust or <a href=\\\"http:\\/\\/www.webmd.com\\/allergies\\/guide\\/pollen-allergies-symptoms-triggers-treatments\\\">pollen<\\/a> -- for germs and attacks them. Your body releases chemicals such as histamine, just as it does when fighting a cold. This can cause swelling in your nasal passages, a runny nose, coughing, and sneezing. Allergies are not contagious, although some people may inherit a tendency to develop them.<\\/p>\"}}},\"14\":\"<p>Communicating the gospel to the deaf community<\\/p>\",\"62\":\"\",\"124\":\"54.4819629,-6.3536984\",\"1\":\"\",\"35\":{\"157\":{\"type\":\"entriesList\",\"enabled\":\"1\",\"fields\":{\"sectionTitle\":\"More\",\"bandStyle\":\"tint\",\"listStyle\":\"article-list\",\"entryTypes\":[\"articles\"],\"limit\":\"4\",\"ministry\":\"\",\"place\":\"\",\"productCategory\":\"\",\"role\":\"\",\"join\":\"or\"}}},\"28\":[\"1\"],\"16\":[\"155\"],\"125\":\"\",\"109\":[\"129\"],\"85\":[\"poster\",\"posterTitle\",\"showRelated\"],\"96\":\"\",\"63\":\"primary\",\"108\":\"\",\"64\":\"\",\"23\":\"<p>Introduction to Sign Language. Part 1<\\/p>\",\"3\":[\"148\",\"149\"],\"29\":\"_layout-church\"}}', '2014-10-03 16:34:43', '2014-10-03 16:34:43', '80711055-6eba-4102-b900-dc802861406b');
INSERT INTO `di_entryversions` (`id`, `entryId`, `sectionId`, `creatorId`, `locale`, `num`, `notes`, `data`, `dateCreated`, `dateUpdated`, `uid`) VALUES ('544', '145', '11', '1', 'en_gb', '3', '', '{\"typeId\":\"12\",\"authorId\":\"1\",\"title\":\"Wake up, oh Church!\",\"slug\":\"wake-up-oh-church\",\"postDate\":1412238240,\"expiryDate\":null,\"enabled\":1,\"fields\":{\"2\":\"\",\"14\":\"<p>Please pray for believers around the world to be aware of the plight of the Body of Christ when it comes to the issue of persecution. We\\u2019ve seen the level of persecution rise in the last year in places like Iraq, Nigeria, Sudan, Pakistan and Syria and our suffering brothers and sisters need our prayers more than ever! Pray for Christians to be burdened in prayer with God\\u2019s heart for both the persecuted and the persecutor. May modern day Saul\\u2019s encounter Jesus and become modern day Paul\\u2019s!<\\/p>\",\"62\":\"\",\"124\":\"54.4819536,-6.3536871\",\"1\":\"\",\"35\":\"\",\"28\":\"\",\"16\":[\"28\"],\"125\":\"\",\"109\":[\"129\"],\"85\":\"\",\"96\":\"\",\"63\":\"none\",\"108\":\"\",\"64\":\"\",\"23\":\"\",\"3\":\"\",\"29\":\"_layout\"}}', '2014-10-03 16:34:53', '2014-10-03 16:34:53', 'ccd74b1f-8dd5-4dcb-9a00-7872de5e3f9c');
INSERT INTO `di_entryversions` (`id`, `entryId`, `sectionId`, `creatorId`, `locale`, `num`, `notes`, `data`, `dateCreated`, `dateUpdated`, `uid`) VALUES ('545', '151', '11', '1', 'en_gb', '23', '', '{\"typeId\":\"12\",\"authorId\":\"1\",\"title\":\"Sign Language: Alphabet\",\"slug\":\"sign-language-alphabet\",\"postDate\":1412244960,\"expiryDate\":null,\"enabled\":1,\"fields\":{\"2\":{\"152\":{\"type\":\"image\",\"enabled\":\"1\",\"fields\":{\"image\":[\"150\"],\"assetPlacement\":\"asset--full\",\"imageCaption\":\"<p>Two handed alphabet. Graphic from british-sign.co.uk<\\/p>\"}},\"156\":{\"type\":\"text\",\"enabled\":\"1\",\"fields\":{\"text\":\"<p><strong>Colds<\\/strong> are caused by hundreds of different viruses. When one of these viruses gets into your body, your immune system attacks it. Some of the effects of this immune response are the classic symptoms of a cold, such as congestion and coughing.<\\/p><p>The germs that cause colds are contagious. You can pick them up when an infected person sneezes, coughs, or shakes hands with you. After a couple of weeks, at the most, your immune system fights off the virus and you should stop having symptoms.<\\/p><p><strong>Allergies<\\/strong> are caused by an overactive immune system. For some reason, your body mistakes harmless substances -- such as dust or <a href=\\\"http:\\/\\/www.webmd.com\\/allergies\\/guide\\/pollen-allergies-symptoms-triggers-treatments\\\">pollen<\\/a> -- for germs and attacks them. Your body releases chemicals such as histamine, just as it does when fighting a cold. This can cause swelling in your nasal passages, a runny nose, coughing, and sneezing. Allergies are not contagious, although some people may inherit a tendency to develop them.<\\/p>\"}}},\"14\":\"<p>Communicating the gospel to the deaf community<\\/p>\",\"62\":\"\",\"124\":\"54.4819629,-6.3536984\",\"1\":\"\",\"35\":\"\",\"28\":[\"1\"],\"16\":[\"155\"],\"125\":\"\",\"109\":[\"129\"],\"85\":[\"poster\",\"posterTitle\",\"showRelated\"],\"96\":\"\",\"63\":\"primary\",\"108\":\"\",\"64\":\"\",\"23\":\"<p>Introduction to Sign Language. Part 1<\\/p>\",\"3\":[\"148\",\"149\"],\"29\":\"_layout-church\"}}', '2014-10-03 16:35:13', '2014-10-03 16:35:13', 'a2cd4d8f-4795-4c82-a72f-df9d49c425e9');
INSERT INTO `di_entryversions` (`id`, `entryId`, `sectionId`, `creatorId`, `locale`, `num`, `notes`, `data`, `dateCreated`, `dateUpdated`, `uid`) VALUES ('546', '2', '1', '1', 'en_gb', '126', '', '{\"typeId\":\"1\",\"authorId\":null,\"title\":\"Homepage\",\"slug\":\"homepage\",\"postDate\":1409830139,\"expiryDate\":null,\"enabled\":1,\"fields\":{\"2\":\"\",\"14\":\"<p>We believe Christian fellowship is divinely brought about by God for the purpose of displaying and advancing His Kingdom on earth, as Christians love one another and submit to the lordship of Christ, they show a picture of the heavenly realities that are to come.<\\/p>\",\"62\":[\"61\"],\"1\":\"Bringing hope, help and healing to a hurting world\",\"35\":{\"143\":{\"type\":\"entriesList\",\"enabled\":\"1\",\"fields\":{\"sectionTitle\":\"What\'s new\",\"bandStyle\":\"none\",\"listStyle\":\"teaser-list\",\"entryTypes\":[\"events\",\"news\",\"products\",\"articles\"],\"limit\":\"4\",\"ministry\":\"\",\"place\":\"\",\"productCategory\":\"\",\"role\":\"\",\"join\":\"or\"}},\"141\":{\"type\":\"categoryItems\",\"enabled\":\"1\",\"fields\":{\"sectionTitle\":\"Shops\",\"bandStyle\":\"shade\",\"listStyle\":\"mini-list\",\"limit\":\"6\",\"ministry\":[\"128\",\"129\"],\"place\":[\"120\",\"121\",\"122\",\"123\",\"124\"],\"productCategory\":[\"136\",\"137\"],\"role\":[\"130\",\"131\",\"132\",\"133\"],\"join\":\"or\"}},\"142\":{\"type\":\"entryIndex\",\"enabled\":\"1\",\"fields\":{\"sectionTitle\":\"Of interest\",\"bandStyle\":\"primary\",\"listStyle\":\"article-list\",\"entries\":[\"114\",\"112\",\"3\",\"117\"]}}},\"28\":\"\",\"16\":\"\",\"125\":\"http:\\/\\/vimeo.com\\/104315167\",\"85\":[\"poster\",\"showRelated\"],\"63\":\"secondary\",\"23\":\"\",\"29\":\"_layout\"}}', '2014-10-03 16:43:58', '2014-10-03 16:43:58', '6a7e0c8f-562a-4fd4-a84b-5295625978af');
INSERT INTO `di_entryversions` (`id`, `entryId`, `sectionId`, `creatorId`, `locale`, `num`, `notes`, `data`, `dateCreated`, `dateUpdated`, `uid`) VALUES ('547', '3', '2', '1', 'en_gb', '16', '', '{\"typeId\":\"2\",\"authorId\":\"1\",\"title\":\"We just installed Craft!\",\"slug\":\"we-just-installed-craft\",\"postDate\":1409830080,\"expiryDate\":null,\"enabled\":1,\"fields\":{\"2\":\"\",\"14\":\"<p>Kaleta and Thomas grow maize, beans, cassava and potatoes on their farm land. Receiving a joint land certificate has given them security and peace of mind. Thomas tells us \\\"By having the cert, I know the land is ours and I am free from worry for the future.\\\" Now they own the land, cultivate and provide food for their children.<\\/p>\",\"62\":\"\",\"124\":\"54.464800000000004,-6.3360199999999995\",\"1\":\"\",\"35\":\"\",\"28\":\"\",\"16\":[\"21\"],\"109\":[\"128\"],\"85\":[\"poster\",\"posterTitle\",\"showRelated\"],\"96\":[\"120\",\"121\",\"122\",\"123\",\"124\"],\"63\":\"primary\",\"108\":\"\",\"64\":\"\",\"23\":\"<p>Kaleta and Thomas grow maize, beans, cassava and potatoes on their farm land.<\\/p>\",\"3\":\"\",\"29\":\"_layout\"}}', '2014-10-03 16:45:58', '2014-10-03 16:45:58', 'f84c2763-8ab8-4c10-bd51-8ed05dc6447a');
INSERT INTO `di_entryversions` (`id`, `entryId`, `sectionId`, `creatorId`, `locale`, `num`, `notes`, `data`, `dateCreated`, `dateUpdated`, `uid`) VALUES ('548', '3', '2', '1', 'en_gb', '17', '', '{\"typeId\":\"2\",\"authorId\":\"1\",\"title\":\"We just installed Craft!\",\"slug\":\"we-just-installed-craft\",\"postDate\":1409830080,\"expiryDate\":null,\"enabled\":1,\"fields\":{\"2\":\"\",\"14\":\"<p>Kaleta and Thomas grow maize, beans, cassava and potatoes on their farm land. Receiving a joint land certificate has given them security and peace of mind. Thomas tells us \\\"By having the cert, I know the land is ours and I am free from worry for the future.\\\" Now they own the land, cultivate and provide food for their children.<\\/p>\",\"62\":\"\",\"124\":\"54.464800000000004,-6.3360199999999995\",\"1\":\"\",\"35\":\"\",\"28\":\"\",\"16\":[\"21\"],\"109\":[\"128\",\"129\"],\"85\":[\"poster\",\"posterTitle\",\"showRelated\"],\"96\":[\"120\",\"121\",\"122\",\"123\",\"124\"],\"63\":\"primary\",\"108\":\"\",\"64\":\"\",\"23\":\"<p>Kaleta and Thomas grow maize, beans, cassava and potatoes on their farm land.<\\/p>\",\"3\":\"\",\"29\":\"_layout\"}}', '2014-10-03 16:47:22', '2014-10-03 16:47:22', '0267aa05-5af5-43cf-8379-b339b4e7d456');
INSERT INTO `di_entryversions` (`id`, `entryId`, `sectionId`, `creatorId`, `locale`, `num`, `notes`, `data`, `dateCreated`, `dateUpdated`, `uid`) VALUES ('549', '125', '13', '1', 'en_gb', '24', '', '{\"typeId\":\"14\",\"authorId\":\"1\",\"title\":\"Grace Community Church\",\"slug\":\"grace-community-church\",\"postDate\":1412087040,\"expiryDate\":null,\"enabled\":1,\"fields\":{\"50\":[{\"col1\":\"171 Dobbin Rd\",\"col2\":\"Richhill\",\"col3\":\"County Armagh\",\"col4\":\"BT61 9LW\",\"col5\":\"Northern Ireland\",\"col6\":\"\"}],\"2\":\"\",\"14\":\"\",\"126\":[{\"col1\":\"Telephone\",\"col2\":\"028 3887 1389\",\"col3\":\"\"}],\"62\":[\"60\"],\"124\":\"54.464800000000004,-6.3360199999999995\",\"1\":\"\",\"35\":\"\",\"93\":[{\"col1\":\"\",\"col2\":\"\",\"col3\":\"\"}],\"28\":\"\",\"16\":\"\",\"125\":\"https:\\/\\/www.youtube.com\\/watch?v=Ie5QnUAkv1M\",\"51\":\"{\\\"markers\\\":[{\\\"isNew\\\":false,\\\"isSavedToMap\\\":true,\\\"title\\\":\\\"\\\",\\\"distance\\\":false,\\\"icon\\\":\\\"\\\",\\\"lat\\\":54.3879396,\\\"lng\\\":-6.5344737,\\\"content\\\":\\\"Drop Inn Community Church<br> 171 Dobbin Road<br> Richhill<br> Armagh<br> Armagh BT61 9LW<br> UK\\\",\\\"customContent\\\":false,\\\"address\\\":\\\"Drop Inn Community Church, 171 Dobbin Road, Richhill, Armagh, Armagh BT61 9LW, UK\\\",\\\"addressComponents\\\":[{\\\"long_name\\\":\\\"Drop Inn Community Church\\\",\\\"short_name\\\":\\\"Drop Inn Community Church\\\",\\\"types\\\":[\\\"point_of_interest\\\",\\\"establishment\\\"]},{\\\"long_name\\\":\\\"171\\\",\\\"short_name\\\":\\\"171\\\",\\\"types\\\":[\\\"street_number\\\"]},{\\\"long_name\\\":\\\"Dobbin Road\\\",\\\"short_name\\\":\\\"Dobbin Rd\\\",\\\"types\\\":[\\\"route\\\"]},{\\\"long_name\\\":\\\"Richhill\\\",\\\"short_name\\\":\\\"Richhill\\\",\\\"types\\\":[\\\"locality\\\",\\\"political\\\"]},{\\\"long_name\\\":\\\"Armagh\\\",\\\"short_name\\\":\\\"Armagh\\\",\\\"types\\\":[\\\"postal_town\\\"]},{\\\"long_name\\\":\\\"Armagh\\\",\\\"short_name\\\":\\\"Armagh\\\",\\\"types\\\":[\\\"administrative_area_level_2\\\",\\\"political\\\"]},{\\\"long_name\\\":\\\"United Kingdom\\\",\\\"short_name\\\":\\\"GB\\\",\\\"types\\\":[\\\"country\\\",\\\"political\\\"]},{\\\"long_name\\\":\\\"BT61 9LW\\\",\\\"short_name\\\":\\\"BT61 9LW\\\",\\\"types\\\":[\\\"postal_code\\\"]}],\\\"locationId\\\":\\\"1\\\",\\\"elementId\\\":\\\"125\\\",\\\"deleted\\\":false}],\\\"polygons\\\":[],\\\"polylines\\\":[],\\\"routes\\\":[],\\\"circles\\\":[],\\\"groundOverlays\\\":[]}\",\"85\":[\"poster\"],\"96\":[\"120\"],\"63\":\"quaternary\",\"64\":\"\",\"23\":\"<p>The local \\/ global church<\\/p>\",\"3\":\"\",\"29\":\"_layout-church\"}}', '2014-10-03 16:49:51', '2014-10-03 16:49:51', '1d06f595-74be-44e0-bf35-da10ccf4ff19');
INSERT INTO `di_entryversions` (`id`, `entryId`, `sectionId`, `creatorId`, `locale`, `num`, `notes`, `data`, `dateCreated`, `dateUpdated`, `uid`) VALUES ('550', '3', '2', '1', 'en_gb', '18', '', '{\"typeId\":\"2\",\"authorId\":\"1\",\"title\":\"We just installed Craft!\",\"slug\":\"we-just-installed-craft\",\"postDate\":1409830080,\"expiryDate\":null,\"enabled\":1,\"fields\":{\"2\":\"\",\"14\":\"<p>Kaleta and Thomas grow maize, beans, cassava and potatoes on their farm land. Receiving a joint land certificate has given them security and peace of mind. Thomas tells us \\\"By having the cert, I know the land is ours and I am free from worry for the future.\\\" Now they own the land, cultivate and provide food for their children.<\\/p>\",\"62\":\"\",\"124\":\"54.464800000000004,-6.3360199999999995\",\"1\":\"\",\"35\":\"\",\"28\":\"\",\"16\":[\"21\"],\"109\":[\"128\",\"129\"],\"85\":[\"poster\",\"posterTitle\",\"showRelated\"],\"96\":[\"120\",\"121\",\"122\",\"123\",\"124\"],\"63\":\"primary\",\"108\":\"\",\"64\":\"\",\"23\":\"<p>Kaleta and Thomas grow maize, beans, cassava and potatoes on their farm land.<\\/p>\",\"3\":\"\",\"29\":\"_layout\"}}', '2014-10-03 16:52:13', '2014-10-03 16:52:13', 'c4bd666b-a15c-4962-b232-ae01cc941d77');
INSERT INTO `di_entryversions` (`id`, `entryId`, `sectionId`, `creatorId`, `locale`, `num`, `notes`, `data`, `dateCreated`, `dateUpdated`, `uid`) VALUES ('551', '151', '11', '1', 'en_gb', '24', '', '{\"typeId\":\"12\",\"authorId\":\"1\",\"title\":\"Sign Language: Alphabet\",\"slug\":\"sign-language-alphabet\",\"postDate\":1412244960,\"expiryDate\":null,\"enabled\":1,\"fields\":{\"2\":{\"152\":{\"type\":\"image\",\"enabled\":\"1\",\"fields\":{\"image\":[\"150\"],\"assetPlacement\":\"asset--wide\",\"imageCaption\":\"<p>Two handed alphabet. Graphic from british-sign.co.uk<\\/p>\"}},\"156\":{\"type\":\"text\",\"enabled\":\"1\",\"fields\":{\"text\":\"<p><strong>Colds<\\/strong> are caused by hundreds of different viruses. When one of these viruses gets into your body, your immune system attacks it. Some of the effects of this immune response are the classic symptoms of a cold, such as congestion and coughing.<\\/p><p>The germs that cause colds are contagious. You can pick them up when an infected person sneezes, coughs, or shakes hands with you. After a couple of weeks, at the most, your immune system fights off the virus and you should stop having symptoms.<\\/p><p><strong>Allergies<\\/strong> are caused by an overactive immune system. For some reason, your body mistakes harmless substances -- such as dust or <a href=\\\"http:\\/\\/www.webmd.com\\/allergies\\/guide\\/pollen-allergies-symptoms-triggers-treatments\\\">pollen<\\/a> -- for germs and attacks them. Your body releases chemicals such as histamine, just as it does when fighting a cold. This can cause swelling in your nasal passages, a runny nose, coughing, and sneezing. Allergies are not contagious, although some people may inherit a tendency to develop them.<\\/p>\"}}},\"14\":\"<p>Communicating the gospel to the deaf community<\\/p>\",\"62\":\"\",\"124\":\"54.4819629,-6.3536984\",\"1\":\"\",\"35\":\"\",\"28\":[\"1\"],\"16\":[\"155\"],\"125\":\"\",\"109\":[\"129\"],\"85\":[\"poster\",\"posterTitle\",\"showRelated\"],\"96\":\"\",\"63\":\"primary\",\"108\":\"\",\"64\":\"\",\"23\":\"<p>Introduction to Sign Language. Part 1<\\/p>\",\"3\":[\"148\",\"149\"],\"29\":\"_layout-church\"}}', '2014-10-03 16:53:07', '2014-10-03 16:53:07', '43896222-760c-4d78-8c98-45854fd92c79');
INSERT INTO `di_entryversions` (`id`, `entryId`, `sectionId`, `creatorId`, `locale`, `num`, `notes`, `data`, `dateCreated`, `dateUpdated`, `uid`) VALUES ('552', '151', '11', '1', 'en_gb', '25', '', '{\"typeId\":\"12\",\"authorId\":\"1\",\"title\":\"Sign Language: Alphabet\",\"slug\":\"sign-language-alphabet\",\"postDate\":1412244960,\"expiryDate\":null,\"enabled\":1,\"fields\":{\"2\":{\"152\":{\"type\":\"image\",\"enabled\":\"1\",\"fields\":{\"image\":[\"150\"],\"assetPlacement\":\"asset-inset\",\"imageCaption\":\"<p>Two handed alphabet. Graphic from british-sign.co.uk<\\/p>\"}},\"156\":{\"type\":\"text\",\"enabled\":\"1\",\"fields\":{\"text\":\"<p><strong>Colds<\\/strong> are caused by hundreds of different viruses. When one of these viruses gets into your body, your immune system attacks it. Some of the effects of this immune response are the classic symptoms of a cold, such as congestion and coughing.<\\/p><p>The germs that cause colds are contagious. You can pick them up when an infected person sneezes, coughs, or shakes hands with you. After a couple of weeks, at the most, your immune system fights off the virus and you should stop having symptoms.<\\/p><p><strong>Allergies<\\/strong> are caused by an overactive immune system. For some reason, your body mistakes harmless substances -- such as dust or <a href=\\\"http:\\/\\/www.webmd.com\\/allergies\\/guide\\/pollen-allergies-symptoms-triggers-treatments\\\">pollen<\\/a> -- for germs and attacks them. Your body releases chemicals such as histamine, just as it does when fighting a cold. This can cause swelling in your nasal passages, a runny nose, coughing, and sneezing. Allergies are not contagious, although some people may inherit a tendency to develop them.<\\/p>\"}}},\"14\":\"<p>Communicating the gospel to the deaf community<\\/p>\",\"62\":\"\",\"124\":\"54.4819629,-6.3536984\",\"1\":\"\",\"35\":\"\",\"28\":[\"1\"],\"16\":[\"155\"],\"125\":\"\",\"109\":[\"129\"],\"85\":[\"poster\",\"posterTitle\",\"showRelated\"],\"96\":\"\",\"63\":\"primary\",\"108\":\"\",\"64\":\"\",\"23\":\"<p>Introduction to Sign Language. Part 1<\\/p>\",\"3\":[\"148\",\"149\"],\"29\":\"_layout-church\"}}', '2014-10-03 16:55:04', '2014-10-03 16:55:04', '1668124a-6271-49ba-8a4a-31f3415226c6');
INSERT INTO `di_entryversions` (`id`, `entryId`, `sectionId`, `creatorId`, `locale`, `num`, `notes`, `data`, `dateCreated`, `dateUpdated`, `uid`) VALUES ('553', '151', '11', '1', 'en_gb', '26', '', '{\"typeId\":\"12\",\"authorId\":\"1\",\"title\":\"Sign Language: Alphabet\",\"slug\":\"sign-language-alphabet\",\"postDate\":1412244960,\"expiryDate\":null,\"enabled\":1,\"fields\":{\"2\":{\"new1\":{\"type\":\"imageGallery\",\"enabled\":\"1\",\"fields\":{\"imageGallery\":[\"5\",\"59\",\"154\",\"25\",\"28\",\"51\",\"150\",\"18\",\"144\"],\"assetCaption\":\"\",\"assetPlacement\":\"asset-inset\"}},\"152\":{\"type\":\"image\",\"enabled\":\"1\",\"fields\":{\"image\":[\"150\"],\"assetPlacement\":\"asset-inset\",\"imageCaption\":\"<p>Two handed alphabet. Graphic from british-sign.co.uk<\\/p>\"}},\"156\":{\"type\":\"text\",\"enabled\":\"1\",\"fields\":{\"text\":\"<p><strong>Colds<\\/strong> are caused by hundreds of different viruses. When one of these viruses gets into your body, your immune system attacks it. Some of the effects of this immune response are the classic symptoms of a cold, such as congestion and coughing.<\\/p><p>The germs that cause colds are contagious. You can pick them up when an infected person sneezes, coughs, or shakes hands with you. After a couple of weeks, at the most, your immune system fights off the virus and you should stop having symptoms.<\\/p><p><strong>Allergies<\\/strong> are caused by an overactive immune system. For some reason, your body mistakes harmless substances -- such as dust or <a href=\\\"http:\\/\\/www.webmd.com\\/allergies\\/guide\\/pollen-allergies-symptoms-triggers-treatments\\\">pollen<\\/a> -- for germs and attacks them. Your body releases chemicals such as histamine, just as it does when fighting a cold. This can cause swelling in your nasal passages, a runny nose, coughing, and sneezing. Allergies are not contagious, although some people may inherit a tendency to develop them.<\\/p>\"}}},\"14\":\"<p>Communicating the gospel to the deaf community<\\/p>\",\"62\":\"\",\"124\":\"54.4819629,-6.3536984\",\"1\":\"\",\"35\":\"\",\"28\":[\"1\"],\"16\":[\"155\"],\"125\":\"\",\"109\":[\"129\"],\"85\":[\"poster\",\"posterTitle\",\"showRelated\"],\"96\":\"\",\"63\":\"primary\",\"108\":\"\",\"64\":\"\",\"23\":\"<p>Introduction to Sign Language. Part 1<\\/p>\",\"3\":[\"148\",\"149\"],\"29\":\"_layout-church\"}}', '2014-10-03 16:59:38', '2014-10-03 16:59:38', '3d8c493f-499f-4a46-97ad-6eb6a411de36');
INSERT INTO `di_entryversions` (`id`, `entryId`, `sectionId`, `creatorId`, `locale`, `num`, `notes`, `data`, `dateCreated`, `dateUpdated`, `uid`) VALUES ('554', '151', '11', '1', 'en_gb', '27', '', '{\"typeId\":\"12\",\"authorId\":\"1\",\"title\":\"Sign Language: Alphabet\",\"slug\":\"sign-language-alphabet\",\"postDate\":1412244960,\"expiryDate\":null,\"enabled\":1,\"fields\":{\"2\":{\"161\":{\"type\":\"imageGallery\",\"enabled\":\"1\",\"fields\":{\"imageGallery\":[\"5\",\"59\",\"154\",\"25\",\"28\",\"51\",\"150\",\"18\",\"144\"],\"assetCaption\":\"\",\"assetPlacement\":\"asset-wide\"}},\"152\":{\"type\":\"image\",\"enabled\":\"1\",\"fields\":{\"image\":[\"150\"],\"assetPlacement\":\"asset-inset\",\"imageCaption\":\"<p>Two handed alphabet. Graphic from british-sign.co.uk<\\/p>\"}},\"156\":{\"type\":\"text\",\"enabled\":\"1\",\"fields\":{\"text\":\"<p><strong>Colds<\\/strong> are caused by hundreds of different viruses. When one of these viruses gets into your body, your immune system attacks it. Some of the effects of this immune response are the classic symptoms of a cold, such as congestion and coughing.<\\/p><p>The germs that cause colds are contagious. You can pick them up when an infected person sneezes, coughs, or shakes hands with you. After a couple of weeks, at the most, your immune system fights off the virus and you should stop having symptoms.<\\/p><p><strong>Allergies<\\/strong> are caused by an overactive immune system. For some reason, your body mistakes harmless substances -- such as dust or <a href=\\\"http:\\/\\/www.webmd.com\\/allergies\\/guide\\/pollen-allergies-symptoms-triggers-treatments\\\">pollen<\\/a> -- for germs and attacks them. Your body releases chemicals such as histamine, just as it does when fighting a cold. This can cause swelling in your nasal passages, a runny nose, coughing, and sneezing. Allergies are not contagious, although some people may inherit a tendency to develop them.<\\/p>\"}}},\"14\":\"<p>Communicating the gospel to the deaf community<\\/p>\",\"62\":\"\",\"124\":\"54.4819629,-6.3536984\",\"1\":\"\",\"35\":\"\",\"28\":[\"1\"],\"16\":[\"155\"],\"125\":\"\",\"109\":[\"129\"],\"85\":[\"poster\",\"posterTitle\",\"showRelated\"],\"96\":\"\",\"63\":\"primary\",\"108\":\"\",\"64\":\"\",\"23\":\"<p>Introduction to Sign Language. Part 1<\\/p>\",\"3\":[\"148\",\"149\"],\"29\":\"_layout-church\"}}', '2014-10-03 16:59:55', '2014-10-03 16:59:55', '12584535-1f98-458b-aa2d-58a99453f3d6');
INSERT INTO `di_entryversions` (`id`, `entryId`, `sectionId`, `creatorId`, `locale`, `num`, `notes`, `data`, `dateCreated`, `dateUpdated`, `uid`) VALUES ('555', '151', '11', '1', 'en_gb', '28', '', '{\"typeId\":\"12\",\"authorId\":\"1\",\"title\":\"Sign Language: Alphabet\",\"slug\":\"sign-language-alphabet\",\"postDate\":1412244960,\"expiryDate\":null,\"enabled\":1,\"fields\":{\"2\":{\"161\":{\"type\":\"imageGallery\",\"enabled\":\"1\",\"fields\":{\"imageGallery\":[\"5\",\"59\",\"154\",\"25\",\"28\",\"51\",\"150\",\"18\",\"144\"],\"assetCaption\":\"\",\"assetPlacement\":\"asset-full\"}},\"152\":{\"type\":\"image\",\"enabled\":\"1\",\"fields\":{\"image\":[\"150\"],\"assetPlacement\":\"asset-inset\",\"imageCaption\":\"<p>Two handed alphabet. Graphic from british-sign.co.uk<\\/p>\"}},\"156\":{\"type\":\"text\",\"enabled\":\"1\",\"fields\":{\"text\":\"<p><strong>Colds<\\/strong> are caused by hundreds of different viruses. When one of these viruses gets into your body, your immune system attacks it. Some of the effects of this immune response are the classic symptoms of a cold, such as congestion and coughing.<\\/p><p>The germs that cause colds are contagious. You can pick them up when an infected person sneezes, coughs, or shakes hands with you. After a couple of weeks, at the most, your immune system fights off the virus and you should stop having symptoms.<\\/p><p><strong>Allergies<\\/strong> are caused by an overactive immune system. For some reason, your body mistakes harmless substances -- such as dust or <a href=\\\"http:\\/\\/www.webmd.com\\/allergies\\/guide\\/pollen-allergies-symptoms-triggers-treatments\\\">pollen<\\/a> -- for germs and attacks them. Your body releases chemicals such as histamine, just as it does when fighting a cold. This can cause swelling in your nasal passages, a runny nose, coughing, and sneezing. Allergies are not contagious, although some people may inherit a tendency to develop them.<\\/p>\"}}},\"14\":\"<p>Communicating the gospel to the deaf community<\\/p>\",\"62\":\"\",\"124\":\"54.4819629,-6.3536984\",\"1\":\"\",\"35\":\"\",\"28\":[\"1\"],\"16\":[\"155\"],\"125\":\"\",\"109\":[\"129\"],\"85\":[\"poster\",\"posterTitle\",\"showRelated\"],\"96\":\"\",\"63\":\"primary\",\"108\":\"\",\"64\":\"\",\"23\":\"<p>Introduction to Sign Language. Part 1<\\/p>\",\"3\":[\"148\",\"149\"],\"29\":\"_layout-church\"}}', '2014-10-03 17:01:44', '2014-10-03 17:01:44', '4ae3966c-9c96-435d-9134-c9bbe86bc120');
INSERT INTO `di_entryversions` (`id`, `entryId`, `sectionId`, `creatorId`, `locale`, `num`, `notes`, `data`, `dateCreated`, `dateUpdated`, `uid`) VALUES ('556', '151', '11', '1', 'en_gb', '29', '', '{\"typeId\":\"12\",\"authorId\":\"1\",\"title\":\"Sign Language: Alphabet\",\"slug\":\"sign-language-alphabet\",\"postDate\":1412244960,\"expiryDate\":null,\"enabled\":1,\"fields\":{\"2\":{\"161\":{\"type\":\"imageGallery\",\"enabled\":\"1\",\"fields\":{\"imageGallery\":[\"5\",\"59\",\"154\",\"25\",\"28\",\"51\",\"150\",\"18\",\"144\"],\"assetCaption\":\"\",\"assetPlacement\":\"asset-wide\"}},\"152\":{\"type\":\"image\",\"enabled\":\"1\",\"fields\":{\"image\":[\"150\"],\"assetPlacement\":\"asset-inset\",\"imageCaption\":\"<p>Two handed alphabet. Graphic from british-sign.co.uk<\\/p>\"}},\"156\":{\"type\":\"text\",\"enabled\":\"1\",\"fields\":{\"text\":\"<p><strong>Colds<\\/strong> are caused by hundreds of different viruses. When one of these viruses gets into your body, your immune system attacks it. Some of the effects of this immune response are the classic symptoms of a cold, such as congestion and coughing.<\\/p><p>The germs that cause colds are contagious. You can pick them up when an infected person sneezes, coughs, or shakes hands with you. After a couple of weeks, at the most, your immune system fights off the virus and you should stop having symptoms.<\\/p><p><strong>Allergies<\\/strong> are caused by an overactive immune system. For some reason, your body mistakes harmless substances -- such as dust or <a href=\\\"http:\\/\\/www.webmd.com\\/allergies\\/guide\\/pollen-allergies-symptoms-triggers-treatments\\\">pollen<\\/a> -- for germs and attacks them. Your body releases chemicals such as histamine, just as it does when fighting a cold. This can cause swelling in your nasal passages, a runny nose, coughing, and sneezing. Allergies are not contagious, although some people may inherit a tendency to develop them.<\\/p>\"}}},\"14\":\"<p>Communicating the gospel to the deaf community<\\/p>\",\"62\":\"\",\"124\":\"54.4819629,-6.3536984\",\"1\":\"\",\"35\":\"\",\"28\":[\"1\"],\"16\":[\"155\"],\"125\":\"\",\"109\":[\"129\"],\"85\":[\"poster\",\"posterTitle\",\"showRelated\"],\"96\":\"\",\"63\":\"primary\",\"108\":\"\",\"64\":\"\",\"23\":\"<p>Introduction to Sign Language. Part 1<\\/p>\",\"3\":[\"148\",\"149\"],\"29\":\"_layout-church\"}}', '2014-10-03 17:02:14', '2014-10-03 17:02:14', '2768674b-2f8a-4e0f-b150-0d1bbefc0529');
INSERT INTO `di_entryversions` (`id`, `entryId`, `sectionId`, `creatorId`, `locale`, `num`, `notes`, `data`, `dateCreated`, `dateUpdated`, `uid`) VALUES ('557', '2', '1', '1', 'en_gb', '127', '', '{\"typeId\":\"1\",\"authorId\":null,\"title\":\"Homepage\",\"slug\":\"homepage\",\"postDate\":1409830139,\"expiryDate\":null,\"enabled\":1,\"fields\":{\"2\":\"\",\"14\":\"<p>We believe Christian fellowship is divinely brought about by God for the purpose of displaying and advancing His Kingdom on earth, as Christians love one another and submit to the lordship of Christ, they show a picture of the heavenly realities that are to come.<\\/p>\",\"62\":[\"61\"],\"1\":\"Bringing hope, help and healing to a hurting world\",\"35\":{\"143\":{\"type\":\"entriesList\",\"enabled\":\"1\",\"fields\":{\"sectionTitle\":\"What\'s new\",\"bandStyle\":\"none\",\"listStyle\":\"teaser-list\",\"entryTypes\":[\"events\",\"news\",\"products\",\"articles\"],\"limit\":\"4\",\"ministry\":\"\",\"place\":\"\",\"productCategory\":\"\",\"role\":\"\",\"join\":\"or\"}},\"141\":{\"type\":\"categoryItems\",\"enabled\":\"1\",\"fields\":{\"sectionTitle\":\"Shops\",\"bandStyle\":\"shade\",\"listStyle\":\"mini-list\",\"limit\":\"6\",\"ministry\":[\"128\",\"129\"],\"place\":[\"120\",\"121\",\"122\",\"123\",\"124\"],\"productCategory\":[\"136\",\"137\"],\"role\":[\"130\",\"131\",\"132\",\"133\"],\"join\":\"or\"}},\"142\":{\"type\":\"entryIndex\",\"enabled\":\"1\",\"fields\":{\"sectionTitle\":\"Of interest\",\"bandStyle\":\"primary\",\"listStyle\":\"teaser-list\",\"entries\":[\"114\",\"112\",\"3\",\"117\"]}}},\"28\":\"\",\"16\":\"\",\"125\":\"http:\\/\\/vimeo.com\\/104315167\",\"85\":[\"poster\",\"showRelated\"],\"63\":\"secondary\",\"23\":\"\",\"29\":\"_layout\"}}', '2014-10-06 08:20:25', '2014-10-06 08:20:25', '6e51a665-07bd-41c0-b29d-146ab88b6d81');
INSERT INTO `di_entryversions` (`id`, `entryId`, `sectionId`, `creatorId`, `locale`, `num`, `notes`, `data`, `dateCreated`, `dateUpdated`, `uid`) VALUES ('558', '2', '1', '1', 'en_gb', '128', '', '{\"typeId\":\"1\",\"authorId\":null,\"title\":\"Homepage\",\"slug\":\"homepage\",\"postDate\":1409830139,\"expiryDate\":null,\"enabled\":1,\"fields\":{\"2\":\"\",\"14\":\"<p>We believe Christian fellowship is divinely brought about by God for the purpose of displaying and advancing His Kingdom on earth, as Christians love one another and submit to the lordship of Christ, they show a picture of the heavenly realities that are to come.<\\/p>\",\"62\":[\"61\"],\"1\":\"Bringing hope, help and healing to a hurting world\",\"35\":{\"143\":{\"type\":\"entriesList\",\"enabled\":\"1\",\"fields\":{\"sectionTitle\":\"What\'s new\",\"bandStyle\":\"none\",\"listStyle\":\"teaser-list\",\"entryTypes\":[\"events\",\"news\",\"products\",\"articles\"],\"limit\":\"4\",\"ministry\":\"\",\"place\":\"\",\"productCategory\":\"\",\"role\":\"\",\"join\":\"or\"}},\"142\":{\"type\":\"entryIndex\",\"enabled\":\"1\",\"fields\":{\"sectionTitle\":\"Of interest\",\"bandStyle\":\"primary\",\"listStyle\":\"teaser-list\",\"entries\":[\"114\",\"112\",\"3\",\"117\"]}}},\"28\":\"\",\"16\":\"\",\"125\":\"http:\\/\\/vimeo.com\\/104315167\",\"85\":[\"poster\",\"showRelated\"],\"63\":\"secondary\",\"23\":\"\",\"29\":\"_layout\"}}', '2014-10-06 08:20:58', '2014-10-06 08:20:58', '1ab0715b-a89a-4d6f-b893-a07ba8061e9f');
INSERT INTO `di_entryversions` (`id`, `entryId`, `sectionId`, `creatorId`, `locale`, `num`, `notes`, `data`, `dateCreated`, `dateUpdated`, `uid`) VALUES ('559', '2', '1', '1', 'en_gb', '129', '', '{\"typeId\":\"1\",\"authorId\":null,\"title\":\"Homepage\",\"slug\":\"homepage\",\"postDate\":1409830139,\"expiryDate\":null,\"enabled\":1,\"fields\":{\"2\":\"\",\"14\":\"<p>We believe Christian fellowship is divinely brought about by God for the purpose of displaying and advancing His Kingdom on earth, as Christians love one another and submit to the lordship of Christ, they show a picture of the heavenly realities that are to come.<\\/p>\",\"62\":[\"61\"],\"1\":\"Bringing hope, help and healing to a hurting world\",\"35\":{\"143\":{\"type\":\"entriesList\",\"enabled\":\"1\",\"fields\":{\"sectionTitle\":\"What\'s new\",\"bandStyle\":\"none\",\"listStyle\":\"teaser-list\",\"entryTypes\":[\"events\",\"news\",\"products\",\"articles\"],\"limit\":\"4\",\"ministry\":\"\",\"place\":\"\",\"productCategory\":\"\",\"role\":\"\",\"join\":\"or\"}},\"142\":{\"type\":\"entryIndex\",\"enabled\":\"1\",\"fields\":{\"sectionTitle\":\"Of interest\",\"bandStyle\":\"primary\",\"listStyle\":\"article-list\",\"entries\":[\"114\",\"112\",\"3\",\"117\"]}}},\"28\":\"\",\"16\":\"\",\"125\":\"http:\\/\\/vimeo.com\\/104315167\",\"85\":[\"poster\",\"showRelated\"],\"63\":\"secondary\",\"23\":\"\",\"29\":\"_layout\"}}', '2014-10-06 08:21:17', '2014-10-06 08:21:17', 'b08303cd-3c58-46a3-9828-788cf667e1a2');
INSERT INTO `di_entryversions` (`id`, `entryId`, `sectionId`, `creatorId`, `locale`, `num`, `notes`, `data`, `dateCreated`, `dateUpdated`, `uid`) VALUES ('560', '2', '1', '1', 'en_gb', '130', '', '{\"typeId\":\"1\",\"authorId\":null,\"title\":\"Homepage\",\"slug\":\"homepage\",\"postDate\":1409830139,\"expiryDate\":null,\"enabled\":1,\"fields\":{\"2\":\"\",\"14\":\"<p>We believe Christian fellowship is divinely brought about by God for the purpose of displaying and advancing His Kingdom on earth, as Christians love one another and submit to the lordship of Christ, they show a picture of the heavenly realities that are to come.<\\/p>\",\"62\":[\"61\"],\"1\":\"Bringing hope, help and healing to a hurting world\",\"35\":{\"143\":{\"type\":\"entriesList\",\"enabled\":\"1\",\"fields\":{\"sectionTitle\":\"What\'s new\",\"bandStyle\":\"none\",\"listStyle\":\"teaser-list\",\"entryTypes\":[\"events\",\"news\",\"products\",\"articles\"],\"limit\":\"4\",\"ministry\":\"\",\"place\":\"\",\"productCategory\":\"\",\"role\":\"\",\"join\":\"or\"}},\"142\":{\"type\":\"entryIndex\",\"enabled\":\"1\",\"fields\":{\"sectionTitle\":\"Of interest\",\"bandStyle\":\"primary\",\"listStyle\":\"teaser-list\",\"entries\":[\"114\",\"112\",\"3\",\"117\"]}}},\"28\":\"\",\"16\":\"\",\"125\":\"http:\\/\\/vimeo.com\\/104315167\",\"85\":[\"poster\",\"showRelated\"],\"63\":\"secondary\",\"23\":\"\",\"29\":\"_layout\"}}', '2014-10-06 08:21:35', '2014-10-06 08:21:35', '942b4dba-37ca-454b-90b0-9a9273f667d9');
INSERT INTO `di_entryversions` (`id`, `entryId`, `sectionId`, `creatorId`, `locale`, `num`, `notes`, `data`, `dateCreated`, `dateUpdated`, `uid`) VALUES ('561', '125', '13', '1', 'en_gb', '25', '', '{\"typeId\":\"14\",\"authorId\":\"1\",\"title\":\"Grace Community Church\",\"slug\":\"grace-community-church\",\"postDate\":1412087040,\"expiryDate\":null,\"enabled\":1,\"fields\":{\"50\":[{\"col1\":\"171 Dobbin Rd\",\"col2\":\"Richhill\",\"col3\":\"County Armagh\",\"col4\":\"BT61 9LW\",\"col5\":\"Northern Ireland\",\"col6\":\"\"}],\"2\":\"\",\"14\":\"\",\"126\":[{\"col1\":\"Telephone\",\"col2\":\"028 3887 1389\",\"col3\":\"\"}],\"62\":[\"60\"],\"124\":\"54.464800000000004,-6.3360199999999995\",\"1\":\"\",\"35\":\"\",\"93\":[{\"col1\":\"\",\"col2\":\"\",\"col3\":\"\"}],\"28\":\"\",\"16\":\"\",\"125\":\"https:\\/\\/www.youtube.com\\/watch?v=Ie5QnUAkv1M\",\"51\":\"{\\\"markers\\\":[{\\\"isNew\\\":false,\\\"isSavedToMap\\\":true,\\\"title\\\":\\\"\\\",\\\"distance\\\":false,\\\"icon\\\":\\\"\\\",\\\"lat\\\":54.3879396,\\\"lng\\\":-6.5344737,\\\"content\\\":\\\"Drop Inn Community Church<br> 171 Dobbin Road<br> Richhill<br> Armagh<br> Armagh BT61 9LW<br> UK\\\",\\\"customContent\\\":false,\\\"address\\\":\\\"Drop Inn Community Church, 171 Dobbin Road, Richhill, Armagh, Armagh BT61 9LW, UK\\\",\\\"addressComponents\\\":[{\\\"long_name\\\":\\\"Drop Inn Community Church\\\",\\\"short_name\\\":\\\"Drop Inn Community Church\\\",\\\"types\\\":[\\\"point_of_interest\\\",\\\"establishment\\\"]},{\\\"long_name\\\":\\\"171\\\",\\\"short_name\\\":\\\"171\\\",\\\"types\\\":[\\\"street_number\\\"]},{\\\"long_name\\\":\\\"Dobbin Road\\\",\\\"short_name\\\":\\\"Dobbin Rd\\\",\\\"types\\\":[\\\"route\\\"]},{\\\"long_name\\\":\\\"Richhill\\\",\\\"short_name\\\":\\\"Richhill\\\",\\\"types\\\":[\\\"locality\\\",\\\"political\\\"]},{\\\"long_name\\\":\\\"Armagh\\\",\\\"short_name\\\":\\\"Armagh\\\",\\\"types\\\":[\\\"postal_town\\\"]},{\\\"long_name\\\":\\\"Armagh\\\",\\\"short_name\\\":\\\"Armagh\\\",\\\"types\\\":[\\\"administrative_area_level_2\\\",\\\"political\\\"]},{\\\"long_name\\\":\\\"United Kingdom\\\",\\\"short_name\\\":\\\"GB\\\",\\\"types\\\":[\\\"country\\\",\\\"political\\\"]},{\\\"long_name\\\":\\\"BT61 9LW\\\",\\\"short_name\\\":\\\"BT61 9LW\\\",\\\"types\\\":[\\\"postal_code\\\"]}],\\\"locationId\\\":\\\"1\\\",\\\"elementId\\\":\\\"125\\\",\\\"deleted\\\":false}],\\\"polygons\\\":[],\\\"polylines\\\":[],\\\"routes\\\":[],\\\"circles\\\":[],\\\"groundOverlays\\\":[]}\",\"85\":[\"poster\",\"posterMap\"],\"96\":[\"120\"],\"63\":\"quaternary\",\"64\":\"\",\"23\":\"<p>The local \\/ global church<\\/p>\",\"3\":\"\",\"29\":\"_layout-church\"}}', '2014-10-06 08:23:47', '2014-10-06 08:23:47', '9af2c3b9-d3f8-4f00-93ba-2beeeb4a04d6');
INSERT INTO `di_entryversions` (`id`, `entryId`, `sectionId`, `creatorId`, `locale`, `num`, `notes`, `data`, `dateCreated`, `dateUpdated`, `uid`) VALUES ('562', '125', '13', '1', 'en_gb', '26', '', '{\"typeId\":\"14\",\"authorId\":\"1\",\"title\":\"Grace Community Church\",\"slug\":\"grace-community-church\",\"postDate\":1412087040,\"expiryDate\":null,\"enabled\":1,\"fields\":{\"50\":[{\"col1\":\"171 Dobbin Rd\",\"col2\":\"Richhill\",\"col3\":\"County Armagh\",\"col4\":\"BT61 9LW\",\"col5\":\"Northern Ireland\",\"col6\":\"\"}],\"2\":\"\",\"14\":\"\",\"126\":[{\"col1\":\"Telephone\",\"col2\":\"028 3887 1389\",\"col3\":\"\"}],\"62\":[\"60\"],\"124\":\"54.464800000000004,-6.3360199999999995\",\"1\":\"\",\"35\":\"\",\"93\":[{\"col1\":\"\",\"col2\":\"\",\"col3\":\"\"}],\"28\":\"\",\"16\":\"\",\"125\":\"https:\\/\\/www.youtube.com\\/watch?v=Ie5QnUAkv1M\",\"51\":\"{\\\"markers\\\":[{\\\"isNew\\\":false,\\\"isSavedToMap\\\":true,\\\"title\\\":\\\"\\\",\\\"distance\\\":false,\\\"icon\\\":\\\"\\\",\\\"lat\\\":54.3879396,\\\"lng\\\":-6.5344737,\\\"content\\\":\\\"Drop Inn Community Church<br> 171 Dobbin Road<br> Richhill<br> Armagh<br> Armagh BT61 9LW<br> UK\\\",\\\"customContent\\\":false,\\\"address\\\":\\\"Drop Inn Community Church, 171 Dobbin Road, Richhill, Armagh, Armagh BT61 9LW, UK\\\",\\\"addressComponents\\\":[{\\\"long_name\\\":\\\"Drop Inn Community Church\\\",\\\"short_name\\\":\\\"Drop Inn Community Church\\\",\\\"types\\\":[\\\"point_of_interest\\\",\\\"establishment\\\"]},{\\\"long_name\\\":\\\"171\\\",\\\"short_name\\\":\\\"171\\\",\\\"types\\\":[\\\"street_number\\\"]},{\\\"long_name\\\":\\\"Dobbin Road\\\",\\\"short_name\\\":\\\"Dobbin Rd\\\",\\\"types\\\":[\\\"route\\\"]},{\\\"long_name\\\":\\\"Richhill\\\",\\\"short_name\\\":\\\"Richhill\\\",\\\"types\\\":[\\\"locality\\\",\\\"political\\\"]},{\\\"long_name\\\":\\\"Armagh\\\",\\\"short_name\\\":\\\"Armagh\\\",\\\"types\\\":[\\\"postal_town\\\"]},{\\\"long_name\\\":\\\"Armagh\\\",\\\"short_name\\\":\\\"Armagh\\\",\\\"types\\\":[\\\"administrative_area_level_2\\\",\\\"political\\\"]},{\\\"long_name\\\":\\\"United Kingdom\\\",\\\"short_name\\\":\\\"GB\\\",\\\"types\\\":[\\\"country\\\",\\\"political\\\"]},{\\\"long_name\\\":\\\"BT61 9LW\\\",\\\"short_name\\\":\\\"BT61 9LW\\\",\\\"types\\\":[\\\"postal_code\\\"]}],\\\"locationId\\\":\\\"1\\\",\\\"elementId\\\":\\\"125\\\",\\\"deleted\\\":false}],\\\"polygons\\\":[],\\\"polylines\\\":[],\\\"routes\\\":[],\\\"circles\\\":[],\\\"groundOverlays\\\":[]}\",\"85\":[\"poster\",\"posterMap\"],\"96\":[\"120\"],\"63\":\"tertiary\",\"64\":\"\",\"23\":\"<p>The local \\/ global church<\\/p>\",\"3\":\"\",\"29\":\"_layout-church\"}}', '2014-10-06 08:24:12', '2014-10-06 08:24:12', '5e701877-6ed3-4057-9666-6528d8697234');
INSERT INTO `di_entryversions` (`id`, `entryId`, `sectionId`, `creatorId`, `locale`, `num`, `notes`, `data`, `dateCreated`, `dateUpdated`, `uid`) VALUES ('563', '125', '13', '1', 'en_gb', '27', '', '{\"typeId\":\"14\",\"authorId\":\"1\",\"title\":\"Grace Community Church\",\"slug\":\"grace-community-church\",\"postDate\":1412087040,\"expiryDate\":null,\"enabled\":1,\"fields\":{\"50\":[{\"col1\":\"171 Dobbin Rd\",\"col2\":\"Richhill\",\"col3\":\"County Armagh\",\"col4\":\"BT61 9LW\",\"col5\":\"Northern Ireland\",\"col6\":\"\"}],\"2\":\"\",\"14\":\"\",\"126\":[{\"col1\":\"Telephone\",\"col2\":\"028 3887 1389\",\"col3\":\"\"}],\"62\":[\"60\"],\"124\":\"54.464800000000004,-6.3360199999999995\",\"1\":\"\",\"35\":\"\",\"93\":[{\"col1\":\"\",\"col2\":\"\",\"col3\":\"\"}],\"28\":\"\",\"16\":\"\",\"125\":\"https:\\/\\/www.youtube.com\\/watch?v=Ie5QnUAkv1M\",\"51\":\"{\\\"markers\\\":[{\\\"isNew\\\":false,\\\"isSavedToMap\\\":true,\\\"title\\\":\\\"\\\",\\\"distance\\\":false,\\\"icon\\\":\\\"\\\",\\\"lat\\\":54.3879396,\\\"lng\\\":-6.5344737,\\\"content\\\":\\\"Drop Inn Community Church<br> 171 Dobbin Road<br> Richhill<br> Armagh<br> Armagh BT61 9LW<br> UK\\\",\\\"customContent\\\":false,\\\"address\\\":\\\"Drop Inn Community Church, 171 Dobbin Road, Richhill, Armagh, Armagh BT61 9LW, UK\\\",\\\"addressComponents\\\":[{\\\"long_name\\\":\\\"Drop Inn Community Church\\\",\\\"short_name\\\":\\\"Drop Inn Community Church\\\",\\\"types\\\":[\\\"point_of_interest\\\",\\\"establishment\\\"]},{\\\"long_name\\\":\\\"171\\\",\\\"short_name\\\":\\\"171\\\",\\\"types\\\":[\\\"street_number\\\"]},{\\\"long_name\\\":\\\"Dobbin Road\\\",\\\"short_name\\\":\\\"Dobbin Rd\\\",\\\"types\\\":[\\\"route\\\"]},{\\\"long_name\\\":\\\"Richhill\\\",\\\"short_name\\\":\\\"Richhill\\\",\\\"types\\\":[\\\"locality\\\",\\\"political\\\"]},{\\\"long_name\\\":\\\"Armagh\\\",\\\"short_name\\\":\\\"Armagh\\\",\\\"types\\\":[\\\"postal_town\\\"]},{\\\"long_name\\\":\\\"Armagh\\\",\\\"short_name\\\":\\\"Armagh\\\",\\\"types\\\":[\\\"administrative_area_level_2\\\",\\\"political\\\"]},{\\\"long_name\\\":\\\"United Kingdom\\\",\\\"short_name\\\":\\\"GB\\\",\\\"types\\\":[\\\"country\\\",\\\"political\\\"]},{\\\"long_name\\\":\\\"BT61 9LW\\\",\\\"short_name\\\":\\\"BT61 9LW\\\",\\\"types\\\":[\\\"postal_code\\\"]}],\\\"locationId\\\":\\\"1\\\",\\\"elementId\\\":\\\"125\\\",\\\"deleted\\\":false}],\\\"polygons\\\":[],\\\"polylines\\\":[],\\\"routes\\\":[],\\\"circles\\\":[],\\\"groundOverlays\\\":[]}\",\"85\":[\"poster\",\"posterMap\"],\"96\":[\"120\"],\"63\":\"tertiary\",\"64\":\"\",\"23\":\"<p>The local \\/ global church<\\/p>\",\"3\":\"\",\"29\":\"_layout-church\"}}', '2014-10-06 08:26:43', '2014-10-06 08:26:43', '75a82a07-ad20-4e96-9b7b-d3e5e19fa320');
INSERT INTO `di_entryversions` (`id`, `entryId`, `sectionId`, `creatorId`, `locale`, `num`, `notes`, `data`, `dateCreated`, `dateUpdated`, `uid`) VALUES ('564', '125', '13', '1', 'en_gb', '28', '', '{\"typeId\":\"14\",\"authorId\":\"1\",\"title\":\"Grace Community Church\",\"slug\":\"grace-community-church\",\"postDate\":1412087040,\"expiryDate\":null,\"enabled\":1,\"fields\":{\"50\":[{\"col1\":\"171 Dobbin Rd\",\"col2\":\"Richhill\",\"col3\":\"County Armagh\",\"col4\":\"BT61 9LW\",\"col5\":\"Northern Ireland\",\"col6\":\"\"}],\"2\":\"\",\"14\":\"\",\"126\":[{\"col1\":\"Telephone\",\"col2\":\"028 3887 1389\",\"col3\":\"\"}],\"62\":[\"60\"],\"124\":\"54.464800000000004,-6.3360199999999995\",\"1\":\"\",\"35\":\"\",\"93\":[{\"col1\":\"\",\"col2\":\"\",\"col3\":\"\"}],\"28\":\"\",\"16\":\"\",\"125\":\"https:\\/\\/www.youtube.com\\/watch?v=Ie5QnUAkv1M\",\"51\":\"{\\\"markers\\\":[{\\\"isNew\\\":false,\\\"isSavedToMap\\\":true,\\\"title\\\":\\\"\\\",\\\"distance\\\":false,\\\"icon\\\":\\\"\\\",\\\"lat\\\":54.3879396,\\\"lng\\\":-6.5344737,\\\"content\\\":\\\"Drop Inn Community Church<br> 171 Dobbin Road<br> Richhill<br> Armagh<br> Armagh BT61 9LW<br> UK\\\",\\\"customContent\\\":false,\\\"address\\\":\\\"Drop Inn Community Church, 171 Dobbin Road, Richhill, Armagh, Armagh BT61 9LW, UK\\\",\\\"addressComponents\\\":[{\\\"long_name\\\":\\\"Drop Inn Community Church\\\",\\\"short_name\\\":\\\"Drop Inn Community Church\\\",\\\"types\\\":[\\\"point_of_interest\\\",\\\"establishment\\\"]},{\\\"long_name\\\":\\\"171\\\",\\\"short_name\\\":\\\"171\\\",\\\"types\\\":[\\\"street_number\\\"]},{\\\"long_name\\\":\\\"Dobbin Road\\\",\\\"short_name\\\":\\\"Dobbin Rd\\\",\\\"types\\\":[\\\"route\\\"]},{\\\"long_name\\\":\\\"Richhill\\\",\\\"short_name\\\":\\\"Richhill\\\",\\\"types\\\":[\\\"locality\\\",\\\"political\\\"]},{\\\"long_name\\\":\\\"Armagh\\\",\\\"short_name\\\":\\\"Armagh\\\",\\\"types\\\":[\\\"postal_town\\\"]},{\\\"long_name\\\":\\\"Armagh\\\",\\\"short_name\\\":\\\"Armagh\\\",\\\"types\\\":[\\\"administrative_area_level_2\\\",\\\"political\\\"]},{\\\"long_name\\\":\\\"United Kingdom\\\",\\\"short_name\\\":\\\"GB\\\",\\\"types\\\":[\\\"country\\\",\\\"political\\\"]},{\\\"long_name\\\":\\\"BT61 9LW\\\",\\\"short_name\\\":\\\"BT61 9LW\\\",\\\"types\\\":[\\\"postal_code\\\"]}],\\\"locationId\\\":\\\"1\\\",\\\"elementId\\\":\\\"125\\\",\\\"deleted\\\":false}],\\\"polygons\\\":[],\\\"polylines\\\":[],\\\"routes\\\":[],\\\"circles\\\":[],\\\"groundOverlays\\\":[]}\",\"85\":[\"poster\",\"posterMap\"],\"96\":[\"120\"],\"63\":\"tertiary\",\"64\":\"\",\"23\":\"<p>The local \\/ global church<\\/p>\",\"3\":\"\",\"29\":\"_layout-church\"}}', '2014-10-06 08:27:12', '2014-10-06 08:27:12', 'd49ce0cd-3bc9-4911-ba26-9186c941e7cc');
INSERT INTO `di_entryversions` (`id`, `entryId`, `sectionId`, `creatorId`, `locale`, `num`, `notes`, `data`, `dateCreated`, `dateUpdated`, `uid`) VALUES ('565', '126', '13', '1', 'en_gb', '36', '', '{\"typeId\":\"14\",\"authorId\":\"1\",\"title\":\"Tin House Portadown\",\"slug\":\"tin-house-portadown\",\"postDate\":1412090940,\"expiryDate\":null,\"enabled\":1,\"fields\":{\"50\":[{\"col1\":\"16a Church Street\",\"col2\":\"Portadown\",\"col3\":\"County Armagh\",\"col4\":\"BT62 3LQ \",\"col5\":\"Northern Ireland\",\"col6\":\"\"}],\"2\":{\"160\":{\"type\":\"text\",\"enabled\":\"1\",\"fields\":{\"text\":\"<p>The Department of Social Development (DSD) in Northern Ireland is launching a new piece of legislation in relation to Landlords. From the 25th February 2014 \\u2018The Landlord Registration Scheme Regulations (NI) 2012\\u2019 will be in operation. This legislation requires all Landlords who let properties under a private tenancy to register under the scheme.<\\/p><p>Landlords must register with the scheme immediately for tenancies commencing on or after the 25th February 2014. For all other existing tenancies, Landlords have 12 months to register (i.e. before 24th February 2015). Each registration lasts for three years, and costs \\u00a370.00 for an online submission and \\u00a380.00 for a paper submission.<\\/p><p>Landlords who are set up as a company and those who have a \\u2018House of Multiple Occupancy\\u2019 Licence will be exempt from paying the registration fee. On completion of the Landlord Registration, the Registrar will issue a Certificate of Registration to confirm compliance with the scheme.<\\/p><p>Who is a \\u2018Landlord\\u2019? For the purposes of this new legislation, a \\u2018Landlord\\u2019 is anybody who receives rent for accommodation. This encompasses a wide range of situations, including renting a property for short period of time. For example, renting your property while on holiday or having a lodger renting a room. All these situations create a private tenancy, thus you are considered a \\u2018Landlord\\u2019 liable for registration.<\\/p>\"}}},\"14\":\"\",\"126\":[{\"col1\":\"Telephone\",\"col2\":\"028 3812 3456\",\"col3\":\"\"}],\"62\":[\"65\"],\"124\":\"54.464800000000004,-6.3360199999999995\",\"1\":\"Tin House Coffee\",\"35\":{\"134\":{\"type\":\"entryIndex\",\"enabled\":\"1\",\"fields\":{\"sectionTitle\":\"Key People\",\"bandStyle\":\"shade\",\"listStyle\":\"teaser-list\",\"entries\":[\"117\"]}},\"127\":{\"type\":\"categoryItems\",\"enabled\":\"1\",\"fields\":{\"sectionTitle\":\"Other Places\",\"bandStyle\":\"primary\",\"listStyle\":\"mini-list\",\"limit\":\"1\",\"ministry\":\"\",\"place\":[\"120\"],\"productCategory\":\"\",\"role\":\"\",\"join\":\"or\"}}},\"93\":[{\"col1\":\"\",\"col2\":\"\",\"col3\":\"\"}],\"28\":\"\",\"16\":[\"146\"],\"125\":\"\",\"51\":\"{\\\"markers\\\":[{\\\"isNew\\\":false,\\\"isSavedToMap\\\":true,\\\"title\\\":\\\"\\\",\\\"distance\\\":false,\\\"icon\\\":\\\"\\\",\\\"lat\\\":54.4219197,\\\"lng\\\":-6.4451233,\\\"content\\\":\\\"16 Church Street<br> Portadown<br> Craigavon<br> Craigavon BT62 3LN<br> UK\\\",\\\"customContent\\\":false,\\\"address\\\":\\\"16 Church Street, Portadown, Craigavon, Craigavon BT62 3LN, UK\\\",\\\"addressComponents\\\":[{\\\"long_name\\\":\\\"16\\\",\\\"short_name\\\":\\\"16\\\",\\\"types\\\":[\\\"street_number\\\"]},{\\\"long_name\\\":\\\"Church Street\\\",\\\"short_name\\\":\\\"Church St\\\",\\\"types\\\":[\\\"route\\\"]},{\\\"long_name\\\":\\\"Portadown\\\",\\\"short_name\\\":\\\"Portadown\\\",\\\"types\\\":[\\\"locality\\\",\\\"political\\\"]},{\\\"long_name\\\":\\\"Craigavon\\\",\\\"short_name\\\":\\\"Craigavon\\\",\\\"types\\\":[\\\"postal_town\\\"]},{\\\"long_name\\\":\\\"Craigavon\\\",\\\"short_name\\\":\\\"Craigavon\\\",\\\"types\\\":[\\\"administrative_area_level_2\\\",\\\"political\\\"]},{\\\"long_name\\\":\\\"United Kingdom\\\",\\\"short_name\\\":\\\"GB\\\",\\\"types\\\":[\\\"country\\\",\\\"political\\\"]},{\\\"long_name\\\":\\\"BT62 3LN\\\",\\\"short_name\\\":\\\"BT62 3LN\\\",\\\"types\\\":[\\\"postal_code\\\"]}],\\\"locationId\\\":\\\"2\\\",\\\"elementId\\\":\\\"126\\\",\\\"deleted\\\":false}],\\\"polygons\\\":[],\\\"polylines\\\":[],\\\"routes\\\":[],\\\"circles\\\":[],\\\"groundOverlays\\\":[]}\",\"85\":[\"poster\",\"showRelated\"],\"96\":[\"122\"],\"63\":\"secondary\",\"64\":\"\",\"23\":\"<p>Portadown<\\/p>\",\"3\":\"\",\"29\":\"_layout-tinhouse\"}}', '2014-10-06 09:08:20', '2014-10-06 09:08:20', '55d3cb7c-7785-4bb1-84c0-82e0569bd0f6');
INSERT INTO `di_entryversions` (`id`, `entryId`, `sectionId`, `creatorId`, `locale`, `num`, `notes`, `data`, `dateCreated`, `dateUpdated`, `uid`) VALUES ('566', '126', '13', '1', 'en_gb', '37', '', '{\"typeId\":\"14\",\"authorId\":\"1\",\"title\":\"Tin House Portadown\",\"slug\":\"tin-house-portadown\",\"postDate\":1412090940,\"expiryDate\":null,\"enabled\":1,\"fields\":{\"50\":[{\"col1\":\"16a Church Street\",\"col2\":\"Portadown\",\"col3\":\"County Armagh\",\"col4\":\"BT62 3LQ \",\"col5\":\"Northern Ireland\",\"col6\":\"\"}],\"2\":{\"160\":{\"type\":\"text\",\"enabled\":\"1\",\"fields\":{\"text\":\"<p>The Department of Social Development (DSD) in Northern Ireland is launching a new piece of legislation in relation to Landlords. From the 25th February 2014 \\u2018The Landlord Registration Scheme Regulations (NI) 2012\\u2019 will be in operation. This legislation requires all Landlords who let properties under a private tenancy to register under the scheme.<\\/p><p>Landlords must register with the scheme immediately for tenancies commencing on or after the 25th February 2014. For all other existing tenancies, Landlords have 12 months to register (i.e. before 24th February 2015). Each registration lasts for three years, and costs \\u00a370.00 for an online submission and \\u00a380.00 for a paper submission.<\\/p><p>Landlords who are set up as a company and those who have a \\u2018House of Multiple Occupancy\\u2019 Licence will be exempt from paying the registration fee. On completion of the Landlord Registration, the Registrar will issue a Certificate of Registration to confirm compliance with the scheme.<\\/p><p>Who is a \\u2018Landlord\\u2019? For the purposes of this new legislation, a \\u2018Landlord\\u2019 is anybody who receives rent for accommodation. This encompasses a wide range of situations, including renting a property for short period of time. For example, renting your property while on holiday or having a lodger renting a room. All these situations create a private tenancy, thus you are considered a \\u2018Landlord\\u2019 liable for registration.<\\/p>\"}}},\"14\":\"\",\"126\":[{\"col1\":\"Telephone\",\"col2\":\"028 3812 3456\",\"col3\":\"\"}],\"62\":[\"65\"],\"124\":\"54.464800000000004,-6.3360199999999995\",\"1\":\"Tin House Coffee\",\"35\":{\"134\":{\"type\":\"entryIndex\",\"enabled\":\"1\",\"fields\":{\"sectionTitle\":\"Key People\",\"bandStyle\":\"shade\",\"listStyle\":\"teaser-list\",\"entries\":[\"117\"]}},\"127\":{\"type\":\"categoryItems\",\"enabled\":\"1\",\"fields\":{\"sectionTitle\":\"Other Places\",\"bandStyle\":\"primary\",\"listStyle\":\"teaser-list\",\"limit\":\"1\",\"ministry\":\"\",\"place\":[\"120\"],\"productCategory\":\"\",\"role\":\"\",\"join\":\"or\"}}},\"93\":[{\"col1\":\"\",\"col2\":\"\",\"col3\":\"\"}],\"28\":\"\",\"16\":[\"146\"],\"125\":\"\",\"51\":\"{\\\"markers\\\":[{\\\"isNew\\\":false,\\\"isSavedToMap\\\":true,\\\"title\\\":\\\"\\\",\\\"distance\\\":false,\\\"icon\\\":\\\"\\\",\\\"lat\\\":54.4219197,\\\"lng\\\":-6.4451233,\\\"content\\\":\\\"16 Church Street<br> Portadown<br> Craigavon<br> Craigavon BT62 3LN<br> UK\\\",\\\"customContent\\\":false,\\\"address\\\":\\\"16 Church Street, Portadown, Craigavon, Craigavon BT62 3LN, UK\\\",\\\"addressComponents\\\":[{\\\"long_name\\\":\\\"16\\\",\\\"short_name\\\":\\\"16\\\",\\\"types\\\":[\\\"street_number\\\"]},{\\\"long_name\\\":\\\"Church Street\\\",\\\"short_name\\\":\\\"Church St\\\",\\\"types\\\":[\\\"route\\\"]},{\\\"long_name\\\":\\\"Portadown\\\",\\\"short_name\\\":\\\"Portadown\\\",\\\"types\\\":[\\\"locality\\\",\\\"political\\\"]},{\\\"long_name\\\":\\\"Craigavon\\\",\\\"short_name\\\":\\\"Craigavon\\\",\\\"types\\\":[\\\"postal_town\\\"]},{\\\"long_name\\\":\\\"Craigavon\\\",\\\"short_name\\\":\\\"Craigavon\\\",\\\"types\\\":[\\\"administrative_area_level_2\\\",\\\"political\\\"]},{\\\"long_name\\\":\\\"United Kingdom\\\",\\\"short_name\\\":\\\"GB\\\",\\\"types\\\":[\\\"country\\\",\\\"political\\\"]},{\\\"long_name\\\":\\\"BT62 3LN\\\",\\\"short_name\\\":\\\"BT62 3LN\\\",\\\"types\\\":[\\\"postal_code\\\"]}],\\\"locationId\\\":\\\"2\\\",\\\"elementId\\\":\\\"126\\\",\\\"deleted\\\":false}],\\\"polygons\\\":[],\\\"polylines\\\":[],\\\"routes\\\":[],\\\"circles\\\":[],\\\"groundOverlays\\\":[]}\",\"85\":[\"poster\",\"showRelated\"],\"96\":[\"122\"],\"63\":\"secondary\",\"64\":\"\",\"23\":\"<p>Portadown<\\/p>\",\"3\":\"\",\"29\":\"_layout-tinhouse\"}}', '2014-10-06 09:11:36', '2014-10-06 09:11:36', '5873bf06-5189-4758-b541-681df5a2b58b');
INSERT INTO `di_entryversions` (`id`, `entryId`, `sectionId`, `creatorId`, `locale`, `num`, `notes`, `data`, `dateCreated`, `dateUpdated`, `uid`) VALUES ('567', '126', '13', '1', 'en_gb', '38', '', '{\"typeId\":\"14\",\"authorId\":\"1\",\"title\":\"Tin House Portadown\",\"slug\":\"tin-house-portadown\",\"postDate\":1412090940,\"expiryDate\":null,\"enabled\":1,\"fields\":{\"50\":[{\"col1\":\"16a Church Street\",\"col2\":\"Portadown\",\"col3\":\"County Armagh\",\"col4\":\"BT62 3LQ \",\"col5\":\"Northern Ireland\",\"col6\":\"\"}],\"2\":{\"160\":{\"type\":\"text\",\"enabled\":\"1\",\"fields\":{\"text\":\"<p>The Department of Social Development (DSD) in Northern Ireland is launching a new piece of legislation in relation to Landlords. From the 25th February 2014 \\u2018The Landlord Registration Scheme Regulations (NI) 2012\\u2019 will be in operation. This legislation requires all Landlords who let properties under a private tenancy to register under the scheme.<\\/p><p>Landlords must register with the scheme immediately for tenancies commencing on or after the 25th February 2014. For all other existing tenancies, Landlords have 12 months to register (i.e. before 24th February 2015). Each registration lasts for three years, and costs \\u00a370.00 for an online submission and \\u00a380.00 for a paper submission.<\\/p><p>Landlords who are set up as a company and those who have a \\u2018House of Multiple Occupancy\\u2019 Licence will be exempt from paying the registration fee. On completion of the Landlord Registration, the Registrar will issue a Certificate of Registration to confirm compliance with the scheme.<\\/p><p>Who is a \\u2018Landlord\\u2019? For the purposes of this new legislation, a \\u2018Landlord\\u2019 is anybody who receives rent for accommodation. This encompasses a wide range of situations, including renting a property for short period of time. For example, renting your property while on holiday or having a lodger renting a room. All these situations create a private tenancy, thus you are considered a \\u2018Landlord\\u2019 liable for registration.<\\/p>\",\"format\":\"columns-3\"}}},\"14\":\"\",\"126\":[{\"col1\":\"Telephone\",\"col2\":\"028 3812 3456\",\"col3\":\"\"}],\"62\":[\"65\"],\"124\":\"54.464800000000004,-6.3360199999999995\",\"1\":\"Tin House Coffee\",\"35\":{\"134\":{\"type\":\"entryIndex\",\"enabled\":\"1\",\"fields\":{\"sectionTitle\":\"Key People\",\"bandStyle\":\"shade\",\"listStyle\":\"teaser-list\",\"entries\":[\"117\"]}},\"127\":{\"type\":\"categoryItems\",\"enabled\":\"1\",\"fields\":{\"sectionTitle\":\"Other Places\",\"bandStyle\":\"primary\",\"listStyle\":\"teaser-list\",\"limit\":\"1\",\"ministry\":\"\",\"place\":[\"120\"],\"productCategory\":\"\",\"role\":\"\",\"join\":\"or\"}}},\"93\":[{\"col1\":\"\",\"col2\":\"\",\"col3\":\"\"}],\"28\":\"\",\"16\":[\"146\"],\"125\":\"\",\"51\":\"{\\\"markers\\\":[{\\\"isNew\\\":false,\\\"isSavedToMap\\\":true,\\\"title\\\":\\\"\\\",\\\"distance\\\":false,\\\"icon\\\":\\\"\\\",\\\"lat\\\":54.4219197,\\\"lng\\\":-6.4451233,\\\"content\\\":\\\"16 Church Street<br> Portadown<br> Craigavon<br> Craigavon BT62 3LN<br> UK\\\",\\\"customContent\\\":false,\\\"address\\\":\\\"16 Church Street, Portadown, Craigavon, Craigavon BT62 3LN, UK\\\",\\\"addressComponents\\\":[{\\\"long_name\\\":\\\"16\\\",\\\"short_name\\\":\\\"16\\\",\\\"types\\\":[\\\"street_number\\\"]},{\\\"long_name\\\":\\\"Church Street\\\",\\\"short_name\\\":\\\"Church St\\\",\\\"types\\\":[\\\"route\\\"]},{\\\"long_name\\\":\\\"Portadown\\\",\\\"short_name\\\":\\\"Portadown\\\",\\\"types\\\":[\\\"locality\\\",\\\"political\\\"]},{\\\"long_name\\\":\\\"Craigavon\\\",\\\"short_name\\\":\\\"Craigavon\\\",\\\"types\\\":[\\\"postal_town\\\"]},{\\\"long_name\\\":\\\"Craigavon\\\",\\\"short_name\\\":\\\"Craigavon\\\",\\\"types\\\":[\\\"administrative_area_level_2\\\",\\\"political\\\"]},{\\\"long_name\\\":\\\"United Kingdom\\\",\\\"short_name\\\":\\\"GB\\\",\\\"types\\\":[\\\"country\\\",\\\"political\\\"]},{\\\"long_name\\\":\\\"BT62 3LN\\\",\\\"short_name\\\":\\\"BT62 3LN\\\",\\\"types\\\":[\\\"postal_code\\\"]}],\\\"locationId\\\":\\\"2\\\",\\\"elementId\\\":\\\"126\\\",\\\"deleted\\\":false}],\\\"polygons\\\":[],\\\"polylines\\\":[],\\\"routes\\\":[],\\\"circles\\\":[],\\\"groundOverlays\\\":[]}\",\"85\":[\"poster\",\"showRelated\"],\"96\":[\"122\"],\"63\":\"secondary\",\"64\":\"\",\"23\":\"<p>Portadown<\\/p>\",\"3\":\"\",\"29\":\"_layout-tinhouse\"}}', '2014-10-06 09:33:05', '2014-10-06 09:33:05', 'b8f884a5-fc8f-4076-b500-7688e5a80c69');
INSERT INTO `di_entryversions` (`id`, `entryId`, `sectionId`, `creatorId`, `locale`, `num`, `notes`, `data`, `dateCreated`, `dateUpdated`, `uid`) VALUES ('568', '126', '13', '1', 'en_gb', '39', '', '{\"typeId\":\"14\",\"authorId\":\"1\",\"title\":\"Tin House Portadown\",\"slug\":\"tin-house-portadown\",\"postDate\":1412090940,\"expiryDate\":null,\"enabled\":1,\"fields\":{\"50\":[{\"col1\":\"16a Church Street\",\"col2\":\"Portadown\",\"col3\":\"County Armagh\",\"col4\":\"BT62 3LQ \",\"col5\":\"Northern Ireland\",\"col6\":\"\"}],\"2\":{\"160\":{\"type\":\"text\",\"enabled\":\"1\",\"fields\":{\"text\":\"<p>The Department of Social Development (DSD) in Northern Ireland is launching a new piece of legislation in relation to Landlords. From the 25th February 2014 \\u2018The Landlord Registration Scheme Regulations (NI) 2012\\u2019 will be in operation. This legislation requires all Landlords who let properties under a private tenancy to register under the scheme.<\\/p><p>Landlords must register with the scheme immediately for tenancies commencing on or after the 25th February 2014. For all other existing tenancies, Landlords have 12 months to register (i.e. before 24th February 2015). Each registration lasts for three years, and costs \\u00a370.00 for an online submission and \\u00a380.00 for a paper submission.<\\/p><p>Landlords who are set up as a company and those who have a \\u2018House of Multiple Occupancy\\u2019 Licence will be exempt from paying the registration fee. On completion of the Landlord Registration, the Registrar will issue a Certificate of Registration to confirm compliance with the scheme.<\\/p><p>Who is a \\u2018Landlord\\u2019? For the purposes of this new legislation, a \\u2018Landlord\\u2019 is anybody who receives rent for accommodation. This encompasses a wide range of situations, including renting a property for short period of time. For example, renting your property while on holiday or having a lodger renting a room. All these situations create a private tenancy, thus you are considered a \\u2018Landlord\\u2019 liable for registration.<\\/p>\",\"format\":\"columns-3\"}}},\"14\":\"\",\"126\":[{\"col1\":\"Telephone\",\"col2\":\"028 3812 3456\",\"col3\":\"\"}],\"62\":[\"65\"],\"124\":\"54.464800000000004,-6.3360199999999995\",\"1\":\"Tin House Coffee\",\"35\":{\"134\":{\"type\":\"entryIndex\",\"enabled\":\"1\",\"fields\":{\"sectionTitle\":\"Key People\",\"bandStyle\":\"shade\",\"listStyle\":\"item-list\",\"entries\":[\"117\"]}},\"127\":{\"type\":\"categoryItems\",\"enabled\":\"1\",\"fields\":{\"sectionTitle\":\"Other Places\",\"bandStyle\":\"primary\",\"listStyle\":\"teaser-list\",\"limit\":\"1\",\"ministry\":\"\",\"place\":[\"120\"],\"productCategory\":\"\",\"role\":\"\",\"join\":\"or\"}}},\"93\":[{\"col1\":\"\",\"col2\":\"\",\"col3\":\"\"}],\"28\":\"\",\"16\":[\"146\"],\"125\":\"\",\"51\":\"{\\\"markers\\\":[{\\\"isNew\\\":false,\\\"isSavedToMap\\\":true,\\\"title\\\":\\\"\\\",\\\"distance\\\":false,\\\"icon\\\":\\\"\\\",\\\"lat\\\":54.4219197,\\\"lng\\\":-6.4451233,\\\"content\\\":\\\"16 Church Street<br> Portadown<br> Craigavon<br> Craigavon BT62 3LN<br> UK\\\",\\\"customContent\\\":false,\\\"address\\\":\\\"16 Church Street, Portadown, Craigavon, Craigavon BT62 3LN, UK\\\",\\\"addressComponents\\\":[{\\\"long_name\\\":\\\"16\\\",\\\"short_name\\\":\\\"16\\\",\\\"types\\\":[\\\"street_number\\\"]},{\\\"long_name\\\":\\\"Church Street\\\",\\\"short_name\\\":\\\"Church St\\\",\\\"types\\\":[\\\"route\\\"]},{\\\"long_name\\\":\\\"Portadown\\\",\\\"short_name\\\":\\\"Portadown\\\",\\\"types\\\":[\\\"locality\\\",\\\"political\\\"]},{\\\"long_name\\\":\\\"Craigavon\\\",\\\"short_name\\\":\\\"Craigavon\\\",\\\"types\\\":[\\\"postal_town\\\"]},{\\\"long_name\\\":\\\"Craigavon\\\",\\\"short_name\\\":\\\"Craigavon\\\",\\\"types\\\":[\\\"administrative_area_level_2\\\",\\\"political\\\"]},{\\\"long_name\\\":\\\"United Kingdom\\\",\\\"short_name\\\":\\\"GB\\\",\\\"types\\\":[\\\"country\\\",\\\"political\\\"]},{\\\"long_name\\\":\\\"BT62 3LN\\\",\\\"short_name\\\":\\\"BT62 3LN\\\",\\\"types\\\":[\\\"postal_code\\\"]}],\\\"locationId\\\":\\\"2\\\",\\\"elementId\\\":\\\"126\\\",\\\"deleted\\\":false}],\\\"polygons\\\":[],\\\"polylines\\\":[],\\\"routes\\\":[],\\\"circles\\\":[],\\\"groundOverlays\\\":[]}\",\"85\":[\"poster\",\"showRelated\"],\"96\":[\"122\"],\"63\":\"secondary\",\"64\":\"\",\"23\":\"<p>Portadown<\\/p>\",\"3\":\"\",\"29\":\"_layout-tinhouse\"}}', '2014-10-06 10:30:36', '2014-10-06 10:30:36', '840b5756-905f-4658-905e-48a44d90c595');
INSERT INTO `di_entryversions` (`id`, `entryId`, `sectionId`, `creatorId`, `locale`, `num`, `notes`, `data`, `dateCreated`, `dateUpdated`, `uid`) VALUES ('569', '126', '13', '1', 'en_gb', '40', '', '{\"typeId\":\"14\",\"authorId\":\"1\",\"title\":\"Tin House Portadown\",\"slug\":\"tin-house-portadown\",\"postDate\":1412090940,\"expiryDate\":null,\"enabled\":1,\"fields\":{\"50\":[{\"col1\":\"16a Church Street\",\"col2\":\"Portadown\",\"col3\":\"County Armagh\",\"col4\":\"BT62 3LQ \",\"col5\":\"Northern Ireland\",\"col6\":\"\"}],\"2\":{\"160\":{\"type\":\"text\",\"enabled\":\"1\",\"fields\":{\"text\":\"<p>The Department of Social Development (DSD) in Northern Ireland is launching a new piece of legislation in relation to Landlords. From the 25th February 2014 \\u2018The Landlord Registration Scheme Regulations (NI) 2012\\u2019 will be in operation. This legislation requires all Landlords who let properties under a private tenancy to register under the scheme.<\\/p><p>Landlords must register with the scheme immediately for tenancies commencing on or after the 25th February 2014. For all other existing tenancies, Landlords have 12 months to register (i.e. before 24th February 2015). Each registration lasts for three years, and costs \\u00a370.00 for an online submission and \\u00a380.00 for a paper submission.<\\/p><p>Landlords who are set up as a company and those who have a \\u2018House of Multiple Occupancy\\u2019 Licence will be exempt from paying the registration fee. On completion of the Landlord Registration, the Registrar will issue a Certificate of Registration to confirm compliance with the scheme.<\\/p><p>Who is a \\u2018Landlord\\u2019? For the purposes of this new legislation, a \\u2018Landlord\\u2019 is anybody who receives rent for accommodation. This encompasses a wide range of situations, including renting a property for short period of time. For example, renting your property while on holiday or having a lodger renting a room. All these situations create a private tenancy, thus you are considered a \\u2018Landlord\\u2019 liable for registration.<\\/p>\",\"format\":\"columns-3\"}}},\"14\":\"\",\"126\":[{\"col1\":\"Telephone\",\"col2\":\"028 3812 3456\",\"col3\":\"\"}],\"62\":[\"65\"],\"124\":\"54.464800000000004,-6.3360199999999995\",\"1\":\"Tin House Coffee\",\"35\":{\"134\":{\"type\":\"entryIndex\",\"enabled\":\"1\",\"fields\":{\"sectionTitle\":\"Key People\",\"bandStyle\":\"shade\",\"listStyle\":\"item-list\",\"entries\":[\"117\"]}},\"127\":{\"type\":\"categoryItems\",\"enabled\":\"1\",\"fields\":{\"sectionTitle\":\"Other Places\",\"bandStyle\":\"primary\",\"listStyle\":\"item-list\",\"limit\":\"1\",\"ministry\":\"\",\"place\":[\"120\"],\"productCategory\":\"\",\"role\":\"\",\"join\":\"or\"}}},\"93\":[{\"col1\":\"\",\"col2\":\"\",\"col3\":\"\"}],\"28\":\"\",\"16\":[\"146\"],\"125\":\"\",\"51\":\"{\\\"markers\\\":[{\\\"isNew\\\":false,\\\"isSavedToMap\\\":true,\\\"title\\\":\\\"\\\",\\\"distance\\\":false,\\\"icon\\\":\\\"\\\",\\\"lat\\\":54.4219197,\\\"lng\\\":-6.4451233,\\\"content\\\":\\\"16 Church Street<br> Portadown<br> Craigavon<br> Craigavon BT62 3LN<br> UK\\\",\\\"customContent\\\":false,\\\"address\\\":\\\"16 Church Street, Portadown, Craigavon, Craigavon BT62 3LN, UK\\\",\\\"addressComponents\\\":[{\\\"long_name\\\":\\\"16\\\",\\\"short_name\\\":\\\"16\\\",\\\"types\\\":[\\\"street_number\\\"]},{\\\"long_name\\\":\\\"Church Street\\\",\\\"short_name\\\":\\\"Church St\\\",\\\"types\\\":[\\\"route\\\"]},{\\\"long_name\\\":\\\"Portadown\\\",\\\"short_name\\\":\\\"Portadown\\\",\\\"types\\\":[\\\"locality\\\",\\\"political\\\"]},{\\\"long_name\\\":\\\"Craigavon\\\",\\\"short_name\\\":\\\"Craigavon\\\",\\\"types\\\":[\\\"postal_town\\\"]},{\\\"long_name\\\":\\\"Craigavon\\\",\\\"short_name\\\":\\\"Craigavon\\\",\\\"types\\\":[\\\"administrative_area_level_2\\\",\\\"political\\\"]},{\\\"long_name\\\":\\\"United Kingdom\\\",\\\"short_name\\\":\\\"GB\\\",\\\"types\\\":[\\\"country\\\",\\\"political\\\"]},{\\\"long_name\\\":\\\"BT62 3LN\\\",\\\"short_name\\\":\\\"BT62 3LN\\\",\\\"types\\\":[\\\"postal_code\\\"]}],\\\"locationId\\\":\\\"2\\\",\\\"elementId\\\":\\\"126\\\",\\\"deleted\\\":false}],\\\"polygons\\\":[],\\\"polylines\\\":[],\\\"routes\\\":[],\\\"circles\\\":[],\\\"groundOverlays\\\":[]}\",\"85\":[\"poster\",\"showRelated\"],\"96\":[\"122\"],\"63\":\"secondary\",\"64\":\"\",\"23\":\"<p>Portadown<\\/p>\",\"3\":\"\",\"29\":\"_layout-tinhouse\"}}', '2014-10-06 10:30:57', '2014-10-06 10:30:57', '599f648f-325d-42bb-b679-4b91b7143a66');



--
-- Schema for table `di_fieldgroups`
--

DROP TABLE IF EXISTS `di_fieldgroups`;

CREATE TABLE `di_fieldgroups` (
  `id` int(11) NOT NULL AUTO_INCREMENT,
  `name` varchar(255) COLLATE utf8_unicode_ci NOT NULL,
  `dateCreated` datetime NOT NULL,
  `dateUpdated` datetime NOT NULL,
  `uid` char(36) COLLATE utf8_unicode_ci NOT NULL DEFAULT '0',
  PRIMARY KEY (`id`),
  UNIQUE KEY `di_fieldgroups_name_unq_idx` (`name`)
) ENGINE=InnoDB AUTO_INCREMENT=13 DEFAULT CHARSET=utf8 COLLATE=utf8_unicode_ci;

--
-- Data for table `di_fieldgroups`
--

INSERT INTO `di_fieldgroups` (`id`, `name`, `dateCreated`, `dateUpdated`, `uid`) VALUES ('1', 'Tags Categories', '2014-09-04 11:28:59', '2014-09-08 13:09:39', '4c2861d8-6b67-40ff-aac9-cdfcc239ac5d');
INSERT INTO `di_fieldgroups` (`id`, `name`, `dateCreated`, `dateUpdated`, `uid`) VALUES ('2', 'Article Body', '2014-09-08 12:59:30', '2014-09-08 13:09:55', '1b16e6e6-634d-43b4-b27c-71998cd50a6a');
INSERT INTO `di_fieldgroups` (`id`, `name`, `dateCreated`, `dateUpdated`, `uid`) VALUES ('3', 'Summary', '2014-09-08 13:07:49', '2014-09-08 13:07:49', '834f7ba8-573f-467c-8e71-ab9d35c35951');
INSERT INTO `di_fieldgroups` (`id`, `name`, `dateCreated`, `dateUpdated`, `uid`) VALUES ('4', 'Lead Image', '2014-09-08 13:08:39', '2014-09-08 13:08:39', '3dcd44e8-7f71-4319-8b80-6029cbd6a2df');
INSERT INTO `di_fieldgroups` (`id`, `name`, `dateCreated`, `dateUpdated`, `uid`) VALUES ('6', 'Event', '2014-09-15 10:17:16', '2014-09-15 10:17:16', '299d0516-a454-4528-bfe9-4c06915c916f');
INSERT INTO `di_fieldgroups` (`id`, `name`, `dateCreated`, `dateUpdated`, `uid`) VALUES ('7', 'Index', '2014-09-15 13:26:10', '2014-09-15 13:26:10', 'cf493c15-1cd4-41a7-bcad-a415bb31d383');
INSERT INTO `di_fieldgroups` (`id`, `name`, `dateCreated`, `dateUpdated`, `uid`) VALUES ('9', 'Product', '2014-09-17 09:57:15', '2014-09-17 09:57:15', 'a5af3c2f-38e7-499f-b03a-ed7878c24b3e');
INSERT INTO `di_fieldgroups` (`id`, `name`, `dateCreated`, `dateUpdated`, `uid`) VALUES ('10', 'Name', '2014-09-25 10:27:11', '2014-09-25 10:27:11', '68b066ee-9bc1-45f9-b652-c26ae32944d5');
INSERT INTO `di_fieldgroups` (`id`, `name`, `dateCreated`, `dateUpdated`, `uid`) VALUES ('11', 'Page Options', '2014-09-25 10:28:35', '2014-09-25 10:28:35', '68343ffd-e6ac-4ca7-88e4-69ccf17cf115');
INSERT INTO `di_fieldgroups` (`id`, `name`, `dateCreated`, `dateUpdated`, `uid`) VALUES ('12', 'Contact', '2014-10-02 14:18:39', '2014-10-02 14:18:55', 'b93550e7-0888-4814-a975-2c5f1c723973');



--
-- Schema for table `di_fieldlayoutfields`
--

DROP TABLE IF EXISTS `di_fieldlayoutfields`;

CREATE TABLE `di_fieldlayoutfields` (
  `id` int(11) NOT NULL AUTO_INCREMENT,
  `layoutId` int(11) NOT NULL,
  `tabId` int(11) DEFAULT NULL,
  `fieldId` int(11) NOT NULL,
  `required` tinyint(1) unsigned NOT NULL DEFAULT '0',
  `sortOrder` tinyint(4) DEFAULT NULL,
  `dateCreated` datetime NOT NULL,
  `dateUpdated` datetime NOT NULL,
  `uid` char(36) COLLATE utf8_unicode_ci NOT NULL DEFAULT '0',
  PRIMARY KEY (`id`),
  UNIQUE KEY `di_fieldlayoutfields_layoutId_fieldId_unq_idx` (`layoutId`,`fieldId`),
  KEY `di_fieldlayoutfields_sortOrder_idx` (`sortOrder`),
  KEY `di_fieldlayoutfields_tabId_fk` (`tabId`),
  KEY `di_fieldlayoutfields_fieldId_fk` (`fieldId`)
) ENGINE=InnoDB AUTO_INCREMENT=2641 DEFAULT CHARSET=utf8 COLLATE=utf8_unicode_ci;

--
-- Data for table `di_fieldlayoutfields`
--

INSERT INTO `di_fieldlayoutfields` (`id`, `layoutId`, `tabId`, `fieldId`, `required`, `sortOrder`, `dateCreated`, `dateUpdated`, `uid`) VALUES ('311', '109', '37', '14', '0', '1', '2014-09-15 08:19:11', '2014-09-15 08:19:11', '8b421ab9-b9e2-4b74-8265-330f78991f91');
INSERT INTO `di_fieldlayoutfields` (`id`, `layoutId`, `tabId`, `fieldId`, `required`, `sortOrder`, `dateCreated`, `dateUpdated`, `uid`) VALUES ('312', '109', '37', '1', '0', '2', '2014-09-15 08:19:11', '2014-09-15 08:19:11', '99c74bac-c82e-436c-ba18-94a1e9f5f647');
INSERT INTO `di_fieldlayoutfields` (`id`, `layoutId`, `tabId`, `fieldId`, `required`, `sortOrder`, `dateCreated`, `dateUpdated`, `uid`) VALUES ('313', '109', '37', '23', '0', '3', '2014-09-15 08:19:11', '2014-09-15 08:19:11', 'ed63fa3c-1f17-4f80-9106-1175c0758524');
INSERT INTO `di_fieldlayoutfields` (`id`, `layoutId`, `tabId`, `fieldId`, `required`, `sortOrder`, `dateCreated`, `dateUpdated`, `uid`) VALUES ('314', '109', '38', '2', '0', '1', '2014-09-15 08:19:11', '2014-09-15 08:19:11', '8144a6b1-b579-470b-83d7-f4de8933ddf5');
INSERT INTO `di_fieldlayoutfields` (`id`, `layoutId`, `tabId`, `fieldId`, `required`, `sortOrder`, `dateCreated`, `dateUpdated`, `uid`) VALUES ('315', '109', '38', '28', '0', '2', '2014-09-15 08:19:11', '2014-09-15 08:19:11', '0cd30222-6bd7-4933-8265-8846831cb007');
INSERT INTO `di_fieldlayoutfields` (`id`, `layoutId`, `tabId`, `fieldId`, `required`, `sortOrder`, `dateCreated`, `dateUpdated`, `uid`) VALUES ('316', '109', '39', '16', '0', '1', '2014-09-15 08:19:11', '2014-09-15 08:19:11', '6f5e9130-7caa-43fb-bb9c-7dd66777ad4d');
INSERT INTO `di_fieldlayoutfields` (`id`, `layoutId`, `tabId`, `fieldId`, `required`, `sortOrder`, `dateCreated`, `dateUpdated`, `uid`) VALUES ('320', '109', '40', '3', '0', '2', '2014-09-15 08:19:11', '2014-09-15 08:19:11', '4d0f8c88-59b2-4076-b17c-aa5dcffb8f1c');
INSERT INTO `di_fieldlayoutfields` (`id`, `layoutId`, `tabId`, `fieldId`, `required`, `sortOrder`, `dateCreated`, `dateUpdated`, `uid`) VALUES ('337', '113', '47', '1', '0', '1', '2014-09-15 09:00:36', '2014-09-15 09:00:36', '125928e5-dedb-472e-8a1b-b9712a9fbaa8');
INSERT INTO `di_fieldlayoutfields` (`id`, `layoutId`, `tabId`, `fieldId`, `required`, `sortOrder`, `dateCreated`, `dateUpdated`, `uid`) VALUES ('338', '113', '47', '23', '0', '2', '2014-09-15 09:00:36', '2014-09-15 09:00:36', '404bc296-2aa8-4179-8a19-ca354cc567f7');
INSERT INTO `di_fieldlayoutfields` (`id`, `layoutId`, `tabId`, `fieldId`, `required`, `sortOrder`, `dateCreated`, `dateUpdated`, `uid`) VALUES ('339', '113', '47', '14', '0', '3', '2014-09-15 09:00:36', '2014-09-15 09:00:36', '8b52ee60-7d13-4dfd-8f23-4a482ced0bb4');
INSERT INTO `di_fieldlayoutfields` (`id`, `layoutId`, `tabId`, `fieldId`, `required`, `sortOrder`, `dateCreated`, `dateUpdated`, `uid`) VALUES ('340', '113', '48', '28', '0', '1', '2014-09-15 09:00:36', '2014-09-15 09:00:36', '6471a438-bd9d-4962-a692-8b8a623970bf');
INSERT INTO `di_fieldlayoutfields` (`id`, `layoutId`, `tabId`, `fieldId`, `required`, `sortOrder`, `dateCreated`, `dateUpdated`, `uid`) VALUES ('341', '113', '48', '2', '0', '2', '2014-09-15 09:00:36', '2014-09-15 09:00:36', '7d5cc7d3-22a2-4c17-a5ea-4b8edf967c28');
INSERT INTO `di_fieldlayoutfields` (`id`, `layoutId`, `tabId`, `fieldId`, `required`, `sortOrder`, `dateCreated`, `dateUpdated`, `uid`) VALUES ('342', '113', '49', '16', '0', '1', '2014-09-15 09:00:36', '2014-09-15 09:00:36', 'f89b5ee2-57d6-4e68-8050-f8bdab1c7026');
INSERT INTO `di_fieldlayoutfields` (`id`, `layoutId`, `tabId`, `fieldId`, `required`, `sortOrder`, `dateCreated`, `dateUpdated`, `uid`) VALUES ('426', '135', '72', '1', '0', '1', '2014-09-15 13:34:04', '2014-09-15 13:34:04', '5e03bd11-ed96-43a7-bde5-d416881bf0c0');
INSERT INTO `di_fieldlayoutfields` (`id`, `layoutId`, `tabId`, `fieldId`, `required`, `sortOrder`, `dateCreated`, `dateUpdated`, `uid`) VALUES ('427', '135', '72', '23', '0', '2', '2014-09-15 13:34:04', '2014-09-15 13:34:04', 'd80eb77f-0a4a-48b5-bb1c-85e5f87b1211');
INSERT INTO `di_fieldlayoutfields` (`id`, `layoutId`, `tabId`, `fieldId`, `required`, `sortOrder`, `dateCreated`, `dateUpdated`, `uid`) VALUES ('428', '135', '72', '14', '0', '3', '2014-09-15 13:34:04', '2014-09-15 13:34:04', '7e2be596-3c8f-4e33-99ac-fe1706dd068f');
INSERT INTO `di_fieldlayoutfields` (`id`, `layoutId`, `tabId`, `fieldId`, `required`, `sortOrder`, `dateCreated`, `dateUpdated`, `uid`) VALUES ('429', '135', '73', '2', '0', '1', '2014-09-15 13:34:04', '2014-09-15 13:34:04', 'b228de85-3a96-4f1c-8bc2-896d4b329005');
INSERT INTO `di_fieldlayoutfields` (`id`, `layoutId`, `tabId`, `fieldId`, `required`, `sortOrder`, `dateCreated`, `dateUpdated`, `uid`) VALUES ('430', '135', '73', '28', '0', '2', '2014-09-15 13:34:04', '2014-09-15 13:34:04', '076e1203-ada1-4ffe-9bda-6a4ed153f495');
INSERT INTO `di_fieldlayoutfields` (`id`, `layoutId`, `tabId`, `fieldId`, `required`, `sortOrder`, `dateCreated`, `dateUpdated`, `uid`) VALUES ('431', '135', '74', '16', '0', '1', '2014-09-15 13:34:04', '2014-09-15 13:34:04', 'e5b74d33-fd85-4c3a-a2a9-ecb5715f0a99');
INSERT INTO `di_fieldlayoutfields` (`id`, `layoutId`, `tabId`, `fieldId`, `required`, `sortOrder`, `dateCreated`, `dateUpdated`, `uid`) VALUES ('438', '135', '75', '3', '0', '5', '2014-09-15 13:34:04', '2014-09-15 13:34:04', 'e8bae9c7-ee4d-4d1c-9be3-a3bf85fe1c92');
INSERT INTO `di_fieldlayoutfields` (`id`, `layoutId`, `tabId`, `fieldId`, `required`, `sortOrder`, `dateCreated`, `dateUpdated`, `uid`) VALUES ('439', '135', '76', '35', '0', '1', '2014-09-15 13:34:04', '2014-09-15 13:34:04', 'c78f0688-31b8-4e95-ae18-56a4b57ead85');
INSERT INTO `di_fieldlayoutfields` (`id`, `layoutId`, `tabId`, `fieldId`, `required`, `sortOrder`, `dateCreated`, `dateUpdated`, `uid`) VALUES ('477', '144', NULL, '1', '0', '1', '2014-09-15 14:45:34', '2014-09-15 14:45:34', '0866452b-7d8d-43f7-b28d-52fddf8d077e');
INSERT INTO `di_fieldlayoutfields` (`id`, `layoutId`, `tabId`, `fieldId`, `required`, `sortOrder`, `dateCreated`, `dateUpdated`, `uid`) VALUES ('478', '144', NULL, '14', '0', '2', '2014-09-15 14:45:34', '2014-09-15 14:45:34', '01a2341d-72e9-4cef-bf24-f531cfc68e0b');
INSERT INTO `di_fieldlayoutfields` (`id`, `layoutId`, `tabId`, `fieldId`, `required`, `sortOrder`, `dateCreated`, `dateUpdated`, `uid`) VALUES ('1103', '277', '155', '1', '0', '1', '2014-09-18 13:27:51', '2014-09-18 13:27:51', '4c976448-5466-42bd-b398-ced47cd29835');
INSERT INTO `di_fieldlayoutfields` (`id`, `layoutId`, `tabId`, `fieldId`, `required`, `sortOrder`, `dateCreated`, `dateUpdated`, `uid`) VALUES ('1104', '277', '155', '23', '0', '2', '2014-09-18 13:27:51', '2014-09-18 13:27:51', '2de2b088-e5e2-4d5f-87cf-7bf225510b47');
INSERT INTO `di_fieldlayoutfields` (`id`, `layoutId`, `tabId`, `fieldId`, `required`, `sortOrder`, `dateCreated`, `dateUpdated`, `uid`) VALUES ('1105', '277', '155', '14', '0', '3', '2014-09-18 13:27:51', '2014-09-18 13:27:51', '432c5143-0c0e-43b9-80a9-e772285fa138');
INSERT INTO `di_fieldlayoutfields` (`id`, `layoutId`, `tabId`, `fieldId`, `required`, `sortOrder`, `dateCreated`, `dateUpdated`, `uid`) VALUES ('1106', '277', '156', '16', '0', '1', '2014-09-18 13:27:51', '2014-09-18 13:27:51', '4443f361-b93b-46be-9f35-19c52f0c5649');
INSERT INTO `di_fieldlayoutfields` (`id`, `layoutId`, `tabId`, `fieldId`, `required`, `sortOrder`, `dateCreated`, `dateUpdated`, `uid`) VALUES ('1108', '277', '156', '63', '0', '3', '2014-09-18 13:27:51', '2014-09-18 13:27:51', '24d0bc46-18db-4f70-a290-87f404c54d06');
INSERT INTO `di_fieldlayoutfields` (`id`, `layoutId`, `tabId`, `fieldId`, `required`, `sortOrder`, `dateCreated`, `dateUpdated`, `uid`) VALUES ('1109', '277', '156', '62', '0', '4', '2014-09-18 13:27:51', '2014-09-18 13:27:51', '62f972e3-dc23-445e-b39d-424c7cbc516f');
INSERT INTO `di_fieldlayoutfields` (`id`, `layoutId`, `tabId`, `fieldId`, `required`, `sortOrder`, `dateCreated`, `dateUpdated`, `uid`) VALUES ('1110', '277', '157', '29', '0', '1', '2014-09-18 13:27:51', '2014-09-18 13:27:51', '0d820f2c-2dd3-41f3-a25a-35becbbe1dc2');
INSERT INTO `di_fieldlayoutfields` (`id`, `layoutId`, `tabId`, `fieldId`, `required`, `sortOrder`, `dateCreated`, `dateUpdated`, `uid`) VALUES ('1469', '317', '206', '64', '0', '1', '2014-09-23 14:03:25', '2014-09-23 14:03:25', '6e5ada2e-7119-4bb2-bab6-6caea0207301');
INSERT INTO `di_fieldlayoutfields` (`id`, `layoutId`, `tabId`, `fieldId`, `required`, `sortOrder`, `dateCreated`, `dateUpdated`, `uid`) VALUES ('1470', '317', '206', '1', '0', '2', '2014-09-23 14:03:25', '2014-09-23 14:03:25', 'f69390e6-ae81-4658-9aab-3c46fa7055f6');
INSERT INTO `di_fieldlayoutfields` (`id`, `layoutId`, `tabId`, `fieldId`, `required`, `sortOrder`, `dateCreated`, `dateUpdated`, `uid`) VALUES ('1471', '317', '206', '23', '0', '3', '2014-09-23 14:03:25', '2014-09-23 14:03:25', '9724b2c4-7d11-4c85-a0e0-931536d823c6');
INSERT INTO `di_fieldlayoutfields` (`id`, `layoutId`, `tabId`, `fieldId`, `required`, `sortOrder`, `dateCreated`, `dateUpdated`, `uid`) VALUES ('1472', '317', '206', '14', '0', '4', '2014-09-23 14:03:25', '2014-09-23 14:03:25', 'bd79577f-d1dd-4164-8e7d-34f1998b50a2');
INSERT INTO `di_fieldlayoutfields` (`id`, `layoutId`, `tabId`, `fieldId`, `required`, `sortOrder`, `dateCreated`, `dateUpdated`, `uid`) VALUES ('1473', '317', '206', '29', '0', '5', '2014-09-23 14:03:25', '2014-09-23 14:03:25', 'a4dd0525-4006-4d6b-9e50-0729613aaf26');
INSERT INTO `di_fieldlayoutfields` (`id`, `layoutId`, `tabId`, `fieldId`, `required`, `sortOrder`, `dateCreated`, `dateUpdated`, `uid`) VALUES ('1474', '317', '206', '85', '0', '6', '2014-09-23 14:03:25', '2014-09-23 14:03:25', '2c426a14-27a4-46fd-8ae1-47ce88062166');
INSERT INTO `di_fieldlayoutfields` (`id`, `layoutId`, `tabId`, `fieldId`, `required`, `sortOrder`, `dateCreated`, `dateUpdated`, `uid`) VALUES ('1475', '317', '207', '2', '0', '1', '2014-09-23 14:03:25', '2014-09-23 14:03:25', '3fea271e-fa3d-49c8-b8a8-99aac75a5075');
INSERT INTO `di_fieldlayoutfields` (`id`, `layoutId`, `tabId`, `fieldId`, `required`, `sortOrder`, `dateCreated`, `dateUpdated`, `uid`) VALUES ('1476', '317', '207', '28', '0', '2', '2014-09-23 14:03:25', '2014-09-23 14:03:25', '0393690b-eb00-4534-b62f-ed0225a5a1a7');
INSERT INTO `di_fieldlayoutfields` (`id`, `layoutId`, `tabId`, `fieldId`, `required`, `sortOrder`, `dateCreated`, `dateUpdated`, `uid`) VALUES ('1477', '317', '208', '63', '0', '1', '2014-09-23 14:03:25', '2014-09-23 14:03:25', '9d21ae66-c42f-4a2a-9418-9fb5980e0b7a');
INSERT INTO `di_fieldlayoutfields` (`id`, `layoutId`, `tabId`, `fieldId`, `required`, `sortOrder`, `dateCreated`, `dateUpdated`, `uid`) VALUES ('1478', '317', '208', '16', '0', '2', '2014-09-23 14:03:25', '2014-09-23 14:03:25', 'a2c4208e-3246-4251-9011-86509a94fb19');
INSERT INTO `di_fieldlayoutfields` (`id`, `layoutId`, `tabId`, `fieldId`, `required`, `sortOrder`, `dateCreated`, `dateUpdated`, `uid`) VALUES ('1481', '317', '208', '62', '0', '5', '2014-09-23 14:03:25', '2014-09-23 14:03:25', '55d1eb9b-59a3-4abc-aba6-489b7795787f');
INSERT INTO `di_fieldlayoutfields` (`id`, `layoutId`, `tabId`, `fieldId`, `required`, `sortOrder`, `dateCreated`, `dateUpdated`, `uid`) VALUES ('1482', '317', '209', '35', '0', '1', '2014-09-23 14:03:25', '2014-09-23 14:03:25', '0f070cac-fda8-4646-8b63-5564db36f5c2');
INSERT INTO `di_fieldlayoutfields` (`id`, `layoutId`, `tabId`, `fieldId`, `required`, `sortOrder`, `dateCreated`, `dateUpdated`, `uid`) VALUES ('1488', '317', '210', '3', '0', '6', '2014-09-23 14:03:25', '2014-09-23 14:03:25', '88876536-c4f0-4fbe-a554-c6bd8246978f');
INSERT INTO `di_fieldlayoutfields` (`id`, `layoutId`, `tabId`, `fieldId`, `required`, `sortOrder`, `dateCreated`, `dateUpdated`, `uid`) VALUES ('1601', '332', NULL, '72', '0', '1', '2014-09-24 08:41:07', '2014-09-24 08:41:07', '43e9e033-c2f0-4c49-936e-a3a4df866dca');
INSERT INTO `di_fieldlayoutfields` (`id`, `layoutId`, `tabId`, `fieldId`, `required`, `sortOrder`, `dateCreated`, `dateUpdated`, `uid`) VALUES ('1602', '332', NULL, '73', '0', '2', '2014-09-24 08:41:07', '2014-09-24 08:41:07', '1addfb44-124c-46b5-a7ba-a3dc07d0829b');
INSERT INTO `di_fieldlayoutfields` (`id`, `layoutId`, `tabId`, `fieldId`, `required`, `sortOrder`, `dateCreated`, `dateUpdated`, `uid`) VALUES ('1603', '332', NULL, '74', '0', '3', '2014-09-24 08:41:07', '2014-09-24 08:41:07', '61009693-5025-43be-949f-ef5898c7a19e');
INSERT INTO `di_fieldlayoutfields` (`id`, `layoutId`, `tabId`, `fieldId`, `required`, `sortOrder`, `dateCreated`, `dateUpdated`, `uid`) VALUES ('1604', '333', NULL, '66', '0', '1', '2014-09-24 08:41:07', '2014-09-24 08:41:07', '0045f74a-7b44-4e03-9ccb-b68e24ed2247');
INSERT INTO `di_fieldlayoutfields` (`id`, `layoutId`, `tabId`, `fieldId`, `required`, `sortOrder`, `dateCreated`, `dateUpdated`, `uid`) VALUES ('1605', '333', NULL, '67', '0', '2', '2014-09-24 08:41:07', '2014-09-24 08:41:07', '3e6db7d4-04ad-4c2f-b531-c4bb1eab00ca');
INSERT INTO `di_fieldlayoutfields` (`id`, `layoutId`, `tabId`, `fieldId`, `required`, `sortOrder`, `dateCreated`, `dateUpdated`, `uid`) VALUES ('1606', '333', NULL, '68', '0', '3', '2014-09-24 08:41:07', '2014-09-24 08:41:07', 'ed52de26-1546-4bc9-a32f-fe0f079e18d7');
INSERT INTO `di_fieldlayoutfields` (`id`, `layoutId`, `tabId`, `fieldId`, `required`, `sortOrder`, `dateCreated`, `dateUpdated`, `uid`) VALUES ('1607', '334', NULL, '69', '0', '1', '2014-09-24 08:41:07', '2014-09-24 08:41:07', 'bf524ba7-f057-41da-9dfd-389df52c6af2');
INSERT INTO `di_fieldlayoutfields` (`id`, `layoutId`, `tabId`, `fieldId`, `required`, `sortOrder`, `dateCreated`, `dateUpdated`, `uid`) VALUES ('1608', '334', NULL, '70', '0', '2', '2014-09-24 08:41:07', '2014-09-24 08:41:07', '5a2356d3-2b18-49b9-b928-df3c5cbf0039');
INSERT INTO `di_fieldlayoutfields` (`id`, `layoutId`, `tabId`, `fieldId`, `required`, `sortOrder`, `dateCreated`, `dateUpdated`, `uid`) VALUES ('1609', '334', NULL, '71', '0', '3', '2014-09-24 08:41:07', '2014-09-24 08:41:07', 'e9752119-0233-4d95-b722-8679a7570015');
INSERT INTO `di_fieldlayoutfields` (`id`, `layoutId`, `tabId`, `fieldId`, `required`, `sortOrder`, `dateCreated`, `dateUpdated`, `uid`) VALUES ('2098', '440', '260', '1', '0', '1', '2014-10-01 11:31:34', '2014-10-01 11:31:34', '627fc083-c451-4415-9fb7-1017a81cf3ed');
INSERT INTO `di_fieldlayoutfields` (`id`, `layoutId`, `tabId`, `fieldId`, `required`, `sortOrder`, `dateCreated`, `dateUpdated`, `uid`) VALUES ('2099', '440', '260', '23', '0', '2', '2014-10-01 11:31:34', '2014-10-01 11:31:34', 'f22cbe24-e0da-4c13-8ea8-a2fb749ea9d9');
INSERT INTO `di_fieldlayoutfields` (`id`, `layoutId`, `tabId`, `fieldId`, `required`, `sortOrder`, `dateCreated`, `dateUpdated`, `uid`) VALUES ('2100', '440', '260', '14', '0', '3', '2014-10-01 11:31:34', '2014-10-01 11:31:34', '877bbd0f-6a14-4ede-a739-0e883fc7bba1');
INSERT INTO `di_fieldlayoutfields` (`id`, `layoutId`, `tabId`, `fieldId`, `required`, `sortOrder`, `dateCreated`, `dateUpdated`, `uid`) VALUES ('2101', '440', '260', '54', '0', '4', '2014-10-01 11:31:34', '2014-10-01 11:31:34', 'c746d8ed-a096-4a9e-a868-5187635f2b6f');
INSERT INTO `di_fieldlayoutfields` (`id`, `layoutId`, `tabId`, `fieldId`, `required`, `sortOrder`, `dateCreated`, `dateUpdated`, `uid`) VALUES ('2102', '440', '261', '2', '0', '1', '2014-10-01 11:31:34', '2014-10-01 11:31:34', '0ef341b7-a513-4f7f-909d-7e09580b8aeb');
INSERT INTO `di_fieldlayoutfields` (`id`, `layoutId`, `tabId`, `fieldId`, `required`, `sortOrder`, `dateCreated`, `dateUpdated`, `uid`) VALUES ('2103', '440', '261', '28', '0', '2', '2014-10-01 11:31:34', '2014-10-01 11:31:34', 'd61d6f28-0bee-4df9-a8bc-e6864844858b');
INSERT INTO `di_fieldlayoutfields` (`id`, `layoutId`, `tabId`, `fieldId`, `required`, `sortOrder`, `dateCreated`, `dateUpdated`, `uid`) VALUES ('2104', '440', '262', '16', '0', '1', '2014-10-01 11:31:34', '2014-10-01 11:31:34', 'e3fa025b-0077-4c9c-8b04-09e3d69ffe34');
INSERT INTO `di_fieldlayoutfields` (`id`, `layoutId`, `tabId`, `fieldId`, `required`, `sortOrder`, `dateCreated`, `dateUpdated`, `uid`) VALUES ('2107', '440', '262', '63', '0', '4', '2014-10-01 11:31:34', '2014-10-01 11:31:34', 'e2c433ca-5e51-4224-9b45-378e302cdbcf');
INSERT INTO `di_fieldlayoutfields` (`id`, `layoutId`, `tabId`, `fieldId`, `required`, `sortOrder`, `dateCreated`, `dateUpdated`, `uid`) VALUES ('2108', '440', '262', '62', '0', '5', '2014-10-01 11:31:34', '2014-10-01 11:31:34', '4c257395-44e0-448e-896c-905799a3545c');
INSERT INTO `di_fieldlayoutfields` (`id`, `layoutId`, `tabId`, `fieldId`, `required`, `sortOrder`, `dateCreated`, `dateUpdated`, `uid`) VALUES ('2109', '440', '263', '3', '0', '1', '2014-10-01 11:31:34', '2014-10-01 11:31:34', '590f0153-b852-43e1-a3cf-f8026e83e1e3');
INSERT INTO `di_fieldlayoutfields` (`id`, `layoutId`, `tabId`, `fieldId`, `required`, `sortOrder`, `dateCreated`, `dateUpdated`, `uid`) VALUES ('2110', '440', '263', '109', '0', '2', '2014-10-01 11:31:34', '2014-10-01 11:31:34', 'b17d946a-f8f9-4811-a11a-2d51fff9217a');
INSERT INTO `di_fieldlayoutfields` (`id`, `layoutId`, `tabId`, `fieldId`, `required`, `sortOrder`, `dateCreated`, `dateUpdated`, `uid`) VALUES ('2111', '440', '263', '96', '0', '3', '2014-10-01 11:31:34', '2014-10-01 11:31:34', '8bbc9fbe-a18a-43c1-8de7-bb62fe7bfb6e');
INSERT INTO `di_fieldlayoutfields` (`id`, `layoutId`, `tabId`, `fieldId`, `required`, `sortOrder`, `dateCreated`, `dateUpdated`, `uid`) VALUES ('2112', '440', '263', '108', '0', '4', '2014-10-01 11:31:34', '2014-10-01 11:31:34', '7c0eeffe-a342-4ed0-afe4-e41297e98298');
INSERT INTO `di_fieldlayoutfields` (`id`, `layoutId`, `tabId`, `fieldId`, `required`, `sortOrder`, `dateCreated`, `dateUpdated`, `uid`) VALUES ('2113', '440', '264', '29', '0', '1', '2014-10-01 11:31:34', '2014-10-01 11:31:34', 'ef4d9ffe-24bc-4b9a-8ee3-9570205bf4e3');
INSERT INTO `di_fieldlayoutfields` (`id`, `layoutId`, `tabId`, `fieldId`, `required`, `sortOrder`, `dateCreated`, `dateUpdated`, `uid`) VALUES ('2117', '443', NULL, '16', '0', '1', '2014-10-01 14:17:38', '2014-10-01 14:17:38', '4e73f68f-326d-4101-82fe-fd516b61a675');
INSERT INTO `di_fieldlayoutfields` (`id`, `layoutId`, `tabId`, `fieldId`, `required`, `sortOrder`, `dateCreated`, `dateUpdated`, `uid`) VALUES ('2118', '443', NULL, '14', '0', '2', '2014-10-01 14:17:38', '2014-10-01 14:17:38', '3d9614d0-445d-4b45-b15f-2433f1d34c90');
INSERT INTO `di_fieldlayoutfields` (`id`, `layoutId`, `tabId`, `fieldId`, `required`, `sortOrder`, `dateCreated`, `dateUpdated`, `uid`) VALUES ('2120', '443', NULL, '29', '0', '4', '2014-10-01 14:17:38', '2014-10-01 14:17:38', 'ebd81b20-8b4c-4e5f-a019-bcc8a610d97e');
INSERT INTO `di_fieldlayoutfields` (`id`, `layoutId`, `tabId`, `fieldId`, `required`, `sortOrder`, `dateCreated`, `dateUpdated`, `uid`) VALUES ('2237', '456', '269', '1', '0', '1', '2014-10-01 17:26:53', '2014-10-01 17:26:53', 'ddc9f01f-38fc-4807-a378-a045e61fee5c');
INSERT INTO `di_fieldlayoutfields` (`id`, `layoutId`, `tabId`, `fieldId`, `required`, `sortOrder`, `dateCreated`, `dateUpdated`, `uid`) VALUES ('2238', '456', '269', '23', '0', '2', '2014-10-01 17:26:53', '2014-10-01 17:26:53', '7e8273f2-d6ba-4b9d-83e8-af3c0bb90ffc');
INSERT INTO `di_fieldlayoutfields` (`id`, `layoutId`, `tabId`, `fieldId`, `required`, `sortOrder`, `dateCreated`, `dateUpdated`, `uid`) VALUES ('2239', '456', '269', '30', '0', '3', '2014-10-01 17:26:53', '2014-10-01 17:26:53', '66ce9398-cc51-42d4-a4f6-768a5a030871');
INSERT INTO `di_fieldlayoutfields` (`id`, `layoutId`, `tabId`, `fieldId`, `required`, `sortOrder`, `dateCreated`, `dateUpdated`, `uid`) VALUES ('2240', '456', '269', '31', '0', '4', '2014-10-01 17:26:53', '2014-10-01 17:26:53', '57afec1b-fc96-494e-bc5c-c467c515c0b0');
INSERT INTO `di_fieldlayoutfields` (`id`, `layoutId`, `tabId`, `fieldId`, `required`, `sortOrder`, `dateCreated`, `dateUpdated`, `uid`) VALUES ('2241', '456', '269', '47', '0', '5', '2014-10-01 17:26:53', '2014-10-01 17:26:53', '99627d2c-6c32-48b6-a896-d276847eb281');
INSERT INTO `di_fieldlayoutfields` (`id`, `layoutId`, `tabId`, `fieldId`, `required`, `sortOrder`, `dateCreated`, `dateUpdated`, `uid`) VALUES ('2242', '456', '269', '14', '0', '6', '2014-10-01 17:26:53', '2014-10-01 17:26:53', '2e9542e2-feea-4cb7-b4f2-d52727f6a2e5');
INSERT INTO `di_fieldlayoutfields` (`id`, `layoutId`, `tabId`, `fieldId`, `required`, `sortOrder`, `dateCreated`, `dateUpdated`, `uid`) VALUES ('2243', '456', '270', '2', '0', '1', '2014-10-01 17:26:53', '2014-10-01 17:26:53', '4c6ffbfb-3995-48b8-8a3d-92e14990c317');
INSERT INTO `di_fieldlayoutfields` (`id`, `layoutId`, `tabId`, `fieldId`, `required`, `sortOrder`, `dateCreated`, `dateUpdated`, `uid`) VALUES ('2244', '456', '270', '28', '0', '2', '2014-10-01 17:26:53', '2014-10-01 17:26:53', '10009da0-7234-40de-a6b4-f0563eada72d');
INSERT INTO `di_fieldlayoutfields` (`id`, `layoutId`, `tabId`, `fieldId`, `required`, `sortOrder`, `dateCreated`, `dateUpdated`, `uid`) VALUES ('2245', '456', '271', '63', '0', '1', '2014-10-01 17:26:53', '2014-10-01 17:26:53', '09321e62-5762-448c-b30c-2cdea65a837a');
INSERT INTO `di_fieldlayoutfields` (`id`, `layoutId`, `tabId`, `fieldId`, `required`, `sortOrder`, `dateCreated`, `dateUpdated`, `uid`) VALUES ('2246', '456', '271', '16', '0', '2', '2014-10-01 17:26:53', '2014-10-01 17:26:53', 'bf335a02-a519-4a1c-a4fc-0df19cfeeeee');
INSERT INTO `di_fieldlayoutfields` (`id`, `layoutId`, `tabId`, `fieldId`, `required`, `sortOrder`, `dateCreated`, `dateUpdated`, `uid`) VALUES ('2249', '456', '271', '62', '0', '5', '2014-10-01 17:26:53', '2014-10-01 17:26:53', '7d1d9502-2693-4e18-801f-eea571930ccd');
INSERT INTO `di_fieldlayoutfields` (`id`, `layoutId`, `tabId`, `fieldId`, `required`, `sortOrder`, `dateCreated`, `dateUpdated`, `uid`) VALUES ('2250', '456', '272', '3', '0', '1', '2014-10-01 17:26:53', '2014-10-01 17:26:53', '8bbab2fe-29ba-4f81-87ee-888947885250');
INSERT INTO `di_fieldlayoutfields` (`id`, `layoutId`, `tabId`, `fieldId`, `required`, `sortOrder`, `dateCreated`, `dateUpdated`, `uid`) VALUES ('2251', '456', '272', '109', '0', '2', '2014-10-01 17:26:53', '2014-10-01 17:26:53', 'fcdf3b09-9338-4c34-96f3-677193670bff');
INSERT INTO `di_fieldlayoutfields` (`id`, `layoutId`, `tabId`, `fieldId`, `required`, `sortOrder`, `dateCreated`, `dateUpdated`, `uid`) VALUES ('2252', '456', '272', '96', '0', '3', '2014-10-01 17:26:53', '2014-10-01 17:26:53', '8448f31f-17a3-4cda-ae18-723a2183d41d');
INSERT INTO `di_fieldlayoutfields` (`id`, `layoutId`, `tabId`, `fieldId`, `required`, `sortOrder`, `dateCreated`, `dateUpdated`, `uid`) VALUES ('2253', '456', '272', '108', '0', '4', '2014-10-01 17:26:53', '2014-10-01 17:26:53', '8d318b4f-bc30-4053-b56b-8580785d5948');
INSERT INTO `di_fieldlayoutfields` (`id`, `layoutId`, `tabId`, `fieldId`, `required`, `sortOrder`, `dateCreated`, `dateUpdated`, `uid`) VALUES ('2254', '456', '273', '29', '0', '1', '2014-10-01 17:26:53', '2014-10-01 17:26:53', '76a1eaa6-81f2-4e7a-81f1-732399c37b65');
INSERT INTO `di_fieldlayoutfields` (`id`, `layoutId`, `tabId`, `fieldId`, `required`, `sortOrder`, `dateCreated`, `dateUpdated`, `uid`) VALUES ('2284', '460', '274', '64', '0', '1', '2014-10-02 09:35:28', '2014-10-02 09:35:28', 'db3a89d9-eb6b-4313-9318-54bfd0d1d921');
INSERT INTO `di_fieldlayoutfields` (`id`, `layoutId`, `tabId`, `fieldId`, `required`, `sortOrder`, `dateCreated`, `dateUpdated`, `uid`) VALUES ('2285', '460', '274', '1', '0', '2', '2014-10-02 09:35:28', '2014-10-02 09:35:28', 'af724816-1a38-4cf5-9a0e-ce8e7c0ffbf6');
INSERT INTO `di_fieldlayoutfields` (`id`, `layoutId`, `tabId`, `fieldId`, `required`, `sortOrder`, `dateCreated`, `dateUpdated`, `uid`) VALUES ('2286', '460', '274', '23', '0', '3', '2014-10-02 09:35:28', '2014-10-02 09:35:28', 'c54c6c56-833e-44ec-addd-e68a40701b04');
INSERT INTO `di_fieldlayoutfields` (`id`, `layoutId`, `tabId`, `fieldId`, `required`, `sortOrder`, `dateCreated`, `dateUpdated`, `uid`) VALUES ('2287', '460', '274', '14', '0', '4', '2014-10-02 09:35:28', '2014-10-02 09:35:28', '53fe80e8-4065-4091-bb45-456fe120c62e');
INSERT INTO `di_fieldlayoutfields` (`id`, `layoutId`, `tabId`, `fieldId`, `required`, `sortOrder`, `dateCreated`, `dateUpdated`, `uid`) VALUES ('2288', '460', '274', '62', '0', '5', '2014-10-02 09:35:28', '2014-10-02 09:35:28', 'b0a7954d-df03-44ac-aeb3-9bace8613337');
INSERT INTO `di_fieldlayoutfields` (`id`, `layoutId`, `tabId`, `fieldId`, `required`, `sortOrder`, `dateCreated`, `dateUpdated`, `uid`) VALUES ('2289', '460', '274', '16', '0', '6', '2014-10-02 09:35:28', '2014-10-02 09:35:28', '594230dd-d368-48a3-aaad-6efb9a20aa38');
INSERT INTO `di_fieldlayoutfields` (`id`, `layoutId`, `tabId`, `fieldId`, `required`, `sortOrder`, `dateCreated`, `dateUpdated`, `uid`) VALUES ('2290', '460', '274', '124', '0', '7', '2014-10-02 09:35:28', '2014-10-02 09:35:28', '473b9376-7244-4798-ae40-c880017598d5');
INSERT INTO `di_fieldlayoutfields` (`id`, `layoutId`, `tabId`, `fieldId`, `required`, `sortOrder`, `dateCreated`, `dateUpdated`, `uid`) VALUES ('2291', '460', '275', '28', '0', '1', '2014-10-02 09:35:28', '2014-10-02 09:35:28', 'e1e3f693-b382-4b5c-a9dc-e05c662fe3ee');
INSERT INTO `di_fieldlayoutfields` (`id`, `layoutId`, `tabId`, `fieldId`, `required`, `sortOrder`, `dateCreated`, `dateUpdated`, `uid`) VALUES ('2292', '460', '275', '2', '0', '2', '2014-10-02 09:35:28', '2014-10-02 09:35:28', '1463a2e2-f994-492e-bcfb-ef8c11da84c1');
INSERT INTO `di_fieldlayoutfields` (`id`, `layoutId`, `tabId`, `fieldId`, `required`, `sortOrder`, `dateCreated`, `dateUpdated`, `uid`) VALUES ('2293', '460', '275', '35', '0', '3', '2014-10-02 09:35:28', '2014-10-02 09:35:28', '24f35d2d-7515-4ac7-9f93-bf6ddb55afec');
INSERT INTO `di_fieldlayoutfields` (`id`, `layoutId`, `tabId`, `fieldId`, `required`, `sortOrder`, `dateCreated`, `dateUpdated`, `uid`) VALUES ('2294', '460', '276', '3', '0', '1', '2014-10-02 09:35:28', '2014-10-02 09:35:28', 'b7663b11-ead7-4cb2-b5b4-8fb101485598');
INSERT INTO `di_fieldlayoutfields` (`id`, `layoutId`, `tabId`, `fieldId`, `required`, `sortOrder`, `dateCreated`, `dateUpdated`, `uid`) VALUES ('2295', '460', '276', '109', '0', '2', '2014-10-02 09:35:28', '2014-10-02 09:35:28', 'bc6fd837-d58d-4139-9c50-243f5be12d21');
INSERT INTO `di_fieldlayoutfields` (`id`, `layoutId`, `tabId`, `fieldId`, `required`, `sortOrder`, `dateCreated`, `dateUpdated`, `uid`) VALUES ('2296', '460', '276', '96', '0', '3', '2014-10-02 09:35:28', '2014-10-02 09:35:28', '2f0cc0cb-953f-4009-ab21-c75fbf387fd5');
INSERT INTO `di_fieldlayoutfields` (`id`, `layoutId`, `tabId`, `fieldId`, `required`, `sortOrder`, `dateCreated`, `dateUpdated`, `uid`) VALUES ('2297', '460', '276', '108', '0', '4', '2014-10-02 09:35:28', '2014-10-02 09:35:28', 'd0227ea1-1182-4bab-9bab-f300f2c15f7b');
INSERT INTO `di_fieldlayoutfields` (`id`, `layoutId`, `tabId`, `fieldId`, `required`, `sortOrder`, `dateCreated`, `dateUpdated`, `uid`) VALUES ('2298', '460', '277', '29', '0', '1', '2014-10-02 09:35:28', '2014-10-02 09:35:28', 'ee2734f6-70d3-470b-b7ec-4e47c9968ca3');
INSERT INTO `di_fieldlayoutfields` (`id`, `layoutId`, `tabId`, `fieldId`, `required`, `sortOrder`, `dateCreated`, `dateUpdated`, `uid`) VALUES ('2299', '460', '277', '85', '0', '2', '2014-10-02 09:35:28', '2014-10-02 09:35:28', 'd5aa7616-85c0-4e9c-a7b7-f51ed6f837be');
INSERT INTO `di_fieldlayoutfields` (`id`, `layoutId`, `tabId`, `fieldId`, `required`, `sortOrder`, `dateCreated`, `dateUpdated`, `uid`) VALUES ('2301', '460', '277', '63', '0', '4', '2014-10-02 09:35:28', '2014-10-02 09:35:28', 'f218a3ce-530b-4290-9ec1-5a4acc08bc4f');
INSERT INTO `di_fieldlayoutfields` (`id`, `layoutId`, `tabId`, `fieldId`, `required`, `sortOrder`, `dateCreated`, `dateUpdated`, `uid`) VALUES ('2437', '494', '291', '64', '0', '1', '2014-10-02 15:13:41', '2014-10-02 15:13:41', 'de80d070-594e-4ac5-8ece-c6326fbe3575');
INSERT INTO `di_fieldlayoutfields` (`id`, `layoutId`, `tabId`, `fieldId`, `required`, `sortOrder`, `dateCreated`, `dateUpdated`, `uid`) VALUES ('2438', '494', '291', '88', '0', '2', '2014-10-02 15:13:41', '2014-10-02 15:13:41', '6994fe34-8ea8-4753-96b0-e3f1762f64ba');
INSERT INTO `di_fieldlayoutfields` (`id`, `layoutId`, `tabId`, `fieldId`, `required`, `sortOrder`, `dateCreated`, `dateUpdated`, `uid`) VALUES ('2439', '494', '291', '86', '0', '3', '2014-10-02 15:13:41', '2014-10-02 15:13:41', '0ec3a506-e77c-4c8b-8dc4-f092dcf2b6e2');
INSERT INTO `di_fieldlayoutfields` (`id`, `layoutId`, `tabId`, `fieldId`, `required`, `sortOrder`, `dateCreated`, `dateUpdated`, `uid`) VALUES ('2440', '494', '291', '87', '0', '4', '2014-10-02 15:13:41', '2014-10-02 15:13:41', '39a60d28-eb16-4a34-adc5-4c57bd54228e');
INSERT INTO `di_fieldlayoutfields` (`id`, `layoutId`, `tabId`, `fieldId`, `required`, `sortOrder`, `dateCreated`, `dateUpdated`, `uid`) VALUES ('2441', '494', '291', '89', '0', '5', '2014-10-02 15:13:41', '2014-10-02 15:13:41', 'd1ccfacc-d2dd-4844-8f65-b906f304fc50');
INSERT INTO `di_fieldlayoutfields` (`id`, `layoutId`, `tabId`, `fieldId`, `required`, `sortOrder`, `dateCreated`, `dateUpdated`, `uid`) VALUES ('2442', '494', '291', '16', '0', '6', '2014-10-02 15:13:41', '2014-10-02 15:13:41', 'cf70113d-ca24-4a29-81a6-4a79ca830f21');
INSERT INTO `di_fieldlayoutfields` (`id`, `layoutId`, `tabId`, `fieldId`, `required`, `sortOrder`, `dateCreated`, `dateUpdated`, `uid`) VALUES ('2443', '494', '291', '23', '0', '7', '2014-10-02 15:13:41', '2014-10-02 15:13:41', '8cb9c1fc-2329-4bbc-abdc-7018cecc780a');
INSERT INTO `di_fieldlayoutfields` (`id`, `layoutId`, `tabId`, `fieldId`, `required`, `sortOrder`, `dateCreated`, `dateUpdated`, `uid`) VALUES ('2444', '494', '291', '14', '0', '8', '2014-10-02 15:13:41', '2014-10-02 15:13:41', '7da69ee6-d694-4c37-a07e-78b0119a9040');
INSERT INTO `di_fieldlayoutfields` (`id`, `layoutId`, `tabId`, `fieldId`, `required`, `sortOrder`, `dateCreated`, `dateUpdated`, `uid`) VALUES ('2445', '494', '292', '2', '0', '1', '2014-10-02 15:13:41', '2014-10-02 15:13:41', '2bc9a794-8bcf-49d7-9ec7-dd530d34a73e');
INSERT INTO `di_fieldlayoutfields` (`id`, `layoutId`, `tabId`, `fieldId`, `required`, `sortOrder`, `dateCreated`, `dateUpdated`, `uid`) VALUES ('2446', '494', '292', '93', '0', '2', '2014-10-02 15:13:41', '2014-10-02 15:13:41', 'a09d88cb-6033-47b5-b51d-91cfa0ac5228');
INSERT INTO `di_fieldlayoutfields` (`id`, `layoutId`, `tabId`, `fieldId`, `required`, `sortOrder`, `dateCreated`, `dateUpdated`, `uid`) VALUES ('2447', '494', '292', '28', '0', '3', '2014-10-02 15:13:41', '2014-10-02 15:13:41', '12eb9327-aea5-4d31-b06e-0c8609155cad');
INSERT INTO `di_fieldlayoutfields` (`id`, `layoutId`, `tabId`, `fieldId`, `required`, `sortOrder`, `dateCreated`, `dateUpdated`, `uid`) VALUES ('2448', '494', '293', '50', '0', '1', '2014-10-02 15:13:41', '2014-10-02 15:13:41', '8ffe3ee1-3dd2-4619-991d-c69478da64de');
INSERT INTO `di_fieldlayoutfields` (`id`, `layoutId`, `tabId`, `fieldId`, `required`, `sortOrder`, `dateCreated`, `dateUpdated`, `uid`) VALUES ('2449', '494', '293', '126', '0', '2', '2014-10-02 15:13:41', '2014-10-02 15:13:41', '546c336a-c7a8-4573-b573-499f79ba099d');
INSERT INTO `di_fieldlayoutfields` (`id`, `layoutId`, `tabId`, `fieldId`, `required`, `sortOrder`, `dateCreated`, `dateUpdated`, `uid`) VALUES ('2450', '494', '293', '51', '0', '3', '2014-10-02 15:13:41', '2014-10-02 15:13:41', '31d70cb3-033a-4cac-b52e-50ed39758e36');
INSERT INTO `di_fieldlayoutfields` (`id`, `layoutId`, `tabId`, `fieldId`, `required`, `sortOrder`, `dateCreated`, `dateUpdated`, `uid`) VALUES ('2451', '494', '294', '3', '0', '1', '2014-10-02 15:13:41', '2014-10-02 15:13:41', 'fccad252-e005-4fa7-8b42-a170347860b6');
INSERT INTO `di_fieldlayoutfields` (`id`, `layoutId`, `tabId`, `fieldId`, `required`, `sortOrder`, `dateCreated`, `dateUpdated`, `uid`) VALUES ('2452', '494', '295', '85', '0', '1', '2014-10-02 15:13:41', '2014-10-02 15:13:41', '48de6875-d6c5-4da1-a710-12a7bc56daf3');
INSERT INTO `di_fieldlayoutfields` (`id`, `layoutId`, `tabId`, `fieldId`, `required`, `sortOrder`, `dateCreated`, `dateUpdated`, `uid`) VALUES ('2453', '494', '295', '63', '0', '2', '2014-10-02 15:13:41', '2014-10-02 15:13:41', '089e823a-f692-4c9f-b4eb-cf9838084685');
INSERT INTO `di_fieldlayoutfields` (`id`, `layoutId`, `tabId`, `fieldId`, `required`, `sortOrder`, `dateCreated`, `dateUpdated`, `uid`) VALUES ('2454', '494', '295', '29', '0', '3', '2014-10-02 15:13:41', '2014-10-02 15:13:41', 'b84e9183-106f-4a9d-bbaf-38f077d66ff0');
INSERT INTO `di_fieldlayoutfields` (`id`, `layoutId`, `tabId`, `fieldId`, `required`, `sortOrder`, `dateCreated`, `dateUpdated`, `uid`) VALUES ('2507', '501', '296', '1', '0', '1', '2014-10-03 15:22:46', '2014-10-03 15:22:46', '6c7c0176-df6e-45bc-969b-65c4e13becc7');
INSERT INTO `di_fieldlayoutfields` (`id`, `layoutId`, `tabId`, `fieldId`, `required`, `sortOrder`, `dateCreated`, `dateUpdated`, `uid`) VALUES ('2508', '501', '296', '23', '0', '2', '2014-10-03 15:22:46', '2014-10-03 15:22:46', 'a1b599e3-777f-4d0d-90fc-0d8eaac72112');
INSERT INTO `di_fieldlayoutfields` (`id`, `layoutId`, `tabId`, `fieldId`, `required`, `sortOrder`, `dateCreated`, `dateUpdated`, `uid`) VALUES ('2509', '501', '296', '14', '0', '3', '2014-10-03 15:22:46', '2014-10-03 15:22:46', 'e48169c3-6bcb-429a-ac8d-55b9ebab617a');
INSERT INTO `di_fieldlayoutfields` (`id`, `layoutId`, `tabId`, `fieldId`, `required`, `sortOrder`, `dateCreated`, `dateUpdated`, `uid`) VALUES ('2510', '501', '296', '16', '0', '4', '2014-10-03 15:22:46', '2014-10-03 15:22:46', '4bd47895-29ed-4f12-a511-a899d04faa2b');
INSERT INTO `di_fieldlayoutfields` (`id`, `layoutId`, `tabId`, `fieldId`, `required`, `sortOrder`, `dateCreated`, `dateUpdated`, `uid`) VALUES ('2511', '501', '296', '125', '0', '5', '2014-10-03 15:22:46', '2014-10-03 15:22:46', '1ea142df-d659-46c4-afbc-e1e3a2a099f6');
INSERT INTO `di_fieldlayoutfields` (`id`, `layoutId`, `tabId`, `fieldId`, `required`, `sortOrder`, `dateCreated`, `dateUpdated`, `uid`) VALUES ('2512', '501', '296', '62', '0', '6', '2014-10-03 15:22:46', '2014-10-03 15:22:46', 'c2f5f784-6d5e-420d-94c2-9c03d069714a');
INSERT INTO `di_fieldlayoutfields` (`id`, `layoutId`, `tabId`, `fieldId`, `required`, `sortOrder`, `dateCreated`, `dateUpdated`, `uid`) VALUES ('2513', '501', '297', '28', '0', '1', '2014-10-03 15:22:46', '2014-10-03 15:22:46', 'f5b811b3-d39d-4571-8242-e04f637eb4b7');
INSERT INTO `di_fieldlayoutfields` (`id`, `layoutId`, `tabId`, `fieldId`, `required`, `sortOrder`, `dateCreated`, `dateUpdated`, `uid`) VALUES ('2514', '501', '297', '2', '0', '2', '2014-10-03 15:22:46', '2014-10-03 15:22:46', 'a6bce38c-056f-4e23-ae49-738659be3956');
INSERT INTO `di_fieldlayoutfields` (`id`, `layoutId`, `tabId`, `fieldId`, `required`, `sortOrder`, `dateCreated`, `dateUpdated`, `uid`) VALUES ('2515', '501', '297', '35', '0', '3', '2014-10-03 15:22:46', '2014-10-03 15:22:46', '1ec123f2-60bb-4774-a709-cc1748b0a0c9');
INSERT INTO `di_fieldlayoutfields` (`id`, `layoutId`, `tabId`, `fieldId`, `required`, `sortOrder`, `dateCreated`, `dateUpdated`, `uid`) VALUES ('2516', '501', '298', '63', '0', '1', '2014-10-03 15:22:46', '2014-10-03 15:22:46', '539b07b2-b2b2-4f4d-8aaa-1d90bebc1deb');
INSERT INTO `di_fieldlayoutfields` (`id`, `layoutId`, `tabId`, `fieldId`, `required`, `sortOrder`, `dateCreated`, `dateUpdated`, `uid`) VALUES ('2517', '501', '298', '29', '0', '2', '2014-10-03 15:22:46', '2014-10-03 15:22:46', 'c7238fe9-5f23-4395-9623-01668d04a3af');
INSERT INTO `di_fieldlayoutfields` (`id`, `layoutId`, `tabId`, `fieldId`, `required`, `sortOrder`, `dateCreated`, `dateUpdated`, `uid`) VALUES ('2518', '501', '298', '85', '0', '3', '2014-10-03 15:22:46', '2014-10-03 15:22:46', '46660342-722a-46ee-9c3a-d11cba2b48ab');
INSERT INTO `di_fieldlayoutfields` (`id`, `layoutId`, `tabId`, `fieldId`, `required`, `sortOrder`, `dateCreated`, `dateUpdated`, `uid`) VALUES ('2519', '502', '299', '64', '0', '1', '2014-10-03 16:09:56', '2014-10-03 16:09:56', '4fd5c521-54f8-49a5-90ea-a3f73328e205');
INSERT INTO `di_fieldlayoutfields` (`id`, `layoutId`, `tabId`, `fieldId`, `required`, `sortOrder`, `dateCreated`, `dateUpdated`, `uid`) VALUES ('2520', '502', '299', '1', '0', '2', '2014-10-03 16:09:56', '2014-10-03 16:09:56', '2d978f4f-6e01-4bc4-a673-a770078d0b62');
INSERT INTO `di_fieldlayoutfields` (`id`, `layoutId`, `tabId`, `fieldId`, `required`, `sortOrder`, `dateCreated`, `dateUpdated`, `uid`) VALUES ('2521', '502', '299', '23', '0', '3', '2014-10-03 16:09:56', '2014-10-03 16:09:56', '0c99e301-4adc-424c-ae63-467bffee6ee5');
INSERT INTO `di_fieldlayoutfields` (`id`, `layoutId`, `tabId`, `fieldId`, `required`, `sortOrder`, `dateCreated`, `dateUpdated`, `uid`) VALUES ('2522', '502', '299', '14', '0', '4', '2014-10-03 16:09:56', '2014-10-03 16:09:56', '4fc6e77e-19a0-4fc5-ad94-c5b7c3e65d3d');
INSERT INTO `di_fieldlayoutfields` (`id`, `layoutId`, `tabId`, `fieldId`, `required`, `sortOrder`, `dateCreated`, `dateUpdated`, `uid`) VALUES ('2523', '502', '299', '16', '0', '5', '2014-10-03 16:09:56', '2014-10-03 16:09:56', '873c4f54-e567-4238-9788-4771a3ad2629');
INSERT INTO `di_fieldlayoutfields` (`id`, `layoutId`, `tabId`, `fieldId`, `required`, `sortOrder`, `dateCreated`, `dateUpdated`, `uid`) VALUES ('2524', '502', '299', '125', '0', '6', '2014-10-03 16:09:56', '2014-10-03 16:09:56', '6e99a808-3e73-49c5-ad1d-426a4b8f6b9f');
INSERT INTO `di_fieldlayoutfields` (`id`, `layoutId`, `tabId`, `fieldId`, `required`, `sortOrder`, `dateCreated`, `dateUpdated`, `uid`) VALUES ('2525', '502', '299', '62', '0', '7', '2014-10-03 16:09:56', '2014-10-03 16:09:56', '5c198465-5d9a-40ad-9f59-ec977c9e1524');
INSERT INTO `di_fieldlayoutfields` (`id`, `layoutId`, `tabId`, `fieldId`, `required`, `sortOrder`, `dateCreated`, `dateUpdated`, `uid`) VALUES ('2526', '502', '299', '124', '0', '8', '2014-10-03 16:09:56', '2014-10-03 16:09:56', '34f6037b-67f9-4ebd-85fa-bee5fc392bae');
INSERT INTO `di_fieldlayoutfields` (`id`, `layoutId`, `tabId`, `fieldId`, `required`, `sortOrder`, `dateCreated`, `dateUpdated`, `uid`) VALUES ('2527', '502', '300', '50', '0', '1', '2014-10-03 16:09:56', '2014-10-03 16:09:56', '3c05c6f2-825e-4d42-af52-fb4627f88ea0');
INSERT INTO `di_fieldlayoutfields` (`id`, `layoutId`, `tabId`, `fieldId`, `required`, `sortOrder`, `dateCreated`, `dateUpdated`, `uid`) VALUES ('2528', '502', '300', '126', '0', '2', '2014-10-03 16:09:56', '2014-10-03 16:09:56', '210cca4d-82ac-4f68-9318-ffe9e6e570c8');
INSERT INTO `di_fieldlayoutfields` (`id`, `layoutId`, `tabId`, `fieldId`, `required`, `sortOrder`, `dateCreated`, `dateUpdated`, `uid`) VALUES ('2529', '502', '300', '51', '0', '3', '2014-10-03 16:09:56', '2014-10-03 16:09:56', '5eacf12f-580a-4cbb-b7b1-0a9a639df8b8');
INSERT INTO `di_fieldlayoutfields` (`id`, `layoutId`, `tabId`, `fieldId`, `required`, `sortOrder`, `dateCreated`, `dateUpdated`, `uid`) VALUES ('2530', '502', '301', '28', '0', '1', '2014-10-03 16:09:56', '2014-10-03 16:09:56', 'd445d5a6-6d2b-4ff9-b2b3-d85b78ef5f50');
INSERT INTO `di_fieldlayoutfields` (`id`, `layoutId`, `tabId`, `fieldId`, `required`, `sortOrder`, `dateCreated`, `dateUpdated`, `uid`) VALUES ('2531', '502', '301', '93', '0', '2', '2014-10-03 16:09:56', '2014-10-03 16:09:56', '5d637fc5-d7fe-4490-8996-870f674a8c05');
INSERT INTO `di_fieldlayoutfields` (`id`, `layoutId`, `tabId`, `fieldId`, `required`, `sortOrder`, `dateCreated`, `dateUpdated`, `uid`) VALUES ('2532', '502', '301', '2', '0', '3', '2014-10-03 16:09:56', '2014-10-03 16:09:56', '608bb562-ea9d-465e-967b-5187bbf37f87');
INSERT INTO `di_fieldlayoutfields` (`id`, `layoutId`, `tabId`, `fieldId`, `required`, `sortOrder`, `dateCreated`, `dateUpdated`, `uid`) VALUES ('2533', '502', '301', '35', '0', '4', '2014-10-03 16:09:56', '2014-10-03 16:09:56', 'f04b8706-4dde-4738-9e7c-bc3e28c85cdb');
INSERT INTO `di_fieldlayoutfields` (`id`, `layoutId`, `tabId`, `fieldId`, `required`, `sortOrder`, `dateCreated`, `dateUpdated`, `uid`) VALUES ('2534', '502', '302', '3', '0', '1', '2014-10-03 16:09:56', '2014-10-03 16:09:56', '3a36f636-7125-4ec8-b843-c525fc11d666');
INSERT INTO `di_fieldlayoutfields` (`id`, `layoutId`, `tabId`, `fieldId`, `required`, `sortOrder`, `dateCreated`, `dateUpdated`, `uid`) VALUES ('2535', '502', '302', '96', '0', '2', '2014-10-03 16:09:56', '2014-10-03 16:09:56', 'a35b4efd-377c-4056-926d-2014ef163f24');
INSERT INTO `di_fieldlayoutfields` (`id`, `layoutId`, `tabId`, `fieldId`, `required`, `sortOrder`, `dateCreated`, `dateUpdated`, `uid`) VALUES ('2536', '502', '303', '85', '0', '1', '2014-10-03 16:09:56', '2014-10-03 16:09:56', 'dff9c45a-37bf-4b74-b133-75ddc176bc0b');
INSERT INTO `di_fieldlayoutfields` (`id`, `layoutId`, `tabId`, `fieldId`, `required`, `sortOrder`, `dateCreated`, `dateUpdated`, `uid`) VALUES ('2537', '502', '303', '63', '0', '2', '2014-10-03 16:09:56', '2014-10-03 16:09:56', '4ba16665-fd20-486e-858e-dbc34ca9bc95');
INSERT INTO `di_fieldlayoutfields` (`id`, `layoutId`, `tabId`, `fieldId`, `required`, `sortOrder`, `dateCreated`, `dateUpdated`, `uid`) VALUES ('2538', '502', '303', '29', '0', '3', '2014-10-03 16:09:56', '2014-10-03 16:09:56', 'b95cf59e-3082-4e7f-ba41-96cf304bc776');
INSERT INTO `di_fieldlayoutfields` (`id`, `layoutId`, `tabId`, `fieldId`, `required`, `sortOrder`, `dateCreated`, `dateUpdated`, `uid`) VALUES ('2539', '503', '304', '64', '0', '1', '2014-10-03 16:16:13', '2014-10-03 16:16:13', '924d233e-9f21-44de-88d1-82ca9099e8f6');
INSERT INTO `di_fieldlayoutfields` (`id`, `layoutId`, `tabId`, `fieldId`, `required`, `sortOrder`, `dateCreated`, `dateUpdated`, `uid`) VALUES ('2540', '503', '304', '1', '0', '2', '2014-10-03 16:16:13', '2014-10-03 16:16:13', '8d4876cc-0e02-405b-9cbc-8223cd6dfc64');
INSERT INTO `di_fieldlayoutfields` (`id`, `layoutId`, `tabId`, `fieldId`, `required`, `sortOrder`, `dateCreated`, `dateUpdated`, `uid`) VALUES ('2541', '503', '304', '23', '0', '3', '2014-10-03 16:16:13', '2014-10-03 16:16:13', '0cf2e3ba-ccb0-4cbb-8e9b-e2d71b2cf91c');
INSERT INTO `di_fieldlayoutfields` (`id`, `layoutId`, `tabId`, `fieldId`, `required`, `sortOrder`, `dateCreated`, `dateUpdated`, `uid`) VALUES ('2542', '503', '304', '14', '0', '4', '2014-10-03 16:16:13', '2014-10-03 16:16:13', '4fd7e802-38f4-4e36-a281-1c94299ed7bc');
INSERT INTO `di_fieldlayoutfields` (`id`, `layoutId`, `tabId`, `fieldId`, `required`, `sortOrder`, `dateCreated`, `dateUpdated`, `uid`) VALUES ('2543', '503', '304', '16', '0', '5', '2014-10-03 16:16:13', '2014-10-03 16:16:13', '4dc2672c-83f1-46e5-8a64-83891c2c08f5');
INSERT INTO `di_fieldlayoutfields` (`id`, `layoutId`, `tabId`, `fieldId`, `required`, `sortOrder`, `dateCreated`, `dateUpdated`, `uid`) VALUES ('2544', '503', '304', '125', '0', '6', '2014-10-03 16:16:13', '2014-10-03 16:16:13', 'efe3df75-3253-493c-a37a-1d87cf0461f2');
INSERT INTO `di_fieldlayoutfields` (`id`, `layoutId`, `tabId`, `fieldId`, `required`, `sortOrder`, `dateCreated`, `dateUpdated`, `uid`) VALUES ('2545', '503', '304', '62', '0', '7', '2014-10-03 16:16:13', '2014-10-03 16:16:13', '63566dfa-d220-4a98-9196-ca736a085a3e');
INSERT INTO `di_fieldlayoutfields` (`id`, `layoutId`, `tabId`, `fieldId`, `required`, `sortOrder`, `dateCreated`, `dateUpdated`, `uid`) VALUES ('2546', '503', '304', '124', '0', '8', '2014-10-03 16:16:13', '2014-10-03 16:16:13', 'd96bda26-6e7e-4854-9312-4b19082e762e');
INSERT INTO `di_fieldlayoutfields` (`id`, `layoutId`, `tabId`, `fieldId`, `required`, `sortOrder`, `dateCreated`, `dateUpdated`, `uid`) VALUES ('2547', '503', '305', '28', '0', '1', '2014-10-03 16:16:13', '2014-10-03 16:16:13', 'af72adce-8b56-4ca0-99f3-2c3c0633c1f4');
INSERT INTO `di_fieldlayoutfields` (`id`, `layoutId`, `tabId`, `fieldId`, `required`, `sortOrder`, `dateCreated`, `dateUpdated`, `uid`) VALUES ('2548', '503', '305', '2', '0', '2', '2014-10-03 16:16:13', '2014-10-03 16:16:13', 'ae0e12a2-38cb-4e8d-a1c4-abe10adf1a41');
INSERT INTO `di_fieldlayoutfields` (`id`, `layoutId`, `tabId`, `fieldId`, `required`, `sortOrder`, `dateCreated`, `dateUpdated`, `uid`) VALUES ('2549', '503', '305', '35', '0', '3', '2014-10-03 16:16:13', '2014-10-03 16:16:13', '30c994ff-acce-4710-bcab-e35daeca6ae3');
INSERT INTO `di_fieldlayoutfields` (`id`, `layoutId`, `tabId`, `fieldId`, `required`, `sortOrder`, `dateCreated`, `dateUpdated`, `uid`) VALUES ('2550', '503', '306', '108', '0', '1', '2014-10-03 16:16:13', '2014-10-03 16:16:13', 'e1bfaf88-ffdf-4ed6-b92e-303ad46a9e4c');
INSERT INTO `di_fieldlayoutfields` (`id`, `layoutId`, `tabId`, `fieldId`, `required`, `sortOrder`, `dateCreated`, `dateUpdated`, `uid`) VALUES ('2551', '503', '306', '96', '0', '2', '2014-10-03 16:16:13', '2014-10-03 16:16:13', 'd914ca8c-72a4-4d25-b15f-3c728a6877cc');
INSERT INTO `di_fieldlayoutfields` (`id`, `layoutId`, `tabId`, `fieldId`, `required`, `sortOrder`, `dateCreated`, `dateUpdated`, `uid`) VALUES ('2552', '503', '306', '109', '0', '3', '2014-10-03 16:16:13', '2014-10-03 16:16:13', '32f8df6e-d080-42d7-9b25-7f3961963f69');
INSERT INTO `di_fieldlayoutfields` (`id`, `layoutId`, `tabId`, `fieldId`, `required`, `sortOrder`, `dateCreated`, `dateUpdated`, `uid`) VALUES ('2553', '503', '306', '3', '0', '4', '2014-10-03 16:16:13', '2014-10-03 16:16:13', '0bda6dd7-eb01-4dec-83ff-39e002db632e');
INSERT INTO `di_fieldlayoutfields` (`id`, `layoutId`, `tabId`, `fieldId`, `required`, `sortOrder`, `dateCreated`, `dateUpdated`, `uid`) VALUES ('2554', '503', '307', '85', '0', '1', '2014-10-03 16:16:13', '2014-10-03 16:16:13', '4445001e-95e4-401f-bd1f-66426e6da894');
INSERT INTO `di_fieldlayoutfields` (`id`, `layoutId`, `tabId`, `fieldId`, `required`, `sortOrder`, `dateCreated`, `dateUpdated`, `uid`) VALUES ('2555', '503', '307', '63', '0', '2', '2014-10-03 16:16:13', '2014-10-03 16:16:13', 'ebfd6c70-b65e-47d6-8fee-419227dcd8b4');
INSERT INTO `di_fieldlayoutfields` (`id`, `layoutId`, `tabId`, `fieldId`, `required`, `sortOrder`, `dateCreated`, `dateUpdated`, `uid`) VALUES ('2556', '503', '307', '29', '0', '3', '2014-10-03 16:16:13', '2014-10-03 16:16:13', '568781a4-c37b-4b47-afc7-dafc0cc62f6a');
INSERT INTO `di_fieldlayoutfields` (`id`, `layoutId`, `tabId`, `fieldId`, `required`, `sortOrder`, `dateCreated`, `dateUpdated`, `uid`) VALUES ('2587', '514', NULL, '5', '0', '1', '2014-10-06 09:32:50', '2014-10-06 09:32:50', '9faa48a3-4f9f-4bf4-8ddd-1f515fac2b83');
INSERT INTO `di_fieldlayoutfields` (`id`, `layoutId`, `tabId`, `fieldId`, `required`, `sortOrder`, `dateCreated`, `dateUpdated`, `uid`) VALUES ('2588', '514', NULL, '129', '0', '2', '2014-10-06 09:32:50', '2014-10-06 09:32:50', 'c5930b8c-8e94-4715-bd3a-149a7ed65605');
INSERT INTO `di_fieldlayoutfields` (`id`, `layoutId`, `tabId`, `fieldId`, `required`, `sortOrder`, `dateCreated`, `dateUpdated`, `uid`) VALUES ('2589', '515', NULL, '6', '0', '1', '2014-10-06 09:32:50', '2014-10-06 09:32:50', '80326ab0-b0eb-48e9-8de7-88308e34b1e9');
INSERT INTO `di_fieldlayoutfields` (`id`, `layoutId`, `tabId`, `fieldId`, `required`, `sortOrder`, `dateCreated`, `dateUpdated`, `uid`) VALUES ('2590', '515', NULL, '7', '0', '2', '2014-10-06 09:32:50', '2014-10-06 09:32:50', 'fd700c65-0cb7-45b8-b848-51c9b601d3da');
INSERT INTO `di_fieldlayoutfields` (`id`, `layoutId`, `tabId`, `fieldId`, `required`, `sortOrder`, `dateCreated`, `dateUpdated`, `uid`) VALUES ('2591', '515', NULL, '8', '0', '3', '2014-10-06 09:32:50', '2014-10-06 09:32:50', 'e1d98f0a-0970-45c5-a7c1-4c362b58019b');
INSERT INTO `di_fieldlayoutfields` (`id`, `layoutId`, `tabId`, `fieldId`, `required`, `sortOrder`, `dateCreated`, `dateUpdated`, `uid`) VALUES ('2592', '516', NULL, '9', '0', '1', '2014-10-06 09:32:50', '2014-10-06 09:32:50', '2da633d9-e75e-41ba-9529-6738de9d0a6b');
INSERT INTO `di_fieldlayoutfields` (`id`, `layoutId`, `tabId`, `fieldId`, `required`, `sortOrder`, `dateCreated`, `dateUpdated`, `uid`) VALUES ('2593', '516', NULL, '10', '0', '2', '2014-10-06 09:32:50', '2014-10-06 09:32:50', 'c29ecdf5-c8fa-4fa1-9010-32ba96240214');
INSERT INTO `di_fieldlayoutfields` (`id`, `layoutId`, `tabId`, `fieldId`, `required`, `sortOrder`, `dateCreated`, `dateUpdated`, `uid`) VALUES ('2594', '517', NULL, '11', '0', '1', '2014-10-06 09:32:50', '2014-10-06 09:32:50', '300ecb13-1620-4a64-a505-9ca13cdee366');
INSERT INTO `di_fieldlayoutfields` (`id`, `layoutId`, `tabId`, `fieldId`, `required`, `sortOrder`, `dateCreated`, `dateUpdated`, `uid`) VALUES ('2595', '517', NULL, '12', '0', '2', '2014-10-06 09:32:50', '2014-10-06 09:32:50', '2a1ec7e4-3325-4710-bfca-950784d73a07');
INSERT INTO `di_fieldlayoutfields` (`id`, `layoutId`, `tabId`, `fieldId`, `required`, `sortOrder`, `dateCreated`, `dateUpdated`, `uid`) VALUES ('2596', '517', NULL, '13', '0', '3', '2014-10-06 09:32:50', '2014-10-06 09:32:50', '90d71ba8-6221-44f7-a4f8-36026c7d2810');
INSERT INTO `di_fieldlayoutfields` (`id`, `layoutId`, `tabId`, `fieldId`, `required`, `sortOrder`, `dateCreated`, `dateUpdated`, `uid`) VALUES ('2597', '517', NULL, '18', '0', '4', '2014-10-06 09:32:50', '2014-10-06 09:32:50', '31d76de2-436f-4921-9a97-c9c40af69245');
INSERT INTO `di_fieldlayoutfields` (`id`, `layoutId`, `tabId`, `fieldId`, `required`, `sortOrder`, `dateCreated`, `dateUpdated`, `uid`) VALUES ('2598', '518', NULL, '19', '0', '1', '2014-10-06 09:32:50', '2014-10-06 09:32:50', 'cf6150d4-3605-464b-a736-ffcf71edcb69');
INSERT INTO `di_fieldlayoutfields` (`id`, `layoutId`, `tabId`, `fieldId`, `required`, `sortOrder`, `dateCreated`, `dateUpdated`, `uid`) VALUES ('2599', '518', NULL, '20', '0', '2', '2014-10-06 09:32:50', '2014-10-06 09:32:50', '86f13e83-63bf-426e-aca1-c20c2c15bc9e');
INSERT INTO `di_fieldlayoutfields` (`id`, `layoutId`, `tabId`, `fieldId`, `required`, `sortOrder`, `dateCreated`, `dateUpdated`, `uid`) VALUES ('2600', '518', NULL, '21', '0', '3', '2014-10-06 09:32:50', '2014-10-06 09:32:50', '103737a3-a958-4eb5-88ff-0a31fb16e2d2');
INSERT INTO `di_fieldlayoutfields` (`id`, `layoutId`, `tabId`, `fieldId`, `required`, `sortOrder`, `dateCreated`, `dateUpdated`, `uid`) VALUES ('2601', '518', NULL, '22', '0', '4', '2014-10-06 09:32:50', '2014-10-06 09:32:50', '4873f0cf-db71-4fd9-bbd4-209c16c2b93c');
INSERT INTO `di_fieldlayoutfields` (`id`, `layoutId`, `tabId`, `fieldId`, `required`, `sortOrder`, `dateCreated`, `dateUpdated`, `uid`) VALUES ('2602', '518', NULL, '107', '0', '5', '2014-10-06 09:32:50', '2014-10-06 09:32:50', '0a37ecba-e730-487e-a77a-9849cbbed63d');
INSERT INTO `di_fieldlayoutfields` (`id`, `layoutId`, `tabId`, `fieldId`, `required`, `sortOrder`, `dateCreated`, `dateUpdated`, `uid`) VALUES ('2603', '518', NULL, '127', '0', '6', '2014-10-06 09:32:50', '2014-10-06 09:32:50', 'f2cb5b95-2f2b-48b0-bff4-77a9c0aa3baa');
INSERT INTO `di_fieldlayoutfields` (`id`, `layoutId`, `tabId`, `fieldId`, `required`, `sortOrder`, `dateCreated`, `dateUpdated`, `uid`) VALUES ('2604', '519', NULL, '24', '0', '1', '2014-10-06 09:32:51', '2014-10-06 09:32:51', '5d44f639-7444-450d-8bc7-7df3351348c6');
INSERT INTO `di_fieldlayoutfields` (`id`, `layoutId`, `tabId`, `fieldId`, `required`, `sortOrder`, `dateCreated`, `dateUpdated`, `uid`) VALUES ('2605', '519', NULL, '25', '0', '2', '2014-10-06 09:32:51', '2014-10-06 09:32:51', 'a9aeb4f6-785f-4c03-81b2-4f5a53dfcd94');
INSERT INTO `di_fieldlayoutfields` (`id`, `layoutId`, `tabId`, `fieldId`, `required`, `sortOrder`, `dateCreated`, `dateUpdated`, `uid`) VALUES ('2606', '519', NULL, '27', '0', '3', '2014-10-06 09:32:51', '2014-10-06 09:32:51', '5fd49ef2-c3cd-4135-b907-4dfcf09debd9');
INSERT INTO `di_fieldlayoutfields` (`id`, `layoutId`, `tabId`, `fieldId`, `required`, `sortOrder`, `dateCreated`, `dateUpdated`, `uid`) VALUES ('2607', '520', NULL, '48', '0', '1', '2014-10-06 09:32:51', '2014-10-06 09:32:51', 'b28f7f36-7ede-4cf1-8c22-4081c7546b65');
INSERT INTO `di_fieldlayoutfields` (`id`, `layoutId`, `tabId`, `fieldId`, `required`, `sortOrder`, `dateCreated`, `dateUpdated`, `uid`) VALUES ('2608', '520', NULL, '49', '0', '2', '2014-10-06 09:32:51', '2014-10-06 09:32:51', '26477261-ca90-4558-95d9-d267362b11a0');
INSERT INTO `di_fieldlayoutfields` (`id`, `layoutId`, `tabId`, `fieldId`, `required`, `sortOrder`, `dateCreated`, `dateUpdated`, `uid`) VALUES ('2609', '521', NULL, '56', '0', '1', '2014-10-06 09:32:51', '2014-10-06 09:32:51', '6704fc76-d2eb-4394-acd7-359401d91d50');
INSERT INTO `di_fieldlayoutfields` (`id`, `layoutId`, `tabId`, `fieldId`, `required`, `sortOrder`, `dateCreated`, `dateUpdated`, `uid`) VALUES ('2610', '521', NULL, '57', '0', '2', '2014-10-06 09:32:51', '2014-10-06 09:32:51', '31e0cc44-56d5-48a0-87e4-282b409e67cb');
INSERT INTO `di_fieldlayoutfields` (`id`, `layoutId`, `tabId`, `fieldId`, `required`, `sortOrder`, `dateCreated`, `dateUpdated`, `uid`) VALUES ('2611', '521', NULL, '58', '0', '3', '2014-10-06 09:32:51', '2014-10-06 09:32:51', 'b47796ab-9047-43be-ae14-036a4db54685');
INSERT INTO `di_fieldlayoutfields` (`id`, `layoutId`, `tabId`, `fieldId`, `required`, `sortOrder`, `dateCreated`, `dateUpdated`, `uid`) VALUES ('2612', '522', NULL, '59', '0', '1', '2014-10-06 09:32:51', '2014-10-06 09:32:51', 'dfa7a894-8381-4fe9-8a10-e6b1ed797345');
INSERT INTO `di_fieldlayoutfields` (`id`, `layoutId`, `tabId`, `fieldId`, `required`, `sortOrder`, `dateCreated`, `dateUpdated`, `uid`) VALUES ('2613', '522', NULL, '60', '0', '2', '2014-10-06 09:32:51', '2014-10-06 09:32:51', '99347ba7-b095-4330-9601-3b3c9f827d1e');
INSERT INTO `di_fieldlayoutfields` (`id`, `layoutId`, `tabId`, `fieldId`, `required`, `sortOrder`, `dateCreated`, `dateUpdated`, `uid`) VALUES ('2614', '522', NULL, '61', '0', '3', '2014-10-06 09:32:51', '2014-10-06 09:32:51', '0387fc32-2574-45f0-a4ba-bca661141eed');
INSERT INTO `di_fieldlayoutfields` (`id`, `layoutId`, `tabId`, `fieldId`, `required`, `sortOrder`, `dateCreated`, `dateUpdated`, `uid`) VALUES ('2615', '523', NULL, '90', '0', '1', '2014-10-06 09:32:51', '2014-10-06 09:32:51', 'c8f924a0-a379-409c-b599-8f3a0ca2b2fc');
INSERT INTO `di_fieldlayoutfields` (`id`, `layoutId`, `tabId`, `fieldId`, `required`, `sortOrder`, `dateCreated`, `dateUpdated`, `uid`) VALUES ('2616', '523', NULL, '91', '0', '2', '2014-10-06 09:32:51', '2014-10-06 09:32:51', '5d59b36c-20ae-459d-b40a-f9201d4aaa4e');
INSERT INTO `di_fieldlayoutfields` (`id`, `layoutId`, `tabId`, `fieldId`, `required`, `sortOrder`, `dateCreated`, `dateUpdated`, `uid`) VALUES ('2617', '523', NULL, '92', '0', '3', '2014-10-06 09:32:51', '2014-10-06 09:32:51', 'e5d8c150-e751-4f12-a113-d84e393bf9da');
INSERT INTO `di_fieldlayoutfields` (`id`, `layoutId`, `tabId`, `fieldId`, `required`, `sortOrder`, `dateCreated`, `dateUpdated`, `uid`) VALUES ('2618', '524', NULL, '75', '0', '1', '2014-10-06 09:46:30', '2014-10-06 09:46:30', 'f70fcc17-3c97-4806-b21d-cf4a48607e4d');
INSERT INTO `di_fieldlayoutfields` (`id`, `layoutId`, `tabId`, `fieldId`, `required`, `sortOrder`, `dateCreated`, `dateUpdated`, `uid`) VALUES ('2619', '524', NULL, '76', '0', '2', '2014-10-06 09:46:30', '2014-10-06 09:46:30', 'ed2fea57-a94d-440d-abed-bde3e45446df');
INSERT INTO `di_fieldlayoutfields` (`id`, `layoutId`, `tabId`, `fieldId`, `required`, `sortOrder`, `dateCreated`, `dateUpdated`, `uid`) VALUES ('2620', '524', NULL, '97', '0', '3', '2014-10-06 09:46:30', '2014-10-06 09:46:30', '288ba6e2-0fac-4974-a679-37480d70f2b3');
INSERT INTO `di_fieldlayoutfields` (`id`, `layoutId`, `tabId`, `fieldId`, `required`, `sortOrder`, `dateCreated`, `dateUpdated`, `uid`) VALUES ('2621', '524', NULL, '100', '0', '4', '2014-10-06 09:46:30', '2014-10-06 09:46:30', 'c3c3f1c7-ba1f-4514-9bee-0a88304295d5');
INSERT INTO `di_fieldlayoutfields` (`id`, `layoutId`, `tabId`, `fieldId`, `required`, `sortOrder`, `dateCreated`, `dateUpdated`, `uid`) VALUES ('2622', '524', NULL, '102', '0', '5', '2014-10-06 09:46:30', '2014-10-06 09:46:30', '6bd56943-f19f-4149-a8f9-e3a20367f62c');
INSERT INTO `di_fieldlayoutfields` (`id`, `layoutId`, `tabId`, `fieldId`, `required`, `sortOrder`, `dateCreated`, `dateUpdated`, `uid`) VALUES ('2623', '524', NULL, '99', '0', '6', '2014-10-06 09:46:30', '2014-10-06 09:46:30', '4daeb40c-4ff1-4e90-a54e-7430b4891fc6');
INSERT INTO `di_fieldlayoutfields` (`id`, `layoutId`, `tabId`, `fieldId`, `required`, `sortOrder`, `dateCreated`, `dateUpdated`, `uid`) VALUES ('2624', '524', NULL, '110', '0', '7', '2014-10-06 09:46:30', '2014-10-06 09:46:30', '7fb7ae6a-d41f-4804-bdda-f9a4c49c3ebd');
INSERT INTO `di_fieldlayoutfields` (`id`, `layoutId`, `tabId`, `fieldId`, `required`, `sortOrder`, `dateCreated`, `dateUpdated`, `uid`) VALUES ('2625', '524', NULL, '103', '0', '8', '2014-10-06 09:46:30', '2014-10-06 09:46:30', '7b231df5-782b-4cfd-9a6b-997e94610753');
INSERT INTO `di_fieldlayoutfields` (`id`, `layoutId`, `tabId`, `fieldId`, `required`, `sortOrder`, `dateCreated`, `dateUpdated`, `uid`) VALUES ('2626', '524', NULL, '122', '0', '9', '2014-10-06 09:46:30', '2014-10-06 09:46:30', '0fd93c22-dae6-4aa8-bb25-25daf4c3eafb');
INSERT INTO `di_fieldlayoutfields` (`id`, `layoutId`, `tabId`, `fieldId`, `required`, `sortOrder`, `dateCreated`, `dateUpdated`, `uid`) VALUES ('2627', '525', NULL, '42', '0', '1', '2014-10-06 09:46:30', '2014-10-06 09:46:30', 'ad328741-ac1d-42d6-9f31-b17254846358');
INSERT INTO `di_fieldlayoutfields` (`id`, `layoutId`, `tabId`, `fieldId`, `required`, `sortOrder`, `dateCreated`, `dateUpdated`, `uid`) VALUES ('2628', '525', NULL, '46', '0', '2', '2014-10-06 09:46:30', '2014-10-06 09:46:30', 'd05e9a88-333f-43e7-a618-6ca2aa0a7046');
INSERT INTO `di_fieldlayoutfields` (`id`, `layoutId`, `tabId`, `fieldId`, `required`, `sortOrder`, `dateCreated`, `dateUpdated`, `uid`) VALUES ('2629', '525', NULL, '104', '0', '3', '2014-10-06 09:46:30', '2014-10-06 09:46:30', 'f4c08fe5-bb9e-4e82-adfc-d3f9acd480f5');
INSERT INTO `di_fieldlayoutfields` (`id`, `layoutId`, `tabId`, `fieldId`, `required`, `sortOrder`, `dateCreated`, `dateUpdated`, `uid`) VALUES ('2630', '525', NULL, '43', '0', '4', '2014-10-06 09:46:31', '2014-10-06 09:46:31', '7493a535-3ee5-4677-9b74-d562436ee8fd');
INSERT INTO `di_fieldlayoutfields` (`id`, `layoutId`, `tabId`, `fieldId`, `required`, `sortOrder`, `dateCreated`, `dateUpdated`, `uid`) VALUES ('2631', '526', NULL, '111', '0', '1', '2014-10-06 09:46:31', '2014-10-06 09:46:31', '8f352bfe-a8ce-4378-bb61-ecfab717ed8f');
INSERT INTO `di_fieldlayoutfields` (`id`, `layoutId`, `tabId`, `fieldId`, `required`, `sortOrder`, `dateCreated`, `dateUpdated`, `uid`) VALUES ('2632', '526', NULL, '112', '0', '2', '2014-10-06 09:46:31', '2014-10-06 09:46:31', '6b5f9296-f59b-4963-890d-e803e859eaa3');
INSERT INTO `di_fieldlayoutfields` (`id`, `layoutId`, `tabId`, `fieldId`, `required`, `sortOrder`, `dateCreated`, `dateUpdated`, `uid`) VALUES ('2633', '526', NULL, '113', '0', '3', '2014-10-06 09:46:31', '2014-10-06 09:46:31', '3296fc2e-48ff-42b3-93eb-958d829a6ecb');
INSERT INTO `di_fieldlayoutfields` (`id`, `layoutId`, `tabId`, `fieldId`, `required`, `sortOrder`, `dateCreated`, `dateUpdated`, `uid`) VALUES ('2634', '526', NULL, '116', '0', '4', '2014-10-06 09:46:31', '2014-10-06 09:46:31', 'c4eb2f86-d8f4-412b-a8bf-70054e186899');
INSERT INTO `di_fieldlayoutfields` (`id`, `layoutId`, `tabId`, `fieldId`, `required`, `sortOrder`, `dateCreated`, `dateUpdated`, `uid`) VALUES ('2635', '526', NULL, '117', '0', '5', '2014-10-06 09:46:31', '2014-10-06 09:46:31', 'c3308378-cf99-4ef4-a4ee-dd02c452378e');
INSERT INTO `di_fieldlayoutfields` (`id`, `layoutId`, `tabId`, `fieldId`, `required`, `sortOrder`, `dateCreated`, `dateUpdated`, `uid`) VALUES ('2636', '526', NULL, '118', '0', '6', '2014-10-06 09:46:31', '2014-10-06 09:46:31', '91914c86-d2ab-4af9-ab99-00968eb83473');
INSERT INTO `di_fieldlayoutfields` (`id`, `layoutId`, `tabId`, `fieldId`, `required`, `sortOrder`, `dateCreated`, `dateUpdated`, `uid`) VALUES ('2637', '526', NULL, '119', '0', '7', '2014-10-06 09:46:31', '2014-10-06 09:46:31', '1e40ca5e-8212-4212-8bd8-1a2256252bbe');
INSERT INTO `di_fieldlayoutfields` (`id`, `layoutId`, `tabId`, `fieldId`, `required`, `sortOrder`, `dateCreated`, `dateUpdated`, `uid`) VALUES ('2638', '526', NULL, '120', '0', '8', '2014-10-06 09:46:31', '2014-10-06 09:46:31', '4dbbe904-7941-4e18-be2a-2b269796d4c4');
INSERT INTO `di_fieldlayoutfields` (`id`, `layoutId`, `tabId`, `fieldId`, `required`, `sortOrder`, `dateCreated`, `dateUpdated`, `uid`) VALUES ('2639', '526', NULL, '121', '0', '9', '2014-10-06 09:46:31', '2014-10-06 09:46:31', '2685b8fd-f61f-43d9-939f-2fe8fcc2e754');
INSERT INTO `di_fieldlayoutfields` (`id`, `layoutId`, `tabId`, `fieldId`, `required`, `sortOrder`, `dateCreated`, `dateUpdated`, `uid`) VALUES ('2640', '526', NULL, '123', '0', '10', '2014-10-06 09:46:31', '2014-10-06 09:46:31', '7d87eda6-741f-4ad8-8246-511cf3aa6cdb');



--
-- Schema for table `di_fieldlayouts`
--

DROP TABLE IF EXISTS `di_fieldlayouts`;

CREATE TABLE `di_fieldlayouts` (
  `id` int(11) NOT NULL AUTO_INCREMENT,
  `type` varchar(150) COLLATE utf8_unicode_ci NOT NULL,
  `dateCreated` datetime NOT NULL,
  `dateUpdated` datetime NOT NULL,
  `uid` char(36) COLLATE utf8_unicode_ci NOT NULL DEFAULT '0',
  PRIMARY KEY (`id`),
  KEY `di_fieldlayouts_type_idx` (`type`)
) ENGINE=InnoDB AUTO_INCREMENT=527 DEFAULT CHARSET=utf8 COLLATE=utf8_unicode_ci;

--
-- Data for table `di_fieldlayouts`
--

INSERT INTO `di_fieldlayouts` (`id`, `type`, `dateCreated`, `dateUpdated`, `uid`) VALUES ('63', 'Entry', '2014-09-08 08:39:54', '2014-09-08 08:39:54', '645484ff-a105-44d4-a3e5-f1423d446862');
INSERT INTO `di_fieldlayouts` (`id`, `type`, `dateCreated`, `dateUpdated`, `uid`) VALUES ('109', 'Entry', '2014-09-15 08:19:11', '2014-09-15 08:19:11', '3aa379d4-f924-4c65-beab-fff04a7983e4');
INSERT INTO `di_fieldlayouts` (`id`, `type`, `dateCreated`, `dateUpdated`, `uid`) VALUES ('110', 'Asset', '2014-09-15 08:28:22', '2014-09-15 08:28:22', '6515a5ec-7f9a-4d61-a015-79d70664eec1');
INSERT INTO `di_fieldlayouts` (`id`, `type`, `dateCreated`, `dateUpdated`, `uid`) VALUES ('113', 'Entry', '2014-09-15 09:00:35', '2014-09-15 09:00:35', '7b61e656-5d32-45b9-9208-ca0cd7fe970e');
INSERT INTO `di_fieldlayouts` (`id`, `type`, `dateCreated`, `dateUpdated`, `uid`) VALUES ('135', 'Entry', '2014-09-15 13:34:04', '2014-09-15 13:34:04', '09fc1c24-2869-44aa-97b2-8f4f7393d1f5');
INSERT INTO `di_fieldlayouts` (`id`, `type`, `dateCreated`, `dateUpdated`, `uid`) VALUES ('144', 'User', '2014-09-15 14:45:34', '2014-09-15 14:45:34', 'd7bb916e-d581-4cd2-9bce-ca2b496658d5');
INSERT INTO `di_fieldlayouts` (`id`, `type`, `dateCreated`, `dateUpdated`, `uid`) VALUES ('277', 'Entry', '2014-09-18 13:27:51', '2014-09-18 13:27:51', 'd95ab34e-cafe-4b7d-ab32-0dfa2414f6df');
INSERT INTO `di_fieldlayouts` (`id`, `type`, `dateCreated`, `dateUpdated`, `uid`) VALUES ('310', 'Tag', '2014-09-23 11:30:43', '2014-09-23 11:30:43', 'acec4dbc-96fa-43fb-8a66-3a84f0923680');
INSERT INTO `di_fieldlayouts` (`id`, `type`, `dateCreated`, `dateUpdated`, `uid`) VALUES ('317', 'Entry', '2014-09-23 14:03:25', '2014-09-23 14:03:25', '36b15edd-51ce-469b-8329-6bd21f5d087e');
INSERT INTO `di_fieldlayouts` (`id`, `type`, `dateCreated`, `dateUpdated`, `uid`) VALUES ('332', 'MatrixBlock', '2014-09-24 08:41:07', '2014-09-24 08:41:07', 'e17e084c-c14b-4520-a77b-4fe7ddb90693');
INSERT INTO `di_fieldlayouts` (`id`, `type`, `dateCreated`, `dateUpdated`, `uid`) VALUES ('333', 'MatrixBlock', '2014-09-24 08:41:07', '2014-09-24 08:41:07', '88dd7faa-7d52-4a2f-932d-7941ab441fdf');
INSERT INTO `di_fieldlayouts` (`id`, `type`, `dateCreated`, `dateUpdated`, `uid`) VALUES ('334', 'MatrixBlock', '2014-09-24 08:41:07', '2014-09-24 08:41:07', '4bec6f7f-85e1-4f88-889a-190b72dcfe91');
INSERT INTO `di_fieldlayouts` (`id`, `type`, `dateCreated`, `dateUpdated`, `uid`) VALUES ('398', 'Category', '2014-09-30 14:20:00', '2014-09-30 14:20:00', '58658438-74eb-45ae-a1bd-22fd987ea814');
INSERT INTO `di_fieldlayouts` (`id`, `type`, `dateCreated`, `dateUpdated`, `uid`) VALUES ('408', 'Category', '2014-10-01 08:03:16', '2014-10-01 08:03:16', 'b850c221-18aa-4970-a9d4-4bc5b082a2a8');
INSERT INTO `di_fieldlayouts` (`id`, `type`, `dateCreated`, `dateUpdated`, `uid`) VALUES ('409', 'Category', '2014-10-01 08:04:23', '2014-10-01 08:04:23', '0322b8c5-7c9a-4962-be91-4aeb5944611f');
INSERT INTO `di_fieldlayouts` (`id`, `type`, `dateCreated`, `dateUpdated`, `uid`) VALUES ('440', 'Entry', '2014-10-01 11:31:34', '2014-10-01 11:31:34', 'ae331056-e5ee-4c6a-b3f3-5b5b4c782c01');
INSERT INTO `di_fieldlayouts` (`id`, `type`, `dateCreated`, `dateUpdated`, `uid`) VALUES ('443', 'Category', '2014-10-01 14:17:38', '2014-10-01 14:17:38', 'f7912afa-0ed7-4704-8a00-a9167172d35b');
INSERT INTO `di_fieldlayouts` (`id`, `type`, `dateCreated`, `dateUpdated`, `uid`) VALUES ('456', 'Entry', '2014-10-01 17:26:53', '2014-10-01 17:26:53', '154899ab-b3dc-4eeb-8221-70b5b2305501');
INSERT INTO `di_fieldlayouts` (`id`, `type`, `dateCreated`, `dateUpdated`, `uid`) VALUES ('460', 'Entry', '2014-10-02 09:35:28', '2014-10-02 09:35:28', '6357c78a-6a61-486b-bcc5-68121d0db899');
INSERT INTO `di_fieldlayouts` (`id`, `type`, `dateCreated`, `dateUpdated`, `uid`) VALUES ('494', 'Entry', '2014-10-02 15:13:41', '2014-10-02 15:13:41', 'f519b70c-30ed-45d3-b2b1-8fb834afecdc');
INSERT INTO `di_fieldlayouts` (`id`, `type`, `dateCreated`, `dateUpdated`, `uid`) VALUES ('501', 'Entry', '2014-10-03 15:22:46', '2014-10-03 15:22:46', 'c181fe17-79b3-4b1c-b4f0-1164d898f079');
INSERT INTO `di_fieldlayouts` (`id`, `type`, `dateCreated`, `dateUpdated`, `uid`) VALUES ('502', 'Entry', '2014-10-03 16:09:56', '2014-10-03 16:09:56', 'c07ab9b7-7d2b-4c27-918d-748db6fa5c43');
INSERT INTO `di_fieldlayouts` (`id`, `type`, `dateCreated`, `dateUpdated`, `uid`) VALUES ('503', 'Entry', '2014-10-03 16:16:13', '2014-10-03 16:16:13', '5ff668ea-3026-486c-925b-ec2d534f5d5f');
INSERT INTO `di_fieldlayouts` (`id`, `type`, `dateCreated`, `dateUpdated`, `uid`) VALUES ('514', 'MatrixBlock', '2014-10-06 09:32:50', '2014-10-06 09:32:50', '0f061591-e730-4ce7-9fb9-b1ac79fa6cca');
INSERT INTO `di_fieldlayouts` (`id`, `type`, `dateCreated`, `dateUpdated`, `uid`) VALUES ('515', 'MatrixBlock', '2014-10-06 09:32:50', '2014-10-06 09:32:50', 'f2ab8c7f-3f92-4f02-9e98-4d426f4fc252');
INSERT INTO `di_fieldlayouts` (`id`, `type`, `dateCreated`, `dateUpdated`, `uid`) VALUES ('516', 'MatrixBlock', '2014-10-06 09:32:50', '2014-10-06 09:32:50', '0cad8fae-1a8c-495f-ad38-baa9db7ee282');
INSERT INTO `di_fieldlayouts` (`id`, `type`, `dateCreated`, `dateUpdated`, `uid`) VALUES ('517', 'MatrixBlock', '2014-10-06 09:32:50', '2014-10-06 09:32:50', '3ebf89f2-900e-4249-93b6-44f1df212721');
INSERT INTO `di_fieldlayouts` (`id`, `type`, `dateCreated`, `dateUpdated`, `uid`) VALUES ('518', 'MatrixBlock', '2014-10-06 09:32:50', '2014-10-06 09:32:50', '0cde9712-8a2e-4cad-ae54-489a9ee318fe');
INSERT INTO `di_fieldlayouts` (`id`, `type`, `dateCreated`, `dateUpdated`, `uid`) VALUES ('519', 'MatrixBlock', '2014-10-06 09:32:51', '2014-10-06 09:32:51', '9ecea12c-dfc2-4a93-8f10-42ab740d850a');
INSERT INTO `di_fieldlayouts` (`id`, `type`, `dateCreated`, `dateUpdated`, `uid`) VALUES ('520', 'MatrixBlock', '2014-10-06 09:32:51', '2014-10-06 09:32:51', 'd5ad2ab8-7fff-40e1-be9a-feeae30e61e8');
INSERT INTO `di_fieldlayouts` (`id`, `type`, `dateCreated`, `dateUpdated`, `uid`) VALUES ('521', 'MatrixBlock', '2014-10-06 09:32:51', '2014-10-06 09:32:51', 'ecd522c7-49f1-4f51-9e13-d91402b2d33a');
INSERT INTO `di_fieldlayouts` (`id`, `type`, `dateCreated`, `dateUpdated`, `uid`) VALUES ('522', 'MatrixBlock', '2014-10-06 09:32:51', '2014-10-06 09:32:51', '837aa4be-7fa3-48ff-aa82-9f351ce6980d');
INSERT INTO `di_fieldlayouts` (`id`, `type`, `dateCreated`, `dateUpdated`, `uid`) VALUES ('523', 'MatrixBlock', '2014-10-06 09:32:51', '2014-10-06 09:32:51', '2e79c82a-7c4a-4af1-a16c-816e266d3ffb');
INSERT INTO `di_fieldlayouts` (`id`, `type`, `dateCreated`, `dateUpdated`, `uid`) VALUES ('524', 'MatrixBlock', '2014-10-06 09:46:30', '2014-10-06 09:46:30', 'b003098c-5fd3-4d0b-9ad9-9b013e038d52');
INSERT INTO `di_fieldlayouts` (`id`, `type`, `dateCreated`, `dateUpdated`, `uid`) VALUES ('525', 'MatrixBlock', '2014-10-06 09:46:30', '2014-10-06 09:46:30', '0281ffcc-c751-49c6-bc71-7300727d03f5');
INSERT INTO `di_fieldlayouts` (`id`, `type`, `dateCreated`, `dateUpdated`, `uid`) VALUES ('526', 'MatrixBlock', '2014-10-06 09:46:31', '2014-10-06 09:46:31', '7fba5c0b-bf89-494e-80b2-c1d7ca5cc90d');



--
-- Schema for table `di_fieldlayouttabs`
--

DROP TABLE IF EXISTS `di_fieldlayouttabs`;

CREATE TABLE `di_fieldlayouttabs` (
  `id` int(11) NOT NULL AUTO_INCREMENT,
  `layoutId` int(11) NOT NULL,
  `name` varchar(255) COLLATE utf8_unicode_ci NOT NULL,
  `sortOrder` tinyint(4) DEFAULT NULL,
  `dateCreated` datetime NOT NULL,
  `dateUpdated` datetime NOT NULL,
  `uid` char(36) COLLATE utf8_unicode_ci NOT NULL DEFAULT '0',
  PRIMARY KEY (`id`),
  KEY `di_fieldlayouttabs_sortOrder_idx` (`sortOrder`),
  KEY `di_fieldlayouttabs_layoutId_fk` (`layoutId`)
) ENGINE=InnoDB AUTO_INCREMENT=308 DEFAULT CHARSET=utf8 COLLATE=utf8_unicode_ci;

--
-- Data for table `di_fieldlayouttabs`
--

INSERT INTO `di_fieldlayouttabs` (`id`, `layoutId`, `name`, `sortOrder`, `dateCreated`, `dateUpdated`, `uid`) VALUES ('37', '109', 'Summary', '1', '2014-09-15 08:19:11', '2014-09-15 08:19:11', '2cecff7b-87af-4833-90c5-43681f7ad57d');
INSERT INTO `di_fieldlayouttabs` (`id`, `layoutId`, `name`, `sortOrder`, `dateCreated`, `dateUpdated`, `uid`) VALUES ('38', '109', 'Article Body', '2', '2014-09-15 08:19:11', '2014-09-15 08:19:11', '846ce88d-e333-4390-99ad-42e110025450');
INSERT INTO `di_fieldlayouttabs` (`id`, `layoutId`, `name`, `sortOrder`, `dateCreated`, `dateUpdated`, `uid`) VALUES ('39', '109', 'Lead Image', '3', '2014-09-15 08:19:11', '2014-09-15 08:19:11', 'c9571aa8-be5f-4b65-b6a6-275545d07249');
INSERT INTO `di_fieldlayouttabs` (`id`, `layoutId`, `name`, `sortOrder`, `dateCreated`, `dateUpdated`, `uid`) VALUES ('40', '109', 'Tags Categories', '4', '2014-09-15 08:19:11', '2014-09-15 08:19:11', 'd8e4475b-34ee-4732-a960-e4de01cee8b7');
INSERT INTO `di_fieldlayouttabs` (`id`, `layoutId`, `name`, `sortOrder`, `dateCreated`, `dateUpdated`, `uid`) VALUES ('47', '113', 'Summary', '1', '2014-09-15 09:00:36', '2014-09-15 09:00:36', 'b095720a-42c1-4a82-b0c5-d5202cbfb249');
INSERT INTO `di_fieldlayouttabs` (`id`, `layoutId`, `name`, `sortOrder`, `dateCreated`, `dateUpdated`, `uid`) VALUES ('48', '113', 'Article Body', '2', '2014-09-15 09:00:36', '2014-09-15 09:00:36', 'a465d5a6-14fc-4fed-ab88-41fc4164c0d4');
INSERT INTO `di_fieldlayouttabs` (`id`, `layoutId`, `name`, `sortOrder`, `dateCreated`, `dateUpdated`, `uid`) VALUES ('49', '113', 'Lead Image', '3', '2014-09-15 09:00:36', '2014-09-15 09:00:36', '5a236264-4e2e-42b5-a2b2-381656a0bdc6');
INSERT INTO `di_fieldlayouttabs` (`id`, `layoutId`, `name`, `sortOrder`, `dateCreated`, `dateUpdated`, `uid`) VALUES ('72', '135', 'Summary', '1', '2014-09-15 13:34:04', '2014-09-15 13:34:04', 'b8c9e637-5462-42fa-90ae-92a998642ee9');
INSERT INTO `di_fieldlayouttabs` (`id`, `layoutId`, `name`, `sortOrder`, `dateCreated`, `dateUpdated`, `uid`) VALUES ('73', '135', 'Article Body', '2', '2014-09-15 13:34:04', '2014-09-15 13:34:04', 'b6338ab6-718e-4056-8dfd-bf7bdad82ea1');
INSERT INTO `di_fieldlayouttabs` (`id`, `layoutId`, `name`, `sortOrder`, `dateCreated`, `dateUpdated`, `uid`) VALUES ('74', '135', 'Lead Image', '3', '2014-09-15 13:34:04', '2014-09-15 13:34:04', '19a65ed7-9257-445b-a902-8fd5f133fd29');
INSERT INTO `di_fieldlayouttabs` (`id`, `layoutId`, `name`, `sortOrder`, `dateCreated`, `dateUpdated`, `uid`) VALUES ('75', '135', 'Tags Categories', '4', '2014-09-15 13:34:04', '2014-09-15 13:34:04', 'ddd48f10-51ad-44cb-8807-335f360150ca');
INSERT INTO `di_fieldlayouttabs` (`id`, `layoutId`, `name`, `sortOrder`, `dateCreated`, `dateUpdated`, `uid`) VALUES ('76', '135', 'Index', '5', '2014-09-15 13:34:04', '2014-09-15 13:34:04', '90da233d-ea18-406b-8f66-83f0d1f77dd2');
INSERT INTO `di_fieldlayouttabs` (`id`, `layoutId`, `name`, `sortOrder`, `dateCreated`, `dateUpdated`, `uid`) VALUES ('155', '277', 'Summary', '1', '2014-09-18 13:27:51', '2014-09-18 13:27:51', 'b2fae98b-babe-495f-9e46-e5c3daa3bd56');
INSERT INTO `di_fieldlayouttabs` (`id`, `layoutId`, `name`, `sortOrder`, `dateCreated`, `dateUpdated`, `uid`) VALUES ('156', '277', 'Lead Image', '2', '2014-09-18 13:27:51', '2014-09-18 13:27:51', '2aca40ab-531c-476b-96b4-0031c4faa8bf');
INSERT INTO `di_fieldlayouttabs` (`id`, `layoutId`, `name`, `sortOrder`, `dateCreated`, `dateUpdated`, `uid`) VALUES ('157', '277', 'Theme', '3', '2014-09-18 13:27:51', '2014-09-18 13:27:51', '66368a5f-2c7b-4298-bb41-74ea8bb3a070');
INSERT INTO `di_fieldlayouttabs` (`id`, `layoutId`, `name`, `sortOrder`, `dateCreated`, `dateUpdated`, `uid`) VALUES ('206', '317', 'Summary', '1', '2014-09-23 14:03:25', '2014-09-23 14:03:25', '477642b1-eb5e-47b2-bb63-7779ff6de20b');
INSERT INTO `di_fieldlayouttabs` (`id`, `layoutId`, `name`, `sortOrder`, `dateCreated`, `dateUpdated`, `uid`) VALUES ('207', '317', 'Article Body', '2', '2014-09-23 14:03:25', '2014-09-23 14:03:25', '9b659c64-7b49-48f5-a945-09558f5f491b');
INSERT INTO `di_fieldlayouttabs` (`id`, `layoutId`, `name`, `sortOrder`, `dateCreated`, `dateUpdated`, `uid`) VALUES ('208', '317', 'Lead Image', '3', '2014-09-23 14:03:25', '2014-09-23 14:03:25', 'cc9dbccf-2287-4450-b4cc-9f3e09936afe');
INSERT INTO `di_fieldlayouttabs` (`id`, `layoutId`, `name`, `sortOrder`, `dateCreated`, `dateUpdated`, `uid`) VALUES ('209', '317', 'Index', '4', '2014-09-23 14:03:25', '2014-09-23 14:03:25', '18281e6e-52a2-490c-a799-06c139a652d2');
INSERT INTO `di_fieldlayouttabs` (`id`, `layoutId`, `name`, `sortOrder`, `dateCreated`, `dateUpdated`, `uid`) VALUES ('210', '317', 'Tags Categories', '5', '2014-09-23 14:03:25', '2014-09-23 14:03:25', 'e63a7ccb-db93-409a-aa75-f6629a837ad8');
INSERT INTO `di_fieldlayouttabs` (`id`, `layoutId`, `name`, `sortOrder`, `dateCreated`, `dateUpdated`, `uid`) VALUES ('260', '440', 'Summary', '1', '2014-10-01 11:31:34', '2014-10-01 11:31:34', 'f5e05acf-c33a-4818-8cb4-0fec83bc8b54');
INSERT INTO `di_fieldlayouttabs` (`id`, `layoutId`, `name`, `sortOrder`, `dateCreated`, `dateUpdated`, `uid`) VALUES ('261', '440', 'Article Body', '2', '2014-10-01 11:31:34', '2014-10-01 11:31:34', 'a9fc9bfa-c15e-4e80-8fad-275a750733b2');
INSERT INTO `di_fieldlayouttabs` (`id`, `layoutId`, `name`, `sortOrder`, `dateCreated`, `dateUpdated`, `uid`) VALUES ('262', '440', 'Lead Image', '3', '2014-10-01 11:31:34', '2014-10-01 11:31:34', '3a828a06-1373-4986-807d-e74526709f1b');
INSERT INTO `di_fieldlayouttabs` (`id`, `layoutId`, `name`, `sortOrder`, `dateCreated`, `dateUpdated`, `uid`) VALUES ('263', '440', 'Tags Categories', '4', '2014-10-01 11:31:34', '2014-10-01 11:31:34', 'ad2fc00e-446b-4796-a2f3-dffdd12c1352');
INSERT INTO `di_fieldlayouttabs` (`id`, `layoutId`, `name`, `sortOrder`, `dateCreated`, `dateUpdated`, `uid`) VALUES ('264', '440', 'Theme', '5', '2014-10-01 11:31:34', '2014-10-01 11:31:34', '45816a42-1f2a-4ccc-b579-6e75b0dc0efd');
INSERT INTO `di_fieldlayouttabs` (`id`, `layoutId`, `name`, `sortOrder`, `dateCreated`, `dateUpdated`, `uid`) VALUES ('269', '456', 'Summary', '1', '2014-10-01 17:26:53', '2014-10-01 17:26:53', '23193d9b-a722-4944-bf07-019f598b18fe');
INSERT INTO `di_fieldlayouttabs` (`id`, `layoutId`, `name`, `sortOrder`, `dateCreated`, `dateUpdated`, `uid`) VALUES ('270', '456', 'Article Body', '2', '2014-10-01 17:26:53', '2014-10-01 17:26:53', 'b80005fe-8360-4fb5-9edf-08cd7c8176f3');
INSERT INTO `di_fieldlayouttabs` (`id`, `layoutId`, `name`, `sortOrder`, `dateCreated`, `dateUpdated`, `uid`) VALUES ('271', '456', 'Lead Image', '3', '2014-10-01 17:26:53', '2014-10-01 17:26:53', '1b146a79-8de4-424b-b6c6-7535d958371a');
INSERT INTO `di_fieldlayouttabs` (`id`, `layoutId`, `name`, `sortOrder`, `dateCreated`, `dateUpdated`, `uid`) VALUES ('272', '456', 'Tags Categories', '4', '2014-10-01 17:26:53', '2014-10-01 17:26:53', '5f9ea8f4-b972-4582-892c-e6edb7c1d02d');
INSERT INTO `di_fieldlayouttabs` (`id`, `layoutId`, `name`, `sortOrder`, `dateCreated`, `dateUpdated`, `uid`) VALUES ('273', '456', 'Theme', '5', '2014-10-01 17:26:53', '2014-10-01 17:26:53', 'a67cad5b-7a76-4376-9c6f-2866f8f8920f');
INSERT INTO `di_fieldlayouttabs` (`id`, `layoutId`, `name`, `sortOrder`, `dateCreated`, `dateUpdated`, `uid`) VALUES ('274', '460', 'Summary', '1', '2014-10-02 09:35:28', '2014-10-02 09:35:28', 'd76c397a-f373-4790-b995-eeb915bd81a4');
INSERT INTO `di_fieldlayouttabs` (`id`, `layoutId`, `name`, `sortOrder`, `dateCreated`, `dateUpdated`, `uid`) VALUES ('275', '460', 'Body', '2', '2014-10-02 09:35:28', '2014-10-02 09:35:28', '0a4692df-6eb5-42a5-bf48-f80d933d554b');
INSERT INTO `di_fieldlayouttabs` (`id`, `layoutId`, `name`, `sortOrder`, `dateCreated`, `dateUpdated`, `uid`) VALUES ('276', '460', 'Categories / Tags', '3', '2014-10-02 09:35:28', '2014-10-02 09:35:28', 'f71d62e9-113e-4a4a-ad93-af0b83c2b619');
INSERT INTO `di_fieldlayouttabs` (`id`, `layoutId`, `name`, `sortOrder`, `dateCreated`, `dateUpdated`, `uid`) VALUES ('277', '460', 'Page Options', '4', '2014-10-02 09:35:28', '2014-10-02 09:35:28', '3a25ff01-bd32-46b1-aeaf-e1c59fb69fcf');
INSERT INTO `di_fieldlayouttabs` (`id`, `layoutId`, `name`, `sortOrder`, `dateCreated`, `dateUpdated`, `uid`) VALUES ('291', '494', 'Name', '1', '2014-10-02 15:13:41', '2014-10-02 15:13:41', 'f03f9816-662c-4b0a-9be6-51379a562c01');
INSERT INTO `di_fieldlayouttabs` (`id`, `layoutId`, `name`, `sortOrder`, `dateCreated`, `dateUpdated`, `uid`) VALUES ('292', '494', 'Article Body', '2', '2014-10-02 15:13:41', '2014-10-02 15:13:41', 'd29fe7a7-7e2f-4638-a41b-4a54fb0649aa');
INSERT INTO `di_fieldlayouttabs` (`id`, `layoutId`, `name`, `sortOrder`, `dateCreated`, `dateUpdated`, `uid`) VALUES ('293', '494', 'Contact', '3', '2014-10-02 15:13:41', '2014-10-02 15:13:41', '799076fa-0264-4d7b-a8da-0705d0874031');
INSERT INTO `di_fieldlayouttabs` (`id`, `layoutId`, `name`, `sortOrder`, `dateCreated`, `dateUpdated`, `uid`) VALUES ('294', '494', 'Tags Categories', '4', '2014-10-02 15:13:41', '2014-10-02 15:13:41', '9eca00ce-0236-4a77-a499-2704fc8f15a5');
INSERT INTO `di_fieldlayouttabs` (`id`, `layoutId`, `name`, `sortOrder`, `dateCreated`, `dateUpdated`, `uid`) VALUES ('295', '494', 'Page Options', '5', '2014-10-02 15:13:41', '2014-10-02 15:13:41', '707c281e-8708-4a74-ace9-83e198a90e40');
INSERT INTO `di_fieldlayouttabs` (`id`, `layoutId`, `name`, `sortOrder`, `dateCreated`, `dateUpdated`, `uid`) VALUES ('296', '501', 'Summary', '1', '2014-10-03 15:22:46', '2014-10-03 15:22:46', '7780a404-effa-454d-8870-93a823f8e4ff');
INSERT INTO `di_fieldlayouttabs` (`id`, `layoutId`, `name`, `sortOrder`, `dateCreated`, `dateUpdated`, `uid`) VALUES ('297', '501', 'Article Body', '2', '2014-10-03 15:22:46', '2014-10-03 15:22:46', '09520128-897e-43e0-b4ed-b5f1cb7b9b3c');
INSERT INTO `di_fieldlayouttabs` (`id`, `layoutId`, `name`, `sortOrder`, `dateCreated`, `dateUpdated`, `uid`) VALUES ('298', '501', 'Page Options', '3', '2014-10-03 15:22:46', '2014-10-03 15:22:46', 'c87951a8-7c3f-4d02-8c1c-1954224a488a');
INSERT INTO `di_fieldlayouttabs` (`id`, `layoutId`, `name`, `sortOrder`, `dateCreated`, `dateUpdated`, `uid`) VALUES ('299', '502', 'Summary', '1', '2014-10-03 16:09:56', '2014-10-03 16:09:56', 'f113bc4b-ac07-482b-8bb9-65e6fe0afddb');
INSERT INTO `di_fieldlayouttabs` (`id`, `layoutId`, `name`, `sortOrder`, `dateCreated`, `dateUpdated`, `uid`) VALUES ('300', '502', 'Contact', '2', '2014-10-03 16:09:56', '2014-10-03 16:09:56', '49b8e184-a13e-4438-bafd-c92f4fd9b81d');
INSERT INTO `di_fieldlayouttabs` (`id`, `layoutId`, `name`, `sortOrder`, `dateCreated`, `dateUpdated`, `uid`) VALUES ('301', '502', 'Article Body', '3', '2014-10-03 16:09:56', '2014-10-03 16:09:56', 'a3039f10-3307-4838-aa13-d5aadd3a763e');
INSERT INTO `di_fieldlayouttabs` (`id`, `layoutId`, `name`, `sortOrder`, `dateCreated`, `dateUpdated`, `uid`) VALUES ('302', '502', 'Tags Categories', '4', '2014-10-03 16:09:56', '2014-10-03 16:09:56', '702f4282-52dc-4f07-98b0-d4dadd44e3e7');
INSERT INTO `di_fieldlayouttabs` (`id`, `layoutId`, `name`, `sortOrder`, `dateCreated`, `dateUpdated`, `uid`) VALUES ('303', '502', 'Page Options', '5', '2014-10-03 16:09:56', '2014-10-03 16:09:56', '1312f1ec-c41b-49b2-a0d2-972c064d6e3a');
INSERT INTO `di_fieldlayouttabs` (`id`, `layoutId`, `name`, `sortOrder`, `dateCreated`, `dateUpdated`, `uid`) VALUES ('304', '503', 'Summary', '1', '2014-10-03 16:16:13', '2014-10-03 16:16:13', '9083c504-159e-489e-8dc1-74ba2ae4d8f5');
INSERT INTO `di_fieldlayouttabs` (`id`, `layoutId`, `name`, `sortOrder`, `dateCreated`, `dateUpdated`, `uid`) VALUES ('305', '503', 'Article Body', '2', '2014-10-03 16:16:13', '2014-10-03 16:16:13', 'bd0af067-dc30-4508-8979-4f97c3b973a9');
INSERT INTO `di_fieldlayouttabs` (`id`, `layoutId`, `name`, `sortOrder`, `dateCreated`, `dateUpdated`, `uid`) VALUES ('306', '503', 'Tags Categories', '3', '2014-10-03 16:16:13', '2014-10-03 16:16:13', 'bbdb3641-aa1f-40c3-8626-41195f111913');
INSERT INTO `di_fieldlayouttabs` (`id`, `layoutId`, `name`, `sortOrder`, `dateCreated`, `dateUpdated`, `uid`) VALUES ('307', '503', 'Page Options', '4', '2014-10-03 16:16:13', '2014-10-03 16:16:13', 'd8345ecf-fd4e-4979-89aa-e631f63fc325');



--
-- Schema for table `di_fields`
--

DROP TABLE IF EXISTS `di_fields`;

CREATE TABLE `di_fields` (
  `id` int(11) NOT NULL AUTO_INCREMENT,
  `groupId` int(11) DEFAULT NULL,
  `name` varchar(255) COLLATE utf8_unicode_ci NOT NULL,
  `handle` varchar(58) COLLATE utf8_unicode_ci NOT NULL,
  `context` varchar(255) COLLATE utf8_unicode_ci NOT NULL DEFAULT 'global',
  `instructions` text COLLATE utf8_unicode_ci,
  `translatable` tinyint(1) unsigned NOT NULL DEFAULT '0',
  `type` varchar(150) COLLATE utf8_unicode_ci NOT NULL,
  `settings` text COLLATE utf8_unicode_ci,
  `dateCreated` datetime NOT NULL,
  `dateUpdated` datetime NOT NULL,
  `uid` char(36) COLLATE utf8_unicode_ci NOT NULL DEFAULT '0',
  PRIMARY KEY (`id`),
  UNIQUE KEY `di_fields_handle_context_unq_idx` (`handle`,`context`),
  KEY `di_fields_context_idx` (`context`),
  KEY `di_fields_groupId_fk` (`groupId`)
) ENGINE=InnoDB AUTO_INCREMENT=130 DEFAULT CHARSET=utf8 COLLATE=utf8_unicode_ci;

--
-- Data for table `di_fields`
--

INSERT INTO `di_fields` (`id`, `groupId`, `name`, `handle`, `context`, `instructions`, `translatable`, `type`, `settings`, `dateCreated`, `dateUpdated`, `uid`) VALUES ('1', '3', 'Heading', 'heading', 'global', '', '0', 'PlainText', '{\"placeholder\":\"\",\"maxLength\":\"\",\"multiline\":\"\",\"initialRows\":\"4\"}', '2014-09-04 11:28:59', '2014-09-08 13:08:01', '5f6f177a-079d-41ef-bfaf-3e4fdc9d6b93');
INSERT INTO `di_fields` (`id`, `groupId`, `name`, `handle`, `context`, `instructions`, `translatable`, `type`, `settings`, `dateCreated`, `dateUpdated`, `uid`) VALUES ('2', '2', 'Body', 'body', 'global', '', '0', 'Matrix', '{\"maxBlocks\":null}', '2014-09-04 11:28:59', '2014-10-06 09:32:50', '3be9ebcc-8a98-420b-9148-7913c96f512a');
INSERT INTO `di_fields` (`id`, `groupId`, `name`, `handle`, `context`, `instructions`, `translatable`, `type`, `settings`, `dateCreated`, `dateUpdated`, `uid`) VALUES ('3', '1', 'Tags', 'tags', 'global', '', '0', 'Tags', '{\"source\":\"taggroup:4\"}', '2014-09-04 11:28:59', '2014-09-23 11:31:31', '69aa2d41-c508-4131-b44b-0bc340a6ecbc');
INSERT INTO `di_fields` (`id`, `groupId`, `name`, `handle`, `context`, `instructions`, `translatable`, `type`, `settings`, `dateCreated`, `dateUpdated`, `uid`) VALUES ('5', NULL, 'Text', 'text', 'matrixBlockType:1', NULL, '0', 'RichText', '{\"configFile\":\"\",\"cleanupHtml\":\"1\",\"purifyHtml\":\"1\"}', '2014-09-04 14:21:28', '2014-10-06 09:32:50', 'b137b9f1-2b2d-410d-9f61-63370c7c03a8');
INSERT INTO `di_fields` (`id`, `groupId`, `name`, `handle`, `context`, `instructions`, `translatable`, `type`, `settings`, `dateCreated`, `dateUpdated`, `uid`) VALUES ('6', NULL, 'Image', 'image', 'matrixBlockType:2', NULL, '0', 'Assets', '{\"useSingleFolder\":\"\",\"sources\":\"*\",\"defaultUploadLocationSource\":\"1\",\"defaultUploadLocationSubpath\":\"images\\/content\\/\",\"singleUploadLocationSource\":\"1\",\"singleUploadLocationSubpath\":\"\",\"restrictFiles\":\"\",\"limit\":\"\"}', '2014-09-04 14:21:28', '2014-10-06 09:32:50', '3d0470c8-23c4-4698-8d7e-28cd8bf5825b');
INSERT INTO `di_fields` (`id`, `groupId`, `name`, `handle`, `context`, `instructions`, `translatable`, `type`, `settings`, `dateCreated`, `dateUpdated`, `uid`) VALUES ('7', NULL, 'Asset Placement', 'assetPlacement', 'matrixBlockType:2', NULL, '0', 'Dropdown', '{\"options\":[{\"label\":\"Inset\",\"value\":\"asset-inset\",\"default\":\"\"},{\"label\":\"Margin\",\"value\":\"asset-margin\",\"default\":\"\"},{\"label\":\"Full\",\"value\":\"asset-full\",\"default\":\"\"},{\"label\":\"Wide\",\"value\":\"asset-wide\",\"default\":\"\"}]}', '2014-09-04 14:21:28', '2014-10-06 09:32:50', '197d8ef0-59b0-44cf-897f-6a873b3726d8');
INSERT INTO `di_fields` (`id`, `groupId`, `name`, `handle`, `context`, `instructions`, `translatable`, `type`, `settings`, `dateCreated`, `dateUpdated`, `uid`) VALUES ('8', NULL, 'Image Caption', 'imageCaption', 'matrixBlockType:2', NULL, '0', 'RichText', '{\"configFile\":\"Simple.json\",\"cleanupHtml\":\"1\",\"purifyHtml\":\"1\"}', '2014-09-04 14:21:28', '2014-10-06 09:32:50', 'd113d39d-9cc2-4142-b632-1540afe8f32d');
INSERT INTO `di_fields` (`id`, `groupId`, `name`, `handle`, `context`, `instructions`, `translatable`, `type`, `settings`, `dateCreated`, `dateUpdated`, `uid`) VALUES ('9', NULL, 'Heading', 'heading', 'matrixBlockType:3', NULL, '0', 'PlainText', '{\"placeholder\":\"\",\"maxLength\":\"\",\"multiline\":\"\",\"initialRows\":\"4\"}', '2014-09-04 14:58:34', '2014-10-06 09:32:50', '96579c37-6d57-484e-80a5-8c327d0fe6f4');
INSERT INTO `di_fields` (`id`, `groupId`, `name`, `handle`, `context`, `instructions`, `translatable`, `type`, `settings`, `dateCreated`, `dateUpdated`, `uid`) VALUES ('10', NULL, 'HeadingType', 'headingType', 'matrixBlockType:3', NULL, '0', 'Dropdown', '{\"options\":[{\"label\":\"h2\",\"value\":\"h2\",\"default\":\"1\"},{\"label\":\"h3\",\"value\":\"h3\",\"default\":\"\"},{\"label\":\"h4\",\"value\":\"h4\",\"default\":\"\"}]}', '2014-09-04 14:58:34', '2014-10-06 09:32:50', '5dc13701-8ffc-42a2-8f7b-e82d5ba06f6a');
INSERT INTO `di_fields` (`id`, `groupId`, `name`, `handle`, `context`, `instructions`, `translatable`, `type`, `settings`, `dateCreated`, `dateUpdated`, `uid`) VALUES ('11', NULL, 'Quote', 'quote', 'matrixBlockType:4', NULL, '0', 'RichText', '{\"configFile\":\"Standard.json\",\"cleanupHtml\":\"1\",\"purifyHtml\":\"1\"}', '2014-09-04 14:58:34', '2014-10-06 09:32:50', '6cb3dcee-c8d4-493a-b079-d818bbc913f2');
INSERT INTO `di_fields` (`id`, `groupId`, `name`, `handle`, `context`, `instructions`, `translatable`, `type`, `settings`, `dateCreated`, `dateUpdated`, `uid`) VALUES ('12', NULL, 'Cite', 'cite', 'matrixBlockType:4', NULL, '0', 'PlainText', '{\"placeholder\":\"\",\"maxLength\":\"\",\"multiline\":\"\",\"initialRows\":\"4\"}', '2014-09-04 14:58:34', '2014-10-06 09:32:50', 'f7004da0-8ce0-46ef-a9d6-5cf2accc1b74');
INSERT INTO `di_fields` (`id`, `groupId`, `name`, `handle`, `context`, `instructions`, `translatable`, `type`, `settings`, `dateCreated`, `dateUpdated`, `uid`) VALUES ('13', NULL, 'Cite Link', 'citeLink', 'matrixBlockType:4', NULL, '0', 'PlainText', '{\"placeholder\":\"\",\"maxLength\":\"\",\"multiline\":\"\",\"initialRows\":\"4\"}', '2014-09-04 14:58:34', '2014-10-06 09:32:50', '570caca2-3c09-476c-867e-e13b846843bf');
INSERT INTO `di_fields` (`id`, `groupId`, `name`, `handle`, `context`, `instructions`, `translatable`, `type`, `settings`, `dateCreated`, `dateUpdated`, `uid`) VALUES ('14', '3', 'Brief', 'brief', 'global', '', '0', 'RichText', '{\"configFile\":\"Standard.json\",\"cleanupHtml\":\"1\",\"purifyHtml\":\"\"}', '2014-09-04 15:42:19', '2014-09-10 13:34:21', '4ad9d0d7-d9c2-4382-b8a9-113252fb34f7');
INSERT INTO `di_fields` (`id`, `groupId`, `name`, `handle`, `context`, `instructions`, `translatable`, `type`, `settings`, `dateCreated`, `dateUpdated`, `uid`) VALUES ('16', '3', 'Lead Image', 'leadImage', 'global', '', '0', 'Assets', '{\"useSingleFolder\":\"\",\"sources\":[\"folder:1\"],\"defaultUploadLocationSource\":\"1\",\"defaultUploadLocationSubpath\":\"images\\/content\",\"singleUploadLocationSource\":\"1\",\"singleUploadLocationSubpath\":\"\",\"restrictFiles\":\"\",\"limit\":\"5\"}', '2014-09-05 11:52:04', '2014-09-25 12:45:20', 'f237e599-005b-4cfc-b74f-2a018e56800d');
INSERT INTO `di_fields` (`id`, `groupId`, `name`, `handle`, `context`, `instructions`, `translatable`, `type`, `settings`, `dateCreated`, `dateUpdated`, `uid`) VALUES ('18', NULL, 'Asset Placement', 'assetPlacement', 'matrixBlockType:4', NULL, '0', 'Dropdown', '{\"options\":[{\"label\":\"Inset\",\"value\":\"asset-inset\",\"default\":\"\"},{\"label\":\"Margin\",\"value\":\"asset-margin\",\"default\":\"\"},{\"label\":\"Full\",\"value\":\"asset-full\",\"default\":\"\"}]}', '2014-09-05 14:32:29', '2014-10-06 09:32:50', '10f36f87-bc46-4746-8adf-f9c656e949f6');
INSERT INTO `di_fields` (`id`, `groupId`, `name`, `handle`, `context`, `instructions`, `translatable`, `type`, `settings`, `dateCreated`, `dateUpdated`, `uid`) VALUES ('19', NULL, 'InfoTitle', 'infoTitle', 'matrixBlockType:5', NULL, '0', 'PlainText', '{\"placeholder\":\"\",\"maxLength\":\"\",\"multiline\":\"\",\"initialRows\":\"4\"}', '2014-09-05 14:32:29', '2014-10-06 09:32:50', '36c454f4-54fc-40d7-a1ce-8663087f67a4');
INSERT INTO `di_fields` (`id`, `groupId`, `name`, `handle`, `context`, `instructions`, `translatable`, `type`, `settings`, `dateCreated`, `dateUpdated`, `uid`) VALUES ('20', NULL, 'Info Brief', 'infoBrief', 'matrixBlockType:5', NULL, '0', 'RichText', '{\"configFile\":\"Standard.json\",\"cleanupHtml\":\"1\",\"purifyHtml\":\"1\"}', '2014-09-05 14:32:29', '2014-10-06 09:32:50', '9b2ab85e-c278-442f-9909-8ccc7c0f3ee0');
INSERT INTO `di_fields` (`id`, `groupId`, `name`, `handle`, `context`, `instructions`, `translatable`, `type`, `settings`, `dateCreated`, `dateUpdated`, `uid`) VALUES ('21', NULL, 'Info Table', 'infoTable', 'matrixBlockType:5', NULL, '0', 'Table', '{\"columns\":{\"col1\":{\"heading\":\"Label\",\"handle\":\"label\",\"width\":\"\",\"type\":\"singleline\"},\"col2\":{\"heading\":\"Detail\",\"handle\":\"detail\",\"width\":\"\",\"type\":\"multiline\"},\"col5\":{\"heading\":\"Link\",\"handle\":\"link\",\"width\":\"\",\"type\":\"singleline\"}},\"defaults\":{\"row1\":{\"col1\":\"\",\"col2\":\"\",\"col5\":\"\"}}}', '2014-09-05 14:32:29', '2014-10-06 09:32:50', 'dbfb3837-2a00-4928-abb6-11303b5d5eca');
INSERT INTO `di_fields` (`id`, `groupId`, `name`, `handle`, `context`, `instructions`, `translatable`, `type`, `settings`, `dateCreated`, `dateUpdated`, `uid`) VALUES ('22', NULL, 'Asset Placement', 'assetPlacement', 'matrixBlockType:5', NULL, '0', 'Dropdown', '{\"options\":[{\"label\":\"Inset\",\"value\":\"asset-inset\",\"default\":\"\"},{\"label\":\"Margin\",\"value\":\"asset-margin\",\"default\":\"\"},{\"label\":\"Full\",\"value\":\"asset-full\",\"default\":\"\"}]}', '2014-09-05 14:32:29', '2014-10-06 09:32:50', '799be267-fed0-40ce-ae91-12a2e9e91f46');
INSERT INTO `di_fields` (`id`, `groupId`, `name`, `handle`, `context`, `instructions`, `translatable`, `type`, `settings`, `dateCreated`, `dateUpdated`, `uid`) VALUES ('23', '3', 'Sub Heading', 'subheading', 'global', 'Introduce an article or subtitle the Heading', '0', 'RichText', '{\"configFile\":\"Standard.json\",\"cleanupHtml\":\"1\",\"purifyHtml\":\"1\"}', '2014-09-05 16:03:42', '2014-09-15 10:39:33', 'b1f60ab7-f3b2-4002-8e85-b9e170347391');
INSERT INTO `di_fields` (`id`, `groupId`, `name`, `handle`, `context`, `instructions`, `translatable`, `type`, `settings`, `dateCreated`, `dateUpdated`, `uid`) VALUES ('24', NULL, 'Embed Video', 'embedVideo', 'matrixBlockType:6', NULL, '0', 'Embedder', NULL, '2014-09-09 11:26:18', '2014-10-06 09:32:50', '5c898222-f10d-4378-b00f-e6961155a60f');
INSERT INTO `di_fields` (`id`, `groupId`, `name`, `handle`, `context`, `instructions`, `translatable`, `type`, `settings`, `dateCreated`, `dateUpdated`, `uid`) VALUES ('25', NULL, 'Asset Placement', 'assetPlacement', 'matrixBlockType:6', NULL, '0', 'Dropdown', '{\"options\":[{\"label\":\"Inset\",\"value\":\"asset-inset\",\"default\":\"\"},{\"label\":\"Margin\",\"value\":\"asset-margin\",\"default\":\"\"},{\"label\":\"Full\",\"value\":\"asset-full\",\"default\":\"\"},{\"label\":\"Wide\",\"value\":\"asset-wide\",\"default\":\"\"}]}', '2014-09-09 11:43:05', '2014-10-06 09:32:50', '8df9155d-df84-47b8-8940-423e80cf6c40');
INSERT INTO `di_fields` (`id`, `groupId`, `name`, `handle`, `context`, `instructions`, `translatable`, `type`, `settings`, `dateCreated`, `dateUpdated`, `uid`) VALUES ('27', NULL, 'Asset Caption', 'assetCaption', 'matrixBlockType:6', NULL, '0', 'RichText', '{\"configFile\":\"Simple.json\",\"cleanupHtml\":\"1\",\"purifyHtml\":\"1\"}', '2014-09-10 15:05:47', '2014-10-06 09:32:51', '61784b7c-e122-46bb-ad6c-2785966c39eb');
INSERT INTO `di_fields` (`id`, `groupId`, `name`, `handle`, `context`, `instructions`, `translatable`, `type`, `settings`, `dateCreated`, `dateUpdated`, `uid`) VALUES ('28', '2', 'Keep Brief', 'keepBrief', 'global', '', '0', 'Checkboxes', '{\"options\":[{\"label\":\"Keep Brief\",\"value\":\"1\",\"default\":\"\"}]}', '2014-09-10 15:32:48', '2014-09-10 15:32:48', 'b019ab26-3aac-4b9e-9127-a5ee27964d4d');
INSERT INTO `di_fields` (`id`, `groupId`, `name`, `handle`, `context`, `instructions`, `translatable`, `type`, `settings`, `dateCreated`, `dateUpdated`, `uid`) VALUES ('29', '11', 'Theme', 'theme', 'global', '', '0', 'Dropdown', '{\"options\":[{\"label\":\"Default\",\"value\":\"_layout\",\"default\":\"1\"},{\"label\":\"Church\",\"value\":\"_layout-church\",\"default\":\"\"},{\"label\":\"Tin House\",\"value\":\"_layout-tinhouse\",\"default\":\"\"}]}', '2014-09-15 09:35:33', '2014-09-25 12:46:03', '871048b1-a112-4a85-bf34-efc97a0b3db2');
INSERT INTO `di_fields` (`id`, `groupId`, `name`, `handle`, `context`, `instructions`, `translatable`, `type`, `settings`, `dateCreated`, `dateUpdated`, `uid`) VALUES ('30', '6', 'Start Date', 'startDate', 'global', '', '0', 'Date', '{\"minuteIncrement\":\"15\",\"showTime\":1,\"showDate\":1}', '2014-09-15 10:17:48', '2014-09-15 10:17:48', '908c7687-646c-4b8f-9273-299094d429c4');
INSERT INTO `di_fields` (`id`, `groupId`, `name`, `handle`, `context`, `instructions`, `translatable`, `type`, `settings`, `dateCreated`, `dateUpdated`, `uid`) VALUES ('31', '6', 'End Date', 'endDate', 'global', '', '0', 'Date', '{\"minuteIncrement\":\"15\",\"showTime\":1,\"showDate\":1}', '2014-09-15 10:18:04', '2014-09-15 10:18:04', 'c8af1823-fd1d-4982-ba12-72eb6016c28d');
INSERT INTO `di_fields` (`id`, `groupId`, `name`, `handle`, `context`, `instructions`, `translatable`, `type`, `settings`, `dateCreated`, `dateUpdated`, `uid`) VALUES ('35', '7', 'Index', 'index', 'global', '', '0', 'Matrix', '{\"maxBlocks\":null}', '2014-09-15 13:33:35', '2014-10-06 09:46:30', 'e8752691-83b8-450e-b478-84b918e9909a');
INSERT INTO `di_fields` (`id`, `groupId`, `name`, `handle`, `context`, `instructions`, `translatable`, `type`, `settings`, `dateCreated`, `dateUpdated`, `uid`) VALUES ('42', NULL, 'Section TItle', 'sectionTitle', 'matrixBlockType:8', NULL, '0', 'PlainText', '{\"placeholder\":\"\",\"maxLength\":\"\",\"multiline\":\"\",\"initialRows\":\"4\"}', '2014-09-15 13:36:32', '2014-10-06 09:46:30', 'a4073295-06d1-400d-a30f-39a91cf39233');
INSERT INTO `di_fields` (`id`, `groupId`, `name`, `handle`, `context`, `instructions`, `translatable`, `type`, `settings`, `dateCreated`, `dateUpdated`, `uid`) VALUES ('43', NULL, 'Entries', 'entries', 'matrixBlockType:8', NULL, '0', 'Entries', '{\"sources\":\"*\",\"limit\":\"\"}', '2014-09-15 13:36:32', '2014-10-06 09:46:30', 'b90190d0-f5cd-43fa-898b-90efe7716f89');
INSERT INTO `di_fields` (`id`, `groupId`, `name`, `handle`, `context`, `instructions`, `translatable`, `type`, `settings`, `dateCreated`, `dateUpdated`, `uid`) VALUES ('46', NULL, 'Section Style', 'bandStyle', 'matrixBlockType:8', NULL, '0', 'Dropdown', '{\"options\":[{\"label\":\"None\",\"value\":\"none\",\"default\":\"1\"},{\"label\":\"Shade\",\"value\":\"shade\",\"default\":\"\"},{\"label\":\"Tint\",\"value\":\"tint\",\"default\":\"\"},{\"label\":\"Primary\",\"value\":\"primary\",\"default\":\"\"},{\"label\":\"Secondary\",\"value\":\"secondary\",\"default\":\"\"}]}', '2014-09-15 15:45:43', '2014-10-06 09:46:30', '0a596da2-37a7-4ba8-bd3b-703e3298d4d2');
INSERT INTO `di_fields` (`id`, `groupId`, `name`, `handle`, `context`, `instructions`, `translatable`, `type`, `settings`, `dateCreated`, `dateUpdated`, `uid`) VALUES ('47', '6', 'All Day', 'allDay', 'global', '', '0', 'Checkboxes', '{\"options\":[{\"label\":\"All Day\",\"value\":\"allday\",\"default\":\"\"}]}', '2014-09-15 16:46:22', '2014-09-15 16:46:22', 'c3543d72-9bce-4f91-8baf-5d5468b7cdda');
INSERT INTO `di_fields` (`id`, `groupId`, `name`, `handle`, `context`, `instructions`, `translatable`, `type`, `settings`, `dateCreated`, `dateUpdated`, `uid`) VALUES ('48', NULL, 'Map', 'map', 'matrixBlockType:9', NULL, '0', 'GoogleMaps_GoogleMap', '{\"defaultMapCenter\":\"0,0\",\"defaultMapZoom\":\"10\",\"defaultMapWidth\":\"100%\",\"defaultMapHeight\":\"400px\",\"displayButtons\":[\"list\",\"refresh\",\"markers\"],\"addressFields\":\"\"}', '2014-09-16 14:45:54', '2014-10-06 09:32:51', 'b27641ac-fcb1-4604-bd10-15bc6d1083fe');
INSERT INTO `di_fields` (`id`, `groupId`, `name`, `handle`, `context`, `instructions`, `translatable`, `type`, `settings`, `dateCreated`, `dateUpdated`, `uid`) VALUES ('49', NULL, 'AssetPlacement', 'assetPlacement', 'matrixBlockType:9', NULL, '0', 'Dropdown', '{\"options\":[{\"label\":\"Inset\",\"value\":\"asset-inset\",\"default\":\"\"},{\"label\":\"Full\",\"value\":\"asset-full\",\"default\":\"\"},{\"label\":\"WIde\",\"value\":\"asset-wide\",\"default\":\"\"}]}', '2014-09-16 14:45:54', '2014-10-06 09:32:51', 'b8a2e934-540e-478b-b42f-dad2a02e26d1');
INSERT INTO `di_fields` (`id`, `groupId`, `name`, `handle`, `context`, `instructions`, `translatable`, `type`, `settings`, `dateCreated`, `dateUpdated`, `uid`) VALUES ('50', '12', 'Address Table', 'addressTable', 'global', '', '0', 'Table', '{\"columns\":{\"col1\":{\"heading\":\"Street Address\",\"handle\":\"streetAddress\",\"width\":\"\",\"type\":\"singleline\"},\"col2\":{\"heading\":\"Locality\",\"handle\":\"locality\",\"width\":\"\",\"type\":\"singleline\"},\"col3\":{\"heading\":\"Region\",\"handle\":\"region\",\"width\":\"\",\"type\":\"singleline\"},\"col4\":{\"heading\":\"Post Code\",\"handle\":\"postCode\",\"width\":\"\",\"type\":\"singleline\"},\"col5\":{\"heading\":\"Country\",\"handle\":\"country\",\"width\":\"\",\"type\":\"singleline\"},\"col6\":{\"heading\":\"Coords\",\"handle\":\"coords\",\"width\":\"\",\"type\":\"singleline\"}},\"defaults\":{\"row1\":{\"col1\":\"\",\"col2\":\"\",\"col3\":\"\",\"col4\":\"\",\"col5\":\"\",\"col6\":\"\"}}}', '2014-09-16 16:04:14', '2014-10-02 15:05:24', 'd6ebd219-631f-4819-9d96-8586d96d0560');
INSERT INTO `di_fields` (`id`, `groupId`, `name`, `handle`, `context`, `instructions`, `translatable`, `type`, `settings`, `dateCreated`, `dateUpdated`, `uid`) VALUES ('51', '12', 'Map', 'map', 'global', '', '0', 'GoogleMaps_GoogleMap', '{\"defaultMapCenter\":\"0,0\",\"defaultMapZoom\":\"10\",\"defaultMapWidth\":\"100%\",\"defaultMapHeight\":\"400px\",\"displayButtons\":[\"list\",\"refresh\",\"markers\",\"routes\",\"polygons\",\"polylines\"],\"addressFields\":\"\"}', '2014-09-16 16:05:52', '2014-10-02 14:19:26', '704391a4-e5db-4058-85f5-c21ffb24c8bc');
INSERT INTO `di_fields` (`id`, `groupId`, `name`, `handle`, `context`, `instructions`, `translatable`, `type`, `settings`, `dateCreated`, `dateUpdated`, `uid`) VALUES ('54', '9', 'Price Table', 'priceTable', 'global', '', '0', 'Table', '{\"columns\":{\"col1\":{\"heading\":\"Price Online\",\"handle\":\"priceOnline\",\"width\":\"\",\"type\":\"singleline\"},\"col2\":{\"heading\":\"Price Shop\",\"handle\":\"priceShop\",\"width\":\"\",\"type\":\"singleline\"},\"col7\":{\"heading\":\"Price Was\",\"handle\":\"priceWas\",\"width\":\"\",\"type\":\"singleline\"},\"col6\":{\"heading\":\"Currency\",\"handle\":\"currency\",\"width\":\"\",\"type\":\"singleline\"},\"col3\":{\"heading\":\"Variation\",\"handle\":\"variation\",\"width\":\"\",\"type\":\"singleline\"},\"col4\":{\"heading\":\"Buy Online\",\"handle\":\"buyOnline\",\"width\":\"\",\"type\":\"checkbox\"},\"col5\":{\"heading\":\"In Stock\",\"handle\":\"inStock\",\"width\":\"\",\"type\":\"checkbox\"}},\"defaults\":{\"row1\":{\"col1\":\"\",\"col2\":\"\",\"col7\":\"\",\"col6\":\"GBP\",\"col3\":\"\",\"col4\":\"1\",\"col5\":\"1\"}}}', '2014-09-17 10:03:13', '2014-09-17 10:20:48', '58306b7d-9400-4b97-b635-3011b7e4d03d');
INSERT INTO `di_fields` (`id`, `groupId`, `name`, `handle`, `context`, `instructions`, `translatable`, `type`, `settings`, `dateCreated`, `dateUpdated`, `uid`) VALUES ('56', NULL, 'imageGallery', 'imageGallery', 'matrixBlockType:10', NULL, '0', 'Assets', '{\"useSingleFolder\":\"\",\"sources\":\"*\",\"defaultUploadLocationSource\":\"1\",\"defaultUploadLocationSubpath\":\"images\\/content\",\"singleUploadLocationSource\":\"1\",\"singleUploadLocationSubpath\":\"\",\"restrictFiles\":\"\",\"limit\":\"12\"}', '2014-09-17 16:26:34', '2014-10-06 09:32:51', '65041633-5a1c-4dbc-ad5a-38cd36295cee');
INSERT INTO `di_fields` (`id`, `groupId`, `name`, `handle`, `context`, `instructions`, `translatable`, `type`, `settings`, `dateCreated`, `dateUpdated`, `uid`) VALUES ('57', NULL, 'Gallery Caption', 'assetCaption', 'matrixBlockType:10', NULL, '0', 'PlainText', '{\"placeholder\":\"\",\"maxLength\":\"\",\"multiline\":\"\",\"initialRows\":\"4\"}', '2014-09-17 16:26:34', '2014-10-06 09:32:51', '92e96c11-ebb0-4cba-b7d6-3d23460c6f07');
INSERT INTO `di_fields` (`id`, `groupId`, `name`, `handle`, `context`, `instructions`, `translatable`, `type`, `settings`, `dateCreated`, `dateUpdated`, `uid`) VALUES ('58', NULL, 'assetPlacement', 'assetPlacement', 'matrixBlockType:10', NULL, '0', 'Dropdown', '{\"options\":[{\"label\":\"Inset\",\"value\":\"asset-inset\",\"default\":\"\"},{\"label\":\"Full\",\"value\":\"asset-full\",\"default\":\"\"},{\"label\":\"Wide\",\"value\":\"asset-wide\",\"default\":\"\"}]}', '2014-09-17 16:26:34', '2014-10-06 09:32:51', '95198b73-de07-4c87-81d6-15d88eacb612');
INSERT INTO `di_fields` (`id`, `groupId`, `name`, `handle`, `context`, `instructions`, `translatable`, `type`, `settings`, `dateCreated`, `dateUpdated`, `uid`) VALUES ('59', NULL, 'Embed', 'embed', 'matrixBlockType:11', NULL, '0', 'PlainText', '{\"placeholder\":\"\",\"maxLength\":\"\",\"multiline\":\"\",\"initialRows\":\"4\"}', '2014-09-17 16:55:23', '2014-10-06 09:32:51', 'a637b2d8-1715-4204-aabb-b275651cf15c');
INSERT INTO `di_fields` (`id`, `groupId`, `name`, `handle`, `context`, `instructions`, `translatable`, `type`, `settings`, `dateCreated`, `dateUpdated`, `uid`) VALUES ('60', NULL, 'Asset Placement', 'assetPlacement', 'matrixBlockType:11', NULL, '0', 'Dropdown', '{\"options\":[{\"label\":\"Inset\",\"value\":\"asset-inset\",\"default\":\"\"},{\"label\":\"Margin\",\"value\":\"asset-margin\",\"default\":\"\"},{\"label\":\"Full\",\"value\":\"asset-full\",\"default\":\"\"},{\"label\":\"Wide\",\"value\":\"asset-wide\",\"default\":\"\"}]}', '2014-09-17 16:55:23', '2014-10-06 09:32:51', 'baa574bc-975e-4f5e-b60b-f5534588e212');
INSERT INTO `di_fields` (`id`, `groupId`, `name`, `handle`, `context`, `instructions`, `translatable`, `type`, `settings`, `dateCreated`, `dateUpdated`, `uid`) VALUES ('61', NULL, 'Asset Caption', 'assetCaption', 'matrixBlockType:11', NULL, '0', 'PlainText', '{\"placeholder\":\"\",\"maxLength\":\"\",\"multiline\":\"\",\"initialRows\":\"4\"}', '2014-09-17 16:55:23', '2014-10-06 09:32:51', 'f96ea8b8-54e2-4d32-af5a-761506a656b3');
INSERT INTO `di_fields` (`id`, `groupId`, `name`, `handle`, `context`, `instructions`, `translatable`, `type`, `settings`, `dateCreated`, `dateUpdated`, `uid`) VALUES ('62', '3', 'Emblem Image', 'emblemImage', 'global', '', '0', 'Assets', '{\"useSingleFolder\":\"\",\"sources\":\"*\",\"defaultUploadLocationSource\":\"1\",\"defaultUploadLocationSubpath\":\"images\\/emblem\",\"singleUploadLocationSource\":\"1\",\"singleUploadLocationSubpath\":\"\",\"restrictFiles\":\"1\",\"allowedKinds\":[\"image\"],\"limit\":\"\"}', '2014-09-18 10:48:26', '2014-09-25 12:45:33', '4e2487df-c37a-46fe-a2e3-92dd245cba06');
INSERT INTO `di_fields` (`id`, `groupId`, `name`, `handle`, `context`, `instructions`, `translatable`, `type`, `settings`, `dateCreated`, `dateUpdated`, `uid`) VALUES ('63', '11', 'Poster Color', 'posterColor', 'global', '', '0', 'Dropdown', '{\"options\":[{\"label\":\"None\",\"value\":\"none\",\"default\":\"1\"},{\"label\":\"Site\",\"value\":\"site\",\"default\":\"\"},{\"label\":\"Shade\",\"value\":\"shade\",\"default\":\"\"},{\"label\":\"Tint\",\"value\":\"tint\",\"default\":\"\"},{\"label\":\"Primary\",\"value\":\"primary\",\"default\":\"\"},{\"label\":\"Secondary\",\"value\":\"secondary\",\"default\":\"\"},{\"label\":\"Third\",\"value\":\"tertiary\",\"default\":\"\"},{\"label\":\"Fourth\",\"value\":\"quaternary\",\"default\":\"\"}]}', '2014-09-18 12:06:12', '2014-09-30 15:14:48', '3d8f522c-c38a-4c09-a238-15e6d80e00de');
INSERT INTO `di_fields` (`id`, `groupId`, `name`, `handle`, `context`, `instructions`, `translatable`, `type`, `settings`, `dateCreated`, `dateUpdated`, `uid`) VALUES ('64', '3', 'Redirect', 'redirect', 'global', '', '0', 'Entries', '{\"sources\":\"*\",\"limit\":\"1\"}', '2014-09-18 15:22:30', '2014-09-18 15:22:30', '4dc1d0d7-bf03-4358-8a2b-729d3c9e9cdd');
INSERT INTO `di_fields` (`id`, `groupId`, `name`, `handle`, `context`, `instructions`, `translatable`, `type`, `settings`, `dateCreated`, `dateUpdated`, `uid`) VALUES ('65', '7', 'Index Category', 'indexCategory', 'global', '', '0', 'Matrix', '{\"maxBlocks\":null}', '2014-09-22 14:42:27', '2014-09-24 08:41:06', '4547401b-5ef3-4810-8037-e65541016229');
INSERT INTO `di_fields` (`id`, `groupId`, `name`, `handle`, `context`, `instructions`, `translatable`, `type`, `settings`, `dateCreated`, `dateUpdated`, `uid`) VALUES ('66', NULL, 'Section Title', 'sectionTitle', 'matrixBlockType:12', NULL, '0', 'PlainText', '{\"placeholder\":\"\",\"maxLength\":\"\",\"multiline\":\"\",\"initialRows\":\"4\"}', '2014-09-22 14:42:27', '2014-09-24 08:41:07', '6ee6ff91-44e7-426e-83f6-09d9349b22f0');
INSERT INTO `di_fields` (`id`, `groupId`, `name`, `handle`, `context`, `instructions`, `translatable`, `type`, `settings`, `dateCreated`, `dateUpdated`, `uid`) VALUES ('67', NULL, 'Section Style', 'sectionStyle', 'matrixBlockType:12', NULL, '0', 'Dropdown', '{\"options\":[{\"label\":\"Divider\",\"value\":\"divider\",\"default\":\"\"},{\"label\":\"Shade\",\"value\":\"shade\",\"default\":\"\"},{\"label\":\"Tint\",\"value\":\"tint\",\"default\":\"\"},{\"label\":\"None\",\"value\":\"none\",\"default\":\"\"}]}', '2014-09-22 14:42:27', '2014-09-24 08:41:07', 'a5f6fb38-4774-46f7-b6ce-6d4831fd3ce9');
INSERT INTO `di_fields` (`id`, `groupId`, `name`, `handle`, `context`, `instructions`, `translatable`, `type`, `settings`, `dateCreated`, `dateUpdated`, `uid`) VALUES ('68', NULL, 'Entries', 'entries', 'matrixBlockType:12', NULL, '0', 'Checkboxes', '{\"options\":[{\"label\":\"Event\",\"value\":\"event\",\"default\":\"\"},{\"label\":\"News\",\"value\":\"news\",\"default\":\"\"},{\"label\":\"Ministries\",\"value\":\"ministries\",\"default\":\"\"},{\"label\":\"Product\",\"value\":\"product\",\"default\":\"\"}]}', '2014-09-22 14:42:27', '2014-09-24 08:41:07', '53308245-3328-4a49-990b-453118c49d3a');
INSERT INTO `di_fields` (`id`, `groupId`, `name`, `handle`, `context`, `instructions`, `translatable`, `type`, `settings`, `dateCreated`, `dateUpdated`, `uid`) VALUES ('69', NULL, 'Section Title', 'sectionTitle', 'matrixBlockType:13', NULL, '0', 'PlainText', '{\"placeholder\":\"\",\"maxLength\":\"\",\"multiline\":\"\",\"initialRows\":\"4\"}', '2014-09-22 14:42:27', '2014-09-24 08:41:07', 'fe133964-b178-401d-87e4-0757657789c1');
INSERT INTO `di_fields` (`id`, `groupId`, `name`, `handle`, `context`, `instructions`, `translatable`, `type`, `settings`, `dateCreated`, `dateUpdated`, `uid`) VALUES ('70', NULL, 'Section Style', 'sectionStyle', 'matrixBlockType:13', NULL, '0', 'Dropdown', '{\"options\":[{\"label\":\"Divider\",\"value\":\"divider\",\"default\":\"\"},{\"label\":\"Shade\",\"value\":\"shade\",\"default\":\"\"},{\"label\":\"Tint\",\"value\":\"tint\",\"default\":\"\"},{\"label\":\"None\",\"value\":\"none\",\"default\":\"\"}]}', '2014-09-22 14:42:27', '2014-09-24 08:41:07', '36a0df4a-187d-4d9e-94bf-3fc43dfe7ec3');
INSERT INTO `di_fields` (`id`, `groupId`, `name`, `handle`, `context`, `instructions`, `translatable`, `type`, `settings`, `dateCreated`, `dateUpdated`, `uid`) VALUES ('71', NULL, 'Entries', 'entries', 'matrixBlockType:13', NULL, '0', 'Entries', '{\"sources\":\"*\",\"limit\":\"\"}', '2014-09-22 14:42:27', '2014-09-24 08:41:07', '2295cc60-a64a-4444-8387-52119fe62ef1');
INSERT INTO `di_fields` (`id`, `groupId`, `name`, `handle`, `context`, `instructions`, `translatable`, `type`, `settings`, `dateCreated`, `dateUpdated`, `uid`) VALUES ('72', NULL, 'Section Title', 'sectionTitle', 'matrixBlockType:14', NULL, '0', 'PlainText', '{\"placeholder\":\"\",\"maxLength\":\"\",\"multiline\":\"\",\"initialRows\":\"4\"}', '2014-09-23 11:04:14', '2014-09-24 08:41:06', '837eb1ba-5a2d-4fc0-9942-624f4ac9826d');
INSERT INTO `di_fields` (`id`, `groupId`, `name`, `handle`, `context`, `instructions`, `translatable`, `type`, `settings`, `dateCreated`, `dateUpdated`, `uid`) VALUES ('73', NULL, 'Section Style', 'sectionStyle', 'matrixBlockType:14', NULL, '0', 'Dropdown', '{\"options\":[{\"label\":\"Divider\",\"value\":\"divider\",\"default\":\"\"},{\"label\":\"Shade\",\"value\":\"shade\",\"default\":\"\"},{\"label\":\"Tint\",\"value\":\"tint\",\"default\":\"\"},{\"label\":\"None\",\"value\":\"none\",\"default\":\"\"}]}', '2014-09-23 11:04:14', '2014-09-24 08:41:06', '5ed8ebdd-225e-4f84-9464-c51a116e1ce9');
INSERT INTO `di_fields` (`id`, `groupId`, `name`, `handle`, `context`, `instructions`, `translatable`, `type`, `settings`, `dateCreated`, `dateUpdated`, `uid`) VALUES ('74', NULL, 'Category', 'category', 'matrixBlockType:14', NULL, '0', 'Dropdown', '{\"options\":[{\"label\":\"Country\",\"value\":\"country\",\"default\":\"\"},{\"label\":\"Location\",\"value\":\"location\",\"default\":\"\"},{\"label\":\"Person\",\"value\":\"person\",\"default\":\"\"}]}', '2014-09-23 11:04:14', '2014-09-24 08:41:06', 'e5407188-8c29-4861-9f09-56f55b5102e3');
INSERT INTO `di_fields` (`id`, `groupId`, `name`, `handle`, `context`, `instructions`, `translatable`, `type`, `settings`, `dateCreated`, `dateUpdated`, `uid`) VALUES ('75', NULL, 'Section Title', 'sectionTitle', 'matrixBlockType:15', NULL, '0', 'PlainText', '{\"placeholder\":\"\",\"maxLength\":\"\",\"multiline\":\"\",\"initialRows\":\"4\"}', '2014-09-23 13:52:33', '2014-10-06 09:46:30', '42bf061a-9af4-4fc1-9692-89350f00a0fc');
INSERT INTO `di_fields` (`id`, `groupId`, `name`, `handle`, `context`, `instructions`, `translatable`, `type`, `settings`, `dateCreated`, `dateUpdated`, `uid`) VALUES ('76', NULL, 'Section Style', 'bandStyle', 'matrixBlockType:15', NULL, '0', 'Dropdown', '{\"options\":[{\"label\":\"None\",\"value\":\"none\",\"default\":\"1\"},{\"label\":\"Shade\",\"value\":\"shade\",\"default\":\"\"},{\"label\":\"Tint\",\"value\":\"tint\",\"default\":\"\"},{\"label\":\"Primary\",\"value\":\"primary\",\"default\":\"\"},{\"label\":\"Secondary\",\"value\":\"secondary\",\"default\":\"\"}]}', '2014-09-23 13:52:34', '2014-10-06 09:46:30', 'ae5d8949-f071-4d9e-9cc9-cb0f0d5333f1');
INSERT INTO `di_fields` (`id`, `groupId`, `name`, `handle`, `context`, `instructions`, `translatable`, `type`, `settings`, `dateCreated`, `dateUpdated`, `uid`) VALUES ('85', '11', 'Page Options', 'pageOptions', 'global', '', '0', 'Checkboxes', '{\"options\":[{\"label\":\"Poster\",\"value\":\"poster\",\"default\":\"\"},{\"label\":\"Full Height Poster\",\"value\":\"posterFullHeight\",\"default\":\"\"},{\"label\":\"Title in Poster\",\"value\":\"posterTitle\",\"default\":\"\"},{\"label\":\"Poster Map\",\"value\":\"posterMap\",\"default\":\"\"},{\"label\":\"Poster Video\",\"value\":\"posterVideo\",\"default\":\"\"},{\"label\":\"Show Related\",\"value\":\"showRelated\",\"default\":\"\"}]}', '2014-09-23 14:02:34', '2014-10-03 16:30:22', '957d357c-9ae2-4f09-9bb7-31264042a885');
INSERT INTO `di_fields` (`id`, `groupId`, `name`, `handle`, `context`, `instructions`, `translatable`, `type`, `settings`, `dateCreated`, `dateUpdated`, `uid`) VALUES ('86', '10', 'Forenames', 'forename', 'global', '', '0', 'PlainText', '{\"placeholder\":\"\",\"maxLength\":\"\",\"multiline\":\"\",\"initialRows\":\"4\"}', '2014-09-24 08:12:09', '2014-09-25 10:27:36', 'fa3e90e8-1974-489f-a0ba-a6c6a7065b3c');
INSERT INTO `di_fields` (`id`, `groupId`, `name`, `handle`, `context`, `instructions`, `translatable`, `type`, `settings`, `dateCreated`, `dateUpdated`, `uid`) VALUES ('87', '10', 'Surname', 'surname', 'global', '', '0', 'PlainText', '{\"placeholder\":\"\",\"maxLength\":\"\",\"multiline\":\"\",\"initialRows\":\"4\"}', '2014-09-24 08:12:17', '2014-09-25 10:27:58', 'a8a3e644-1177-444d-b21f-4a6c5b937e85');
INSERT INTO `di_fields` (`id`, `groupId`, `name`, `handle`, `context`, `instructions`, `translatable`, `type`, `settings`, `dateCreated`, `dateUpdated`, `uid`) VALUES ('88', '10', 'Name Prefix', 'namePrefix', 'global', '', '0', 'PlainText', '{\"placeholder\":\"\",\"maxLength\":\"\",\"multiline\":\"\",\"initialRows\":\"4\"}', '2014-09-24 08:12:34', '2014-09-25 10:27:25', 'f79edcac-5a92-4a97-ae7f-aea71b71a914');
INSERT INTO `di_fields` (`id`, `groupId`, `name`, `handle`, `context`, `instructions`, `translatable`, `type`, `settings`, `dateCreated`, `dateUpdated`, `uid`) VALUES ('89', '10', 'Name Suffix', 'nameSuffix', 'global', '', '0', 'PlainText', '{\"placeholder\":\"\",\"maxLength\":\"\",\"multiline\":\"\",\"initialRows\":\"4\"}', '2014-09-24 08:12:42', '2014-09-25 10:28:08', '6e668af7-3317-41c8-bf6b-4ce1f2f979b2');
INSERT INTO `di_fields` (`id`, `groupId`, `name`, `handle`, `context`, `instructions`, `translatable`, `type`, `settings`, `dateCreated`, `dateUpdated`, `uid`) VALUES ('90', NULL, 'Entry', 'entry', 'matrixBlockType:16', NULL, '0', 'Entries', '{\"sources\":\"*\",\"limit\":\"4\"}', '2014-09-24 10:59:16', '2014-10-06 09:32:51', 'abd57525-93bd-4ec5-94ad-22c2085d1028');
INSERT INTO `di_fields` (`id`, `groupId`, `name`, `handle`, `context`, `instructions`, `translatable`, `type`, `settings`, `dateCreated`, `dateUpdated`, `uid`) VALUES ('91', NULL, 'Asset Placement', 'assetPlacement', 'matrixBlockType:16', NULL, '0', 'Dropdown', '{\"options\":[{\"label\":\"Inset\",\"value\":\"asset-inset\",\"default\":\"\"},{\"label\":\"Margin\",\"value\":\"asset-margin\",\"default\":\"\"},{\"label\":\"Full\",\"value\":\"asset-full\",\"default\":\"\"}]}', '2014-09-24 11:00:49', '2014-10-06 09:32:51', '01f4beb5-a38b-46a8-a32d-38afd43b9729');
INSERT INTO `di_fields` (`id`, `groupId`, `name`, `handle`, `context`, `instructions`, `translatable`, `type`, `settings`, `dateCreated`, `dateUpdated`, `uid`) VALUES ('92', NULL, 'Asset Caption', 'assetCaption', 'matrixBlockType:16', NULL, '0', 'PlainText', '{\"placeholder\":\"\",\"maxLength\":\"\",\"multiline\":\"\",\"initialRows\":\"4\"}', '2014-09-24 11:00:50', '2014-10-06 09:32:51', 'b0d9dce5-5418-4608-ae66-128d3b0b4320');
INSERT INTO `di_fields` (`id`, `groupId`, `name`, `handle`, `context`, `instructions`, `translatable`, `type`, `settings`, `dateCreated`, `dateUpdated`, `uid`) VALUES ('93', '2', 'Info Table', 'infoTable', 'global', '', '0', 'Table', '{\"columns\":{\"col1\":{\"heading\":\"Label\",\"handle\":\"label\",\"width\":\"\",\"type\":\"singleline\"},\"col2\":{\"heading\":\"Detail\",\"handle\":\"detail\",\"width\":\"\",\"type\":\"singleline\"},\"col3\":{\"heading\":\"Link\",\"handle\":\"link\",\"width\":\"\",\"type\":\"singleline\"}},\"defaults\":{\"row1\":{\"col1\":\"\",\"col2\":\"\",\"col3\":\"\"}}}', '2014-09-24 14:19:00', '2014-10-02 14:37:58', '200f79f6-5b7c-4a89-b5a0-00a6b88ffd51');
INSERT INTO `di_fields` (`id`, `groupId`, `name`, `handle`, `context`, `instructions`, `translatable`, `type`, `settings`, `dateCreated`, `dateUpdated`, `uid`) VALUES ('96', '1', 'Place', 'place', 'global', '', '0', 'Categories', '{\"source\":\"group:1\",\"limit\":\"\"}', '2014-09-30 14:21:11', '2014-09-30 14:21:11', 'ec19fa0e-1ea1-4f2a-8525-b68e74759668');
INSERT INTO `di_fields` (`id`, `groupId`, `name`, `handle`, `context`, `instructions`, `translatable`, `type`, `settings`, `dateCreated`, `dateUpdated`, `uid`) VALUES ('97', NULL, 'List Style', 'listStyle', 'matrixBlockType:15', NULL, '0', 'Dropdown', '{\"options\":[{\"label\":\"Article List\",\"value\":\"article-list\",\"default\":\"\"},{\"label\":\"Teaser List\",\"value\":\"teaser-list\",\"default\":\"\"},{\"label\":\"Mini List\",\"value\":\"mini-list\",\"default\":\"\"},{\"label\":\"Item List\",\"value\":\"item-list\",\"default\":\"\"}]}', '2014-09-30 15:43:15', '2014-10-06 09:46:30', '8cf29034-c7f6-4ee5-9598-e03a089b2a55');
INSERT INTO `di_fields` (`id`, `groupId`, `name`, `handle`, `context`, `instructions`, `translatable`, `type`, `settings`, `dateCreated`, `dateUpdated`, `uid`) VALUES ('99', NULL, 'Place', 'place', 'matrixBlockType:15', NULL, '0', 'Categories', '{\"source\":\"group:1\",\"limit\":\"\"}', '2014-09-30 15:43:15', '2014-10-06 09:46:30', '8afc095c-9f8f-4c4e-88a7-9edf69315a40');
INSERT INTO `di_fields` (`id`, `groupId`, `name`, `handle`, `context`, `instructions`, `translatable`, `type`, `settings`, `dateCreated`, `dateUpdated`, `uid`) VALUES ('100', NULL, 'Limit', 'limit', 'matrixBlockType:15', NULL, '0', 'Number', '{\"min\":\"1\",\"max\":\"12\",\"decimals\":\"0\"}', '2014-09-30 15:58:45', '2014-10-06 09:46:30', 'e8a7660c-90bc-40f7-bd74-aa00dbbd9e3e');
INSERT INTO `di_fields` (`id`, `groupId`, `name`, `handle`, `context`, `instructions`, `translatable`, `type`, `settings`, `dateCreated`, `dateUpdated`, `uid`) VALUES ('102', NULL, 'Ministry', 'ministry', 'matrixBlockType:15', NULL, '0', 'Categories', '{\"source\":\"group:2\",\"limit\":\"\"}', '2014-10-01 10:33:32', '2014-10-06 09:46:30', '94e5d752-0483-4f98-8156-9437a87f76bf');
INSERT INTO `di_fields` (`id`, `groupId`, `name`, `handle`, `context`, `instructions`, `translatable`, `type`, `settings`, `dateCreated`, `dateUpdated`, `uid`) VALUES ('103', NULL, 'Role', 'role', 'matrixBlockType:15', NULL, '0', 'Categories', '{\"source\":\"group:3\",\"limit\":\"\"}', '2014-10-01 10:33:32', '2014-10-06 09:46:30', 'f0f8ef6f-1f61-4831-a718-a4cfef9c94e9');
INSERT INTO `di_fields` (`id`, `groupId`, `name`, `handle`, `context`, `instructions`, `translatable`, `type`, `settings`, `dateCreated`, `dateUpdated`, `uid`) VALUES ('104', NULL, 'List Style', 'listStyle', 'matrixBlockType:8', NULL, '0', 'Dropdown', '{\"options\":[{\"label\":\"Article List\",\"value\":\"article-list\",\"default\":\"1\"},{\"label\":\"Teaser List\",\"value\":\"teaser-list\",\"default\":\"\"},{\"label\":\"Mini List\",\"value\":\"mini-list\",\"default\":\"\"},{\"label\":\"Item List\",\"value\":\"item-list\",\"default\":\"\"}]}', '2014-10-01 10:33:32', '2014-10-06 09:46:30', '3be175e8-66f3-4033-ace1-0940dbfc77dc');
INSERT INTO `di_fields` (`id`, `groupId`, `name`, `handle`, `context`, `instructions`, `translatable`, `type`, `settings`, `dateCreated`, `dateUpdated`, `uid`) VALUES ('107', NULL, 'Entry', 'entry', 'matrixBlockType:5', NULL, '0', 'Entries', '{\"sources\":\"*\",\"limit\":\"1\"}', '2014-10-01 10:52:02', '2014-10-06 09:32:50', '156e0753-3e32-472a-8164-9af25f6bbfd8');
INSERT INTO `di_fields` (`id`, `groupId`, `name`, `handle`, `context`, `instructions`, `translatable`, `type`, `settings`, `dateCreated`, `dateUpdated`, `uid`) VALUES ('108', '1', 'Product Category', 'productCategory', 'global', '', '0', 'Categories', '{\"source\":\"group:4\",\"limit\":\"\"}', '2014-10-01 11:30:30', '2014-10-01 11:30:30', 'd2513767-5cde-489a-bd1a-1b75292e6048');
INSERT INTO `di_fields` (`id`, `groupId`, `name`, `handle`, `context`, `instructions`, `translatable`, `type`, `settings`, `dateCreated`, `dateUpdated`, `uid`) VALUES ('109', '1', 'Ministry', 'ministry', 'global', '', '0', 'Categories', '{\"source\":\"group:2\",\"limit\":\"\"}', '2014-10-01 11:30:42', '2014-10-01 11:30:42', '2012b409-b30f-4d61-a9e0-ba8dc5edb09d');
INSERT INTO `di_fields` (`id`, `groupId`, `name`, `handle`, `context`, `instructions`, `translatable`, `type`, `settings`, `dateCreated`, `dateUpdated`, `uid`) VALUES ('110', NULL, 'Product Category', 'productCategory', 'matrixBlockType:15', NULL, '0', 'Categories', '{\"source\":\"group:4\",\"limit\":\"\"}', '2014-10-01 14:39:26', '2014-10-06 09:46:30', '09c28e36-2a4a-48c3-b274-ce5d2811e984');
INSERT INTO `di_fields` (`id`, `groupId`, `name`, `handle`, `context`, `instructions`, `translatable`, `type`, `settings`, `dateCreated`, `dateUpdated`, `uid`) VALUES ('111', NULL, 'Section Title', 'sectionTitle', 'matrixBlockType:17', NULL, '0', 'PlainText', '{\"placeholder\":\"\",\"maxLength\":\"\",\"multiline\":\"\",\"initialRows\":\"4\"}', '2014-10-01 14:39:26', '2014-10-06 09:46:31', '0bdabd7c-6d70-4241-992a-630cbbabe05d');
INSERT INTO `di_fields` (`id`, `groupId`, `name`, `handle`, `context`, `instructions`, `translatable`, `type`, `settings`, `dateCreated`, `dateUpdated`, `uid`) VALUES ('112', NULL, 'Section Style', 'bandStyle', 'matrixBlockType:17', NULL, '0', 'Dropdown', '{\"options\":[{\"label\":\"None\",\"value\":\"none\",\"default\":\"\"},{\"label\":\"Shade\",\"value\":\"shade\",\"default\":\"\"},{\"label\":\"Tint\",\"value\":\"tint\",\"default\":\"\"},{\"label\":\"Primary\",\"value\":\"primary\",\"default\":\"\"},{\"label\":\"Secondary\",\"value\":\"secondary\",\"default\":\"\"}]}', '2014-10-01 14:39:26', '2014-10-06 09:46:31', '336f77f5-17b2-4fa5-8f4f-c4467ec0e3c5');
INSERT INTO `di_fields` (`id`, `groupId`, `name`, `handle`, `context`, `instructions`, `translatable`, `type`, `settings`, `dateCreated`, `dateUpdated`, `uid`) VALUES ('113', NULL, 'List Style', 'listStyle', 'matrixBlockType:17', NULL, '0', 'Dropdown', '{\"options\":[{\"label\":\"Article List\",\"value\":\"article-list\",\"default\":\"1\"},{\"label\":\"Teaser List\",\"value\":\"teaser-list\",\"default\":\"\"},{\"label\":\"Mini List\",\"value\":\"mini-list\",\"default\":\"\"},{\"label\":\"Item List\",\"value\":\"item-list\",\"default\":\"\"}]}', '2014-10-01 14:39:26', '2014-10-06 09:46:31', 'f7631a0c-4752-4834-9b51-8a4c73744300');
INSERT INTO `di_fields` (`id`, `groupId`, `name`, `handle`, `context`, `instructions`, `translatable`, `type`, `settings`, `dateCreated`, `dateUpdated`, `uid`) VALUES ('116', NULL, 'Entry Types', 'entryTypes', 'matrixBlockType:17', NULL, '0', 'Checkboxes', '{\"options\":[{\"label\":\"Events\",\"value\":\"events\",\"default\":\"\"},{\"label\":\"News\",\"value\":\"news\",\"default\":\"\"},{\"label\":\"People\",\"value\":\"people\",\"default\":\"\"},{\"label\":\"Places\",\"value\":\"places\",\"default\":\"\"},{\"label\":\"Products\",\"value\":\"products\",\"default\":\"\"},{\"label\":\"Articles\",\"value\":\"articles\",\"default\":\"\"}]}', '2014-10-01 14:39:26', '2014-10-06 09:46:31', '7aa9b9e2-c2e8-47d0-bdcc-56d8b0cc8629');
INSERT INTO `di_fields` (`id`, `groupId`, `name`, `handle`, `context`, `instructions`, `translatable`, `type`, `settings`, `dateCreated`, `dateUpdated`, `uid`) VALUES ('117', NULL, 'Limit', 'limit', 'matrixBlockType:17', NULL, '0', 'Number', '{\"min\":\"1\",\"max\":\"\",\"decimals\":\"0\"}', '2014-10-01 14:39:27', '2014-10-06 09:46:31', 'c7063130-c272-46c2-8577-c06fa631a28c');
INSERT INTO `di_fields` (`id`, `groupId`, `name`, `handle`, `context`, `instructions`, `translatable`, `type`, `settings`, `dateCreated`, `dateUpdated`, `uid`) VALUES ('118', NULL, 'Ministry', 'ministry', 'matrixBlockType:17', NULL, '0', 'Categories', '{\"source\":\"group:2\",\"limit\":\"\"}', '2014-10-01 14:39:27', '2014-10-06 09:46:31', 'c4a91739-22f3-4a31-956a-bebcbd4b4448');
INSERT INTO `di_fields` (`id`, `groupId`, `name`, `handle`, `context`, `instructions`, `translatable`, `type`, `settings`, `dateCreated`, `dateUpdated`, `uid`) VALUES ('119', NULL, 'Place', 'place', 'matrixBlockType:17', NULL, '0', 'Categories', '{\"source\":\"group:1\",\"limit\":\"\"}', '2014-10-01 14:39:27', '2014-10-06 09:46:31', '0832f086-5cec-41dd-a2df-bb1d5870794b');
INSERT INTO `di_fields` (`id`, `groupId`, `name`, `handle`, `context`, `instructions`, `translatable`, `type`, `settings`, `dateCreated`, `dateUpdated`, `uid`) VALUES ('120', NULL, 'Product Category', 'productCategory', 'matrixBlockType:17', NULL, '0', 'Categories', '{\"source\":\"group:4\",\"limit\":\"\"}', '2014-10-01 14:39:27', '2014-10-06 09:46:31', '053bee82-62b1-4840-858c-4dd46bbfdf5c');
INSERT INTO `di_fields` (`id`, `groupId`, `name`, `handle`, `context`, `instructions`, `translatable`, `type`, `settings`, `dateCreated`, `dateUpdated`, `uid`) VALUES ('121', NULL, 'Role', 'role', 'matrixBlockType:17', NULL, '0', 'Categories', '{\"source\":\"group:3\",\"limit\":\"\"}', '2014-10-01 14:39:27', '2014-10-06 09:46:31', '67d12b35-5159-42fe-9f87-732db7454e4f');
INSERT INTO `di_fields` (`id`, `groupId`, `name`, `handle`, `context`, `instructions`, `translatable`, `type`, `settings`, `dateCreated`, `dateUpdated`, `uid`) VALUES ('122', NULL, 'Join', 'join', 'matrixBlockType:15', NULL, '0', 'Dropdown', '{\"options\":[{\"label\":\"Or\",\"value\":\"or\",\"default\":\"1\"},{\"label\":\"And\",\"value\":\"and\",\"default\":\"\"}]}', '2014-10-01 17:03:12', '2014-10-06 09:46:30', '155c7639-2609-44c3-9dd4-c8b9daa3f6e0');
INSERT INTO `di_fields` (`id`, `groupId`, `name`, `handle`, `context`, `instructions`, `translatable`, `type`, `settings`, `dateCreated`, `dateUpdated`, `uid`) VALUES ('123', NULL, 'Join', 'join', 'matrixBlockType:17', NULL, '0', 'Dropdown', '{\"options\":[{\"label\":\"Or\",\"value\":\"or\",\"default\":\"1\"},{\"label\":\"And\",\"value\":\"and\",\"default\":\"\"}]}', '2014-10-01 17:06:25', '2014-10-06 09:46:31', 'c28e50aa-f0e3-48dd-b6c4-6943c5eb53e9');
INSERT INTO `di_fields` (`id`, `groupId`, `name`, `handle`, `context`, `instructions`, `translatable`, `type`, `settings`, `dateCreated`, `dateUpdated`, `uid`) VALUES ('124', '3', 'Geo', 'geo', 'global', '', '0', 'GeoFields_Geo', NULL, '2014-10-02 09:35:05', '2014-10-02 09:35:05', '92230054-9165-497b-b09b-c94d425d4813');
INSERT INTO `di_fields` (`id`, `groupId`, `name`, `handle`, `context`, `instructions`, `translatable`, `type`, `settings`, `dateCreated`, `dateUpdated`, `uid`) VALUES ('125', '4', 'Lead Video', 'leadVideo', 'global', '', '0', 'Embedder', NULL, '2014-10-02 12:00:25', '2014-10-02 12:00:25', '3c5f2a35-bbf3-4314-b6f0-c342037f758f');
INSERT INTO `di_fields` (`id`, `groupId`, `name`, `handle`, `context`, `instructions`, `translatable`, `type`, `settings`, `dateCreated`, `dateUpdated`, `uid`) VALUES ('126', '12', 'Contact Table', 'contactTable', 'global', '', '0', 'Table', '{\"columns\":{\"col1\":{\"heading\":\"Label\",\"handle\":\"label\",\"width\":\"\",\"type\":\"singleline\"},\"col2\":{\"heading\":\"Detail\",\"handle\":\"detail\",\"width\":\"\",\"type\":\"multiline\"},\"col3\":{\"heading\":\"Link\",\"handle\":\"link\",\"width\":\"\",\"type\":\"singleline\"}},\"defaults\":{\"row1\":{\"col1\":\"\",\"col2\":\"\",\"col3\":\"\"}}}', '2014-10-02 15:05:12', '2014-10-02 15:05:12', '29ed237c-246f-497f-a3f2-b1a3e88fb258');
INSERT INTO `di_fields` (`id`, `groupId`, `name`, `handle`, `context`, `instructions`, `translatable`, `type`, `settings`, `dateCreated`, `dateUpdated`, `uid`) VALUES ('127', NULL, 'Info Type', 'infoType', 'matrixBlockType:5', NULL, '0', 'Dropdown', '{\"options\":[{\"label\":\"Info\",\"value\":\"info\",\"default\":\"1\"},{\"label\":\"Address\",\"value\":\"address\",\"default\":\"\"},{\"label\":\"Contact\",\"value\":\"contact\",\"default\":\"\"}]}', '2014-10-02 15:11:58', '2014-10-06 09:32:50', '68328f78-402e-4903-b190-205e88d05255');
INSERT INTO `di_fields` (`id`, `groupId`, `name`, `handle`, `context`, `instructions`, `translatable`, `type`, `settings`, `dateCreated`, `dateUpdated`, `uid`) VALUES ('128', '1', 'Role', 'role', 'global', '', '0', 'Categories', '{\"source\":\"group:3\",\"limit\":\"\"}', '2014-10-03 16:32:26', '2014-10-03 16:32:26', '7b773c64-de71-4493-abcf-6d38cf4e5b6e');
INSERT INTO `di_fields` (`id`, `groupId`, `name`, `handle`, `context`, `instructions`, `translatable`, `type`, `settings`, `dateCreated`, `dateUpdated`, `uid`) VALUES ('129', NULL, 'Format', 'format', 'matrixBlockType:1', NULL, '0', 'Dropdown', '{\"options\":[{\"label\":\"Default\",\"value\":\"default\",\"default\":\"\"},{\"label\":\"Two Columns\",\"value\":\"columns-2\",\"default\":\"\"},{\"label\":\"Three Columns\",\"value\":\"columns-3\",\"default\":\"\"}]}', '2014-10-06 09:32:50', '2014-10-06 09:32:50', '7fb346d6-776c-4cff-ac55-b7539022a3ac');



--
-- Schema for table `di_globalsets`
--

DROP TABLE IF EXISTS `di_globalsets`;

CREATE TABLE `di_globalsets` (
  `id` int(11) NOT NULL,
  `name` varchar(255) COLLATE utf8_unicode_ci NOT NULL,
  `handle` varchar(255) COLLATE utf8_unicode_ci NOT NULL,
  `fieldLayoutId` int(10) DEFAULT NULL,
  `dateCreated` datetime NOT NULL,
  `dateUpdated` datetime NOT NULL,
  `uid` char(36) COLLATE utf8_unicode_ci NOT NULL DEFAULT '0',
  PRIMARY KEY (`id`),
  UNIQUE KEY `di_globalsets_name_unq_idx` (`name`),
  UNIQUE KEY `di_globalsets_handle_unq_idx` (`handle`),
  KEY `di_globalsets_fieldLayoutId_fk` (`fieldLayoutId`)
) ENGINE=InnoDB DEFAULT CHARSET=utf8 COLLATE=utf8_unicode_ci;

--
-- Schema for table `di_googlemaps_geocoder_cache`
--

DROP TABLE IF EXISTS `di_googlemaps_geocoder_cache`;

CREATE TABLE `di_googlemaps_geocoder_cache` (
  `id` int(11) NOT NULL AUTO_INCREMENT,
  `query` text COLLATE utf8_unicode_ci,
  `response` longtext COLLATE utf8_unicode_ci,
  `dateCreated` datetime NOT NULL,
  `dateUpdated` datetime NOT NULL,
  `uid` char(36) COLLATE utf8_unicode_ci NOT NULL DEFAULT '0',
  PRIMARY KEY (`id`)
) ENGINE=InnoDB DEFAULT CHARSET=utf8 COLLATE=utf8_unicode_ci;

--
-- Schema for table `di_googlemaps_locations`
--

DROP TABLE IF EXISTS `di_googlemaps_locations`;

CREATE TABLE `di_googlemaps_locations` (
  `id` int(11) NOT NULL AUTO_INCREMENT,
  `elementId` int(11) NOT NULL,
  `handle` varchar(255) COLLATE utf8_unicode_ci DEFAULT NULL,
  `address` text COLLATE utf8_unicode_ci,
  `addressComponents` text COLLATE utf8_unicode_ci,
  `title` text COLLATE utf8_unicode_ci,
  `content` text COLLATE utf8_unicode_ci,
  `icon` text COLLATE utf8_unicode_ci,
  `lat` decimal(12,8) DEFAULT NULL,
  `lng` decimal(12,8) DEFAULT NULL,
  `dateCreated` datetime NOT NULL,
  `dateUpdated` datetime NOT NULL,
  `uid` char(36) COLLATE utf8_unicode_ci NOT NULL DEFAULT '0',
  PRIMARY KEY (`id`),
  KEY `di_googlemaps_locations_elementId_fk` (`elementId`)
) ENGINE=InnoDB AUTO_INCREMENT=3 DEFAULT CHARSET=utf8 COLLATE=utf8_unicode_ci;

--
-- Data for table `di_googlemaps_locations`
--

INSERT INTO `di_googlemaps_locations` (`id`, `elementId`, `handle`, `address`, `addressComponents`, `title`, `content`, `icon`, `lat`, `lng`, `dateCreated`, `dateUpdated`, `uid`) VALUES ('1', '125', 'map', 'Drop Inn Community Church, 171 Dobbin Road, Richhill, Armagh, Armagh BT61 9LW, UK', '[{\"long_name\":\"Drop Inn Community Church\",\"short_name\":\"Drop Inn Community Church\",\"types\":[\"point_of_interest\",\"establishment\"]},{\"long_name\":\"171\",\"short_name\":\"171\",\"types\":[\"street_number\"]},{\"long_name\":\"Dobbin Road\",\"short_name\":\"Dobbin Rd\",\"types\":[\"route\"]},{\"long_name\":\"Richhill\",\"short_name\":\"Richhill\",\"types\":[\"locality\",\"political\"]},{\"long_name\":\"Armagh\",\"short_name\":\"Armagh\",\"types\":[\"postal_town\"]},{\"long_name\":\"Armagh\",\"short_name\":\"Armagh\",\"types\":[\"administrative_area_level_2\",\"political\"]},{\"long_name\":\"United Kingdom\",\"short_name\":\"GB\",\"types\":[\"country\",\"political\"]},{\"long_name\":\"BT61 9LW\",\"short_name\":\"BT61 9LW\",\"types\":[\"postal_code\"]}]', '', 'Drop Inn Community Church<br> 171 Dobbin Road<br> Richhill<br> Armagh<br> Armagh BT61 9LW<br> UK', NULL, '54.38793960', '-6.53447370', '2014-09-30 14:24:07', '2014-10-06 08:27:12', '578f8f83-bf6c-4f9c-8539-f15fc83ecdcf');
INSERT INTO `di_googlemaps_locations` (`id`, `elementId`, `handle`, `address`, `addressComponents`, `title`, `content`, `icon`, `lat`, `lng`, `dateCreated`, `dateUpdated`, `uid`) VALUES ('2', '126', 'map', '16 Church Street, Portadown, Craigavon, Craigavon BT62 3LN, UK', '[{\"long_name\":\"16\",\"short_name\":\"16\",\"types\":[\"street_number\"]},{\"long_name\":\"Church Street\",\"short_name\":\"Church St\",\"types\":[\"route\"]},{\"long_name\":\"Portadown\",\"short_name\":\"Portadown\",\"types\":[\"locality\",\"political\"]},{\"long_name\":\"Craigavon\",\"short_name\":\"Craigavon\",\"types\":[\"postal_town\"]},{\"long_name\":\"Craigavon\",\"short_name\":\"Craigavon\",\"types\":[\"administrative_area_level_2\",\"political\"]},{\"long_name\":\"United Kingdom\",\"short_name\":\"GB\",\"types\":[\"country\",\"political\"]},{\"long_name\":\"BT62 3LN\",\"short_name\":\"BT62 3LN\",\"types\":[\"postal_code\"]}]', '', '16 Church Street<br> Portadown<br> Craigavon<br> Craigavon BT62 3LN<br> UK', NULL, '54.42191970', '-6.44512330', '2014-09-30 15:29:25', '2014-10-06 10:30:57', '62c8e32f-de44-457a-91c1-42503d5c148e');



--
-- Schema for table `di_googlemaps_staticmaps`
--

DROP TABLE IF EXISTS `di_googlemaps_staticmaps`;

CREATE TABLE `di_googlemaps_staticmaps` (
  `id` int(11) NOT NULL AUTO_INCREMENT,
  `query` text COLLATE utf8_unicode_ci,
  `filename` varchar(255) COLLATE utf8_unicode_ci DEFAULT NULL,
  `dateCreated` datetime NOT NULL,
  `dateUpdated` datetime NOT NULL,
  `uid` char(36) COLLATE utf8_unicode_ci NOT NULL DEFAULT '0',
  PRIMARY KEY (`id`)
) ENGINE=InnoDB DEFAULT CHARSET=utf8 COLLATE=utf8_unicode_ci;

--
-- Schema for table `di_info`
--

DROP TABLE IF EXISTS `di_info`;

CREATE TABLE `di_info` (
  `id` int(11) NOT NULL AUTO_INCREMENT,
  `version` varchar(15) COLLATE utf8_unicode_ci NOT NULL,
  `build` int(11) unsigned NOT NULL,
  `schemaVersion` varchar(15) COLLATE utf8_unicode_ci NOT NULL,
  `releaseDate` datetime NOT NULL,
  `edition` tinyint(1) unsigned NOT NULL DEFAULT '0',
  `siteName` varchar(100) COLLATE utf8_unicode_ci NOT NULL,
  `siteUrl` varchar(255) COLLATE utf8_unicode_ci NOT NULL,
  `timezone` varchar(30) COLLATE utf8_unicode_ci DEFAULT NULL,
  `on` tinyint(1) unsigned NOT NULL DEFAULT '0',
  `maintenance` tinyint(1) unsigned NOT NULL DEFAULT '0',
  `track` varchar(40) COLLATE utf8_unicode_ci NOT NULL,
  `dateCreated` datetime NOT NULL,
  `dateUpdated` datetime NOT NULL,
  `uid` char(36) COLLATE utf8_unicode_ci NOT NULL DEFAULT '0',
  PRIMARY KEY (`id`)
) ENGINE=InnoDB AUTO_INCREMENT=2 DEFAULT CHARSET=utf8 COLLATE=utf8_unicode_ci;

--
-- Data for table `di_info`
--

INSERT INTO `di_info` (`id`, `version`, `build`, `schemaVersion`, `releaseDate`, `edition`, `siteName`, `siteUrl`, `timezone`, `on`, `maintenance`, `track`, `dateCreated`, `dateUpdated`, `uid`) VALUES ('1', '2.2', '2592', '2.2.1', '2014-10-02 20:37:46', '2', 'Drop Inn', 'http://ontherocks.dev', 'UTC', '1', '1', 'stable', '2014-09-04 11:28:57', '2014-10-20 13:50:57', '0b47734b-d5b5-4674-a015-56e8ab82458b');



--
-- Schema for table `di_locales`
--

DROP TABLE IF EXISTS `di_locales`;

CREATE TABLE `di_locales` (
  `locale` char(12) COLLATE utf8_unicode_ci NOT NULL,
  `sortOrder` tinyint(4) DEFAULT NULL,
  `dateCreated` datetime NOT NULL,
  `dateUpdated` datetime NOT NULL,
  `uid` char(36) COLLATE utf8_unicode_ci NOT NULL DEFAULT '0',
  PRIMARY KEY (`locale`),
  KEY `di_locales_sortOrder_idx` (`sortOrder`)
) ENGINE=InnoDB DEFAULT CHARSET=utf8 COLLATE=utf8_unicode_ci;

--
-- Data for table `di_locales`
--

INSERT INTO `di_locales` (`locale`, `sortOrder`, `dateCreated`, `dateUpdated`, `uid`) VALUES ('en_gb', '1', '2014-09-04 11:28:58', '2014-09-04 11:28:58', '8b240656-175f-4c15-bda4-8b3bc8b87525');



--
-- Schema for table `di_matrixblocks`
--

DROP TABLE IF EXISTS `di_matrixblocks`;

CREATE TABLE `di_matrixblocks` (
  `id` int(11) NOT NULL,
  `ownerId` int(11) NOT NULL,
  `fieldId` int(11) NOT NULL,
  `typeId` int(11) DEFAULT NULL,
  `sortOrder` tinyint(4) DEFAULT NULL,
  `ownerLocale` char(12) COLLATE utf8_unicode_ci DEFAULT NULL,
  `dateCreated` datetime NOT NULL,
  `dateUpdated` datetime NOT NULL,
  `uid` char(36) COLLATE utf8_unicode_ci NOT NULL DEFAULT '0',
  PRIMARY KEY (`id`),
  KEY `di_matrixblocks_ownerId_idx` (`ownerId`),
  KEY `di_matrixblocks_fieldId_idx` (`fieldId`),
  KEY `di_matrixblocks_typeId_idx` (`typeId`),
  KEY `di_matrixblocks_sortOrder_idx` (`sortOrder`),
  KEY `di_matrixblocks_ownerLocale_fk` (`ownerLocale`)
) ENGINE=InnoDB DEFAULT CHARSET=utf8 COLLATE=utf8_unicode_ci;

--
-- Data for table `di_matrixblocks`
--

INSERT INTO `di_matrixblocks` (`id`, `ownerId`, `fieldId`, `typeId`, `sortOrder`, `ownerLocale`, `dateCreated`, `dateUpdated`, `uid`) VALUES ('115', '114', '2', '2', '1', NULL, '2014-09-30 12:27:33', '2014-10-02 08:14:14', '9af1ab32-c10f-4662-9b09-ef4854886d63');
INSERT INTO `di_matrixblocks` (`id`, `ownerId`, `fieldId`, `typeId`, `sortOrder`, `ownerLocale`, `dateCreated`, `dateUpdated`, `uid`) VALUES ('116', '114', '2', '1', '2', NULL, '2014-09-30 12:28:56', '2014-10-02 08:14:14', '1cf90bb2-d102-4486-86b1-6d5496df666d');
INSERT INTO `di_matrixblocks` (`id`, `ownerId`, `fieldId`, `typeId`, `sortOrder`, `ownerLocale`, `dateCreated`, `dateUpdated`, `uid`) VALUES ('118', '117', '2', '1', '1', NULL, '2014-09-30 12:34:47', '2014-10-02 15:41:17', 'f8090562-7ab1-42df-8cc6-2915064883e3');
INSERT INTO `di_matrixblocks` (`id`, `ownerId`, `fieldId`, `typeId`, `sortOrder`, `ownerLocale`, `dateCreated`, `dateUpdated`, `uid`) VALUES ('119', '117', '2', '6', '2', NULL, '2014-09-30 13:18:40', '2014-10-02 15:41:17', '18a84ad4-ab21-46d4-b4be-008cf6933663');
INSERT INTO `di_matrixblocks` (`id`, `ownerId`, `fieldId`, `typeId`, `sortOrder`, `ownerLocale`, `dateCreated`, `dateUpdated`, `uid`) VALUES ('127', '126', '35', '15', '2', NULL, '2014-09-30 16:04:49', '2014-10-06 10:30:57', 'a92b573b-453b-473b-bcfd-54a19dfac67f');
INSERT INTO `di_matrixblocks` (`id`, `ownerId`, `fieldId`, `typeId`, `sortOrder`, `ownerLocale`, `dateCreated`, `dateUpdated`, `uid`) VALUES ('134', '126', '35', '8', '1', NULL, '2014-10-01 10:34:18', '2014-10-06 10:30:57', '5fe72520-d47c-48de-8da5-ec27682ee62e');
INSERT INTO `di_matrixblocks` (`id`, `ownerId`, `fieldId`, `typeId`, `sortOrder`, `ownerLocale`, `dateCreated`, `dateUpdated`, `uid`) VALUES ('142', '2', '35', '8', '2', NULL, '2014-10-01 14:23:04', '2014-10-06 08:21:35', '486d4c72-4e3f-413a-9f67-c3cb689d71d3');
INSERT INTO `di_matrixblocks` (`id`, `ownerId`, `fieldId`, `typeId`, `sortOrder`, `ownerLocale`, `dateCreated`, `dateUpdated`, `uid`) VALUES ('143', '2', '35', '17', '1', NULL, '2014-10-01 14:42:15', '2014-10-06 08:21:35', 'c83d45f8-e99c-40fa-8bdd-6f4a70e679ed');
INSERT INTO `di_matrixblocks` (`id`, `ownerId`, `fieldId`, `typeId`, `sortOrder`, `ownerLocale`, `dateCreated`, `dateUpdated`, `uid`) VALUES ('152', '151', '2', '2', '2', NULL, '2014-10-02 10:16:58', '2014-10-03 17:02:14', '0d558d27-e0e5-48db-aab4-060b0ded8e37');
INSERT INTO `di_matrixblocks` (`id`, `ownerId`, `fieldId`, `typeId`, `sortOrder`, `ownerLocale`, `dateCreated`, `dateUpdated`, `uid`) VALUES ('156', '151', '2', '1', '3', NULL, '2014-10-02 10:54:29', '2014-10-03 17:02:14', 'b3f3bf50-2ce7-4a49-bc22-2fdb244c6959');
INSERT INTO `di_matrixblocks` (`id`, `ownerId`, `fieldId`, `typeId`, `sortOrder`, `ownerLocale`, `dateCreated`, `dateUpdated`, `uid`) VALUES ('160', '126', '2', '1', '1', NULL, '2014-10-03 15:08:32', '2014-10-06 10:30:57', '7a914862-395e-4db5-aed0-d29d89210a80');
INSERT INTO `di_matrixblocks` (`id`, `ownerId`, `fieldId`, `typeId`, `sortOrder`, `ownerLocale`, `dateCreated`, `dateUpdated`, `uid`) VALUES ('161', '151', '2', '10', '1', NULL, '2014-10-03 16:59:38', '2014-10-03 17:02:14', '9d526736-7c2b-43f8-a58c-f394dc1e2817');



--
-- Schema for table `di_matrixblocktypes`
--

DROP TABLE IF EXISTS `di_matrixblocktypes`;

CREATE TABLE `di_matrixblocktypes` (
  `id` int(11) NOT NULL AUTO_INCREMENT,
  `fieldId` int(11) NOT NULL,
  `fieldLayoutId` int(11) DEFAULT NULL,
  `name` varchar(255) COLLATE utf8_unicode_ci NOT NULL,
  `handle` varchar(255) COLLATE utf8_unicode_ci NOT NULL,
  `sortOrder` tinyint(4) DEFAULT NULL,
  `dateCreated` datetime NOT NULL,
  `dateUpdated` datetime NOT NULL,
  `uid` char(36) COLLATE utf8_unicode_ci NOT NULL DEFAULT '0',
  PRIMARY KEY (`id`),
  UNIQUE KEY `di_matrixblocktypes_name_fieldId_unq_idx` (`name`,`fieldId`),
  UNIQUE KEY `di_matrixblocktypes_handle_fieldId_unq_idx` (`handle`,`fieldId`),
  KEY `di_matrixblocktypes_fieldId_fk` (`fieldId`),
  KEY `di_matrixblocktypes_fieldLayoutId_fk` (`fieldLayoutId`)
) ENGINE=InnoDB AUTO_INCREMENT=18 DEFAULT CHARSET=utf8 COLLATE=utf8_unicode_ci;

--
-- Data for table `di_matrixblocktypes`
--

INSERT INTO `di_matrixblocktypes` (`id`, `fieldId`, `fieldLayoutId`, `name`, `handle`, `sortOrder`, `dateCreated`, `dateUpdated`, `uid`) VALUES ('1', '2', '514', 'Text', 'text', '1', '2014-09-04 14:21:28', '2014-10-06 09:32:50', '813b7beb-2417-4594-96d6-9eef06f0e750');
INSERT INTO `di_matrixblocktypes` (`id`, `fieldId`, `fieldLayoutId`, `name`, `handle`, `sortOrder`, `dateCreated`, `dateUpdated`, `uid`) VALUES ('2', '2', '515', 'Image', 'image', '2', '2014-09-04 14:21:28', '2014-10-06 09:32:50', 'bfe0879b-e640-4285-9e0f-e5c906cb0859');
INSERT INTO `di_matrixblocktypes` (`id`, `fieldId`, `fieldLayoutId`, `name`, `handle`, `sortOrder`, `dateCreated`, `dateUpdated`, `uid`) VALUES ('3', '2', '516', 'Heading', 'heading', '3', '2014-09-04 14:58:34', '2014-10-06 09:32:50', 'ab0997a8-0ca8-484c-b25d-bc16d6ffae10');
INSERT INTO `di_matrixblocktypes` (`id`, `fieldId`, `fieldLayoutId`, `name`, `handle`, `sortOrder`, `dateCreated`, `dateUpdated`, `uid`) VALUES ('4', '2', '517', 'Quote', 'quote', '4', '2014-09-04 14:58:34', '2014-10-06 09:32:50', '6c271878-c053-4a16-bc8d-07f13c02a1ad');
INSERT INTO `di_matrixblocktypes` (`id`, `fieldId`, `fieldLayoutId`, `name`, `handle`, `sortOrder`, `dateCreated`, `dateUpdated`, `uid`) VALUES ('5', '2', '518', 'Info Box', 'ibox', '5', '2014-09-05 14:32:29', '2014-10-06 09:32:50', '3abe5c19-1aee-44b9-bd49-fb5427b16321');
INSERT INTO `di_matrixblocktypes` (`id`, `fieldId`, `fieldLayoutId`, `name`, `handle`, `sortOrder`, `dateCreated`, `dateUpdated`, `uid`) VALUES ('6', '2', '519', 'Embed Video', 'embedVideo', '6', '2014-09-09 11:26:18', '2014-10-06 09:32:51', 'd9684a11-2ec0-4dee-80d7-0534c8630509');
INSERT INTO `di_matrixblocktypes` (`id`, `fieldId`, `fieldLayoutId`, `name`, `handle`, `sortOrder`, `dateCreated`, `dateUpdated`, `uid`) VALUES ('8', '35', '525', 'Entry Index', 'entryIndex', '2', '2014-09-15 13:36:32', '2014-10-06 09:46:31', 'b7bc0f25-03d2-4d34-a14e-324a5fc54a89');
INSERT INTO `di_matrixblocktypes` (`id`, `fieldId`, `fieldLayoutId`, `name`, `handle`, `sortOrder`, `dateCreated`, `dateUpdated`, `uid`) VALUES ('9', '2', '520', 'Map', 'map', '7', '2014-09-16 14:45:54', '2014-10-06 09:32:51', '14edf27a-4b53-44d9-9900-0b9796c9f8fd');
INSERT INTO `di_matrixblocktypes` (`id`, `fieldId`, `fieldLayoutId`, `name`, `handle`, `sortOrder`, `dateCreated`, `dateUpdated`, `uid`) VALUES ('10', '2', '521', 'ImageGallery', 'imageGallery', '8', '2014-09-17 16:26:34', '2014-10-06 09:32:51', 'a1c23b17-e783-4919-a13c-27bbd4dd84a4');
INSERT INTO `di_matrixblocktypes` (`id`, `fieldId`, `fieldLayoutId`, `name`, `handle`, `sortOrder`, `dateCreated`, `dateUpdated`, `uid`) VALUES ('11', '2', '522', 'Embed', 'embed', '9', '2014-09-17 16:55:23', '2014-10-06 09:32:51', '9a259cd5-098f-4cd3-85ef-97206b3f0ad7');
INSERT INTO `di_matrixblocktypes` (`id`, `fieldId`, `fieldLayoutId`, `name`, `handle`, `sortOrder`, `dateCreated`, `dateUpdated`, `uid`) VALUES ('12', '65', '333', 'Category Index', 'categoryIndex', '2', '2014-09-22 14:42:27', '2014-09-24 08:41:07', 'e37aecfc-b55a-4e34-9a76-56565b22b9ed');
INSERT INTO `di_matrixblocktypes` (`id`, `fieldId`, `fieldLayoutId`, `name`, `handle`, `sortOrder`, `dateCreated`, `dateUpdated`, `uid`) VALUES ('13', '65', '334', 'Entry Index', 'entryIndex', '3', '2014-09-22 14:42:27', '2014-09-24 08:41:07', 'fdd268e8-ef5c-48b7-9eb0-b5d08d99024f');
INSERT INTO `di_matrixblocktypes` (`id`, `fieldId`, `fieldLayoutId`, `name`, `handle`, `sortOrder`, `dateCreated`, `dateUpdated`, `uid`) VALUES ('14', '65', '332', 'Category Items', 'categoryItems', '1', '2014-09-23 11:04:14', '2014-09-24 08:41:07', '39b600fe-d6ad-4dd9-aeec-845a9e94e249');
INSERT INTO `di_matrixblocktypes` (`id`, `fieldId`, `fieldLayoutId`, `name`, `handle`, `sortOrder`, `dateCreated`, `dateUpdated`, `uid`) VALUES ('15', '35', '524', 'Category Items', 'categoryItems', '1', '2014-09-23 13:52:33', '2014-10-06 09:46:30', 'f933befb-cc8b-498d-b040-fac623ea6915');
INSERT INTO `di_matrixblocktypes` (`id`, `fieldId`, `fieldLayoutId`, `name`, `handle`, `sortOrder`, `dateCreated`, `dateUpdated`, `uid`) VALUES ('16', '2', '523', 'Entry', 'entry', '10', '2014-09-24 10:59:16', '2014-10-06 09:32:51', 'dad21e4d-3a0e-45a0-9bd9-c79554232f4f');
INSERT INTO `di_matrixblocktypes` (`id`, `fieldId`, `fieldLayoutId`, `name`, `handle`, `sortOrder`, `dateCreated`, `dateUpdated`, `uid`) VALUES ('17', '35', '526', 'Entries List', 'entriesList', '3', '2014-10-01 14:39:26', '2014-10-06 09:46:31', '60acde80-62b2-4d8f-8f40-4ae7b22c53b4');



--
-- Schema for table `di_matrixcontent_body`
--

DROP TABLE IF EXISTS `di_matrixcontent_body`;

CREATE TABLE `di_matrixcontent_body` (
  `id` int(11) NOT NULL AUTO_INCREMENT,
  `elementId` int(11) NOT NULL,
  `locale` char(12) COLLATE utf8_unicode_ci NOT NULL,
  `field_text_text` text COLLATE utf8_unicode_ci,
  `field_image_assetPlacement` varchar(255) COLLATE utf8_unicode_ci DEFAULT NULL,
  `field_image_imageCaption` text COLLATE utf8_unicode_ci,
  `field_heading_heading` text COLLATE utf8_unicode_ci,
  `field_heading_headingType` varchar(255) COLLATE utf8_unicode_ci DEFAULT 'h2',
  `field_quote_quote` text COLLATE utf8_unicode_ci,
  `field_quote_cite` text COLLATE utf8_unicode_ci,
  `field_quote_citeLink` text COLLATE utf8_unicode_ci,
  `field_quote_assetPlacement` varchar(255) COLLATE utf8_unicode_ci DEFAULT NULL,
  `field_ibox_infoTitle` text COLLATE utf8_unicode_ci,
  `field_ibox_infoBrief` text COLLATE utf8_unicode_ci,
  `field_ibox_infoTable` text COLLATE utf8_unicode_ci,
  `field_ibox_assetPlacement` varchar(255) COLLATE utf8_unicode_ci DEFAULT NULL,
  `field_embedVideo_embedVideo` varchar(255) COLLATE utf8_unicode_ci DEFAULT NULL,
  `field_embedVideo_assetPlacement` varchar(255) COLLATE utf8_unicode_ci DEFAULT NULL,
  `field_embedVideo_assetCaption` text COLLATE utf8_unicode_ci,
  `field_map_map` text COLLATE utf8_unicode_ci,
  `field_map_assetPlacement` varchar(255) COLLATE utf8_unicode_ci DEFAULT NULL,
  `field_imageGallery_assetCaption` text COLLATE utf8_unicode_ci,
  `field_imageGallery_assetPlacement` varchar(255) COLLATE utf8_unicode_ci DEFAULT NULL,
  `field_embed_embed` text COLLATE utf8_unicode_ci,
  `field_embed_assetPlacement` varchar(255) COLLATE utf8_unicode_ci DEFAULT NULL,
  `field_embed_assetCaption` text COLLATE utf8_unicode_ci,
  `field_entry_assetPlacement` varchar(255) COLLATE utf8_unicode_ci DEFAULT NULL,
  `field_entry_assetCaption` text COLLATE utf8_unicode_ci,
  `field_ibox_infoType` varchar(255) COLLATE utf8_unicode_ci DEFAULT 'info',
  `field_text_format` varchar(255) COLLATE utf8_unicode_ci DEFAULT NULL,
  `dateCreated` datetime NOT NULL,
  `dateUpdated` datetime NOT NULL,
  `uid` char(36) COLLATE utf8_unicode_ci NOT NULL DEFAULT '0',
  PRIMARY KEY (`id`),
  UNIQUE KEY `di_matrixcontent_body_elementId_locale_unq_idx` (`elementId`,`locale`),
  KEY `di_matrixcontent_body_locale_fk` (`locale`)
) ENGINE=InnoDB AUTO_INCREMENT=12 DEFAULT CHARSET=utf8 COLLATE=utf8_unicode_ci;

--
-- Data for table `di_matrixcontent_body`
--

INSERT INTO `di_matrixcontent_body` (`id`, `elementId`, `locale`, `field_text_text`, `field_image_assetPlacement`, `field_image_imageCaption`, `field_heading_heading`, `field_heading_headingType`, `field_quote_quote`, `field_quote_cite`, `field_quote_citeLink`, `field_quote_assetPlacement`, `field_ibox_infoTitle`, `field_ibox_infoBrief`, `field_ibox_infoTable`, `field_ibox_assetPlacement`, `field_embedVideo_embedVideo`, `field_embedVideo_assetPlacement`, `field_embedVideo_assetCaption`, `field_map_map`, `field_map_assetPlacement`, `field_imageGallery_assetCaption`, `field_imageGallery_assetPlacement`, `field_embed_embed`, `field_embed_assetPlacement`, `field_embed_assetCaption`, `field_entry_assetPlacement`, `field_entry_assetCaption`, `field_ibox_infoType`, `field_text_format`, `dateCreated`, `dateUpdated`, `uid`) VALUES ('1', '115', 'en_gb', NULL, 'asset--full', '', NULL, NULL, NULL, NULL, NULL, NULL, NULL, NULL, NULL, NULL, NULL, NULL, NULL, NULL, NULL, NULL, NULL, NULL, NULL, NULL, NULL, NULL, 'info', NULL, '2014-09-30 12:27:33', '2014-10-02 08:14:14', '5cd1a085-76ab-4070-9b16-173ec716cce2');
INSERT INTO `di_matrixcontent_body` (`id`, `elementId`, `locale`, `field_text_text`, `field_image_assetPlacement`, `field_image_imageCaption`, `field_heading_heading`, `field_heading_headingType`, `field_quote_quote`, `field_quote_cite`, `field_quote_citeLink`, `field_quote_assetPlacement`, `field_ibox_infoTitle`, `field_ibox_infoBrief`, `field_ibox_infoTable`, `field_ibox_assetPlacement`, `field_embedVideo_embedVideo`, `field_embedVideo_assetPlacement`, `field_embedVideo_assetCaption`, `field_map_map`, `field_map_assetPlacement`, `field_imageGallery_assetCaption`, `field_imageGallery_assetPlacement`, `field_embed_embed`, `field_embed_assetPlacement`, `field_embed_assetCaption`, `field_entry_assetPlacement`, `field_entry_assetCaption`, `field_ibox_infoType`, `field_text_format`, `dateCreated`, `dateUpdated`, `uid`) VALUES ('2', '116', 'en_gb', '<p>Lorem ipsum dolor sit amet, consectetur adipiscing elit. Sed blandit accumsan risus, et dictum ligula elementum vehicula. Cras in congue ante. Sed non tincidunt ante. Nulla sem nisl, luctus a lacinia sed, hendrerit eget mi. Donec quis feugiat dui. In in risus odio. Duis commodo ligula id aliquet iaculis.</p><p>Donec condimentum, est at ultricies pretium, enim metus consectetur dui, eu cursus elit neque ut neque. Mauris sit amet venenatis diam. Pellentesque tincidunt vulputate nibh, vitae hendrerit nulla. Nulla facilisi. Donec posuere velit ut facilisis sagittis. Morbi maximus sapien orci, non lobortis magna viverra posuere. Morbi faucibus eget ante vitae commodo. Donec porta eleifend massa et porttitor. In mollis libero at erat tristique condimentum. Nullam in rutrum velit.</p>', NULL, NULL, NULL, NULL, NULL, NULL, NULL, NULL, NULL, NULL, NULL, NULL, NULL, NULL, NULL, NULL, NULL, NULL, NULL, NULL, NULL, NULL, NULL, NULL, 'info', NULL, '2014-09-30 12:28:56', '2014-10-02 08:14:14', '0e529624-1483-40aa-889e-8c50c30317be');
INSERT INTO `di_matrixcontent_body` (`id`, `elementId`, `locale`, `field_text_text`, `field_image_assetPlacement`, `field_image_imageCaption`, `field_heading_heading`, `field_heading_headingType`, `field_quote_quote`, `field_quote_cite`, `field_quote_citeLink`, `field_quote_assetPlacement`, `field_ibox_infoTitle`, `field_ibox_infoBrief`, `field_ibox_infoTable`, `field_ibox_assetPlacement`, `field_embedVideo_embedVideo`, `field_embedVideo_assetPlacement`, `field_embedVideo_assetCaption`, `field_map_map`, `field_map_assetPlacement`, `field_imageGallery_assetCaption`, `field_imageGallery_assetPlacement`, `field_embed_embed`, `field_embed_assetPlacement`, `field_embed_assetCaption`, `field_entry_assetPlacement`, `field_entry_assetCaption`, `field_ibox_infoType`, `field_text_format`, `dateCreated`, `dateUpdated`, `uid`) VALUES ('3', '118', 'en_gb', '<p>I\'ve worked in Tin House for many years</p>', NULL, NULL, NULL, NULL, NULL, NULL, NULL, NULL, NULL, NULL, NULL, NULL, NULL, NULL, NULL, NULL, NULL, NULL, NULL, NULL, NULL, NULL, NULL, NULL, NULL, NULL, '2014-09-30 12:34:47', '2014-10-02 15:41:17', 'f98b8d1f-34e9-4be0-bf48-ac7d83ea2720');
INSERT INTO `di_matrixcontent_body` (`id`, `elementId`, `locale`, `field_text_text`, `field_image_assetPlacement`, `field_image_imageCaption`, `field_heading_heading`, `field_heading_headingType`, `field_quote_quote`, `field_quote_cite`, `field_quote_citeLink`, `field_quote_assetPlacement`, `field_ibox_infoTitle`, `field_ibox_infoBrief`, `field_ibox_infoTable`, `field_ibox_assetPlacement`, `field_embedVideo_embedVideo`, `field_embedVideo_assetPlacement`, `field_embedVideo_assetCaption`, `field_map_map`, `field_map_assetPlacement`, `field_imageGallery_assetCaption`, `field_imageGallery_assetPlacement`, `field_embed_embed`, `field_embed_assetPlacement`, `field_embed_assetCaption`, `field_entry_assetPlacement`, `field_entry_assetCaption`, `field_ibox_infoType`, `field_text_format`, `dateCreated`, `dateUpdated`, `uid`) VALUES ('4', '119', 'en_gb', NULL, NULL, NULL, NULL, NULL, NULL, NULL, NULL, NULL, NULL, NULL, NULL, NULL, 'https://www.youtube.com/watch?v=5e74y7566Sc', 'asset--full', '', NULL, NULL, NULL, NULL, NULL, NULL, NULL, NULL, NULL, NULL, NULL, '2014-09-30 13:18:40', '2014-10-02 15:41:17', '1e523441-1643-4058-a5e9-4c7f9c00606c');
INSERT INTO `di_matrixcontent_body` (`id`, `elementId`, `locale`, `field_text_text`, `field_image_assetPlacement`, `field_image_imageCaption`, `field_heading_heading`, `field_heading_headingType`, `field_quote_quote`, `field_quote_cite`, `field_quote_citeLink`, `field_quote_assetPlacement`, `field_ibox_infoTitle`, `field_ibox_infoBrief`, `field_ibox_infoTable`, `field_ibox_assetPlacement`, `field_embedVideo_embedVideo`, `field_embedVideo_assetPlacement`, `field_embedVideo_assetCaption`, `field_map_map`, `field_map_assetPlacement`, `field_imageGallery_assetCaption`, `field_imageGallery_assetPlacement`, `field_embed_embed`, `field_embed_assetPlacement`, `field_embed_assetCaption`, `field_entry_assetPlacement`, `field_entry_assetCaption`, `field_ibox_infoType`, `field_text_format`, `dateCreated`, `dateUpdated`, `uid`) VALUES ('6', '152', 'en_gb', NULL, 'asset-inset', '<p>Two handed alphabet. Graphic from british-sign.co.uk</p>', NULL, NULL, NULL, NULL, NULL, NULL, NULL, NULL, NULL, NULL, NULL, NULL, NULL, NULL, NULL, NULL, NULL, NULL, NULL, NULL, NULL, NULL, NULL, NULL, '2014-10-02 10:16:58', '2014-10-03 17:02:14', '16dd8487-3465-4962-96d3-04f56bdb41f0');
INSERT INTO `di_matrixcontent_body` (`id`, `elementId`, `locale`, `field_text_text`, `field_image_assetPlacement`, `field_image_imageCaption`, `field_heading_heading`, `field_heading_headingType`, `field_quote_quote`, `field_quote_cite`, `field_quote_citeLink`, `field_quote_assetPlacement`, `field_ibox_infoTitle`, `field_ibox_infoBrief`, `field_ibox_infoTable`, `field_ibox_assetPlacement`, `field_embedVideo_embedVideo`, `field_embedVideo_assetPlacement`, `field_embedVideo_assetCaption`, `field_map_map`, `field_map_assetPlacement`, `field_imageGallery_assetCaption`, `field_imageGallery_assetPlacement`, `field_embed_embed`, `field_embed_assetPlacement`, `field_embed_assetCaption`, `field_entry_assetPlacement`, `field_entry_assetCaption`, `field_ibox_infoType`, `field_text_format`, `dateCreated`, `dateUpdated`, `uid`) VALUES ('7', '156', 'en_gb', '<p><strong>Colds</strong> are caused by hundreds of different viruses. When one of these viruses gets into your body, your immune system attacks it. Some of the effects of this immune response are the classic symptoms of a cold, such as congestion and coughing.</p><p>The germs that cause colds are contagious. You can pick them up when an infected person sneezes, coughs, or shakes hands with you. After a couple of weeks, at the most, your immune system fights off the virus and you should stop having symptoms.</p><p><strong>Allergies</strong> are caused by an overactive immune system. For some reason, your body mistakes harmless substances -- such as dust or <a href=\"http://www.webmd.com/allergies/guide/pollen-allergies-symptoms-triggers-treatments\">pollen</a> -- for germs and attacks them. Your body releases chemicals such as histamine, just as it does when fighting a cold. This can cause swelling in your nasal passages, a runny nose, coughing, and sneezing. Allergies are not contagious, although some people may inherit a tendency to develop them.</p>', NULL, NULL, NULL, NULL, NULL, NULL, NULL, NULL, NULL, NULL, NULL, NULL, NULL, NULL, NULL, NULL, NULL, NULL, NULL, NULL, NULL, NULL, NULL, NULL, NULL, NULL, '2014-10-02 10:54:29', '2014-10-03 17:02:14', '92bf9781-84fc-4229-9000-079f18e85a7d');
INSERT INTO `di_matrixcontent_body` (`id`, `elementId`, `locale`, `field_text_text`, `field_image_assetPlacement`, `field_image_imageCaption`, `field_heading_heading`, `field_heading_headingType`, `field_quote_quote`, `field_quote_cite`, `field_quote_citeLink`, `field_quote_assetPlacement`, `field_ibox_infoTitle`, `field_ibox_infoBrief`, `field_ibox_infoTable`, `field_ibox_assetPlacement`, `field_embedVideo_embedVideo`, `field_embedVideo_assetPlacement`, `field_embedVideo_assetCaption`, `field_map_map`, `field_map_assetPlacement`, `field_imageGallery_assetCaption`, `field_imageGallery_assetPlacement`, `field_embed_embed`, `field_embed_assetPlacement`, `field_embed_assetCaption`, `field_entry_assetPlacement`, `field_entry_assetCaption`, `field_ibox_infoType`, `field_text_format`, `dateCreated`, `dateUpdated`, `uid`) VALUES ('10', '160', 'en_gb', '<p>The Department of Social Development (DSD) in Northern Ireland is launching a new piece of legislation in relation to Landlords. From the 25th February 2014 ‘The Landlord Registration Scheme Regulations (NI) 2012’ will be in operation. This legislation requires all Landlords who let properties under a private tenancy to register under the scheme.</p><p>Landlords must register with the scheme immediately for tenancies commencing on or after the 25th February 2014. For all other existing tenancies, Landlords have 12 months to register (i.e. before 24th February 2015). Each registration lasts for three years, and costs £70.00 for an online submission and £80.00 for a paper submission.</p><p>Landlords who are set up as a company and those who have a ‘House of Multiple Occupancy’ Licence will be exempt from paying the registration fee. On completion of the Landlord Registration, the Registrar will issue a Certificate of Registration to confirm compliance with the scheme.</p><p>Who is a ‘Landlord’? For the purposes of this new legislation, a ‘Landlord’ is anybody who receives rent for accommodation. This encompasses a wide range of situations, including renting a property for short period of time. For example, renting your property while on holiday or having a lodger renting a room. All these situations create a private tenancy, thus you are considered a ‘Landlord’ liable for registration.</p>', NULL, NULL, NULL, NULL, NULL, NULL, NULL, NULL, NULL, NULL, NULL, NULL, NULL, NULL, NULL, NULL, NULL, NULL, NULL, NULL, NULL, NULL, NULL, NULL, NULL, 'columns-3', '2014-10-03 15:08:32', '2014-10-06 10:30:57', '4ef0a445-3e0d-4f11-9fc9-2cbb93e9fb36');
INSERT INTO `di_matrixcontent_body` (`id`, `elementId`, `locale`, `field_text_text`, `field_image_assetPlacement`, `field_image_imageCaption`, `field_heading_heading`, `field_heading_headingType`, `field_quote_quote`, `field_quote_cite`, `field_quote_citeLink`, `field_quote_assetPlacement`, `field_ibox_infoTitle`, `field_ibox_infoBrief`, `field_ibox_infoTable`, `field_ibox_assetPlacement`, `field_embedVideo_embedVideo`, `field_embedVideo_assetPlacement`, `field_embedVideo_assetCaption`, `field_map_map`, `field_map_assetPlacement`, `field_imageGallery_assetCaption`, `field_imageGallery_assetPlacement`, `field_embed_embed`, `field_embed_assetPlacement`, `field_embed_assetCaption`, `field_entry_assetPlacement`, `field_entry_assetCaption`, `field_ibox_infoType`, `field_text_format`, `dateCreated`, `dateUpdated`, `uid`) VALUES ('11', '161', 'en_gb', NULL, NULL, NULL, NULL, NULL, NULL, NULL, NULL, NULL, NULL, NULL, NULL, NULL, NULL, NULL, NULL, NULL, NULL, '', 'asset-wide', NULL, NULL, NULL, NULL, NULL, NULL, NULL, '2014-10-03 16:59:38', '2014-10-03 17:02:14', 'cb1d6b61-ccb7-499f-8e45-3ba476c7a32f');



--
-- Schema for table `di_matrixcontent_index`
--

DROP TABLE IF EXISTS `di_matrixcontent_index`;

CREATE TABLE `di_matrixcontent_index` (
  `id` int(11) NOT NULL AUTO_INCREMENT,
  `elementId` int(11) NOT NULL,
  `locale` char(12) COLLATE utf8_unicode_ci NOT NULL,
  `field_categoryIndex_sectionTitle` text COLLATE utf8_unicode_ci,
  `field_categoryIndex_entries` text COLLATE utf8_unicode_ci,
  `field_entryIndex_sectionTitle` text COLLATE utf8_unicode_ci,
  `field_categoryIndex_sectionStyle` varchar(255) COLLATE utf8_unicode_ci DEFAULT NULL,
  `field_entryIndex_bandStyle` varchar(255) COLLATE utf8_unicode_ci DEFAULT 'none',
  `field_categoryItems_sectionTitle` text COLLATE utf8_unicode_ci,
  `field_categoryItems_bandStyle` varchar(255) COLLATE utf8_unicode_ci DEFAULT 'none',
  `field_categoryItems_listStyle` varchar(255) COLLATE utf8_unicode_ci DEFAULT NULL,
  `field_categoryItems_limit` tinyint(2) unsigned DEFAULT '0',
  `field_entryIndex_listStyle` varchar(255) COLLATE utf8_unicode_ci DEFAULT 'article-list',
  `field_entriesList_sectionTitle` text COLLATE utf8_unicode_ci,
  `field_entriesList_bandStyle` varchar(255) COLLATE utf8_unicode_ci DEFAULT NULL,
  `field_entriesList_listStyle` varchar(255) COLLATE utf8_unicode_ci DEFAULT 'article-list',
  `field_entriesList_entryTypes` text COLLATE utf8_unicode_ci,
  `field_entriesList_limit` int(10) unsigned DEFAULT '0',
  `field_categoryItems_join` varchar(255) COLLATE utf8_unicode_ci DEFAULT 'or',
  `field_entriesList_join` varchar(255) COLLATE utf8_unicode_ci DEFAULT 'or',
  `dateCreated` datetime NOT NULL,
  `dateUpdated` datetime NOT NULL,
  `uid` char(36) COLLATE utf8_unicode_ci NOT NULL DEFAULT '0',
  PRIMARY KEY (`id`),
  UNIQUE KEY `di_matrixcontent_index_elementId_locale_unq_idx` (`elementId`,`locale`),
  KEY `di_matrixcontent_index_locale_idx` (`locale`)
) ENGINE=InnoDB AUTO_INCREMENT=19 DEFAULT CHARSET=utf8 COLLATE=utf8_unicode_ci;

--
-- Data for table `di_matrixcontent_index`
--

INSERT INTO `di_matrixcontent_index` (`id`, `elementId`, `locale`, `field_categoryIndex_sectionTitle`, `field_categoryIndex_entries`, `field_entryIndex_sectionTitle`, `field_categoryIndex_sectionStyle`, `field_entryIndex_bandStyle`, `field_categoryItems_sectionTitle`, `field_categoryItems_bandStyle`, `field_categoryItems_listStyle`, `field_categoryItems_limit`, `field_entryIndex_listStyle`, `field_entriesList_sectionTitle`, `field_entriesList_bandStyle`, `field_entriesList_listStyle`, `field_entriesList_entryTypes`, `field_entriesList_limit`, `field_categoryItems_join`, `field_entriesList_join`, `dateCreated`, `dateUpdated`, `uid`) VALUES ('13', '127', 'en_gb', NULL, NULL, NULL, NULL, NULL, 'Other Places', 'primary', 'item-list', '1', NULL, NULL, NULL, NULL, NULL, NULL, 'or', NULL, '2014-09-30 16:04:49', '2014-10-06 10:30:57', 'b5f5790a-b139-4044-9a88-dce2071daa84');
INSERT INTO `di_matrixcontent_index` (`id`, `elementId`, `locale`, `field_categoryIndex_sectionTitle`, `field_categoryIndex_entries`, `field_entryIndex_sectionTitle`, `field_categoryIndex_sectionStyle`, `field_entryIndex_bandStyle`, `field_categoryItems_sectionTitle`, `field_categoryItems_bandStyle`, `field_categoryItems_listStyle`, `field_categoryItems_limit`, `field_entryIndex_listStyle`, `field_entriesList_sectionTitle`, `field_entriesList_bandStyle`, `field_entriesList_listStyle`, `field_entriesList_entryTypes`, `field_entriesList_limit`, `field_categoryItems_join`, `field_entriesList_join`, `dateCreated`, `dateUpdated`, `uid`) VALUES ('14', '134', 'en_gb', NULL, NULL, 'Key People', NULL, 'shade', NULL, NULL, NULL, NULL, 'item-list', NULL, NULL, NULL, NULL, NULL, NULL, NULL, '2014-10-01 10:34:18', '2014-10-06 10:30:57', 'a15be673-6368-48b7-9bbb-5b9d4948b672');
INSERT INTO `di_matrixcontent_index` (`id`, `elementId`, `locale`, `field_categoryIndex_sectionTitle`, `field_categoryIndex_entries`, `field_entryIndex_sectionTitle`, `field_categoryIndex_sectionStyle`, `field_entryIndex_bandStyle`, `field_categoryItems_sectionTitle`, `field_categoryItems_bandStyle`, `field_categoryItems_listStyle`, `field_categoryItems_limit`, `field_entryIndex_listStyle`, `field_entriesList_sectionTitle`, `field_entriesList_bandStyle`, `field_entriesList_listStyle`, `field_entriesList_entryTypes`, `field_entriesList_limit`, `field_categoryItems_join`, `field_entriesList_join`, `dateCreated`, `dateUpdated`, `uid`) VALUES ('16', '142', 'en_gb', NULL, NULL, 'Of interest', NULL, 'primary', NULL, NULL, NULL, NULL, 'teaser-list', NULL, NULL, NULL, NULL, NULL, NULL, NULL, '2014-10-01 14:23:04', '2014-10-06 08:21:35', 'e0f7b5c6-142e-4424-bfea-8d7af96aec19');
INSERT INTO `di_matrixcontent_index` (`id`, `elementId`, `locale`, `field_categoryIndex_sectionTitle`, `field_categoryIndex_entries`, `field_entryIndex_sectionTitle`, `field_categoryIndex_sectionStyle`, `field_entryIndex_bandStyle`, `field_categoryItems_sectionTitle`, `field_categoryItems_bandStyle`, `field_categoryItems_listStyle`, `field_categoryItems_limit`, `field_entryIndex_listStyle`, `field_entriesList_sectionTitle`, `field_entriesList_bandStyle`, `field_entriesList_listStyle`, `field_entriesList_entryTypes`, `field_entriesList_limit`, `field_categoryItems_join`, `field_entriesList_join`, `dateCreated`, `dateUpdated`, `uid`) VALUES ('17', '143', 'en_gb', NULL, NULL, NULL, NULL, NULL, NULL, NULL, NULL, NULL, NULL, 'What\'s new', 'none', 'teaser-list', '[\"events\",\"news\",\"products\",\"articles\"]', '4', NULL, 'or', '2014-10-01 14:42:15', '2014-10-06 08:21:35', 'c45d203e-30fc-4e67-ad52-27dc6b6f8829');



--
-- Schema for table `di_matrixcontent_indexcategory`
--

DROP TABLE IF EXISTS `di_matrixcontent_indexcategory`;

CREATE TABLE `di_matrixcontent_indexcategory` (
  `id` int(11) NOT NULL AUTO_INCREMENT,
  `elementId` int(11) NOT NULL,
  `locale` char(12) COLLATE utf8_unicode_ci NOT NULL,
  `field_categoryIndex_sectionTitle` text COLLATE utf8_unicode_ci,
  `field_categoryIndex_sectionStyle` varchar(255) COLLATE utf8_unicode_ci DEFAULT NULL,
  `field_categoryIndex_entries` text COLLATE utf8_unicode_ci,
  `field_entryIndex_sectionTitle` text COLLATE utf8_unicode_ci,
  `field_entryIndex_sectionStyle` varchar(255) COLLATE utf8_unicode_ci DEFAULT NULL,
  `field_categoryItems_sectionTitle` text COLLATE utf8_unicode_ci,
  `field_categoryItems_sectionStyle` varchar(255) COLLATE utf8_unicode_ci DEFAULT NULL,
  `field_categoryItems_category` varchar(255) COLLATE utf8_unicode_ci DEFAULT NULL,
  `dateCreated` datetime NOT NULL,
  `dateUpdated` datetime NOT NULL,
  `uid` char(36) COLLATE utf8_unicode_ci NOT NULL DEFAULT '0',
  PRIMARY KEY (`id`),
  UNIQUE KEY `di_matrixcontent_indexcategory_elementId_locale_unq_idx` (`elementId`,`locale`),
  KEY `di_matrixcontent_indexcategory_locale_fk` (`locale`)
) ENGINE=InnoDB DEFAULT CHARSET=utf8 COLLATE=utf8_unicode_ci;

--
-- Schema for table `di_migrations`
--

DROP TABLE IF EXISTS `di_migrations`;

CREATE TABLE `di_migrations` (
  `id` int(11) NOT NULL AUTO_INCREMENT,
  `pluginId` int(11) DEFAULT NULL,
  `version` varchar(255) COLLATE utf8_unicode_ci NOT NULL,
  `applyTime` datetime NOT NULL,
  `dateCreated` datetime NOT NULL,
  `dateUpdated` datetime NOT NULL,
  `uid` char(36) COLLATE utf8_unicode_ci NOT NULL DEFAULT '0',
  PRIMARY KEY (`id`),
  UNIQUE KEY `di_migrations_version_unq_idx` (`version`),
  KEY `di_migrations_pluginId_fk` (`pluginId`)
) ENGINE=InnoDB AUTO_INCREMENT=52 DEFAULT CHARSET=utf8 COLLATE=utf8_unicode_ci;

--
-- Data for table `di_migrations`
--

INSERT INTO `di_migrations` (`id`, `pluginId`, `version`, `applyTime`, `dateCreated`, `dateUpdated`, `uid`) VALUES ('1', NULL, 'm000000_000000_base', '2014-09-04 11:28:58', '2014-09-04 11:28:58', '2014-09-04 11:28:58', 'e53ed005-a470-42ce-ae5f-398d9caf8f4a');
INSERT INTO `di_migrations` (`id`, `pluginId`, `version`, `applyTime`, `dateCreated`, `dateUpdated`, `uid`) VALUES ('2', NULL, 'm131203_000000_allow_orphan_assets', '2014-09-04 11:28:58', '2014-09-04 11:28:58', '2014-09-04 11:28:58', 'e86c9cf8-8ba6-46d9-a066-9fa1f58d3fe6');
INSERT INTO `di_migrations` (`id`, `pluginId`, `version`, `applyTime`, `dateCreated`, `dateUpdated`, `uid`) VALUES ('3', NULL, 'm131212_000001_add_missing_fk_to_emailmessages', '2014-09-04 11:28:58', '2014-09-04 11:28:58', '2014-09-04 11:28:58', '0f5c94be-4518-49c5-8037-7397115ebbfe');
INSERT INTO `di_migrations` (`id`, `pluginId`, `version`, `applyTime`, `dateCreated`, `dateUpdated`, `uid`) VALUES ('4', NULL, 'm140123_000000_update_widget_sort_orders', '2014-09-04 11:28:58', '2014-09-04 11:28:58', '2014-09-04 11:28:58', '750306bf-ea43-420a-a7fe-d76233b1f4ec');
INSERT INTO `di_migrations` (`id`, `pluginId`, `version`, `applyTime`, `dateCreated`, `dateUpdated`, `uid`) VALUES ('5', NULL, 'm140212_000000_clean_up_structures', '2014-09-04 11:28:58', '2014-09-04 11:28:58', '2014-09-04 11:28:58', '49f0e4bb-317a-4611-8bf7-f08bfed38cd5');
INSERT INTO `di_migrations` (`id`, `pluginId`, `version`, `applyTime`, `dateCreated`, `dateUpdated`, `uid`) VALUES ('6', NULL, 'm140217_000000_add_missing_indexes', '2014-09-04 11:28:58', '2014-09-04 11:28:58', '2014-09-04 11:28:58', '66e00296-7bc5-419b-857b-a3f03239c37f');
INSERT INTO `di_migrations` (`id`, `pluginId`, `version`, `applyTime`, `dateCreated`, `dateUpdated`, `uid`) VALUES ('7', NULL, 'm140223_000000_add_missing_element_rows', '2014-09-04 11:28:58', '2014-09-04 11:28:58', '2014-09-04 11:28:58', 'b8cebaa5-3b8c-4d63-b28e-1a04bbebb7e5');
INSERT INTO `di_migrations` (`id`, `pluginId`, `version`, `applyTime`, `dateCreated`, `dateUpdated`, `uid`) VALUES ('8', NULL, 'm140325_000000_fix_matrix_settings', '2014-09-04 11:28:58', '2014-09-04 11:28:58', '2014-09-04 11:28:58', 'be0130f6-6037-4b6f-be02-842db510bccc');
INSERT INTO `di_migrations` (`id`, `pluginId`, `version`, `applyTime`, `dateCreated`, `dateUpdated`, `uid`) VALUES ('9', NULL, 'm140401_000000_assignUserPermissions_permission', '2014-09-04 11:28:58', '2014-09-04 11:28:58', '2014-09-04 11:28:58', 'a66e7495-997c-49dd-b69d-f975ecbd58ec');
INSERT INTO `di_migrations` (`id`, `pluginId`, `version`, `applyTime`, `dateCreated`, `dateUpdated`, `uid`) VALUES ('10', NULL, 'm140401_000000_delete_the_deleted_files', '2014-09-04 11:28:58', '2014-09-04 11:28:58', '2014-09-04 11:28:58', '633a0be4-e3fc-4f7e-b23e-b47e70868e45');
INSERT INTO `di_migrations` (`id`, `pluginId`, `version`, `applyTime`, `dateCreated`, `dateUpdated`, `uid`) VALUES ('11', NULL, 'm140401_000001_structures', '2014-09-04 11:28:58', '2014-09-04 11:28:58', '2014-09-04 11:28:58', 'b96982b1-bb70-4992-bd95-a3387d564f28');
INSERT INTO `di_migrations` (`id`, `pluginId`, `version`, `applyTime`, `dateCreated`, `dateUpdated`, `uid`) VALUES ('12', NULL, 'm140401_000002_elements_i18n_tweaks', '2014-09-04 11:28:58', '2014-09-04 11:28:58', '2014-09-04 11:28:58', '906affec-dc5e-4c0e-85ae-450c21c91d83');
INSERT INTO `di_migrations` (`id`, `pluginId`, `version`, `applyTime`, `dateCreated`, `dateUpdated`, `uid`) VALUES ('13', NULL, 'm140401_000003_tag_groups', '2014-09-04 11:28:58', '2014-09-04 11:28:58', '2014-09-04 11:28:58', '2ee48a23-6343-4224-990f-b4d3504b6a27');
INSERT INTO `di_migrations` (`id`, `pluginId`, `version`, `applyTime`, `dateCreated`, `dateUpdated`, `uid`) VALUES ('14', NULL, 'm140401_000004_add_unverifiedemail_column_to_users', '2014-09-04 11:28:58', '2014-09-04 11:28:58', '2014-09-04 11:28:58', 'e1c7088d-747a-4acf-b2cd-007ca3ddae49');
INSERT INTO `di_migrations` (`id`, `pluginId`, `version`, `applyTime`, `dateCreated`, `dateUpdated`, `uid`) VALUES ('15', NULL, 'm140401_000005_translatable_matrix_fields', '2014-09-04 11:28:58', '2014-09-04 11:28:58', '2014-09-04 11:28:58', 'bc80c1f5-a8c6-4c69-8c4b-983dfe2d26c7');
INSERT INTO `di_migrations` (`id`, `pluginId`, `version`, `applyTime`, `dateCreated`, `dateUpdated`, `uid`) VALUES ('16', NULL, 'm140401_000006_translatable_relation_fields', '2014-09-04 11:28:58', '2014-09-04 11:28:58', '2014-09-04 11:28:58', '1e5fc74c-2a5b-4996-a80b-19db1ba2e6f5');
INSERT INTO `di_migrations` (`id`, `pluginId`, `version`, `applyTime`, `dateCreated`, `dateUpdated`, `uid`) VALUES ('17', NULL, 'm140401_000007_add_enabledbydefault_column_to_sections_i18n', '2014-09-04 11:28:58', '2014-09-04 11:28:58', '2014-09-04 11:28:58', '9813c3db-256a-48e5-af6e-fc71f87debbd');
INSERT INTO `di_migrations` (`id`, `pluginId`, `version`, `applyTime`, `dateCreated`, `dateUpdated`, `uid`) VALUES ('18', NULL, 'm140401_000008_fullpath_to_path', '2014-09-04 11:28:58', '2014-09-04 11:28:58', '2014-09-04 11:28:58', '0fd42d16-0f6d-483f-a264-7bdf84529015');
INSERT INTO `di_migrations` (`id`, `pluginId`, `version`, `applyTime`, `dateCreated`, `dateUpdated`, `uid`) VALUES ('19', NULL, 'm140401_000009_asset_field_layouts', '2014-09-04 11:28:58', '2014-09-04 11:28:58', '2014-09-04 11:28:58', 'cef9a3ba-833d-4921-83f9-1f9ccf1edcf4');
INSERT INTO `di_migrations` (`id`, `pluginId`, `version`, `applyTime`, `dateCreated`, `dateUpdated`, `uid`) VALUES ('20', NULL, 'm140401_000010_no_section_default_author', '2014-09-04 11:28:58', '2014-09-04 11:28:58', '2014-09-04 11:28:58', 'fde07570-ebba-41e0-9cc7-99a9b46163d1');
INSERT INTO `di_migrations` (`id`, `pluginId`, `version`, `applyTime`, `dateCreated`, `dateUpdated`, `uid`) VALUES ('21', NULL, 'm140401_000011_categories', '2014-09-04 11:28:58', '2014-09-04 11:28:58', '2014-09-04 11:28:58', 'c19aa9cb-b170-4bf7-b552-218fad55be52');
INSERT INTO `di_migrations` (`id`, `pluginId`, `version`, `applyTime`, `dateCreated`, `dateUpdated`, `uid`) VALUES ('22', NULL, 'm140401_000012_templatecaches', '2014-09-04 11:28:58', '2014-09-04 11:28:58', '2014-09-04 11:28:58', 'e074573a-aa79-49e8-8cf5-67ebd2a1d8d3');
INSERT INTO `di_migrations` (`id`, `pluginId`, `version`, `applyTime`, `dateCreated`, `dateUpdated`, `uid`) VALUES ('23', NULL, 'm140401_000013_allow_temp_source_transforms', '2014-09-04 11:28:58', '2014-09-04 11:28:58', '2014-09-04 11:28:58', '8cb68f82-b548-46ac-b335-895331c362a3');
INSERT INTO `di_migrations` (`id`, `pluginId`, `version`, `applyTime`, `dateCreated`, `dateUpdated`, `uid`) VALUES ('24', NULL, 'm140401_000014_entry_title_formats', '2014-09-04 11:28:58', '2014-09-04 11:28:58', '2014-09-04 11:28:58', 'ad56cbb6-18c5-4567-844f-0a23a26b0125');
INSERT INTO `di_migrations` (`id`, `pluginId`, `version`, `applyTime`, `dateCreated`, `dateUpdated`, `uid`) VALUES ('25', NULL, 'm140401_000015_tasks', '2014-09-04 11:28:58', '2014-09-04 11:28:58', '2014-09-04 11:28:58', '31fcdf8a-e032-41cc-8195-970be478715d');
INSERT INTO `di_migrations` (`id`, `pluginId`, `version`, `applyTime`, `dateCreated`, `dateUpdated`, `uid`) VALUES ('26', NULL, 'm140401_000016_varchar_classes', '2014-09-04 11:28:58', '2014-09-04 11:28:58', '2014-09-04 11:28:58', '83cf0536-50e2-473f-80ed-74b11d665e12');
INSERT INTO `di_migrations` (`id`, `pluginId`, `version`, `applyTime`, `dateCreated`, `dateUpdated`, `uid`) VALUES ('27', NULL, 'm140401_000017_add_transform_quality', '2014-09-04 11:28:58', '2014-09-04 11:28:58', '2014-09-04 11:28:58', 'eba80518-2b4f-48d9-9bea-0b73b473615f');
INSERT INTO `di_migrations` (`id`, `pluginId`, `version`, `applyTime`, `dateCreated`, `dateUpdated`, `uid`) VALUES ('28', NULL, 'm140401_000018_locale_routes', '2014-09-04 11:28:58', '2014-09-04 11:28:58', '2014-09-04 11:28:58', 'b201fc9d-0929-47ec-8c54-813e9b794b59');
INSERT INTO `di_migrations` (`id`, `pluginId`, `version`, `applyTime`, `dateCreated`, `dateUpdated`, `uid`) VALUES ('29', NULL, 'm140401_000019_editions', '2014-09-04 11:28:58', '2014-09-04 11:28:58', '2014-09-04 11:28:58', 'd718a3df-36d5-4ad9-bed0-4c5ec70b16f4');
INSERT INTO `di_migrations` (`id`, `pluginId`, `version`, `applyTime`, `dateCreated`, `dateUpdated`, `uid`) VALUES ('30', NULL, 'm140401_000019_rackspace_auth_api', '2014-09-04 11:28:58', '2014-09-04 11:28:58', '2014-09-04 11:28:58', '8f483cd0-347b-4e4f-aa4f-7f259761b065');
INSERT INTO `di_migrations` (`id`, `pluginId`, `version`, `applyTime`, `dateCreated`, `dateUpdated`, `uid`) VALUES ('31', NULL, 'm140401_000020_deprecationerrors_table', '2014-09-04 11:28:58', '2014-09-04 11:28:58', '2014-09-04 11:28:58', '40e0be75-81d9-4de4-a2f6-742f947d48af');
INSERT INTO `di_migrations` (`id`, `pluginId`, `version`, `applyTime`, `dateCreated`, `dateUpdated`, `uid`) VALUES ('32', NULL, 'm140401_000021_client_user', '2014-09-04 11:28:58', '2014-09-04 11:28:58', '2014-09-04 11:28:58', 'ab46acd8-64a0-45b1-bf9f-0011686aad79');
INSERT INTO `di_migrations` (`id`, `pluginId`, `version`, `applyTime`, `dateCreated`, `dateUpdated`, `uid`) VALUES ('33', NULL, 'm140401_100000_resave_elements', '2014-09-04 11:28:58', '2014-09-04 11:28:58', '2014-09-04 11:28:58', '97eda141-3a78-4ebd-b768-d01c738ff13c');
INSERT INTO `di_migrations` (`id`, `pluginId`, `version`, `applyTime`, `dateCreated`, `dateUpdated`, `uid`) VALUES ('34', NULL, 'm140401_100002_delete_compiled_templates', '2014-09-04 11:28:58', '2014-09-04 11:28:58', '2014-09-04 11:28:58', 'ed25702e-47d5-490a-8927-37862fbe0d17');
INSERT INTO `di_migrations` (`id`, `pluginId`, `version`, `applyTime`, `dateCreated`, `dateUpdated`, `uid`) VALUES ('35', NULL, 'm140403_000000_allow_orphan_assets_again', '2014-09-04 11:28:58', '2014-09-04 11:28:58', '2014-09-04 11:28:58', 'e7c0fcc1-b6bc-4297-8988-5827cc930c16');
INSERT INTO `di_migrations` (`id`, `pluginId`, `version`, `applyTime`, `dateCreated`, `dateUpdated`, `uid`) VALUES ('36', NULL, 'm140508_000000_fix_disabled_matrix_blocks', '2014-09-04 11:28:58', '2014-09-04 11:28:58', '2014-09-04 11:28:58', '7e5ef53f-3e4d-466d-85e5-20c2992189b5');
INSERT INTO `di_migrations` (`id`, `pluginId`, `version`, `applyTime`, `dateCreated`, `dateUpdated`, `uid`) VALUES ('37', NULL, 'm140520_000000_add_id_column_to_templatecachecriteria', '2014-09-04 11:28:58', '2014-09-04 11:28:58', '2014-09-04 11:28:58', '90f0183e-83bc-421e-b5f5-3b223cc758f0');
INSERT INTO `di_migrations` (`id`, `pluginId`, `version`, `applyTime`, `dateCreated`, `dateUpdated`, `uid`) VALUES ('38', NULL, 'm140603_000000_draft_names', '2014-09-04 11:28:58', '2014-09-04 11:28:58', '2014-09-04 11:28:58', '974357f4-c653-4153-a0b6-84de83cfc5ad');
INSERT INTO `di_migrations` (`id`, `pluginId`, `version`, `applyTime`, `dateCreated`, `dateUpdated`, `uid`) VALUES ('39', NULL, 'm140603_000001_draft_notes', '2014-09-04 11:28:58', '2014-09-04 11:28:58', '2014-09-04 11:28:58', '6d9b0487-a8a8-4779-8805-325afc713da9');
INSERT INTO `di_migrations` (`id`, `pluginId`, `version`, `applyTime`, `dateCreated`, `dateUpdated`, `uid`) VALUES ('40', NULL, 'm140603_000002_version_nums', '2014-09-04 11:28:58', '2014-09-04 11:28:58', '2014-09-04 11:28:58', '9672ede6-ac7e-489d-a813-d6442f2b1cc9');
INSERT INTO `di_migrations` (`id`, `pluginId`, `version`, `applyTime`, `dateCreated`, `dateUpdated`, `uid`) VALUES ('41', NULL, 'm140603_000003_version_toggling', '2014-09-04 11:28:58', '2014-09-04 11:28:58', '2014-09-04 11:28:58', '5e479fba-bb12-40c2-9ac5-1731751c9a96');
INSERT INTO `di_migrations` (`id`, `pluginId`, `version`, `applyTime`, `dateCreated`, `dateUpdated`, `uid`) VALUES ('42', NULL, 'm140603_000004_tokens', '2014-09-04 11:28:58', '2014-09-04 11:28:58', '2014-09-04 11:28:58', '3a9ff939-ce2e-4b7c-a074-8472271f0087');
INSERT INTO `di_migrations` (`id`, `pluginId`, `version`, `applyTime`, `dateCreated`, `dateUpdated`, `uid`) VALUES ('43', NULL, 'm140603_000005_asset_sources', '2014-09-04 11:28:58', '2014-09-04 11:28:58', '2014-09-04 11:28:58', 'fd99ac1d-e8e9-4d1e-abd2-cdc4e93f2e8b');
INSERT INTO `di_migrations` (`id`, `pluginId`, `version`, `applyTime`, `dateCreated`, `dateUpdated`, `uid`) VALUES ('44', NULL, 'm140716_000001_allow_temp_source_transforms_again', '2014-09-04 11:28:58', '2014-09-04 11:28:58', '2014-09-04 11:28:58', '0d157fef-96e5-4910-bc85-48fc98b59e0e');
INSERT INTO `di_migrations` (`id`, `pluginId`, `version`, `applyTime`, `dateCreated`, `dateUpdated`, `uid`) VALUES ('45', NULL, 'm140730_000001_add_filename_and_format_to_transformindex', '2014-09-04 11:28:58', '2014-09-04 11:28:58', '2014-09-04 11:28:58', '775b453c-2c5f-48f5-88d5-ef129dd87e4c');
INSERT INTO `di_migrations` (`id`, `pluginId`, `version`, `applyTime`, `dateCreated`, `dateUpdated`, `uid`) VALUES ('46', NULL, 'm140731_000001_resave_elements_with_assets_in_temp_sources', '2014-09-04 11:28:58', '2014-09-04 11:28:58', '2014-09-04 11:28:58', 'c9d28477-f41d-4531-b71e-69918222a534');
INSERT INTO `di_migrations` (`id`, `pluginId`, `version`, `applyTime`, `dateCreated`, `dateUpdated`, `uid`) VALUES ('47', NULL, 'm140815_000001_add_format_to_transforms', '2014-09-04 11:28:58', '2014-09-04 11:28:58', '2014-09-04 11:28:58', 'cce90f26-e011-4776-9933-fbd22b9b5fa1');
INSERT INTO `di_migrations` (`id`, `pluginId`, `version`, `applyTime`, `dateCreated`, `dateUpdated`, `uid`) VALUES ('48', NULL, 'm140822_000001_allow_more_than_128_items_per_field', '2014-09-04 11:28:58', '2014-09-04 11:28:58', '2014-09-04 11:28:58', 'dd7b2933-1716-4ff0-ad3c-6784abcad239');
INSERT INTO `di_migrations` (`id`, `pluginId`, `version`, `applyTime`, `dateCreated`, `dateUpdated`, `uid`) VALUES ('49', NULL, 'm140829_000001_single_title_formats', '2014-09-04 11:28:58', '2014-09-04 11:28:58', '2014-09-04 11:28:58', '8ca01d70-c3e9-4636-a67d-3f8736f19eee');
INSERT INTO `di_migrations` (`id`, `pluginId`, `version`, `applyTime`, `dateCreated`, `dateUpdated`, `uid`) VALUES ('50', NULL, 'm140831_000001_extended_cache_keys', '2014-09-04 11:28:58', '2014-09-04 11:28:58', '2014-09-04 11:28:58', 'a5d57ca3-d583-4f2a-be36-db5e3f5653c1');
INSERT INTO `di_migrations` (`id`, `pluginId`, `version`, `applyTime`, `dateCreated`, `dateUpdated`, `uid`) VALUES ('51', NULL, 'm140922_000001_delete_orphaned_matrix_blocks', '2014-09-24 11:15:08', '2014-09-24 11:15:08', '2014-09-24 11:15:08', '887c481d-c6c0-4759-abc3-4e11e87f9a2e');



--
-- Schema for table `di_plugins`
--

DROP TABLE IF EXISTS `di_plugins`;

CREATE TABLE `di_plugins` (
  `id` int(11) NOT NULL AUTO_INCREMENT,
  `class` varchar(150) COLLATE utf8_unicode_ci NOT NULL,
  `version` char(15) COLLATE utf8_unicode_ci NOT NULL,
  `enabled` tinyint(1) unsigned NOT NULL DEFAULT '0',
  `settings` text COLLATE utf8_unicode_ci,
  `installDate` datetime NOT NULL,
  `dateCreated` datetime NOT NULL,
  `dateUpdated` datetime NOT NULL,
  `uid` char(36) COLLATE utf8_unicode_ci NOT NULL DEFAULT '0',
  PRIMARY KEY (`id`)
) ENGINE=InnoDB AUTO_INCREMENT=7 DEFAULT CHARSET=utf8 COLLATE=utf8_unicode_ci;

--
-- Data for table `di_plugins`
--

INSERT INTO `di_plugins` (`id`, `class`, `version`, `enabled`, `settings`, `installDate`, `dateCreated`, `dateUpdated`, `uid`) VALUES ('1', 'Embedder', '0.9.0', '1', NULL, '2014-09-09 11:25:04', '2014-09-09 11:25:04', '2014-09-09 11:25:04', 'c29215a5-0fcf-403b-9f0c-ff7700481611');
INSERT INTO `di_plugins` (`id`, `class`, `version`, `enabled`, `settings`, `installDate`, `dateCreated`, `dateUpdated`, `uid`) VALUES ('2', 'ContactForm', '1.4', '1', '{\"toEmail\":\"pwoods@gcdtech.com\",\"prependSender\":\"On behalf of\",\"prependSubject\":\"New message from Drop Inn\",\"allowAttachments\":\"\",\"honeypotField\":\"Favourite Colour\"}', '2014-09-09 15:44:21', '2014-09-09 15:44:21', '2014-09-09 16:07:21', '9938fbdf-9c54-4dd9-9079-e7e8b460653f');
INSERT INTO `di_plugins` (`id`, `class`, `version`, `enabled`, `settings`, `installDate`, `dateCreated`, `dateUpdated`, `uid`) VALUES ('3', 'GoogleMaps', '0.7.1', '1', NULL, '2014-09-16 14:44:34', '2014-09-16 14:44:34', '2014-09-16 14:44:34', '099b1581-b5f0-429c-916c-2829dc76d242');
INSERT INTO `di_plugins` (`id`, `class`, `version`, `enabled`, `settings`, `installDate`, `dateCreated`, `dateUpdated`, `uid`) VALUES ('4', 'Nicetime', '1.0', '1', NULL, '2014-09-24 11:04:02', '2014-09-24 11:04:02', '2014-09-24 11:04:02', '37137471-c72b-465c-b0d3-c211aed1c6d2');
INSERT INTO `di_plugins` (`id`, `class`, `version`, `enabled`, `settings`, `installDate`, `dateCreated`, `dateUpdated`, `uid`) VALUES ('5', 'Typogrify', '1.0', '1', NULL, '2014-09-25 09:51:22', '2014-09-25 09:51:22', '2014-09-25 09:51:22', '10464523-07e5-464b-b752-8cf493d5a556');
INSERT INTO `di_plugins` (`id`, `class`, `version`, `enabled`, `settings`, `installDate`, `dateCreated`, `dateUpdated`, `uid`) VALUES ('6', 'GeoFields', '1.0.0', '1', NULL, '2014-10-02 09:34:39', '2014-10-02 09:34:39', '2014-10-02 09:34:39', '83040c0b-c670-4225-85e5-58ff252ff072');



--
-- Schema for table `di_rackspaceaccess`
--

DROP TABLE IF EXISTS `di_rackspaceaccess`;

CREATE TABLE `di_rackspaceaccess` (
  `id` int(11) NOT NULL AUTO_INCREMENT,
  `connectionKey` varchar(255) COLLATE utf8_unicode_ci NOT NULL,
  `token` varchar(255) COLLATE utf8_unicode_ci NOT NULL,
  `storageUrl` varchar(255) COLLATE utf8_unicode_ci NOT NULL,
  `cdnUrl` varchar(255) COLLATE utf8_unicode_ci NOT NULL,
  `dateCreated` datetime NOT NULL,
  `dateUpdated` datetime NOT NULL,
  `uid` char(36) COLLATE utf8_unicode_ci NOT NULL DEFAULT '0',
  PRIMARY KEY (`id`),
  UNIQUE KEY `di_rackspaceaccess_connectionKey_unq_idx` (`connectionKey`)
) ENGINE=InnoDB DEFAULT CHARSET=utf8 COLLATE=utf8_unicode_ci;

--
-- Schema for table `di_relations`
--

DROP TABLE IF EXISTS `di_relations`;

CREATE TABLE `di_relations` (
  `id` int(11) NOT NULL AUTO_INCREMENT,
  `fieldId` int(11) NOT NULL,
  `sourceId` int(11) NOT NULL,
  `sourceLocale` char(12) COLLATE utf8_unicode_ci DEFAULT NULL,
  `targetId` int(11) NOT NULL,
  `sortOrder` smallint(6) DEFAULT NULL,
  `dateCreated` datetime NOT NULL,
  `dateUpdated` datetime NOT NULL,
  `uid` char(36) COLLATE utf8_unicode_ci NOT NULL DEFAULT '0',
  PRIMARY KEY (`id`),
  UNIQUE KEY `di_relations_fieldId_sourceId_sourceLocale_targetId_unq_idx` (`fieldId`,`sourceId`,`sourceLocale`,`targetId`),
  KEY `di_relations_sourceId_fk` (`sourceId`),
  KEY `di_relations_sourceLocale_fk` (`sourceLocale`),
  KEY `di_relations_targetId_fk` (`targetId`)
) ENGINE=InnoDB AUTO_INCREMENT=2968 DEFAULT CHARSET=utf8 COLLATE=utf8_unicode_ci;

--
-- Data for table `di_relations`
--

INSERT INTO `di_relations` (`id`, `fieldId`, `sourceId`, `sourceLocale`, `targetId`, `sortOrder`, `dateCreated`, `dateUpdated`, `uid`) VALUES ('1571', '62', '22', NULL, '61', '1', '2014-09-29 14:19:56', '2014-09-29 14:19:56', 'efd1c732-432b-4492-8c61-a4e487fde9d7');
INSERT INTO `di_relations` (`id`, `fieldId`, `sourceId`, `sourceLocale`, `targetId`, `sortOrder`, `dateCreated`, `dateUpdated`, `uid`) VALUES ('1698', '16', '136', NULL, '51', '1', '2014-10-01 14:18:57', '2014-10-01 14:18:57', '9ba1f7b6-d8ea-4c52-a01a-d48a8145bfa0');
INSERT INTO `di_relations` (`id`, `fieldId`, `sourceId`, `sourceLocale`, `targetId`, `sortOrder`, `dateCreated`, `dateUpdated`, `uid`) VALUES ('2049', '109', '113', NULL, '128', '1', '2014-10-01 17:27:05', '2014-10-01 17:27:05', '39e3a667-5f83-4fae-9a8d-dc3f4de91d0a');
INSERT INTO `di_relations` (`id`, `fieldId`, `sourceId`, `sourceLocale`, `targetId`, `sortOrder`, `dateCreated`, `dateUpdated`, `uid`) VALUES ('2050', '16', '113', NULL, '28', '1', '2014-10-01 17:27:05', '2014-10-01 17:27:05', '074cdd0f-f09e-4b49-834e-4797e884f92e');
INSERT INTO `di_relations` (`id`, `fieldId`, `sourceId`, `sourceLocale`, `targetId`, `sortOrder`, `dateCreated`, `dateUpdated`, `uid`) VALUES ('2089', '62', '29', NULL, '60', '1', '2014-10-01 17:37:06', '2014-10-01 17:37:06', 'ed3dbd48-dd2b-493e-b18b-21658894fab0');
INSERT INTO `di_relations` (`id`, `fieldId`, `sourceId`, `sourceLocale`, `targetId`, `sortOrder`, `dateCreated`, `dateUpdated`, `uid`) VALUES ('2111', '16', '139', NULL, '51', '1', '2014-10-02 08:06:17', '2014-10-02 08:06:17', 'fccc3c11-00a4-486d-a175-efda70fab6a2');
INSERT INTO `di_relations` (`id`, `fieldId`, `sourceId`, `sourceLocale`, `targetId`, `sortOrder`, `dateCreated`, `dateUpdated`, `uid`) VALUES ('2112', '96', '139', NULL, '120', '1', '2014-10-02 08:06:17', '2014-10-02 08:06:17', '79057177-2634-4967-a108-756d47a43b7a');
INSERT INTO `di_relations` (`id`, `fieldId`, `sourceId`, `sourceLocale`, `targetId`, `sortOrder`, `dateCreated`, `dateUpdated`, `uid`) VALUES ('2113', '108', '139', NULL, '136', '1', '2014-10-02 08:06:17', '2014-10-02 08:06:17', '7c6d143a-2b79-49f9-a455-32dd0ebadb5a');
INSERT INTO `di_relations` (`id`, `fieldId`, `sourceId`, `sourceLocale`, `targetId`, `sortOrder`, `dateCreated`, `dateUpdated`, `uid`) VALUES ('2114', '108', '139', NULL, '137', '2', '2014-10-02 08:06:17', '2014-10-02 08:06:17', '9e7b94f4-e202-4a8b-95cd-422b6cf375e2');
INSERT INTO `di_relations` (`id`, `fieldId`, `sourceId`, `sourceLocale`, `targetId`, `sortOrder`, `dateCreated`, `dateUpdated`, `uid`) VALUES ('2123', '6', '115', NULL, '59', '1', '2014-10-02 08:14:14', '2014-10-02 08:14:14', '55269a07-9df9-44cf-981f-8f0d4aed0868');
INSERT INTO `di_relations` (`id`, `fieldId`, `sourceId`, `sourceLocale`, `targetId`, `sortOrder`, `dateCreated`, `dateUpdated`, `uid`) VALUES ('2124', '16', '114', NULL, '144', '1', '2014-10-02 08:14:14', '2014-10-02 08:14:14', 'bafde302-d24f-42a9-b627-cb9b863b3748');
INSERT INTO `di_relations` (`id`, `fieldId`, `sourceId`, `sourceLocale`, `targetId`, `sortOrder`, `dateCreated`, `dateUpdated`, `uid`) VALUES ('2125', '108', '114', NULL, '136', '1', '2014-10-02 08:14:14', '2014-10-02 08:14:14', '9cbf1bd4-0315-49de-92c2-0fcdaf1764f1');
INSERT INTO `di_relations` (`id`, `fieldId`, `sourceId`, `sourceLocale`, `targetId`, `sortOrder`, `dateCreated`, `dateUpdated`, `uid`) VALUES ('2126', '108', '114', NULL, '137', '2', '2014-10-02 08:14:14', '2014-10-02 08:14:14', '0406706b-092c-42af-b4cd-46a585911b06');
INSERT INTO `di_relations` (`id`, `fieldId`, `sourceId`, `sourceLocale`, `targetId`, `sortOrder`, `dateCreated`, `dateUpdated`, `uid`) VALUES ('2145', '16', '112', NULL, '28', '1', '2014-10-02 09:42:45', '2014-10-02 09:42:45', 'c30ef355-7ece-4f1e-8863-69aa137a6eb6');
INSERT INTO `di_relations` (`id`, `fieldId`, `sourceId`, `sourceLocale`, `targetId`, `sortOrder`, `dateCreated`, `dateUpdated`, `uid`) VALUES ('2469', '16', '117', NULL, '111', '1', '2014-10-02 15:41:17', '2014-10-02 15:41:17', '599d63b3-d2e0-4e63-892a-f3962cf629af');
INSERT INTO `di_relations` (`id`, `fieldId`, `sourceId`, `sourceLocale`, `targetId`, `sortOrder`, `dateCreated`, `dateUpdated`, `uid`) VALUES ('2786', '109', '145', NULL, '129', '1', '2014-10-03 16:34:53', '2014-10-03 16:34:53', '96cf6105-14ab-49f6-97f2-9a048938fede');
INSERT INTO `di_relations` (`id`, `fieldId`, `sourceId`, `sourceLocale`, `targetId`, `sortOrder`, `dateCreated`, `dateUpdated`, `uid`) VALUES ('2787', '16', '145', NULL, '28', '1', '2014-10-03 16:34:53', '2014-10-03 16:34:53', '6f5064c6-4d3f-415e-a71e-6eb8e3bdfb30');
INSERT INTO `di_relations` (`id`, `fieldId`, `sourceId`, `sourceLocale`, `targetId`, `sortOrder`, `dateCreated`, `dateUpdated`, `uid`) VALUES ('2828', '109', '3', NULL, '128', '1', '2014-10-03 16:52:13', '2014-10-03 16:52:13', 'd379aad0-01bb-4909-a822-9ed5e02e075a');
INSERT INTO `di_relations` (`id`, `fieldId`, `sourceId`, `sourceLocale`, `targetId`, `sortOrder`, `dateCreated`, `dateUpdated`, `uid`) VALUES ('2829', '109', '3', NULL, '129', '2', '2014-10-03 16:52:13', '2014-10-03 16:52:13', '73975503-c0b4-4a63-9b08-fed69e8c9411');
INSERT INTO `di_relations` (`id`, `fieldId`, `sourceId`, `sourceLocale`, `targetId`, `sortOrder`, `dateCreated`, `dateUpdated`, `uid`) VALUES ('2830', '96', '3', NULL, '120', '1', '2014-10-03 16:52:13', '2014-10-03 16:52:13', 'a8466e1f-3c9f-4a8e-80d8-2385cb28fd58');
INSERT INTO `di_relations` (`id`, `fieldId`, `sourceId`, `sourceLocale`, `targetId`, `sortOrder`, `dateCreated`, `dateUpdated`, `uid`) VALUES ('2831', '96', '3', NULL, '121', '2', '2014-10-03 16:52:13', '2014-10-03 16:52:13', 'dc6ed2aa-7abc-438f-b148-6687f325d666');
INSERT INTO `di_relations` (`id`, `fieldId`, `sourceId`, `sourceLocale`, `targetId`, `sortOrder`, `dateCreated`, `dateUpdated`, `uid`) VALUES ('2832', '96', '3', NULL, '122', '3', '2014-10-03 16:52:13', '2014-10-03 16:52:13', 'bd8b88ea-818e-49b4-88e0-4e913113eb67');
INSERT INTO `di_relations` (`id`, `fieldId`, `sourceId`, `sourceLocale`, `targetId`, `sortOrder`, `dateCreated`, `dateUpdated`, `uid`) VALUES ('2833', '96', '3', NULL, '123', '4', '2014-10-03 16:52:13', '2014-10-03 16:52:13', '0ac1cd79-21d0-47b6-bf47-d867774cd299');
INSERT INTO `di_relations` (`id`, `fieldId`, `sourceId`, `sourceLocale`, `targetId`, `sortOrder`, `dateCreated`, `dateUpdated`, `uid`) VALUES ('2834', '96', '3', NULL, '124', '5', '2014-10-03 16:52:13', '2014-10-03 16:52:13', '2da9a22b-73a9-4ec6-b8f7-1c57eb230dae');
INSERT INTO `di_relations` (`id`, `fieldId`, `sourceId`, `sourceLocale`, `targetId`, `sortOrder`, `dateCreated`, `dateUpdated`, `uid`) VALUES ('2835', '16', '3', NULL, '21', '1', '2014-10-03 16:52:13', '2014-10-03 16:52:13', 'ec83aed1-9b90-4d0b-8e44-9c905d2ab6c1');
INSERT INTO `di_relations` (`id`, `fieldId`, `sourceId`, `sourceLocale`, `targetId`, `sortOrder`, `dateCreated`, `dateUpdated`, `uid`) VALUES ('2888', '56', '161', NULL, '5', '1', '2014-10-03 17:02:14', '2014-10-03 17:02:14', 'ebbead39-9b87-47ba-a01a-fa5765d77f75');
INSERT INTO `di_relations` (`id`, `fieldId`, `sourceId`, `sourceLocale`, `targetId`, `sortOrder`, `dateCreated`, `dateUpdated`, `uid`) VALUES ('2889', '56', '161', NULL, '59', '2', '2014-10-03 17:02:14', '2014-10-03 17:02:14', '1a15c78d-36c9-45ac-b2ff-f628f42c6620');
INSERT INTO `di_relations` (`id`, `fieldId`, `sourceId`, `sourceLocale`, `targetId`, `sortOrder`, `dateCreated`, `dateUpdated`, `uid`) VALUES ('2890', '56', '161', NULL, '154', '3', '2014-10-03 17:02:14', '2014-10-03 17:02:14', '0c8c05d0-ddc7-44be-b3dc-380b542156a2');
INSERT INTO `di_relations` (`id`, `fieldId`, `sourceId`, `sourceLocale`, `targetId`, `sortOrder`, `dateCreated`, `dateUpdated`, `uid`) VALUES ('2891', '56', '161', NULL, '25', '4', '2014-10-03 17:02:14', '2014-10-03 17:02:14', '078354d9-18a6-405f-86a2-236e11bd5528');
INSERT INTO `di_relations` (`id`, `fieldId`, `sourceId`, `sourceLocale`, `targetId`, `sortOrder`, `dateCreated`, `dateUpdated`, `uid`) VALUES ('2892', '56', '161', NULL, '28', '5', '2014-10-03 17:02:14', '2014-10-03 17:02:14', '0468395c-e13a-4478-8067-72c3e48b6a53');
INSERT INTO `di_relations` (`id`, `fieldId`, `sourceId`, `sourceLocale`, `targetId`, `sortOrder`, `dateCreated`, `dateUpdated`, `uid`) VALUES ('2893', '56', '161', NULL, '51', '6', '2014-10-03 17:02:14', '2014-10-03 17:02:14', '0ddbff3e-5ddb-4967-b09b-12a230efe114');
INSERT INTO `di_relations` (`id`, `fieldId`, `sourceId`, `sourceLocale`, `targetId`, `sortOrder`, `dateCreated`, `dateUpdated`, `uid`) VALUES ('2894', '56', '161', NULL, '150', '7', '2014-10-03 17:02:14', '2014-10-03 17:02:14', '7463ab17-5eda-466d-b3e0-1f06c457382d');
INSERT INTO `di_relations` (`id`, `fieldId`, `sourceId`, `sourceLocale`, `targetId`, `sortOrder`, `dateCreated`, `dateUpdated`, `uid`) VALUES ('2895', '56', '161', NULL, '18', '8', '2014-10-03 17:02:14', '2014-10-03 17:02:14', 'be3e36cf-d6af-4346-974b-2f0c79257053');
INSERT INTO `di_relations` (`id`, `fieldId`, `sourceId`, `sourceLocale`, `targetId`, `sortOrder`, `dateCreated`, `dateUpdated`, `uid`) VALUES ('2896', '56', '161', NULL, '144', '9', '2014-10-03 17:02:14', '2014-10-03 17:02:14', 'bc01f16e-0dc9-41ac-aca7-0f1f82719231');
INSERT INTO `di_relations` (`id`, `fieldId`, `sourceId`, `sourceLocale`, `targetId`, `sortOrder`, `dateCreated`, `dateUpdated`, `uid`) VALUES ('2897', '6', '152', NULL, '150', '1', '2014-10-03 17:02:14', '2014-10-03 17:02:14', 'e4642ccf-3e00-4a84-a53d-793fc587765b');
INSERT INTO `di_relations` (`id`, `fieldId`, `sourceId`, `sourceLocale`, `targetId`, `sortOrder`, `dateCreated`, `dateUpdated`, `uid`) VALUES ('2898', '109', '151', NULL, '129', '1', '2014-10-03 17:02:14', '2014-10-03 17:02:14', 'f693c9c0-d882-4360-96b2-82ac315ab0ca');
INSERT INTO `di_relations` (`id`, `fieldId`, `sourceId`, `sourceLocale`, `targetId`, `sortOrder`, `dateCreated`, `dateUpdated`, `uid`) VALUES ('2899', '3', '151', NULL, '148', '1', '2014-10-03 17:02:14', '2014-10-03 17:02:14', '8cb12fbb-bfb2-444f-a47a-acc20bccb956');
INSERT INTO `di_relations` (`id`, `fieldId`, `sourceId`, `sourceLocale`, `targetId`, `sortOrder`, `dateCreated`, `dateUpdated`, `uid`) VALUES ('2900', '3', '151', NULL, '149', '2', '2014-10-03 17:02:14', '2014-10-03 17:02:14', '49b07481-2c7b-4c2e-8c6a-9a69e2c3c45a');
INSERT INTO `di_relations` (`id`, `fieldId`, `sourceId`, `sourceLocale`, `targetId`, `sortOrder`, `dateCreated`, `dateUpdated`, `uid`) VALUES ('2901', '16', '151', NULL, '155', '1', '2014-10-03 17:02:14', '2014-10-03 17:02:14', 'd943683f-4be8-4fc2-a878-33e1cc0877c7');
INSERT INTO `di_relations` (`id`, `fieldId`, `sourceId`, `sourceLocale`, `targetId`, `sortOrder`, `dateCreated`, `dateUpdated`, `uid`) VALUES ('2930', '43', '142', NULL, '114', '1', '2014-10-06 08:21:35', '2014-10-06 08:21:35', '75e5b045-4524-4bb9-9dc4-67e075a38957');
INSERT INTO `di_relations` (`id`, `fieldId`, `sourceId`, `sourceLocale`, `targetId`, `sortOrder`, `dateCreated`, `dateUpdated`, `uid`) VALUES ('2931', '43', '142', NULL, '112', '2', '2014-10-06 08:21:35', '2014-10-06 08:21:35', 'a825b345-36e6-449f-ac16-94badf4e5a7b');
INSERT INTO `di_relations` (`id`, `fieldId`, `sourceId`, `sourceLocale`, `targetId`, `sortOrder`, `dateCreated`, `dateUpdated`, `uid`) VALUES ('2932', '43', '142', NULL, '3', '3', '2014-10-06 08:21:35', '2014-10-06 08:21:35', '65f1e826-8434-406b-96eb-3f67fb0baca8');
INSERT INTO `di_relations` (`id`, `fieldId`, `sourceId`, `sourceLocale`, `targetId`, `sortOrder`, `dateCreated`, `dateUpdated`, `uid`) VALUES ('2933', '43', '142', NULL, '117', '4', '2014-10-06 08:21:35', '2014-10-06 08:21:35', 'a4c77d81-64f0-4380-ad75-31daaf9413f1');
INSERT INTO `di_relations` (`id`, `fieldId`, `sourceId`, `sourceLocale`, `targetId`, `sortOrder`, `dateCreated`, `dateUpdated`, `uid`) VALUES ('2934', '62', '2', NULL, '61', '1', '2014-10-06 08:21:35', '2014-10-06 08:21:35', 'e5745aa5-136a-4313-a0f5-83de9a89ed2d');
INSERT INTO `di_relations` (`id`, `fieldId`, `sourceId`, `sourceLocale`, `targetId`, `sortOrder`, `dateCreated`, `dateUpdated`, `uid`) VALUES ('2941', '96', '125', NULL, '120', '1', '2014-10-06 08:27:12', '2014-10-06 08:27:12', 'f6cd9d4a-17bf-4b28-8a4d-69ff242af971');
INSERT INTO `di_relations` (`id`, `fieldId`, `sourceId`, `sourceLocale`, `targetId`, `sortOrder`, `dateCreated`, `dateUpdated`, `uid`) VALUES ('2942', '62', '125', NULL, '60', '1', '2014-10-06 08:27:12', '2014-10-06 08:27:12', '7261266f-f940-4e8e-935e-07f819cbc6f3');
INSERT INTO `di_relations` (`id`, `fieldId`, `sourceId`, `sourceLocale`, `targetId`, `sortOrder`, `dateCreated`, `dateUpdated`, `uid`) VALUES ('2963', '96', '126', NULL, '122', '1', '2014-10-06 10:30:57', '2014-10-06 10:30:57', '7850dcc4-e720-4a26-ad37-56273cd2a507');
INSERT INTO `di_relations` (`id`, `fieldId`, `sourceId`, `sourceLocale`, `targetId`, `sortOrder`, `dateCreated`, `dateUpdated`, `uid`) VALUES ('2964', '43', '134', NULL, '117', '1', '2014-10-06 10:30:57', '2014-10-06 10:30:57', 'a901958b-6d33-4cf3-afbc-eb94e0c050bf');
INSERT INTO `di_relations` (`id`, `fieldId`, `sourceId`, `sourceLocale`, `targetId`, `sortOrder`, `dateCreated`, `dateUpdated`, `uid`) VALUES ('2965', '99', '127', NULL, '120', '1', '2014-10-06 10:30:57', '2014-10-06 10:30:57', '1fc3d294-7343-4329-b99c-65f6a13d4608');
INSERT INTO `di_relations` (`id`, `fieldId`, `sourceId`, `sourceLocale`, `targetId`, `sortOrder`, `dateCreated`, `dateUpdated`, `uid`) VALUES ('2966', '16', '126', NULL, '146', '1', '2014-10-06 10:30:57', '2014-10-06 10:30:57', '651f234c-90de-4b8f-b7f7-63537959f793');
INSERT INTO `di_relations` (`id`, `fieldId`, `sourceId`, `sourceLocale`, `targetId`, `sortOrder`, `dateCreated`, `dateUpdated`, `uid`) VALUES ('2967', '62', '126', NULL, '65', '1', '2014-10-06 10:30:57', '2014-10-06 10:30:57', '60621a26-6aa2-4352-b688-29d1b55d1677');



--
-- Schema for table `di_routes`
--

DROP TABLE IF EXISTS `di_routes`;

CREATE TABLE `di_routes` (
  `id` int(11) NOT NULL AUTO_INCREMENT,
  `locale` char(12) COLLATE utf8_unicode_ci DEFAULT NULL,
  `urlParts` varchar(255) COLLATE utf8_unicode_ci NOT NULL,
  `urlPattern` varchar(255) COLLATE utf8_unicode_ci NOT NULL,
  `template` varchar(255) COLLATE utf8_unicode_ci NOT NULL,
  `sortOrder` tinyint(4) DEFAULT NULL,
  `dateCreated` datetime NOT NULL,
  `dateUpdated` datetime NOT NULL,
  `uid` char(36) COLLATE utf8_unicode_ci NOT NULL DEFAULT '0',
  PRIMARY KEY (`id`),
  UNIQUE KEY `di_routes_urlPattern_unq_idx` (`urlPattern`),
  KEY `di_routes_locale_idx` (`locale`)
) ENGINE=InnoDB AUTO_INCREMENT=2 DEFAULT CHARSET=utf8 COLLATE=utf8_unicode_ci;

--
-- Data for table `di_routes`
--

INSERT INTO `di_routes` (`id`, `locale`, `urlParts`, `urlPattern`, `template`, `sortOrder`, `dateCreated`, `dateUpdated`, `uid`) VALUES ('1', NULL, '[\"countries\\/\",[\"page\",\"\\\\d+\"]]', 'countries\\/(?P<page>\\d+)', 'news/index', '1', '2014-09-08 14:05:17', '2014-09-08 14:09:32', 'c35da06c-997a-4da4-8ea0-4d8a2aaa4861');



--
-- Schema for table `di_searchindex`
--

DROP TABLE IF EXISTS `di_searchindex`;

CREATE TABLE `di_searchindex` (
  `elementId` int(11) NOT NULL,
  `attribute` varchar(25) COLLATE utf8_unicode_ci NOT NULL,
  `fieldId` int(11) NOT NULL,
  `locale` char(12) COLLATE utf8_unicode_ci NOT NULL,
  `keywords` text COLLATE utf8_unicode_ci NOT NULL,
  PRIMARY KEY (`elementId`,`attribute`,`fieldId`,`locale`),
  FULLTEXT KEY `di_searchindex_keywords_idx` (`keywords`)
) ENGINE=MyISAM DEFAULT CHARSET=utf8 COLLATE=utf8_unicode_ci;

--
-- Data for table `di_searchindex`
--

INSERT INTO `di_searchindex` (`elementId`, `attribute`, `fieldId`, `locale`, `keywords`) VALUES ('1', 'username', '0', 'en_gb', ' pwoods ');
INSERT INTO `di_searchindex` (`elementId`, `attribute`, `fieldId`, `locale`, `keywords`) VALUES ('1', 'firstname', '0', 'en_gb', ' paul ');
INSERT INTO `di_searchindex` (`elementId`, `attribute`, `fieldId`, `locale`, `keywords`) VALUES ('1', 'lastname', '0', 'en_gb', ' woods ');
INSERT INTO `di_searchindex` (`elementId`, `attribute`, `fieldId`, `locale`, `keywords`) VALUES ('1', 'fullname', '0', 'en_gb', ' paul woods ');
INSERT INTO `di_searchindex` (`elementId`, `attribute`, `fieldId`, `locale`, `keywords`) VALUES ('1', 'email', '0', 'en_gb', ' pwoods gcdtech com ');
INSERT INTO `di_searchindex` (`elementId`, `attribute`, `fieldId`, `locale`, `keywords`) VALUES ('1', 'slug', '0', 'en_gb', '');
INSERT INTO `di_searchindex` (`elementId`, `attribute`, `fieldId`, `locale`, `keywords`) VALUES ('2', 'field', '1', 'en_gb', ' bringing hope help and healing to a hurting world ');
INSERT INTO `di_searchindex` (`elementId`, `attribute`, `fieldId`, `locale`, `keywords`) VALUES ('2', 'field', '2', 'en_gb', '');
INSERT INTO `di_searchindex` (`elementId`, `attribute`, `fieldId`, `locale`, `keywords`) VALUES ('17', 'field', '5', 'en_gb', ' asdasd ');
INSERT INTO `di_searchindex` (`elementId`, `attribute`, `fieldId`, `locale`, `keywords`) VALUES ('17', 'slug', '0', 'en_gb', '');
INSERT INTO `di_searchindex` (`elementId`, `attribute`, `fieldId`, `locale`, `keywords`) VALUES ('18', 'filename', '0', 'en_gb', ' forest hills hut 2745 jpg ');
INSERT INTO `di_searchindex` (`elementId`, `attribute`, `fieldId`, `locale`, `keywords`) VALUES ('18', 'extension', '0', 'en_gb', ' jpg ');
INSERT INTO `di_searchindex` (`elementId`, `attribute`, `fieldId`, `locale`, `keywords`) VALUES ('18', 'kind', '0', 'en_gb', ' image ');
INSERT INTO `di_searchindex` (`elementId`, `attribute`, `fieldId`, `locale`, `keywords`) VALUES ('18', 'slug', '0', 'en_gb', ' forest hills hut 2745 ');
INSERT INTO `di_searchindex` (`elementId`, `attribute`, `fieldId`, `locale`, `keywords`) VALUES ('18', 'title', '0', 'en_gb', ' forest hills hut 2745 ');
INSERT INTO `di_searchindex` (`elementId`, `attribute`, `fieldId`, `locale`, `keywords`) VALUES ('2', 'slug', '0', 'en_gb', ' homepage ');
INSERT INTO `di_searchindex` (`elementId`, `attribute`, `fieldId`, `locale`, `keywords`) VALUES ('2', 'title', '0', 'en_gb', ' homepage ');
INSERT INTO `di_searchindex` (`elementId`, `attribute`, `fieldId`, `locale`, `keywords`) VALUES ('3', 'field', '2', 'en_gb', '');
INSERT INTO `di_searchindex` (`elementId`, `attribute`, `fieldId`, `locale`, `keywords`) VALUES ('3', 'field', '15', 'en_gb', '');
INSERT INTO `di_searchindex` (`elementId`, `attribute`, `fieldId`, `locale`, `keywords`) VALUES ('3', 'field', '23', 'en_gb', ' kaleta and thomas grow maize beans cassava and potatoes on their farm land ');
INSERT INTO `di_searchindex` (`elementId`, `attribute`, `fieldId`, `locale`, `keywords`) VALUES ('3', 'field', '14', 'en_gb', ' kaleta and thomas grow maize beans cassava and potatoes on their farm land receiving a joint land certificate has given them security and peace of mind thomas tells us by having the cert i know the land is ours and i am free from worry for the future now they own the land cultivate and provide food for their children ');
INSERT INTO `di_searchindex` (`elementId`, `attribute`, `fieldId`, `locale`, `keywords`) VALUES ('3', 'field', '16', 'en_gb', ' tree ');
INSERT INTO `di_searchindex` (`elementId`, `attribute`, `fieldId`, `locale`, `keywords`) VALUES ('3', 'field', '17', 'en_gb', ' poster ');
INSERT INTO `di_searchindex` (`elementId`, `attribute`, `fieldId`, `locale`, `keywords`) VALUES ('3', 'field', '3', 'en_gb', '');
INSERT INTO `di_searchindex` (`elementId`, `attribute`, `fieldId`, `locale`, `keywords`) VALUES ('3', 'slug', '0', 'en_gb', ' we just installed craft ');
INSERT INTO `di_searchindex` (`elementId`, `attribute`, `fieldId`, `locale`, `keywords`) VALUES ('3', 'title', '0', 'en_gb', ' we just installed craft ');
INSERT INTO `di_searchindex` (`elementId`, `attribute`, `fieldId`, `locale`, `keywords`) VALUES ('4', 'field', '2', 'en_gb', ' full african girl sad phasellus diam odio venenatis et ultrices id condimentum vitae leo inset look at this burkina faso landscape coffee beans1 forest hills hut 2745 tree margin burkina faso statistics burkina faso experts are divided over whether apple should respond to claims that its new iphone 6 handsets are prone to becoming bent when carried in trouser pockets several members of the public have posted photos to the macrumors site that appear to show the problem a reporter for the geek com news site also reported his phone had warped other mobiles have bent in the past and it is not yet clear if the new iphones aluminium shells make them particularly vulnerable even so the claims have been reported across tech blogs as well as mainstream media including the independent the washington post india today and the sydney morning herald twitter users have also posted thousands of comments about the claims using the hashtag bentgate the bbc has contacted apple but the firm has yet to provide any comment one industry watcher said the company should investigate the complaints and issue a statement as soon as possible i think initially they should acknowledge the situation said jasdeep badyal an analyst from the telecoms consultancy ccs insight then the second step will be to take action by providing cases or replacements he added that even if it emerged that there had been a faulty batch or there was only a minor risk of damage the firm should still issue a statement to make this clear but chris green principal technology analyst at the advisory service davies murphy group thought that apple should take a different tack this is not an issue that apple or other phone companies need to be compelled to respond to or fix if anything this is a reflection of how people have started to use devices beyond what they were designed for he said even the most recent smartphones are not designed to be put in trouser pockets front or back where they are going to be under the most chassis strain and this just illustrates the fact that the public s desire for manufacturers to strive for ever thinner and lighter devices means that we are getting ever more fragile devices just casually sticking a 700 smartphone in your pocket is an increasingly reckless thing to do serious issue apple is marketing both the iphone 6 and the larger iphone 6 plus as the thinnest smartphones it has released with both models less than 0 3in 0 76cm thick some iphone owners have posted comments to the company s own website about the earlier modelsbecoming misshapen and the cult of mac news site notes that owners of samsung blackberry and other handsets have also reported instances of bent devices nam commodo pulvinar risus sed fermentum h2 cras eu sem sit amet lacus tristique aliquet nam commodo pulvinar risus sed fermentum etiam consectetur ex ut aliquet semper nisl elit tempor leo sit amet feugiat eros leo ac mauris phasellus maximus semper ante ac tristique odio quisque at porta est id fringilla neque vestibulum eleifend ipsum vel iaculis tristique duis venenatis metus id gravida semper sed auctor blandit mauris phasellus sollicitudin fringilla est vitae gravida suspendisse potentis k kk  nam commodo pulvinar risus sed fermentum full http vimeo com 85111964 inset bob smith http bbc co uk quisque tempus sapien eget ipsum viverra sodales suspendisse sollicitudin orci neque ac facilisis felis laoreet vitae donec at posuere sapien in vulputate nulla quisque tempus sapien eget ipsum viverra sodales suspendisse sollicitudin orci neque ac facilisis felis laoreet vitae donec at posuere sapien in vulputate nulla praesent neque diam sodales non convallis at ultrices at ex ut sagittis enim sit amet ex mattis non sodales orci pharetra interdum et malesuada fames ac ante ipsum primis in faucibus maecenas posuere urna at lacus vehicula cursus morbi lacinia dolor nec lobortis auctor lectus magna sodales elit sed rhoncus elit justo quis elit cras at tortor elit morbi faucibus est leo ullamcorper semper augue lacinia non curabitur eu tincidunt libero ');
INSERT INTO `di_searchindex` (`elementId`, `attribute`, `fieldId`, `locale`, `keywords`) VALUES ('4', 'field', '3', 'en_gb', '');
INSERT INTO `di_searchindex` (`elementId`, `attribute`, `fieldId`, `locale`, `keywords`) VALUES ('4', 'slug', '0', 'en_gb', ' pride v humility ');
INSERT INTO `di_searchindex` (`elementId`, `attribute`, `fieldId`, `locale`, `keywords`) VALUES ('4', 'title', '0', 'en_gb', ' pride v humility ');
INSERT INTO `di_searchindex` (`elementId`, `attribute`, `fieldId`, `locale`, `keywords`) VALUES ('5', 'filename', '0', 'en_gb', ' 36522 tabby kitten white background jpg ');
INSERT INTO `di_searchindex` (`elementId`, `attribute`, `fieldId`, `locale`, `keywords`) VALUES ('5', 'extension', '0', 'en_gb', ' jpg ');
INSERT INTO `di_searchindex` (`elementId`, `attribute`, `fieldId`, `locale`, `keywords`) VALUES ('5', 'kind', '0', 'en_gb', ' image ');
INSERT INTO `di_searchindex` (`elementId`, `attribute`, `fieldId`, `locale`, `keywords`) VALUES ('5', 'slug', '0', 'en_gb', ' 36522 tabby kitten white background ');
INSERT INTO `di_searchindex` (`elementId`, `attribute`, `fieldId`, `locale`, `keywords`) VALUES ('5', 'title', '0', 'en_gb', ' 36522 tabby kitten white background ');
INSERT INTO `di_searchindex` (`elementId`, `attribute`, `fieldId`, `locale`, `keywords`) VALUES ('6', 'slug', '0', 'en_gb', ' burkina faso ');
INSERT INTO `di_searchindex` (`elementId`, `attribute`, `fieldId`, `locale`, `keywords`) VALUES ('6', 'title', '0', 'en_gb', ' burkina faso ');
INSERT INTO `di_searchindex` (`elementId`, `attribute`, `fieldId`, `locale`, `keywords`) VALUES ('7', 'slug', '0', 'en_gb', ' ukraine ');
INSERT INTO `di_searchindex` (`elementId`, `attribute`, `fieldId`, `locale`, `keywords`) VALUES ('7', 'title', '0', 'en_gb', ' ukraine ');
INSERT INTO `di_searchindex` (`elementId`, `attribute`, `fieldId`, `locale`, `keywords`) VALUES ('4', 'field', '1', 'en_gb', ' bent iphone claims put apple under pressure to respond ');
INSERT INTO `di_searchindex` (`elementId`, `attribute`, `fieldId`, `locale`, `keywords`) VALUES ('4', 'field', '4', 'en_gb', '');
INSERT INTO `di_searchindex` (`elementId`, `attribute`, `fieldId`, `locale`, `keywords`) VALUES ('8', 'name', '0', 'en_gb', ' burkina faso ');
INSERT INTO `di_searchindex` (`elementId`, `attribute`, `fieldId`, `locale`, `keywords`) VALUES ('8', 'slug', '0', 'en_gb', '');
INSERT INTO `di_searchindex` (`elementId`, `attribute`, `fieldId`, `locale`, `keywords`) VALUES ('11', 'field', '7', 'en_gb', ' full ');
INSERT INTO `di_searchindex` (`elementId`, `attribute`, `fieldId`, `locale`, `keywords`) VALUES ('9', 'field', '5', 'en_gb', ' experts are divided over whether apple should respond to claims that its new iphone 6 handsets are prone to becoming bent when carried in trouser pockets several members of the public have posted photos to the macrumors site that appear to show the problem a reporter for the geek com news site also reported his phone had warped other mobiles have bent in the past and it is not yet clear if the new iphones aluminium shells make them particularly vulnerable even so the claims have been reported across tech blogs as well as mainstream media including the independent the washington post india today and the sydney morning herald twitter users have also posted thousands of comments about the claims using the hashtag bentgate the bbc has contacted apple but the firm has yet to provide any comment one industry watcher said the company should investigate the complaints and issue a statement as soon as possible i think initially they should acknowledge the situation said jasdeep badyal an analyst from the telecoms consultancy ccs insight then the second step will be to take action by providing cases or replacements he added that even if it emerged that there had been a faulty batch or there was only a minor risk of damage the firm should still issue a statement to make this clear but chris green principal technology analyst at the advisory service davies murphy group thought that apple should take a different tack this is not an issue that apple or other phone companies need to be compelled to respond to or fix if anything this is a reflection of how people have started to use devices beyond what they were designed for he said even the most recent smartphones are not designed to be put in trouser pockets front or back where they are going to be under the most chassis strain and this just illustrates the fact that the public s desire for manufacturers to strive for ever thinner and lighter devices means that we are getting ever more fragile devices just casually sticking a 700 smartphone in your pocket is an increasingly reckless thing to do serious issue apple is marketing both the iphone 6 and the larger iphone 6 plus as the thinnest smartphones it has released with both models less than 0 3in 0 76cm thick some iphone owners have posted comments to the company s own website about the earlier modelsbecoming misshapen and the cult of mac news site notes that owners of samsung blackberry and other handsets have also reported instances of bent devices ');
INSERT INTO `di_searchindex` (`elementId`, `attribute`, `fieldId`, `locale`, `keywords`) VALUES ('9', 'slug', '0', 'en_gb', '');
INSERT INTO `di_searchindex` (`elementId`, `attribute`, `fieldId`, `locale`, `keywords`) VALUES ('10', 'field', '6', 'en_gb', ' 36522 tabby kitten white background ');
INSERT INTO `di_searchindex` (`elementId`, `attribute`, `fieldId`, `locale`, `keywords`) VALUES ('10', 'field', '7', 'en_gb', ' inset ');
INSERT INTO `di_searchindex` (`elementId`, `attribute`, `fieldId`, `locale`, `keywords`) VALUES ('10', 'field', '8', 'en_gb', ' blah blah ');
INSERT INTO `di_searchindex` (`elementId`, `attribute`, `fieldId`, `locale`, `keywords`) VALUES ('10', 'slug', '0', 'en_gb', '');
INSERT INTO `di_searchindex` (`elementId`, `attribute`, `fieldId`, `locale`, `keywords`) VALUES ('11', 'field', '6', 'en_gb', ' african girl sad ');
INSERT INTO `di_searchindex` (`elementId`, `attribute`, `fieldId`, `locale`, `keywords`) VALUES ('11', 'field', '8', 'en_gb', ' phasellus diam odio venenatis et ultrices id condimentum vitae leo ');
INSERT INTO `di_searchindex` (`elementId`, `attribute`, `fieldId`, `locale`, `keywords`) VALUES ('11', 'slug', '0', 'en_gb', '');
INSERT INTO `di_searchindex` (`elementId`, `attribute`, `fieldId`, `locale`, `keywords`) VALUES ('12', 'field', '9', 'en_gb', ' a kitten ');
INSERT INTO `di_searchindex` (`elementId`, `attribute`, `fieldId`, `locale`, `keywords`) VALUES ('12', 'field', '10', 'en_gb', ' h2 ');
INSERT INTO `di_searchindex` (`elementId`, `attribute`, `fieldId`, `locale`, `keywords`) VALUES ('12', 'slug', '0', 'en_gb', '');
INSERT INTO `di_searchindex` (`elementId`, `attribute`, `fieldId`, `locale`, `keywords`) VALUES ('13', 'field', '11', 'en_gb', ' quisque tempus sapien eget ipsum viverra sodales suspendisse sollicitudin orci neque ac facilisis felis laoreet vitae donec at posuere sapien in vulputate nulla ');
INSERT INTO `di_searchindex` (`elementId`, `attribute`, `fieldId`, `locale`, `keywords`) VALUES ('13', 'field', '12', 'en_gb', ' bob smith ');
INSERT INTO `di_searchindex` (`elementId`, `attribute`, `fieldId`, `locale`, `keywords`) VALUES ('13', 'field', '13', 'en_gb', ' http bbc co uk ');
INSERT INTO `di_searchindex` (`elementId`, `attribute`, `fieldId`, `locale`, `keywords`) VALUES ('13', 'slug', '0', 'en_gb', '');
INSERT INTO `di_searchindex` (`elementId`, `attribute`, `fieldId`, `locale`, `keywords`) VALUES ('4', 'field', '14', 'en_gb', ' bent iphone claims put apple under pressure to respond ');
INSERT INTO `di_searchindex` (`elementId`, `attribute`, `fieldId`, `locale`, `keywords`) VALUES ('4', 'field', '15', 'en_gb', ' burkina faso ');
INSERT INTO `di_searchindex` (`elementId`, `attribute`, `fieldId`, `locale`, `keywords`) VALUES ('4', 'field', '16', 'en_gb', ' tree ');
INSERT INTO `di_searchindex` (`elementId`, `attribute`, `fieldId`, `locale`, `keywords`) VALUES ('4', 'field', '17', 'en_gb', ' poster ');
INSERT INTO `di_searchindex` (`elementId`, `attribute`, `fieldId`, `locale`, `keywords`) VALUES ('14', 'field', '5', 'en_gb', ' cras eu sem sit amet lacus tristique aliquet nam commodo pulvinar risus sed fermentum etiam consectetur ex ut aliquet semper nisl elit tempor leo sit amet feugiat eros leo ac mauris phasellus maximus semper ante ac tristique odio quisque at porta est id fringilla neque vestibulum eleifend ipsum vel iaculis tristique duis venenatis metus id gravida semper sed auctor blandit mauris phasellus sollicitudin fringilla est vitae gravida suspendisse potentis k kk  ');
INSERT INTO `di_searchindex` (`elementId`, `attribute`, `fieldId`, `locale`, `keywords`) VALUES ('16', 'field', '5', 'en_gb', ' quisque tempus sapien eget ipsum viverra sodales suspendisse sollicitudin orci neque ac facilisis felis laoreet vitae donec at posuere sapien in vulputate nulla praesent neque diam sodales non convallis at ultrices at ex ut sagittis enim sit amet ex mattis non sodales orci pharetra interdum et malesuada fames ac ante ipsum primis in faucibus maecenas posuere urna at lacus vehicula cursus morbi lacinia dolor nec lobortis auctor lectus magna sodales elit sed rhoncus elit justo quis elit cras at tortor elit morbi faucibus est leo ullamcorper semper augue lacinia non curabitur eu tincidunt libero ');
INSERT INTO `di_searchindex` (`elementId`, `attribute`, `fieldId`, `locale`, `keywords`) VALUES ('14', 'slug', '0', 'en_gb', '');
INSERT INTO `di_searchindex` (`elementId`, `attribute`, `fieldId`, `locale`, `keywords`) VALUES ('15', 'field', '19', 'en_gb', ' burkina faso ');
INSERT INTO `di_searchindex` (`elementId`, `attribute`, `fieldId`, `locale`, `keywords`) VALUES ('15', 'field', '20', 'en_gb', ' statistics ');
INSERT INTO `di_searchindex` (`elementId`, `attribute`, `fieldId`, `locale`, `keywords`) VALUES ('15', 'field', '21', 'en_gb', '');
INSERT INTO `di_searchindex` (`elementId`, `attribute`, `fieldId`, `locale`, `keywords`) VALUES ('15', 'field', '22', 'en_gb', ' margin ');
INSERT INTO `di_searchindex` (`elementId`, `attribute`, `fieldId`, `locale`, `keywords`) VALUES ('15', 'slug', '0', 'en_gb', '');
INSERT INTO `di_searchindex` (`elementId`, `attribute`, `fieldId`, `locale`, `keywords`) VALUES ('13', 'field', '18', 'en_gb', ' inset ');
INSERT INTO `di_searchindex` (`elementId`, `attribute`, `fieldId`, `locale`, `keywords`) VALUES ('16', 'slug', '0', 'en_gb', '');
INSERT INTO `di_searchindex` (`elementId`, `attribute`, `fieldId`, `locale`, `keywords`) VALUES ('2', 'field', '16', 'en_gb', '');
INSERT INTO `di_searchindex` (`elementId`, `attribute`, `fieldId`, `locale`, `keywords`) VALUES ('2', 'field', '17', 'en_gb', ' poster ');
INSERT INTO `di_searchindex` (`elementId`, `attribute`, `fieldId`, `locale`, `keywords`) VALUES ('2', 'field', '14', 'en_gb', ' we believe christian fellowship is divinely brought about by god for the purpose of displaying and advancing his kingdom on earth as christians love one another and submit to the lordship of christ they show a picture of the heavenly realities that are to come ');
INSERT INTO `di_searchindex` (`elementId`, `attribute`, `fieldId`, `locale`, `keywords`) VALUES ('19', 'slug', '0', 'en_gb', ' shops ');
INSERT INTO `di_searchindex` (`elementId`, `attribute`, `fieldId`, `locale`, `keywords`) VALUES ('19', 'title', '0', 'en_gb', ' shops ');
INSERT INTO `di_searchindex` (`elementId`, `attribute`, `fieldId`, `locale`, `keywords`) VALUES ('20', 'field', '1', 'en_gb', ' shop at stonebridge ');
INSERT INTO `di_searchindex` (`elementId`, `attribute`, `fieldId`, `locale`, `keywords`) VALUES ('20', 'field', '16', 'en_gb', ' church ');
INSERT INTO `di_searchindex` (`elementId`, `attribute`, `fieldId`, `locale`, `keywords`) VALUES ('20', 'field', '17', 'en_gb', ' poster ');
INSERT INTO `di_searchindex` (`elementId`, `attribute`, `fieldId`, `locale`, `keywords`) VALUES ('20', 'field', '23', 'en_gb', ' 171 dobbin rd richhill county armagh bt61 9lw ');
INSERT INTO `di_searchindex` (`elementId`, `attribute`, `fieldId`, `locale`, `keywords`) VALUES ('20', 'field', '14', 'en_gb', '');
INSERT INTO `di_searchindex` (`elementId`, `attribute`, `fieldId`, `locale`, `keywords`) VALUES ('20', 'slug', '0', 'en_gb', ' stonebridge ');
INSERT INTO `di_searchindex` (`elementId`, `attribute`, `fieldId`, `locale`, `keywords`) VALUES ('20', 'title', '0', 'en_gb', ' shops ');
INSERT INTO `di_searchindex` (`elementId`, `attribute`, `fieldId`, `locale`, `keywords`) VALUES ('21', 'filename', '0', 'en_gb', ' tree jpg ');
INSERT INTO `di_searchindex` (`elementId`, `attribute`, `fieldId`, `locale`, `keywords`) VALUES ('4', 'field', '23', 'en_gb', ' experts are divided over whether apple should respond to claims that its new iphone 6 handsets are prone to becoming bent when carried in trouser pockets ');
INSERT INTO `di_searchindex` (`elementId`, `attribute`, `fieldId`, `locale`, `keywords`) VALUES ('21', 'extension', '0', 'en_gb', ' jpg ');
INSERT INTO `di_searchindex` (`elementId`, `attribute`, `fieldId`, `locale`, `keywords`) VALUES ('21', 'kind', '0', 'en_gb', ' image ');
INSERT INTO `di_searchindex` (`elementId`, `attribute`, `fieldId`, `locale`, `keywords`) VALUES ('21', 'slug', '0', 'en_gb', ' tree ');
INSERT INTO `di_searchindex` (`elementId`, `attribute`, `fieldId`, `locale`, `keywords`) VALUES ('21', 'title', '0', 'en_gb', ' tree ');
INSERT INTO `di_searchindex` (`elementId`, `attribute`, `fieldId`, `locale`, `keywords`) VALUES ('22', 'field', '1', 'en_gb', ' contact ');
INSERT INTO `di_searchindex` (`elementId`, `attribute`, `fieldId`, `locale`, `keywords`) VALUES ('22', 'field', '16', 'en_gb', '');
INSERT INTO `di_searchindex` (`elementId`, `attribute`, `fieldId`, `locale`, `keywords`) VALUES ('22', 'field', '17', 'en_gb', ' poster ');
INSERT INTO `di_searchindex` (`elementId`, `attribute`, `fieldId`, `locale`, `keywords`) VALUES ('22', 'field', '23', 'en_gb', ' drop inn ministries 171 dobbin rd richhill county armagh uk bt61 9lw ');
INSERT INTO `di_searchindex` (`elementId`, `attribute`, `fieldId`, `locale`, `keywords`) VALUES ('22', 'field', '14', 'en_gb', '');
INSERT INTO `di_searchindex` (`elementId`, `attribute`, `fieldId`, `locale`, `keywords`) VALUES ('22', 'slug', '0', 'en_gb', ' contact ');
INSERT INTO `di_searchindex` (`elementId`, `attribute`, `fieldId`, `locale`, `keywords`) VALUES ('22', 'title', '0', 'en_gb', ' contact ');
INSERT INTO `di_searchindex` (`elementId`, `attribute`, `fieldId`, `locale`, `keywords`) VALUES ('46', 'field', '48', 'en_gb', ' 1 11 church street portadown craigavon craigavon bt62 1hl uk ');
INSERT INTO `di_searchindex` (`elementId`, `attribute`, `fieldId`, `locale`, `keywords`) VALUES ('3', 'field', '1', 'en_gb', '');
INSERT INTO `di_searchindex` (`elementId`, `attribute`, `fieldId`, `locale`, `keywords`) VALUES ('23', 'field', '25', 'en_gb', ' full ');
INSERT INTO `di_searchindex` (`elementId`, `attribute`, `fieldId`, `locale`, `keywords`) VALUES ('23', 'field', '24', 'en_gb', ' http vimeo com 85111964 ');
INSERT INTO `di_searchindex` (`elementId`, `attribute`, `fieldId`, `locale`, `keywords`) VALUES ('23', 'slug', '0', 'en_gb', '');
INSERT INTO `di_searchindex` (`elementId`, `attribute`, `fieldId`, `locale`, `keywords`) VALUES ('6', 'field', '1', 'en_gb', '');
INSERT INTO `di_searchindex` (`elementId`, `attribute`, `fieldId`, `locale`, `keywords`) VALUES ('24', 'field', '9', 'en_gb', ' nam commodo pulvinar risus sed fermentum ');
INSERT INTO `di_searchindex` (`elementId`, `attribute`, `fieldId`, `locale`, `keywords`) VALUES ('24', 'field', '10', 'en_gb', ' h2 ');
INSERT INTO `di_searchindex` (`elementId`, `attribute`, `fieldId`, `locale`, `keywords`) VALUES ('24', 'slug', '0', 'en_gb', '');
INSERT INTO `di_searchindex` (`elementId`, `attribute`, `fieldId`, `locale`, `keywords`) VALUES ('6', 'field', '23', 'en_gb', ' a landlocked country in africa ');
INSERT INTO `di_searchindex` (`elementId`, `attribute`, `fieldId`, `locale`, `keywords`) VALUES ('6', 'field', '14', 'en_gb', ' lorem ipsum dolor sit amet consectetur adipiscing elit sed do eiusmod tempor incididunt ut labore et dolore magna aliqua ut enim ad minim veniam quis nostrud exercitation ullamco laboris nisi ut aliquip ex ea commodo consequat duis aute irure dolor in reprehenderit in voluptate velit esse cillum dolore eu fugiat nulla pariatur excepteur sint occaecat cupidatat non proident sunt in culpa qui officia deserunt mollit anim id est laborum ');
INSERT INTO `di_searchindex` (`elementId`, `attribute`, `fieldId`, `locale`, `keywords`) VALUES ('6', 'field', '16', 'en_gb', ' burkina faso landscape ');
INSERT INTO `di_searchindex` (`elementId`, `attribute`, `fieldId`, `locale`, `keywords`) VALUES ('6', 'field', '17', 'en_gb', ' background ');
INSERT INTO `di_searchindex` (`elementId`, `attribute`, `fieldId`, `locale`, `keywords`) VALUES ('25', 'filename', '0', 'en_gb', ' burkina faso landscape jpg ');
INSERT INTO `di_searchindex` (`elementId`, `attribute`, `fieldId`, `locale`, `keywords`) VALUES ('25', 'extension', '0', 'en_gb', ' jpg ');
INSERT INTO `di_searchindex` (`elementId`, `attribute`, `fieldId`, `locale`, `keywords`) VALUES ('25', 'kind', '0', 'en_gb', ' image ');
INSERT INTO `di_searchindex` (`elementId`, `attribute`, `fieldId`, `locale`, `keywords`) VALUES ('25', 'slug', '0', 'en_gb', ' burkina faso landscape ');
INSERT INTO `di_searchindex` (`elementId`, `attribute`, `fieldId`, `locale`, `keywords`) VALUES ('25', 'title', '0', 'en_gb', ' burkina faso landscape ');
INSERT INTO `di_searchindex` (`elementId`, `attribute`, `fieldId`, `locale`, `keywords`) VALUES ('4', 'field', '85', 'en_gb', '');
INSERT INTO `di_searchindex` (`elementId`, `attribute`, `fieldId`, `locale`, `keywords`) VALUES ('7', 'field', '1', 'en_gb', '');
INSERT INTO `di_searchindex` (`elementId`, `attribute`, `fieldId`, `locale`, `keywords`) VALUES ('7', 'field', '23', 'en_gb', ' a land of possibilities ');
INSERT INTO `di_searchindex` (`elementId`, `attribute`, `fieldId`, `locale`, `keywords`) VALUES ('7', 'field', '14', 'en_gb', ' ukraine is a country in eastern europe it has an area of 603 628 km making it the largest country entirely within europe ');
INSERT INTO `di_searchindex` (`elementId`, `attribute`, `fieldId`, `locale`, `keywords`) VALUES ('7', 'field', '16', 'en_gb', ' forest hills hut 2745 ');
INSERT INTO `di_searchindex` (`elementId`, `attribute`, `fieldId`, `locale`, `keywords`) VALUES ('7', 'field', '17', 'en_gb', ' background ');
INSERT INTO `di_searchindex` (`elementId`, `attribute`, `fieldId`, `locale`, `keywords`) VALUES ('7', 'field', '2', 'en_gb', '');
INSERT INTO `di_searchindex` (`elementId`, `attribute`, `fieldId`, `locale`, `keywords`) VALUES ('7', 'field', '3', 'en_gb', '');
INSERT INTO `di_searchindex` (`elementId`, `attribute`, `fieldId`, `locale`, `keywords`) VALUES ('67', 'filename', '0', 'en_gb', ' dropinn_1 png ');
INSERT INTO `di_searchindex` (`elementId`, `attribute`, `fieldId`, `locale`, `keywords`) VALUES ('23', 'field', '27', 'en_gb', ' nam commodo pulvinar risus sed fermentum ');
INSERT INTO `di_searchindex` (`elementId`, `attribute`, `fieldId`, `locale`, `keywords`) VALUES ('2', 'field', '23', 'en_gb', '');
INSERT INTO `di_searchindex` (`elementId`, `attribute`, `fieldId`, `locale`, `keywords`) VALUES ('2', 'field', '26', 'en_gb', '');
INSERT INTO `di_searchindex` (`elementId`, `attribute`, `fieldId`, `locale`, `keywords`) VALUES ('4', 'field', '28', 'en_gb', '');
INSERT INTO `di_searchindex` (`elementId`, `attribute`, `fieldId`, `locale`, `keywords`) VALUES ('3', 'field', '28', 'en_gb', '');
INSERT INTO `di_searchindex` (`elementId`, `attribute`, `fieldId`, `locale`, `keywords`) VALUES ('26', 'slug', '0', 'en_gb', ' church ');
INSERT INTO `di_searchindex` (`elementId`, `attribute`, `fieldId`, `locale`, `keywords`) VALUES ('26', 'title', '0', 'en_gb', ' church ');
INSERT INTO `di_searchindex` (`elementId`, `attribute`, `fieldId`, `locale`, `keywords`) VALUES ('26', 'field', '16', 'en_gb', ' church ');
INSERT INTO `di_searchindex` (`elementId`, `attribute`, `fieldId`, `locale`, `keywords`) VALUES ('26', 'field', '2', 'en_gb', ' full morning worship sunday 11 00am morning worship sunday 11 00am evening service 1st 3rd sunday of each month 6 30pm evening service 1st 3rd sunday of each month 6 30pm prayer breakfast monday 7 00am prayer breakfast monday 7 00am midweek cell wednesday 7 30pm midweek cell wednesday 7 30pm ');
INSERT INTO `di_searchindex` (`elementId`, `attribute`, `fieldId`, `locale`, `keywords`) VALUES ('26', 'field', '14', 'en_gb', '');
INSERT INTO `di_searchindex` (`elementId`, `attribute`, `fieldId`, `locale`, `keywords`) VALUES ('26', 'field', '15', 'en_gb', '');
INSERT INTO `di_searchindex` (`elementId`, `attribute`, `fieldId`, `locale`, `keywords`) VALUES ('26', 'field', '17', 'en_gb', ' poster ');
INSERT INTO `di_searchindex` (`elementId`, `attribute`, `fieldId`, `locale`, `keywords`) VALUES ('26', 'field', '1', 'en_gb', ' weekly schedule ');
INSERT INTO `di_searchindex` (`elementId`, `attribute`, `fieldId`, `locale`, `keywords`) VALUES ('26', 'field', '3', 'en_gb', '');
INSERT INTO `di_searchindex` (`elementId`, `attribute`, `fieldId`, `locale`, `keywords`) VALUES ('26', 'field', '28', 'en_gb', '');
INSERT INTO `di_searchindex` (`elementId`, `attribute`, `fieldId`, `locale`, `keywords`) VALUES ('26', 'field', '23', 'en_gb', ' keep an eye on our twitter and facebook page for updates ');
INSERT INTO `di_searchindex` (`elementId`, `attribute`, `fieldId`, `locale`, `keywords`) VALUES ('26', 'field', '26', 'en_gb', '');
INSERT INTO `di_searchindex` (`elementId`, `attribute`, `fieldId`, `locale`, `keywords`) VALUES ('27', 'field', '19', 'en_gb', '');
INSERT INTO `di_searchindex` (`elementId`, `attribute`, `fieldId`, `locale`, `keywords`) VALUES ('27', 'field', '20', 'en_gb', '');
INSERT INTO `di_searchindex` (`elementId`, `attribute`, `fieldId`, `locale`, `keywords`) VALUES ('27', 'field', '21', 'en_gb', ' morning worship sunday 11 00am morning worship sunday 11 00am evening service 1st 3rd sunday of each month 6 30pm evening service 1st 3rd sunday of each month 6 30pm prayer breakfast monday 7 00am prayer breakfast monday 7 00am midweek cell wednesday 7 30pm midweek cell wednesday 7 30pm ');
INSERT INTO `di_searchindex` (`elementId`, `attribute`, `fieldId`, `locale`, `keywords`) VALUES ('27', 'field', '22', 'en_gb', ' full ');
INSERT INTO `di_searchindex` (`elementId`, `attribute`, `fieldId`, `locale`, `keywords`) VALUES ('27', 'slug', '0', 'en_gb', '');
INSERT INTO `di_searchindex` (`elementId`, `attribute`, `fieldId`, `locale`, `keywords`) VALUES ('28', 'filename', '0', 'en_gb', ' church jpg ');
INSERT INTO `di_searchindex` (`elementId`, `attribute`, `fieldId`, `locale`, `keywords`) VALUES ('28', 'extension', '0', 'en_gb', ' jpg ');
INSERT INTO `di_searchindex` (`elementId`, `attribute`, `fieldId`, `locale`, `keywords`) VALUES ('28', 'kind', '0', 'en_gb', ' image ');
INSERT INTO `di_searchindex` (`elementId`, `attribute`, `fieldId`, `locale`, `keywords`) VALUES ('28', 'slug', '0', 'en_gb', ' church ');
INSERT INTO `di_searchindex` (`elementId`, `attribute`, `fieldId`, `locale`, `keywords`) VALUES ('28', 'title', '0', 'en_gb', ' church ');
INSERT INTO `di_searchindex` (`elementId`, `attribute`, `fieldId`, `locale`, `keywords`) VALUES ('20', 'field', '28', 'en_gb', '');
INSERT INTO `di_searchindex` (`elementId`, `attribute`, `fieldId`, `locale`, `keywords`) VALUES ('20', 'field', '2', 'en_gb', '');
INSERT INTO `di_searchindex` (`elementId`, `attribute`, `fieldId`, `locale`, `keywords`) VALUES ('20', 'field', '26', 'en_gb', '');
INSERT INTO `di_searchindex` (`elementId`, `attribute`, `fieldId`, `locale`, `keywords`) VALUES ('29', 'slug', '0', 'en_gb', ' church ');
INSERT INTO `di_searchindex` (`elementId`, `attribute`, `fieldId`, `locale`, `keywords`) VALUES ('29', 'title', '0', 'en_gb', ' church ');
INSERT INTO `di_searchindex` (`elementId`, `attribute`, `fieldId`, `locale`, `keywords`) VALUES ('30', 'slug', '0', 'en_gb', ' grace community ');
INSERT INTO `di_searchindex` (`elementId`, `attribute`, `fieldId`, `locale`, `keywords`) VALUES ('30', 'title', '0', 'en_gb', ' grace community ');
INSERT INTO `di_searchindex` (`elementId`, `attribute`, `fieldId`, `locale`, `keywords`) VALUES ('31', 'slug', '0', 'en_gb', ' schedule ');
INSERT INTO `di_searchindex` (`elementId`, `attribute`, `fieldId`, `locale`, `keywords`) VALUES ('31', 'title', '0', 'en_gb', ' schedule ');
INSERT INTO `di_searchindex` (`elementId`, `attribute`, `fieldId`, `locale`, `keywords`) VALUES ('32', 'field', '1', 'en_gb', ' weekly schedule ');
INSERT INTO `di_searchindex` (`elementId`, `attribute`, `fieldId`, `locale`, `keywords`) VALUES ('32', 'field', '16', 'en_gb', '');
INSERT INTO `di_searchindex` (`elementId`, `attribute`, `fieldId`, `locale`, `keywords`) VALUES ('32', 'field', '15', 'en_gb', '');
INSERT INTO `di_searchindex` (`elementId`, `attribute`, `fieldId`, `locale`, `keywords`) VALUES ('32', 'field', '2', 'en_gb', ' full morning worship sundays 11 00am morning worship sundays 11 00am evening service 1st and 3rd sunday 6 30pm evening service 1st and 3rd sunday 6 30pm prayer breakfast mondays 7 00am prayer breakfast mondays 7 00am midweek cell wednesdays 7 30pm midweek cell wednesdays 7 30pm ');
INSERT INTO `di_searchindex` (`elementId`, `attribute`, `fieldId`, `locale`, `keywords`) VALUES ('32', 'field', '3', 'en_gb', '');
INSERT INTO `di_searchindex` (`elementId`, `attribute`, `fieldId`, `locale`, `keywords`) VALUES ('32', 'field', '17', 'en_gb', ' photo ');
INSERT INTO `di_searchindex` (`elementId`, `attribute`, `fieldId`, `locale`, `keywords`) VALUES ('32', 'field', '23', 'en_gb', ' keep an eye on our twitter and facebook page for updates ');
INSERT INTO `di_searchindex` (`elementId`, `attribute`, `fieldId`, `locale`, `keywords`) VALUES ('32', 'field', '28', 'en_gb', '');
INSERT INTO `di_searchindex` (`elementId`, `attribute`, `fieldId`, `locale`, `keywords`) VALUES ('32', 'field', '14', 'en_gb', '');
INSERT INTO `di_searchindex` (`elementId`, `attribute`, `fieldId`, `locale`, `keywords`) VALUES ('32', 'field', '26', 'en_gb', '');
INSERT INTO `di_searchindex` (`elementId`, `attribute`, `fieldId`, `locale`, `keywords`) VALUES ('32', 'slug', '0', 'en_gb', ' schedule ');
INSERT INTO `di_searchindex` (`elementId`, `attribute`, `fieldId`, `locale`, `keywords`) VALUES ('32', 'title', '0', 'en_gb', ' schedule ');
INSERT INTO `di_searchindex` (`elementId`, `attribute`, `fieldId`, `locale`, `keywords`) VALUES ('33', 'field', '19', 'en_gb', '');
INSERT INTO `di_searchindex` (`elementId`, `attribute`, `fieldId`, `locale`, `keywords`) VALUES ('33', 'field', '20', 'en_gb', '');
INSERT INTO `di_searchindex` (`elementId`, `attribute`, `fieldId`, `locale`, `keywords`) VALUES ('33', 'field', '21', 'en_gb', ' morning worship sundays 11 00am morning worship sundays 11 00am evening service 1st and 3rd sunday 6 30pm evening service 1st and 3rd sunday 6 30pm prayer breakfast mondays 7 00am prayer breakfast mondays 7 00am midweek cell wednesdays 7 30pm midweek cell wednesdays 7 30pm ');
INSERT INTO `di_searchindex` (`elementId`, `attribute`, `fieldId`, `locale`, `keywords`) VALUES ('33', 'field', '22', 'en_gb', ' full ');
INSERT INTO `di_searchindex` (`elementId`, `attribute`, `fieldId`, `locale`, `keywords`) VALUES ('33', 'slug', '0', 'en_gb', '');
INSERT INTO `di_searchindex` (`elementId`, `attribute`, `fieldId`, `locale`, `keywords`) VALUES ('29', 'field', '1', 'en_gb', ' grace community church ');
INSERT INTO `di_searchindex` (`elementId`, `attribute`, `fieldId`, `locale`, `keywords`) VALUES ('29', 'field', '16', 'en_gb', '');
INSERT INTO `di_searchindex` (`elementId`, `attribute`, `fieldId`, `locale`, `keywords`) VALUES ('29', 'field', '15', 'en_gb', '');
INSERT INTO `di_searchindex` (`elementId`, `attribute`, `fieldId`, `locale`, `keywords`) VALUES ('29', 'field', '2', 'en_gb', '');
INSERT INTO `di_searchindex` (`elementId`, `attribute`, `fieldId`, `locale`, `keywords`) VALUES ('29', 'field', '3', 'en_gb', '');
INSERT INTO `di_searchindex` (`elementId`, `attribute`, `fieldId`, `locale`, `keywords`) VALUES ('29', 'field', '17', 'en_gb', ' fill ');
INSERT INTO `di_searchindex` (`elementId`, `attribute`, `fieldId`, `locale`, `keywords`) VALUES ('29', 'field', '23', 'en_gb', '');
INSERT INTO `di_searchindex` (`elementId`, `attribute`, `fieldId`, `locale`, `keywords`) VALUES ('29', 'field', '28', 'en_gb', '');
INSERT INTO `di_searchindex` (`elementId`, `attribute`, `fieldId`, `locale`, `keywords`) VALUES ('29', 'field', '14', 'en_gb', '');
INSERT INTO `di_searchindex` (`elementId`, `attribute`, `fieldId`, `locale`, `keywords`) VALUES ('29', 'field', '26', 'en_gb', '');
INSERT INTO `di_searchindex` (`elementId`, `attribute`, `fieldId`, `locale`, `keywords`) VALUES ('30', 'field', '1', 'en_gb', ' grace community church ');
INSERT INTO `di_searchindex` (`elementId`, `attribute`, `fieldId`, `locale`, `keywords`) VALUES ('30', 'field', '16', 'en_gb', '');
INSERT INTO `di_searchindex` (`elementId`, `attribute`, `fieldId`, `locale`, `keywords`) VALUES ('30', 'field', '15', 'en_gb', '');
INSERT INTO `di_searchindex` (`elementId`, `attribute`, `fieldId`, `locale`, `keywords`) VALUES ('30', 'field', '2', 'en_gb', '');
INSERT INTO `di_searchindex` (`elementId`, `attribute`, `fieldId`, `locale`, `keywords`) VALUES ('30', 'field', '3', 'en_gb', '');
INSERT INTO `di_searchindex` (`elementId`, `attribute`, `fieldId`, `locale`, `keywords`) VALUES ('30', 'field', '17', 'en_gb', ' poster ');
INSERT INTO `di_searchindex` (`elementId`, `attribute`, `fieldId`, `locale`, `keywords`) VALUES ('30', 'field', '23', 'en_gb', ' everybody welcome ');
INSERT INTO `di_searchindex` (`elementId`, `attribute`, `fieldId`, `locale`, `keywords`) VALUES ('30', 'field', '28', 'en_gb', '');
INSERT INTO `di_searchindex` (`elementId`, `attribute`, `fieldId`, `locale`, `keywords`) VALUES ('30', 'field', '14', 'en_gb', '');
INSERT INTO `di_searchindex` (`elementId`, `attribute`, `fieldId`, `locale`, `keywords`) VALUES ('30', 'field', '26', 'en_gb', '');
INSERT INTO `di_searchindex` (`elementId`, `attribute`, `fieldId`, `locale`, `keywords`) VALUES ('29', 'field', '29', 'en_gb', ' _layout church ');
INSERT INTO `di_searchindex` (`elementId`, `attribute`, `fieldId`, `locale`, `keywords`) VALUES ('32', 'field', '29', 'en_gb', ' _layout church ');
INSERT INTO `di_searchindex` (`elementId`, `attribute`, `fieldId`, `locale`, `keywords`) VALUES ('30', 'field', '29', 'en_gb', ' _layout church ');
INSERT INTO `di_searchindex` (`elementId`, `attribute`, `fieldId`, `locale`, `keywords`) VALUES ('34', 'field', '1', 'en_gb', '');
INSERT INTO `di_searchindex` (`elementId`, `attribute`, `fieldId`, `locale`, `keywords`) VALUES ('34', 'field', '2', 'en_gb', '');
INSERT INTO `di_searchindex` (`elementId`, `attribute`, `fieldId`, `locale`, `keywords`) VALUES ('34', 'field', '29', 'en_gb', ' _layout ');
INSERT INTO `di_searchindex` (`elementId`, `attribute`, `fieldId`, `locale`, `keywords`) VALUES ('34', 'field', '15', 'en_gb', '');
INSERT INTO `di_searchindex` (`elementId`, `attribute`, `fieldId`, `locale`, `keywords`) VALUES ('34', 'field', '16', 'en_gb', '');
INSERT INTO `di_searchindex` (`elementId`, `attribute`, `fieldId`, `locale`, `keywords`) VALUES ('34', 'field', '28', 'en_gb', '');
INSERT INTO `di_searchindex` (`elementId`, `attribute`, `fieldId`, `locale`, `keywords`) VALUES ('34', 'field', '23', 'en_gb', ' live music at tin house coffee ');
INSERT INTO `di_searchindex` (`elementId`, `attribute`, `fieldId`, `locale`, `keywords`) VALUES ('34', 'field', '17', 'en_gb', ' photo ');
INSERT INTO `di_searchindex` (`elementId`, `attribute`, `fieldId`, `locale`, `keywords`) VALUES ('34', 'field', '3', 'en_gb', '');
INSERT INTO `di_searchindex` (`elementId`, `attribute`, `fieldId`, `locale`, `keywords`) VALUES ('34', 'field', '26', 'en_gb', '');
INSERT INTO `di_searchindex` (`elementId`, `attribute`, `fieldId`, `locale`, `keywords`) VALUES ('34', 'field', '30', 'en_gb', ' 2014 09 19 ');
INSERT INTO `di_searchindex` (`elementId`, `attribute`, `fieldId`, `locale`, `keywords`) VALUES ('34', 'field', '31', 'en_gb', ' 2014 09 19 ');
INSERT INTO `di_searchindex` (`elementId`, `attribute`, `fieldId`, `locale`, `keywords`) VALUES ('34', 'field', '14', 'en_gb', '');
INSERT INTO `di_searchindex` (`elementId`, `attribute`, `fieldId`, `locale`, `keywords`) VALUES ('34', 'slug', '0', 'en_gb', ' acoustic night ');
INSERT INTO `di_searchindex` (`elementId`, `attribute`, `fieldId`, `locale`, `keywords`) VALUES ('34', 'title', '0', 'en_gb', ' acoustic night ');
INSERT INTO `di_searchindex` (`elementId`, `attribute`, `fieldId`, `locale`, `keywords`) VALUES ('36', 'field', '1', 'en_gb', '');
INSERT INTO `di_searchindex` (`elementId`, `attribute`, `fieldId`, `locale`, `keywords`) VALUES ('36', 'field', '2', 'en_gb', '');
INSERT INTO `di_searchindex` (`elementId`, `attribute`, `fieldId`, `locale`, `keywords`) VALUES ('36', 'field', '29', 'en_gb', ' _layout tinhouse ');
INSERT INTO `di_searchindex` (`elementId`, `attribute`, `fieldId`, `locale`, `keywords`) VALUES ('36', 'field', '15', 'en_gb', '');
INSERT INTO `di_searchindex` (`elementId`, `attribute`, `fieldId`, `locale`, `keywords`) VALUES ('36', 'field', '16', 'en_gb', ' tree ');
INSERT INTO `di_searchindex` (`elementId`, `attribute`, `fieldId`, `locale`, `keywords`) VALUES ('36', 'field', '28', 'en_gb', ' 1 ');
INSERT INTO `di_searchindex` (`elementId`, `attribute`, `fieldId`, `locale`, `keywords`) VALUES ('36', 'field', '23', 'en_gb', ' live at tin house coffee ');
INSERT INTO `di_searchindex` (`elementId`, `attribute`, `fieldId`, `locale`, `keywords`) VALUES ('36', 'field', '17', 'en_gb', ' poster ');
INSERT INTO `di_searchindex` (`elementId`, `attribute`, `fieldId`, `locale`, `keywords`) VALUES ('36', 'field', '3', 'en_gb', '');
INSERT INTO `di_searchindex` (`elementId`, `attribute`, `fieldId`, `locale`, `keywords`) VALUES ('36', 'field', '26', 'en_gb', '');
INSERT INTO `di_searchindex` (`elementId`, `attribute`, `fieldId`, `locale`, `keywords`) VALUES ('36', 'field', '30', 'en_gb', ' 2014 09 19 ');
INSERT INTO `di_searchindex` (`elementId`, `attribute`, `fieldId`, `locale`, `keywords`) VALUES ('36', 'field', '31', 'en_gb', ' 2014 09 19 ');
INSERT INTO `di_searchindex` (`elementId`, `attribute`, `fieldId`, `locale`, `keywords`) VALUES ('36', 'field', '14', 'en_gb', ' in poor communities children often die before they reach the age of five and malaria and malnutrition are some of the leading causes this gift could provide training to 80 community health workers in burundi to prevent and treat children with illnesses and help to save their lives community health workers are a vital part of the community as they treat sick children in their local village quickly which can be vital in saving the life of a child suffering from malnutrition or malaria ');
INSERT INTO `di_searchindex` (`elementId`, `attribute`, `fieldId`, `locale`, `keywords`) VALUES ('36', 'slug', '0', 'en_gb', ' acoustic night ');
INSERT INTO `di_searchindex` (`elementId`, `attribute`, `fieldId`, `locale`, `keywords`) VALUES ('36', 'title', '0', 'en_gb', ' acoustic night ');
INSERT INTO `di_searchindex` (`elementId`, `attribute`, `fieldId`, `locale`, `keywords`) VALUES ('37', 'slug', '0', 'en_gb', ' tin house ');
INSERT INTO `di_searchindex` (`elementId`, `attribute`, `fieldId`, `locale`, `keywords`) VALUES ('37', 'title', '0', 'en_gb', ' tin house portadown ');
INSERT INTO `di_searchindex` (`elementId`, `attribute`, `fieldId`, `locale`, `keywords`) VALUES ('38', 'slug', '0', 'en_gb', ' tin house ');
INSERT INTO `di_searchindex` (`elementId`, `attribute`, `fieldId`, `locale`, `keywords`) VALUES ('38', 'title', '0', 'en_gb', ' tin house ');
INSERT INTO `di_searchindex` (`elementId`, `attribute`, `fieldId`, `locale`, `keywords`) VALUES ('39', 'slug', '0', 'en_gb', ' ronnie dawson ');
INSERT INTO `di_searchindex` (`elementId`, `attribute`, `fieldId`, `locale`, `keywords`) VALUES ('39', 'title', '0', 'en_gb', ' ronnie dawson ');
INSERT INTO `di_searchindex` (`elementId`, `attribute`, `fieldId`, `locale`, `keywords`) VALUES ('40', 'slug', '0', 'en_gb', ' director ');
INSERT INTO `di_searchindex` (`elementId`, `attribute`, `fieldId`, `locale`, `keywords`) VALUES ('40', 'title', '0', 'en_gb', ' director ');
INSERT INTO `di_searchindex` (`elementId`, `attribute`, `fieldId`, `locale`, `keywords`) VALUES ('41', 'slug', '0', 'en_gb', ' ministries ');
INSERT INTO `di_searchindex` (`elementId`, `attribute`, `fieldId`, `locale`, `keywords`) VALUES ('41', 'title', '0', 'en_gb', ' drop inn ministries ');
INSERT INTO `di_searchindex` (`elementId`, `attribute`, `fieldId`, `locale`, `keywords`) VALUES ('42', 'slug', '0', 'en_gb', ' church ');
INSERT INTO `di_searchindex` (`elementId`, `attribute`, `fieldId`, `locale`, `keywords`) VALUES ('42', 'title', '0', 'en_gb', ' grace community church ');
INSERT INTO `di_searchindex` (`elementId`, `attribute`, `fieldId`, `locale`, `keywords`) VALUES ('40', 'field', '15', 'en_gb', '');
INSERT INTO `di_searchindex` (`elementId`, `attribute`, `fieldId`, `locale`, `keywords`) VALUES ('40', 'field', '32', 'en_gb', '');
INSERT INTO `di_searchindex` (`elementId`, `attribute`, `fieldId`, `locale`, `keywords`) VALUES ('40', 'field', '34', 'en_gb', '');
INSERT INTO `di_searchindex` (`elementId`, `attribute`, `fieldId`, `locale`, `keywords`) VALUES ('89', 'field', '15', 'en_gb', '');
INSERT INTO `di_searchindex` (`elementId`, `attribute`, `fieldId`, `locale`, `keywords`) VALUES ('39', 'field', '1', 'en_gb', ' ronnie dawson ');
INSERT INTO `di_searchindex` (`elementId`, `attribute`, `fieldId`, `locale`, `keywords`) VALUES ('39', 'field', '2', 'en_gb', ' full telephone 028 3833 1234 telephone 028 3833 1234 twitter ronniedawson twitter ronniedawson ');
INSERT INTO `di_searchindex` (`elementId`, `attribute`, `fieldId`, `locale`, `keywords`) VALUES ('39', 'field', '15', 'en_gb', ' burkina faso ');
INSERT INTO `di_searchindex` (`elementId`, `attribute`, `fieldId`, `locale`, `keywords`) VALUES ('39', 'field', '16', 'en_gb', ' 36522 tabby kitten white background ');
INSERT INTO `di_searchindex` (`elementId`, `attribute`, `fieldId`, `locale`, `keywords`) VALUES ('39', 'field', '32', 'en_gb', '');
INSERT INTO `di_searchindex` (`elementId`, `attribute`, `fieldId`, `locale`, `keywords`) VALUES ('39', 'field', '28', 'en_gb', ' 1 ');
INSERT INTO `di_searchindex` (`elementId`, `attribute`, `fieldId`, `locale`, `keywords`) VALUES ('39', 'field', '23', 'en_gb', ' director drop inn ministries ');
INSERT INTO `di_searchindex` (`elementId`, `attribute`, `fieldId`, `locale`, `keywords`) VALUES ('39', 'field', '17', 'en_gb', ' poster ');
INSERT INTO `di_searchindex` (`elementId`, `attribute`, `fieldId`, `locale`, `keywords`) VALUES ('39', 'field', '26', 'en_gb', '');
INSERT INTO `di_searchindex` (`elementId`, `attribute`, `fieldId`, `locale`, `keywords`) VALUES ('39', 'field', '14', 'en_gb', ' lorem ipsum dolor sit amet consectetur adipiscing elit sed do eiusmod tempor incididunt ut labore et dolore magna aliqua ut enim ad minim veniam quis nostrud exercitation ullamco laboris nisi ut aliquip ex ea commodo consequat duis aute irure dolor in reprehenderit in voluptate velit esse cillum dolore eu fugiat nulla pariatur excepteur sint occaecat cupidatat non proident sunt in culpa qui officia deserunt mollit anim id est laborum ');
INSERT INTO `di_searchindex` (`elementId`, `attribute`, `fieldId`, `locale`, `keywords`) VALUES ('39', 'field', '34', 'en_gb', ' ministries ');
INSERT INTO `di_searchindex` (`elementId`, `attribute`, `fieldId`, `locale`, `keywords`) VALUES ('39', 'field', '33', 'en_gb', ' director ');
INSERT INTO `di_searchindex` (`elementId`, `attribute`, `fieldId`, `locale`, `keywords`) VALUES ('39', 'field', '3', 'en_gb', '');
INSERT INTO `di_searchindex` (`elementId`, `attribute`, `fieldId`, `locale`, `keywords`) VALUES ('39', 'field', '35', 'en_gb', ' ukraine news shade latest news in ukraine contact shade you might also like ');
INSERT INTO `di_searchindex` (`elementId`, `attribute`, `fieldId`, `locale`, `keywords`) VALUES ('43', 'field', '36', 'en_gb', ' latest news in ukraine ');
INSERT INTO `di_searchindex` (`elementId`, `attribute`, `fieldId`, `locale`, `keywords`) VALUES ('43', 'field', '37', 'en_gb', ' news ');
INSERT INTO `di_searchindex` (`elementId`, `attribute`, `fieldId`, `locale`, `keywords`) VALUES ('43', 'field', '38', 'en_gb', ' ukraine ');
INSERT INTO `di_searchindex` (`elementId`, `attribute`, `fieldId`, `locale`, `keywords`) VALUES ('43', 'field', '39', 'en_gb', '');
INSERT INTO `di_searchindex` (`elementId`, `attribute`, `fieldId`, `locale`, `keywords`) VALUES ('43', 'field', '40', 'en_gb', '');
INSERT INTO `di_searchindex` (`elementId`, `attribute`, `fieldId`, `locale`, `keywords`) VALUES ('43', 'field', '41', 'en_gb', '');
INSERT INTO `di_searchindex` (`elementId`, `attribute`, `fieldId`, `locale`, `keywords`) VALUES ('43', 'slug', '0', 'en_gb', '');
INSERT INTO `di_searchindex` (`elementId`, `attribute`, `fieldId`, `locale`, `keywords`) VALUES ('4', 'field', '44', 'en_gb', ' david mcbride ');
INSERT INTO `di_searchindex` (`elementId`, `attribute`, `fieldId`, `locale`, `keywords`) VALUES ('44', 'field', '42', 'en_gb', ' you might also like ');
INSERT INTO `di_searchindex` (`elementId`, `attribute`, `fieldId`, `locale`, `keywords`) VALUES ('44', 'field', '43', 'en_gb', ' contact ');
INSERT INTO `di_searchindex` (`elementId`, `attribute`, `fieldId`, `locale`, `keywords`) VALUES ('44', 'slug', '0', 'en_gb', '');
INSERT INTO `di_searchindex` (`elementId`, `attribute`, `fieldId`, `locale`, `keywords`) VALUES ('43', 'field', '45', 'en_gb', ' shade ');
INSERT INTO `di_searchindex` (`elementId`, `attribute`, `fieldId`, `locale`, `keywords`) VALUES ('44', 'field', '46', 'en_gb', ' shade ');
INSERT INTO `di_searchindex` (`elementId`, `attribute`, `fieldId`, `locale`, `keywords`) VALUES ('3', 'field', '44', 'en_gb', '');
INSERT INTO `di_searchindex` (`elementId`, `attribute`, `fieldId`, `locale`, `keywords`) VALUES ('36', 'field', '32', 'en_gb', ' tin house portadown ');
INSERT INTO `di_searchindex` (`elementId`, `attribute`, `fieldId`, `locale`, `keywords`) VALUES ('36', 'field', '34', 'en_gb', ' tin house ');
INSERT INTO `di_searchindex` (`elementId`, `attribute`, `fieldId`, `locale`, `keywords`) VALUES ('36', 'field', '47', 'en_gb', '');
INSERT INTO `di_searchindex` (`elementId`, `attribute`, `fieldId`, `locale`, `keywords`) VALUES ('45', 'field', '9', 'en_gb', ' location tin house coffee portadown ');
INSERT INTO `di_searchindex` (`elementId`, `attribute`, `fieldId`, `locale`, `keywords`) VALUES ('45', 'field', '10', 'en_gb', ' h2 ');
INSERT INTO `di_searchindex` (`elementId`, `attribute`, `fieldId`, `locale`, `keywords`) VALUES ('45', 'slug', '0', 'en_gb', '');
INSERT INTO `di_searchindex` (`elementId`, `attribute`, `fieldId`, `locale`, `keywords`) VALUES ('46', 'field', '49', 'en_gb', ' full ');
INSERT INTO `di_searchindex` (`elementId`, `attribute`, `fieldId`, `locale`, `keywords`) VALUES ('46', 'slug', '0', 'en_gb', '');
INSERT INTO `di_searchindex` (`elementId`, `attribute`, `fieldId`, `locale`, `keywords`) VALUES ('47', 'field', '48', 'en_gb', ' 4 breagh lane portadown craigavon craigavon bt63 5lu uk ');
INSERT INTO `di_searchindex` (`elementId`, `attribute`, `fieldId`, `locale`, `keywords`) VALUES ('37', 'field', '23', 'en_gb', '');
INSERT INTO `di_searchindex` (`elementId`, `attribute`, `fieldId`, `locale`, `keywords`) VALUES ('37', 'field', '14', 'en_gb', '');
INSERT INTO `di_searchindex` (`elementId`, `attribute`, `fieldId`, `locale`, `keywords`) VALUES ('37', 'field', '16', 'en_gb', '');
INSERT INTO `di_searchindex` (`elementId`, `attribute`, `fieldId`, `locale`, `keywords`) VALUES ('37', 'field', '50', 'en_gb', ' 16a church street portadown armagh bt62 3ln united kingdom 16a church street portadown armagh bt62 3ln united kingdom ');
INSERT INTO `di_searchindex` (`elementId`, `attribute`, `fieldId`, `locale`, `keywords`) VALUES ('37', 'field', '34', 'en_gb', ' tin house ');
INSERT INTO `di_searchindex` (`elementId`, `attribute`, `fieldId`, `locale`, `keywords`) VALUES ('37', 'field', '15', 'en_gb', '');
INSERT INTO `di_searchindex` (`elementId`, `attribute`, `fieldId`, `locale`, `keywords`) VALUES ('47', 'field', '49', 'en_gb', ' inset ');
INSERT INTO `di_searchindex` (`elementId`, `attribute`, `fieldId`, `locale`, `keywords`) VALUES ('47', 'slug', '0', 'en_gb', '');
INSERT INTO `di_searchindex` (`elementId`, `attribute`, `fieldId`, `locale`, `keywords`) VALUES ('50', 'field', '29', 'en_gb', ' _layout tinhouse ');
INSERT INTO `di_searchindex` (`elementId`, `attribute`, `fieldId`, `locale`, `keywords`) VALUES ('48', 'slug', '0', 'en_gb', ' kenya roast ');
INSERT INTO `di_searchindex` (`elementId`, `attribute`, `fieldId`, `locale`, `keywords`) VALUES ('48', 'title', '0', 'en_gb', ' kenya roast ');
INSERT INTO `di_searchindex` (`elementId`, `attribute`, `fieldId`, `locale`, `keywords`) VALUES ('48', 'field', '44', 'en_gb', '');
INSERT INTO `di_searchindex` (`elementId`, `attribute`, `fieldId`, `locale`, `keywords`) VALUES ('48', 'field', '29', 'en_gb', ' _layout tinhouse ');
INSERT INTO `di_searchindex` (`elementId`, `attribute`, `fieldId`, `locale`, `keywords`) VALUES ('48', 'field', '14', 'en_gb', ' and big awash with a full bodied juiciness that makes it instantly recognizable to its many many fans these qualities are all true of our kenya coffee you can recognize kenya through its tell tale citrus flavours grapefruit most often but sometimes lemon and sometimes tart orange there s a sparkle to this coffee a bright acidity that makes it so refreshing to drink in fact it s a terrific iced coffee on a hot summer day ');
INSERT INTO `di_searchindex` (`elementId`, `attribute`, `fieldId`, `locale`, `keywords`) VALUES ('48', 'field', '15', 'en_gb', '');
INSERT INTO `di_searchindex` (`elementId`, `attribute`, `fieldId`, `locale`, `keywords`) VALUES ('48', 'field', '16', 'en_gb', ' coffee beans1 ');
INSERT INTO `di_searchindex` (`elementId`, `attribute`, `fieldId`, `locale`, `keywords`) VALUES ('48', 'field', '32', 'en_gb', ' tin house portadown ');
INSERT INTO `di_searchindex` (`elementId`, `attribute`, `fieldId`, `locale`, `keywords`) VALUES ('48', 'field', '1', 'en_gb', '');
INSERT INTO `di_searchindex` (`elementId`, `attribute`, `fieldId`, `locale`, `keywords`) VALUES ('48', 'field', '17', 'en_gb', ' photo ');
INSERT INTO `di_searchindex` (`elementId`, `attribute`, `fieldId`, `locale`, `keywords`) VALUES ('48', 'field', '2', 'en_gb', '');
INSERT INTO `di_searchindex` (`elementId`, `attribute`, `fieldId`, `locale`, `keywords`) VALUES ('48', 'field', '26', 'en_gb', '');
INSERT INTO `di_searchindex` (`elementId`, `attribute`, `fieldId`, `locale`, `keywords`) VALUES ('48', 'field', '28', 'en_gb', '');
INSERT INTO `di_searchindex` (`elementId`, `attribute`, `fieldId`, `locale`, `keywords`) VALUES ('48', 'field', '34', 'en_gb', ' tin house ');
INSERT INTO `di_searchindex` (`elementId`, `attribute`, `fieldId`, `locale`, `keywords`) VALUES ('48', 'field', '23', 'en_gb', ' light and fruity ');
INSERT INTO `di_searchindex` (`elementId`, `attribute`, `fieldId`, `locale`, `keywords`) VALUES ('48', 'field', '33', 'en_gb', '');
INSERT INTO `di_searchindex` (`elementId`, `attribute`, `fieldId`, `locale`, `keywords`) VALUES ('48', 'field', '3', 'en_gb', '');
INSERT INTO `di_searchindex` (`elementId`, `attribute`, `fieldId`, `locale`, `keywords`) VALUES ('49', 'field', '1', 'en_gb', '');
INSERT INTO `di_searchindex` (`elementId`, `attribute`, `fieldId`, `locale`, `keywords`) VALUES ('49', 'field', '23', 'en_gb', '');
INSERT INTO `di_searchindex` (`elementId`, `attribute`, `fieldId`, `locale`, `keywords`) VALUES ('49', 'field', '14', 'en_gb', '');
INSERT INTO `di_searchindex` (`elementId`, `attribute`, `fieldId`, `locale`, `keywords`) VALUES ('49', 'field', '16', 'en_gb', '');
INSERT INTO `di_searchindex` (`elementId`, `attribute`, `fieldId`, `locale`, `keywords`) VALUES ('49', 'field', '17', 'en_gb', '');
INSERT INTO `di_searchindex` (`elementId`, `attribute`, `fieldId`, `locale`, `keywords`) VALUES ('49', 'field', '34', 'en_gb', '');
INSERT INTO `di_searchindex` (`elementId`, `attribute`, `fieldId`, `locale`, `keywords`) VALUES ('49', 'field', '32', 'en_gb', '');
INSERT INTO `di_searchindex` (`elementId`, `attribute`, `fieldId`, `locale`, `keywords`) VALUES ('49', 'field', '3', 'en_gb', '');
INSERT INTO `di_searchindex` (`elementId`, `attribute`, `fieldId`, `locale`, `keywords`) VALUES ('49', 'slug', '0', 'en_gb', '');
INSERT INTO `di_searchindex` (`elementId`, `attribute`, `fieldId`, `locale`, `keywords`) VALUES ('49', 'title', '0', 'en_gb', ' food and drink ');
INSERT INTO `di_searchindex` (`elementId`, `attribute`, `fieldId`, `locale`, `keywords`) VALUES ('50', 'field', '1', 'en_gb', '');
INSERT INTO `di_searchindex` (`elementId`, `attribute`, `fieldId`, `locale`, `keywords`) VALUES ('50', 'field', '23', 'en_gb', ' coffee from around the world ');
INSERT INTO `di_searchindex` (`elementId`, `attribute`, `fieldId`, `locale`, `keywords`) VALUES ('50', 'field', '14', 'en_gb', '');
INSERT INTO `di_searchindex` (`elementId`, `attribute`, `fieldId`, `locale`, `keywords`) VALUES ('50', 'field', '16', 'en_gb', ' coffee beans1 ');
INSERT INTO `di_searchindex` (`elementId`, `attribute`, `fieldId`, `locale`, `keywords`) VALUES ('50', 'field', '17', 'en_gb', ' poster ');
INSERT INTO `di_searchindex` (`elementId`, `attribute`, `fieldId`, `locale`, `keywords`) VALUES ('50', 'field', '34', 'en_gb', ' tin house ');
INSERT INTO `di_searchindex` (`elementId`, `attribute`, `fieldId`, `locale`, `keywords`) VALUES ('50', 'field', '32', 'en_gb', ' tin house portadown ');
INSERT INTO `di_searchindex` (`elementId`, `attribute`, `fieldId`, `locale`, `keywords`) VALUES ('50', 'field', '3', 'en_gb', '');
INSERT INTO `di_searchindex` (`elementId`, `attribute`, `fieldId`, `locale`, `keywords`) VALUES ('50', 'slug', '0', 'en_gb', ' coffee ');
INSERT INTO `di_searchindex` (`elementId`, `attribute`, `fieldId`, `locale`, `keywords`) VALUES ('50', 'title', '0', 'en_gb', ' coffee ');
INSERT INTO `di_searchindex` (`elementId`, `attribute`, `fieldId`, `locale`, `keywords`) VALUES ('48', 'field', '53', 'en_gb', ' food and drink coffee ');
INSERT INTO `di_searchindex` (`elementId`, `attribute`, `fieldId`, `locale`, `keywords`) VALUES ('51', 'filename', '0', 'en_gb', ' coffee beans1 jpg ');
INSERT INTO `di_searchindex` (`elementId`, `attribute`, `fieldId`, `locale`, `keywords`) VALUES ('51', 'extension', '0', 'en_gb', ' jpg ');
INSERT INTO `di_searchindex` (`elementId`, `attribute`, `fieldId`, `locale`, `keywords`) VALUES ('51', 'kind', '0', 'en_gb', ' image ');
INSERT INTO `di_searchindex` (`elementId`, `attribute`, `fieldId`, `locale`, `keywords`) VALUES ('51', 'slug', '0', 'en_gb', ' coffee beans1 ');
INSERT INTO `di_searchindex` (`elementId`, `attribute`, `fieldId`, `locale`, `keywords`) VALUES ('51', 'title', '0', 'en_gb', ' coffee beans1 ');
INSERT INTO `di_searchindex` (`elementId`, `attribute`, `fieldId`, `locale`, `keywords`) VALUES ('52', 'filename', '0', 'en_gb', ' coffee beans1 jpg ');
INSERT INTO `di_searchindex` (`elementId`, `attribute`, `fieldId`, `locale`, `keywords`) VALUES ('52', 'extension', '0', 'en_gb', ' jpg ');
INSERT INTO `di_searchindex` (`elementId`, `attribute`, `fieldId`, `locale`, `keywords`) VALUES ('52', 'kind', '0', 'en_gb', ' image ');
INSERT INTO `di_searchindex` (`elementId`, `attribute`, `fieldId`, `locale`, `keywords`) VALUES ('52', 'slug', '0', 'en_gb', '');
INSERT INTO `di_searchindex` (`elementId`, `attribute`, `fieldId`, `locale`, `keywords`) VALUES ('52', 'title', '0', 'en_gb', ' coffee beans1 ');
INSERT INTO `di_searchindex` (`elementId`, `attribute`, `fieldId`, `locale`, `keywords`) VALUES ('48', 'field', '54', 'en_gb', ' 3 50 3 40 4 00 beans 1 1 3 50 3 40 4 00 beans 1 1 3 50 3 40 4 00 ground 1 3 50 3 40 4 00 ground 1 ');
INSERT INTO `di_searchindex` (`elementId`, `attribute`, `fieldId`, `locale`, `keywords`) VALUES ('53', 'field', '1', 'en_gb', '');
INSERT INTO `di_searchindex` (`elementId`, `attribute`, `fieldId`, `locale`, `keywords`) VALUES ('53', 'field', '16', 'en_gb', '');
INSERT INTO `di_searchindex` (`elementId`, `attribute`, `fieldId`, `locale`, `keywords`) VALUES ('53', 'field', '44', 'en_gb', '');
INSERT INTO `di_searchindex` (`elementId`, `attribute`, `fieldId`, `locale`, `keywords`) VALUES ('53', 'field', '53', 'en_gb', ' food and drink coffee ');
INSERT INTO `di_searchindex` (`elementId`, `attribute`, `fieldId`, `locale`, `keywords`) VALUES ('53', 'field', '29', 'en_gb', ' _layout tinhouse ');
INSERT INTO `di_searchindex` (`elementId`, `attribute`, `fieldId`, `locale`, `keywords`) VALUES ('53', 'field', '15', 'en_gb', '');
INSERT INTO `di_searchindex` (`elementId`, `attribute`, `fieldId`, `locale`, `keywords`) VALUES ('53', 'field', '2', 'en_gb', '');
INSERT INTO `di_searchindex` (`elementId`, `attribute`, `fieldId`, `locale`, `keywords`) VALUES ('53', 'field', '17', 'en_gb', ' poster ');
INSERT INTO `di_searchindex` (`elementId`, `attribute`, `fieldId`, `locale`, `keywords`) VALUES ('53', 'field', '23', 'en_gb', '');
INSERT INTO `di_searchindex` (`elementId`, `attribute`, `fieldId`, `locale`, `keywords`) VALUES ('53', 'field', '32', 'en_gb', '');
INSERT INTO `di_searchindex` (`elementId`, `attribute`, `fieldId`, `locale`, `keywords`) VALUES ('53', 'field', '28', 'en_gb', '');
INSERT INTO `di_searchindex` (`elementId`, `attribute`, `fieldId`, `locale`, `keywords`) VALUES ('53', 'field', '26', 'en_gb', '');
INSERT INTO `di_searchindex` (`elementId`, `attribute`, `fieldId`, `locale`, `keywords`) VALUES ('53', 'field', '14', 'en_gb', ' and big awash with a full bodied juiciness that makes it instantly recognizable to its many many fans these qualities are all true of our kenya coffee you can recognize kenya through its tell tale citrus flavours grapefruit most often but sometimes lemon and sometimes tart orange there s a sparkle to this coffee a bright acidity that makes it so refreshing to drink in fact it s a terrific iced coffee on a hot summer day ');
INSERT INTO `di_searchindex` (`elementId`, `attribute`, `fieldId`, `locale`, `keywords`) VALUES ('53', 'field', '34', 'en_gb', '');
INSERT INTO `di_searchindex` (`elementId`, `attribute`, `fieldId`, `locale`, `keywords`) VALUES ('53', 'field', '54', 'en_gb', ' 3 50 gbp 1 1 3 50 gbp 1 1 ');
INSERT INTO `di_searchindex` (`elementId`, `attribute`, `fieldId`, `locale`, `keywords`) VALUES ('53', 'field', '33', 'en_gb', '');
INSERT INTO `di_searchindex` (`elementId`, `attribute`, `fieldId`, `locale`, `keywords`) VALUES ('53', 'field', '3', 'en_gb', '');
INSERT INTO `di_searchindex` (`elementId`, `attribute`, `fieldId`, `locale`, `keywords`) VALUES ('53', 'slug', '0', 'en_gb', ' rwanda roast ');
INSERT INTO `di_searchindex` (`elementId`, `attribute`, `fieldId`, `locale`, `keywords`) VALUES ('53', 'title', '0', 'en_gb', ' rwanda roast ');
INSERT INTO `di_searchindex` (`elementId`, `attribute`, `fieldId`, `locale`, `keywords`) VALUES ('37', 'field', '29', 'en_gb', ' _layout tinhouse ');
INSERT INTO `di_searchindex` (`elementId`, `attribute`, `fieldId`, `locale`, `keywords`) VALUES ('54', 'field', '1', 'en_gb', ' tin house coffee ');
INSERT INTO `di_searchindex` (`elementId`, `attribute`, `fieldId`, `locale`, `keywords`) VALUES ('54', 'field', '16', 'en_gb', '');
INSERT INTO `di_searchindex` (`elementId`, `attribute`, `fieldId`, `locale`, `keywords`) VALUES ('54', 'field', '15', 'en_gb', '');
INSERT INTO `di_searchindex` (`elementId`, `attribute`, `fieldId`, `locale`, `keywords`) VALUES ('54', 'field', '2', 'en_gb', '');
INSERT INTO `di_searchindex` (`elementId`, `attribute`, `fieldId`, `locale`, `keywords`) VALUES ('54', 'field', '3', 'en_gb', '');
INSERT INTO `di_searchindex` (`elementId`, `attribute`, `fieldId`, `locale`, `keywords`) VALUES ('54', 'field', '17', 'en_gb', ' background ');
INSERT INTO `di_searchindex` (`elementId`, `attribute`, `fieldId`, `locale`, `keywords`) VALUES ('54', 'field', '23', 'en_gb', '');
INSERT INTO `di_searchindex` (`elementId`, `attribute`, `fieldId`, `locale`, `keywords`) VALUES ('54', 'field', '28', 'en_gb', '');
INSERT INTO `di_searchindex` (`elementId`, `attribute`, `fieldId`, `locale`, `keywords`) VALUES ('54', 'field', '14', 'en_gb', ' a cosy coffee shop in the centre of portadown serving the best coffee in town courtesy of ristretto coffee and delicious teas milkshakes as well as tasty sandwiches cakes buns you name it we re open monday to saturday with late opening on friday check out our menu ');
INSERT INTO `di_searchindex` (`elementId`, `attribute`, `fieldId`, `locale`, `keywords`) VALUES ('54', 'field', '26', 'en_gb', '');
INSERT INTO `di_searchindex` (`elementId`, `attribute`, `fieldId`, `locale`, `keywords`) VALUES ('54', 'field', '29', 'en_gb', ' _layout tinhouse ');
INSERT INTO `di_searchindex` (`elementId`, `attribute`, `fieldId`, `locale`, `keywords`) VALUES ('54', 'slug', '0', 'en_gb', ' tin house ');
INSERT INTO `di_searchindex` (`elementId`, `attribute`, `fieldId`, `locale`, `keywords`) VALUES ('54', 'title', '0', 'en_gb', ' tin house ');
INSERT INTO `di_searchindex` (`elementId`, `attribute`, `fieldId`, `locale`, `keywords`) VALUES ('54', 'field', '35', 'en_gb', ' news events tin house divider what s happening at tin house products tin house food and drink coffee divider coffee ');
INSERT INTO `di_searchindex` (`elementId`, `attribute`, `fieldId`, `locale`, `keywords`) VALUES ('54', 'field', '32', 'en_gb', ' tin house portadown ');
INSERT INTO `di_searchindex` (`elementId`, `attribute`, `fieldId`, `locale`, `keywords`) VALUES ('54', 'field', '34', 'en_gb', '');
INSERT INTO `di_searchindex` (`elementId`, `attribute`, `fieldId`, `locale`, `keywords`) VALUES ('54', 'field', '53', 'en_gb', '');
INSERT INTO `di_searchindex` (`elementId`, `attribute`, `fieldId`, `locale`, `keywords`) VALUES ('54', 'field', '33', 'en_gb', '');
INSERT INTO `di_searchindex` (`elementId`, `attribute`, `fieldId`, `locale`, `keywords`) VALUES ('55', 'field', '36', 'en_gb', ' coffee ');
INSERT INTO `di_searchindex` (`elementId`, `attribute`, `fieldId`, `locale`, `keywords`) VALUES ('55', 'field', '45', 'en_gb', ' divider ');
INSERT INTO `di_searchindex` (`elementId`, `attribute`, `fieldId`, `locale`, `keywords`) VALUES ('55', 'field', '37', 'en_gb', ' products ');
INSERT INTO `di_searchindex` (`elementId`, `attribute`, `fieldId`, `locale`, `keywords`) VALUES ('55', 'field', '38', 'en_gb', '');
INSERT INTO `di_searchindex` (`elementId`, `attribute`, `fieldId`, `locale`, `keywords`) VALUES ('55', 'field', '39', 'en_gb', '');
INSERT INTO `di_searchindex` (`elementId`, `attribute`, `fieldId`, `locale`, `keywords`) VALUES ('55', 'field', '40', 'en_gb', ' tin house ');
INSERT INTO `di_searchindex` (`elementId`, `attribute`, `fieldId`, `locale`, `keywords`) VALUES ('55', 'field', '41', 'en_gb', '');
INSERT INTO `di_searchindex` (`elementId`, `attribute`, `fieldId`, `locale`, `keywords`) VALUES ('55', 'field', '55', 'en_gb', ' food and drink coffee ');
INSERT INTO `di_searchindex` (`elementId`, `attribute`, `fieldId`, `locale`, `keywords`) VALUES ('55', 'slug', '0', 'en_gb', '');
INSERT INTO `di_searchindex` (`elementId`, `attribute`, `fieldId`, `locale`, `keywords`) VALUES ('29', 'field', '35', 'en_gb', '');
INSERT INTO `di_searchindex` (`elementId`, `attribute`, `fieldId`, `locale`, `keywords`) VALUES ('29', 'field', '32', 'en_gb', '');
INSERT INTO `di_searchindex` (`elementId`, `attribute`, `fieldId`, `locale`, `keywords`) VALUES ('29', 'field', '34', 'en_gb', '');
INSERT INTO `di_searchindex` (`elementId`, `attribute`, `fieldId`, `locale`, `keywords`) VALUES ('29', 'field', '53', 'en_gb', '');
INSERT INTO `di_searchindex` (`elementId`, `attribute`, `fieldId`, `locale`, `keywords`) VALUES ('29', 'field', '33', 'en_gb', '');
INSERT INTO `di_searchindex` (`elementId`, `attribute`, `fieldId`, `locale`, `keywords`) VALUES ('30', 'field', '35', 'en_gb', ' events grace community church church divider upcoming events news articles grace community church church divider interesting reads ');
INSERT INTO `di_searchindex` (`elementId`, `attribute`, `fieldId`, `locale`, `keywords`) VALUES ('30', 'field', '32', 'en_gb', ' grace community church ');
INSERT INTO `di_searchindex` (`elementId`, `attribute`, `fieldId`, `locale`, `keywords`) VALUES ('30', 'field', '34', 'en_gb', ' church ');
INSERT INTO `di_searchindex` (`elementId`, `attribute`, `fieldId`, `locale`, `keywords`) VALUES ('30', 'field', '53', 'en_gb', '');
INSERT INTO `di_searchindex` (`elementId`, `attribute`, `fieldId`, `locale`, `keywords`) VALUES ('30', 'field', '33', 'en_gb', '');
INSERT INTO `di_searchindex` (`elementId`, `attribute`, `fieldId`, `locale`, `keywords`) VALUES ('32', 'field', '35', 'en_gb', '');
INSERT INTO `di_searchindex` (`elementId`, `attribute`, `fieldId`, `locale`, `keywords`) VALUES ('32', 'field', '32', 'en_gb', '');
INSERT INTO `di_searchindex` (`elementId`, `attribute`, `fieldId`, `locale`, `keywords`) VALUES ('32', 'field', '34', 'en_gb', '');
INSERT INTO `di_searchindex` (`elementId`, `attribute`, `fieldId`, `locale`, `keywords`) VALUES ('32', 'field', '53', 'en_gb', '');
INSERT INTO `di_searchindex` (`elementId`, `attribute`, `fieldId`, `locale`, `keywords`) VALUES ('32', 'field', '33', 'en_gb', '');
INSERT INTO `di_searchindex` (`elementId`, `attribute`, `fieldId`, `locale`, `keywords`) VALUES ('56', 'field', '36', 'en_gb', ' what s happening at tin house ');
INSERT INTO `di_searchindex` (`elementId`, `attribute`, `fieldId`, `locale`, `keywords`) VALUES ('56', 'field', '45', 'en_gb', ' divider ');
INSERT INTO `di_searchindex` (`elementId`, `attribute`, `fieldId`, `locale`, `keywords`) VALUES ('56', 'field', '37', 'en_gb', ' news events ');
INSERT INTO `di_searchindex` (`elementId`, `attribute`, `fieldId`, `locale`, `keywords`) VALUES ('56', 'field', '38', 'en_gb', '');
INSERT INTO `di_searchindex` (`elementId`, `attribute`, `fieldId`, `locale`, `keywords`) VALUES ('56', 'field', '39', 'en_gb', '');
INSERT INTO `di_searchindex` (`elementId`, `attribute`, `fieldId`, `locale`, `keywords`) VALUES ('56', 'field', '40', 'en_gb', ' tin house ');
INSERT INTO `di_searchindex` (`elementId`, `attribute`, `fieldId`, `locale`, `keywords`) VALUES ('56', 'field', '41', 'en_gb', '');
INSERT INTO `di_searchindex` (`elementId`, `attribute`, `fieldId`, `locale`, `keywords`) VALUES ('56', 'field', '55', 'en_gb', '');
INSERT INTO `di_searchindex` (`elementId`, `attribute`, `fieldId`, `locale`, `keywords`) VALUES ('56', 'slug', '0', 'en_gb', '');
INSERT INTO `di_searchindex` (`elementId`, `attribute`, `fieldId`, `locale`, `keywords`) VALUES ('66', 'filename', '0', 'en_gb', ' dropinn_1 png ');
INSERT INTO `di_searchindex` (`elementId`, `attribute`, `fieldId`, `locale`, `keywords`) VALUES ('54', 'field', '63', 'en_gb', ' 323137 ');
INSERT INTO `di_searchindex` (`elementId`, `attribute`, `fieldId`, `locale`, `keywords`) VALUES ('32', 'field', '63', 'en_gb', ' none ');
INSERT INTO `di_searchindex` (`elementId`, `attribute`, `fieldId`, `locale`, `keywords`) VALUES ('6', 'field', '2', 'en_gb', '');
INSERT INTO `di_searchindex` (`elementId`, `attribute`, `fieldId`, `locale`, `keywords`) VALUES ('6', 'field', '3', 'en_gb', '');
INSERT INTO `di_searchindex` (`elementId`, `attribute`, `fieldId`, `locale`, `keywords`) VALUES ('57', 'field', '56', 'en_gb', ' burkina faso landscape coffee beans1 forest hills hut 2745 tree ');
INSERT INTO `di_searchindex` (`elementId`, `attribute`, `fieldId`, `locale`, `keywords`) VALUES ('57', 'field', '57', 'en_gb', ' look at this ');
INSERT INTO `di_searchindex` (`elementId`, `attribute`, `fieldId`, `locale`, `keywords`) VALUES ('57', 'field', '58', 'en_gb', ' inset ');
INSERT INTO `di_searchindex` (`elementId`, `attribute`, `fieldId`, `locale`, `keywords`) VALUES ('57', 'slug', '0', 'en_gb', '');
INSERT INTO `di_searchindex` (`elementId`, `attribute`, `fieldId`, `locale`, `keywords`) VALUES ('58', 'field', '59', 'en_gb', '');
INSERT INTO `di_searchindex` (`elementId`, `attribute`, `fieldId`, `locale`, `keywords`) VALUES ('58', 'field', '60', 'en_gb', ' full ');
INSERT INTO `di_searchindex` (`elementId`, `attribute`, `fieldId`, `locale`, `keywords`) VALUES ('58', 'field', '61', 'en_gb', ' listen ');
INSERT INTO `di_searchindex` (`elementId`, `attribute`, `fieldId`, `locale`, `keywords`) VALUES ('58', 'slug', '0', 'en_gb', '');
INSERT INTO `di_searchindex` (`elementId`, `attribute`, `fieldId`, `locale`, `keywords`) VALUES ('59', 'filename', '0', 'en_gb', ' african girl sad jpg ');
INSERT INTO `di_searchindex` (`elementId`, `attribute`, `fieldId`, `locale`, `keywords`) VALUES ('59', 'extension', '0', 'en_gb', ' jpg ');
INSERT INTO `di_searchindex` (`elementId`, `attribute`, `fieldId`, `locale`, `keywords`) VALUES ('59', 'kind', '0', 'en_gb', ' image ');
INSERT INTO `di_searchindex` (`elementId`, `attribute`, `fieldId`, `locale`, `keywords`) VALUES ('59', 'slug', '0', 'en_gb', '');
INSERT INTO `di_searchindex` (`elementId`, `attribute`, `fieldId`, `locale`, `keywords`) VALUES ('59', 'title', '0', 'en_gb', ' african girl sad ');
INSERT INTO `di_searchindex` (`elementId`, `attribute`, `fieldId`, `locale`, `keywords`) VALUES ('15', 'field', '94', 'en_gb', ' burkina faso ');
INSERT INTO `di_searchindex` (`elementId`, `attribute`, `fieldId`, `locale`, `keywords`) VALUES ('15', 'field', '95', 'en_gb', '');
INSERT INTO `di_searchindex` (`elementId`, `attribute`, `fieldId`, `locale`, `keywords`) VALUES ('4', 'field', '29', 'en_gb', ' _layout ');
INSERT INTO `di_searchindex` (`elementId`, `attribute`, `fieldId`, `locale`, `keywords`) VALUES ('4', 'field', '32', 'en_gb', '');
INSERT INTO `di_searchindex` (`elementId`, `attribute`, `fieldId`, `locale`, `keywords`) VALUES ('4', 'field', '34', 'en_gb', ' grace community church ');
INSERT INTO `di_searchindex` (`elementId`, `attribute`, `fieldId`, `locale`, `keywords`) VALUES ('60', 'filename', '0', 'en_gb', ' church png ');
INSERT INTO `di_searchindex` (`elementId`, `attribute`, `fieldId`, `locale`, `keywords`) VALUES ('60', 'extension', '0', 'en_gb', ' png ');
INSERT INTO `di_searchindex` (`elementId`, `attribute`, `fieldId`, `locale`, `keywords`) VALUES ('60', 'kind', '0', 'en_gb', ' image ');
INSERT INTO `di_searchindex` (`elementId`, `attribute`, `fieldId`, `locale`, `keywords`) VALUES ('60', 'slug', '0', 'en_gb', ' church ');
INSERT INTO `di_searchindex` (`elementId`, `attribute`, `fieldId`, `locale`, `keywords`) VALUES ('60', 'title', '0', 'en_gb', ' church ');
INSERT INTO `di_searchindex` (`elementId`, `attribute`, `fieldId`, `locale`, `keywords`) VALUES ('4', 'field', '62', 'en_gb', '');
INSERT INTO `di_searchindex` (`elementId`, `attribute`, `fieldId`, `locale`, `keywords`) VALUES ('29', 'field', '62', 'en_gb', ' church ');
INSERT INTO `di_searchindex` (`elementId`, `attribute`, `fieldId`, `locale`, `keywords`) VALUES ('61', 'filename', '0', 'en_gb', ' dropinn png ');
INSERT INTO `di_searchindex` (`elementId`, `attribute`, `fieldId`, `locale`, `keywords`) VALUES ('61', 'extension', '0', 'en_gb', ' png ');
INSERT INTO `di_searchindex` (`elementId`, `attribute`, `fieldId`, `locale`, `keywords`) VALUES ('61', 'kind', '0', 'en_gb', ' image ');
INSERT INTO `di_searchindex` (`elementId`, `attribute`, `fieldId`, `locale`, `keywords`) VALUES ('61', 'slug', '0', 'en_gb', ' dropinn ');
INSERT INTO `di_searchindex` (`elementId`, `attribute`, `fieldId`, `locale`, `keywords`) VALUES ('61', 'title', '0', 'en_gb', ' dropinn ');
INSERT INTO `di_searchindex` (`elementId`, `attribute`, `fieldId`, `locale`, `keywords`) VALUES ('2', 'field', '29', 'en_gb', ' _layout ');
INSERT INTO `di_searchindex` (`elementId`, `attribute`, `fieldId`, `locale`, `keywords`) VALUES ('2', 'field', '62', 'en_gb', ' dropinn ');
INSERT INTO `di_searchindex` (`elementId`, `attribute`, `fieldId`, `locale`, `keywords`) VALUES ('62', 'filename', '0', 'en_gb', ' dropinn_1 png ');
INSERT INTO `di_searchindex` (`elementId`, `attribute`, `fieldId`, `locale`, `keywords`) VALUES ('62', 'extension', '0', 'en_gb', ' png ');
INSERT INTO `di_searchindex` (`elementId`, `attribute`, `fieldId`, `locale`, `keywords`) VALUES ('62', 'kind', '0', 'en_gb', ' image ');
INSERT INTO `di_searchindex` (`elementId`, `attribute`, `fieldId`, `locale`, `keywords`) VALUES ('62', 'slug', '0', 'en_gb', '');
INSERT INTO `di_searchindex` (`elementId`, `attribute`, `fieldId`, `locale`, `keywords`) VALUES ('62', 'title', '0', 'en_gb', ' dropinn 1 ');
INSERT INTO `di_searchindex` (`elementId`, `attribute`, `fieldId`, `locale`, `keywords`) VALUES ('63', 'filename', '0', 'en_gb', ' dropinn_1 png ');
INSERT INTO `di_searchindex` (`elementId`, `attribute`, `fieldId`, `locale`, `keywords`) VALUES ('63', 'extension', '0', 'en_gb', ' png ');
INSERT INTO `di_searchindex` (`elementId`, `attribute`, `fieldId`, `locale`, `keywords`) VALUES ('63', 'kind', '0', 'en_gb', ' image ');
INSERT INTO `di_searchindex` (`elementId`, `attribute`, `fieldId`, `locale`, `keywords`) VALUES ('63', 'slug', '0', 'en_gb', '');
INSERT INTO `di_searchindex` (`elementId`, `attribute`, `fieldId`, `locale`, `keywords`) VALUES ('63', 'title', '0', 'en_gb', ' dropinn 1 ');
INSERT INTO `di_searchindex` (`elementId`, `attribute`, `fieldId`, `locale`, `keywords`) VALUES ('64', 'filename', '0', 'en_gb', ' dropinn_1 png ');
INSERT INTO `di_searchindex` (`elementId`, `attribute`, `fieldId`, `locale`, `keywords`) VALUES ('64', 'extension', '0', 'en_gb', ' png ');
INSERT INTO `di_searchindex` (`elementId`, `attribute`, `fieldId`, `locale`, `keywords`) VALUES ('64', 'kind', '0', 'en_gb', ' image ');
INSERT INTO `di_searchindex` (`elementId`, `attribute`, `fieldId`, `locale`, `keywords`) VALUES ('64', 'slug', '0', 'en_gb', '');
INSERT INTO `di_searchindex` (`elementId`, `attribute`, `fieldId`, `locale`, `keywords`) VALUES ('64', 'title', '0', 'en_gb', ' dropinn 1 ');
INSERT INTO `di_searchindex` (`elementId`, `attribute`, `fieldId`, `locale`, `keywords`) VALUES ('65', 'filename', '0', 'en_gb', ' tinhouse png ');
INSERT INTO `di_searchindex` (`elementId`, `attribute`, `fieldId`, `locale`, `keywords`) VALUES ('65', 'extension', '0', 'en_gb', ' png ');
INSERT INTO `di_searchindex` (`elementId`, `attribute`, `fieldId`, `locale`, `keywords`) VALUES ('65', 'kind', '0', 'en_gb', ' image ');
INSERT INTO `di_searchindex` (`elementId`, `attribute`, `fieldId`, `locale`, `keywords`) VALUES ('65', 'slug', '0', 'en_gb', '');
INSERT INTO `di_searchindex` (`elementId`, `attribute`, `fieldId`, `locale`, `keywords`) VALUES ('65', 'title', '0', 'en_gb', ' tinhouse ');
INSERT INTO `di_searchindex` (`elementId`, `attribute`, `fieldId`, `locale`, `keywords`) VALUES ('54', 'field', '62', 'en_gb', ' tinhouse ');
INSERT INTO `di_searchindex` (`elementId`, `attribute`, `fieldId`, `locale`, `keywords`) VALUES ('66', 'extension', '0', 'en_gb', ' png ');
INSERT INTO `di_searchindex` (`elementId`, `attribute`, `fieldId`, `locale`, `keywords`) VALUES ('66', 'kind', '0', 'en_gb', ' image ');
INSERT INTO `di_searchindex` (`elementId`, `attribute`, `fieldId`, `locale`, `keywords`) VALUES ('66', 'slug', '0', 'en_gb', '');
INSERT INTO `di_searchindex` (`elementId`, `attribute`, `fieldId`, `locale`, `keywords`) VALUES ('66', 'title', '0', 'en_gb', ' dropinn 1 ');
INSERT INTO `di_searchindex` (`elementId`, `attribute`, `fieldId`, `locale`, `keywords`) VALUES ('67', 'extension', '0', 'en_gb', ' png ');
INSERT INTO `di_searchindex` (`elementId`, `attribute`, `fieldId`, `locale`, `keywords`) VALUES ('67', 'kind', '0', 'en_gb', ' image ');
INSERT INTO `di_searchindex` (`elementId`, `attribute`, `fieldId`, `locale`, `keywords`) VALUES ('67', 'slug', '0', 'en_gb', '');
INSERT INTO `di_searchindex` (`elementId`, `attribute`, `fieldId`, `locale`, `keywords`) VALUES ('67', 'title', '0', 'en_gb', ' dropinn 1 ');
INSERT INTO `di_searchindex` (`elementId`, `attribute`, `fieldId`, `locale`, `keywords`) VALUES ('29', 'field', '63', 'en_gb', ' tertiary ');
INSERT INTO `di_searchindex` (`elementId`, `attribute`, `fieldId`, `locale`, `keywords`) VALUES ('68', 'filename', '0', 'en_gb', ' church_1 png ');
INSERT INTO `di_searchindex` (`elementId`, `attribute`, `fieldId`, `locale`, `keywords`) VALUES ('68', 'extension', '0', 'en_gb', ' png ');
INSERT INTO `di_searchindex` (`elementId`, `attribute`, `fieldId`, `locale`, `keywords`) VALUES ('68', 'kind', '0', 'en_gb', ' image ');
INSERT INTO `di_searchindex` (`elementId`, `attribute`, `fieldId`, `locale`, `keywords`) VALUES ('68', 'slug', '0', 'en_gb', '');
INSERT INTO `di_searchindex` (`elementId`, `attribute`, `fieldId`, `locale`, `keywords`) VALUES ('68', 'title', '0', 'en_gb', ' church 1 ');
INSERT INTO `di_searchindex` (`elementId`, `attribute`, `fieldId`, `locale`, `keywords`) VALUES ('32', 'field', '62', 'en_gb', '');
INSERT INTO `di_searchindex` (`elementId`, `attribute`, `fieldId`, `locale`, `keywords`) VALUES ('22', 'field', '29', 'en_gb', ' _layout ');
INSERT INTO `di_searchindex` (`elementId`, `attribute`, `fieldId`, `locale`, `keywords`) VALUES ('22', 'field', '62', 'en_gb', ' dropinn ');
INSERT INTO `di_searchindex` (`elementId`, `attribute`, `fieldId`, `locale`, `keywords`) VALUES ('22', 'field', '63', 'en_gb', ' secondary ');
INSERT INTO `di_searchindex` (`elementId`, `attribute`, `fieldId`, `locale`, `keywords`) VALUES ('69', 'filename', '0', 'en_gb', ' dropinn_1 png ');
INSERT INTO `di_searchindex` (`elementId`, `attribute`, `fieldId`, `locale`, `keywords`) VALUES ('69', 'extension', '0', 'en_gb', ' png ');
INSERT INTO `di_searchindex` (`elementId`, `attribute`, `fieldId`, `locale`, `keywords`) VALUES ('69', 'kind', '0', 'en_gb', ' image ');
INSERT INTO `di_searchindex` (`elementId`, `attribute`, `fieldId`, `locale`, `keywords`) VALUES ('69', 'slug', '0', 'en_gb', '');
INSERT INTO `di_searchindex` (`elementId`, `attribute`, `fieldId`, `locale`, `keywords`) VALUES ('69', 'title', '0', 'en_gb', ' dropinn 1 ');
INSERT INTO `di_searchindex` (`elementId`, `attribute`, `fieldId`, `locale`, `keywords`) VALUES ('70', 'filename', '0', 'en_gb', ' church w60pc png ');
INSERT INTO `di_searchindex` (`elementId`, `attribute`, `fieldId`, `locale`, `keywords`) VALUES ('70', 'extension', '0', 'en_gb', ' png ');
INSERT INTO `di_searchindex` (`elementId`, `attribute`, `fieldId`, `locale`, `keywords`) VALUES ('70', 'kind', '0', 'en_gb', ' image ');
INSERT INTO `di_searchindex` (`elementId`, `attribute`, `fieldId`, `locale`, `keywords`) VALUES ('70', 'slug', '0', 'en_gb', '');
INSERT INTO `di_searchindex` (`elementId`, `attribute`, `fieldId`, `locale`, `keywords`) VALUES ('70', 'title', '0', 'en_gb', ' church w60pc ');
INSERT INTO `di_searchindex` (`elementId`, `attribute`, `fieldId`, `locale`, `keywords`) VALUES ('4', 'field', '63', 'en_gb', ' 610065 ');
INSERT INTO `di_searchindex` (`elementId`, `attribute`, `fieldId`, `locale`, `keywords`) VALUES ('71', 'filename', '0', 'en_gb', ' church pridevhumility png ');
INSERT INTO `di_searchindex` (`elementId`, `attribute`, `fieldId`, `locale`, `keywords`) VALUES ('71', 'extension', '0', 'en_gb', ' png ');
INSERT INTO `di_searchindex` (`elementId`, `attribute`, `fieldId`, `locale`, `keywords`) VALUES ('71', 'kind', '0', 'en_gb', ' image ');
INSERT INTO `di_searchindex` (`elementId`, `attribute`, `fieldId`, `locale`, `keywords`) VALUES ('71', 'slug', '0', 'en_gb', ' church pridevhumility ');
INSERT INTO `di_searchindex` (`elementId`, `attribute`, `fieldId`, `locale`, `keywords`) VALUES ('71', 'title', '0', 'en_gb', ' church pridevhumility ');
INSERT INTO `di_searchindex` (`elementId`, `attribute`, `fieldId`, `locale`, `keywords`) VALUES ('3', 'field', '85', 'en_gb', ' poster postertitle showrelated ');
INSERT INTO `di_searchindex` (`elementId`, `attribute`, `fieldId`, `locale`, `keywords`) VALUES ('72', 'filename', '0', 'en_gb', ' church pridevhumility_1 png ');
INSERT INTO `di_searchindex` (`elementId`, `attribute`, `fieldId`, `locale`, `keywords`) VALUES ('72', 'extension', '0', 'en_gb', ' png ');
INSERT INTO `di_searchindex` (`elementId`, `attribute`, `fieldId`, `locale`, `keywords`) VALUES ('72', 'kind', '0', 'en_gb', ' image ');
INSERT INTO `di_searchindex` (`elementId`, `attribute`, `fieldId`, `locale`, `keywords`) VALUES ('72', 'slug', '0', 'en_gb', '');
INSERT INTO `di_searchindex` (`elementId`, `attribute`, `fieldId`, `locale`, `keywords`) VALUES ('72', 'title', '0', 'en_gb', ' church pridevhumility 1 ');
INSERT INTO `di_searchindex` (`elementId`, `attribute`, `fieldId`, `locale`, `keywords`) VALUES ('73', 'filename', '0', 'en_gb', ' church pridevhumility_1 png ');
INSERT INTO `di_searchindex` (`elementId`, `attribute`, `fieldId`, `locale`, `keywords`) VALUES ('73', 'extension', '0', 'en_gb', ' png ');
INSERT INTO `di_searchindex` (`elementId`, `attribute`, `fieldId`, `locale`, `keywords`) VALUES ('73', 'kind', '0', 'en_gb', ' image ');
INSERT INTO `di_searchindex` (`elementId`, `attribute`, `fieldId`, `locale`, `keywords`) VALUES ('73', 'slug', '0', 'en_gb', '');
INSERT INTO `di_searchindex` (`elementId`, `attribute`, `fieldId`, `locale`, `keywords`) VALUES ('73', 'title', '0', 'en_gb', ' church pridevhumility 1 ');
INSERT INTO `di_searchindex` (`elementId`, `attribute`, `fieldId`, `locale`, `keywords`) VALUES ('74', 'filename', '0', 'en_gb', ' dropinn_1 png ');
INSERT INTO `di_searchindex` (`elementId`, `attribute`, `fieldId`, `locale`, `keywords`) VALUES ('74', 'extension', '0', 'en_gb', ' png ');
INSERT INTO `di_searchindex` (`elementId`, `attribute`, `fieldId`, `locale`, `keywords`) VALUES ('74', 'kind', '0', 'en_gb', ' image ');
INSERT INTO `di_searchindex` (`elementId`, `attribute`, `fieldId`, `locale`, `keywords`) VALUES ('74', 'slug', '0', 'en_gb', '');
INSERT INTO `di_searchindex` (`elementId`, `attribute`, `fieldId`, `locale`, `keywords`) VALUES ('74', 'title', '0', 'en_gb', ' dropinn 1 ');
INSERT INTO `di_searchindex` (`elementId`, `attribute`, `fieldId`, `locale`, `keywords`) VALUES ('48', 'field', '63', 'en_gb', ' 9b99a4 ');
INSERT INTO `di_searchindex` (`elementId`, `attribute`, `fieldId`, `locale`, `keywords`) VALUES ('48', 'field', '62', 'en_gb', '');
INSERT INTO `di_searchindex` (`elementId`, `attribute`, `fieldId`, `locale`, `keywords`) VALUES ('53', 'field', '63', 'en_gb', ' 9b99a4 ');
INSERT INTO `di_searchindex` (`elementId`, `attribute`, `fieldId`, `locale`, `keywords`) VALUES ('53', 'field', '62', 'en_gb', ' tinhouse ');
INSERT INTO `di_searchindex` (`elementId`, `attribute`, `fieldId`, `locale`, `keywords`) VALUES ('75', 'field', '1', 'en_gb', '');
INSERT INTO `di_searchindex` (`elementId`, `attribute`, `fieldId`, `locale`, `keywords`) VALUES ('75', 'field', '16', 'en_gb', ' church ');
INSERT INTO `di_searchindex` (`elementId`, `attribute`, `fieldId`, `locale`, `keywords`) VALUES ('75', 'field', '15', 'en_gb', '');
INSERT INTO `di_searchindex` (`elementId`, `attribute`, `fieldId`, `locale`, `keywords`) VALUES ('75', 'field', '2', 'en_gb', '');
INSERT INTO `di_searchindex` (`elementId`, `attribute`, `fieldId`, `locale`, `keywords`) VALUES ('75', 'field', '29', 'en_gb', ' _layout church ');
INSERT INTO `di_searchindex` (`elementId`, `attribute`, `fieldId`, `locale`, `keywords`) VALUES ('75', 'field', '32', 'en_gb', ' grace community church ');
INSERT INTO `di_searchindex` (`elementId`, `attribute`, `fieldId`, `locale`, `keywords`) VALUES ('75', 'field', '17', 'en_gb', ' poster ');
INSERT INTO `di_searchindex` (`elementId`, `attribute`, `fieldId`, `locale`, `keywords`) VALUES ('75', 'field', '23', 'en_gb', ' pride v humility ');
INSERT INTO `di_searchindex` (`elementId`, `attribute`, `fieldId`, `locale`, `keywords`) VALUES ('75', 'field', '28', 'en_gb', '');
INSERT INTO `di_searchindex` (`elementId`, `attribute`, `fieldId`, `locale`, `keywords`) VALUES ('75', 'field', '34', 'en_gb', ' church ');
INSERT INTO `di_searchindex` (`elementId`, `attribute`, `fieldId`, `locale`, `keywords`) VALUES ('75', 'field', '30', 'en_gb', ' 2014 09 21 ');
INSERT INTO `di_searchindex` (`elementId`, `attribute`, `fieldId`, `locale`, `keywords`) VALUES ('75', 'field', '26', 'en_gb', '');
INSERT INTO `di_searchindex` (`elementId`, `attribute`, `fieldId`, `locale`, `keywords`) VALUES ('75', 'field', '31', 'en_gb', ' 2014 09 21 ');
INSERT INTO `di_searchindex` (`elementId`, `attribute`, `fieldId`, `locale`, `keywords`) VALUES ('75', 'field', '3', 'en_gb', '');
INSERT INTO `di_searchindex` (`elementId`, `attribute`, `fieldId`, `locale`, `keywords`) VALUES ('75', 'field', '47', 'en_gb', '');
INSERT INTO `di_searchindex` (`elementId`, `attribute`, `fieldId`, `locale`, `keywords`) VALUES ('75', 'field', '14', 'en_gb', ' pastor neil dawson concludes the mini series on pride v humility ');
INSERT INTO `di_searchindex` (`elementId`, `attribute`, `fieldId`, `locale`, `keywords`) VALUES ('75', 'slug', '0', 'en_gb', ' morning worship ');
INSERT INTO `di_searchindex` (`elementId`, `attribute`, `fieldId`, `locale`, `keywords`) VALUES ('75', 'title', '0', 'en_gb', ' morning worship ');
INSERT INTO `di_searchindex` (`elementId`, `attribute`, `fieldId`, `locale`, `keywords`) VALUES ('76', 'field', '23', 'en_gb', '');
INSERT INTO `di_searchindex` (`elementId`, `attribute`, `fieldId`, `locale`, `keywords`) VALUES ('76', 'field', '14', 'en_gb', '');
INSERT INTO `di_searchindex` (`elementId`, `attribute`, `fieldId`, `locale`, `keywords`) VALUES ('76', 'field', '16', 'en_gb', ' church ');
INSERT INTO `di_searchindex` (`elementId`, `attribute`, `fieldId`, `locale`, `keywords`) VALUES ('76', 'field', '50', 'en_gb', ' 171 dobbin rd richhill armagh bt61 9lw 171 dobbin rd richhill armagh bt61 9lw ');
INSERT INTO `di_searchindex` (`elementId`, `attribute`, `fieldId`, `locale`, `keywords`) VALUES ('76', 'field', '34', 'en_gb', ' church ');
INSERT INTO `di_searchindex` (`elementId`, `attribute`, `fieldId`, `locale`, `keywords`) VALUES ('76', 'field', '15', 'en_gb', '');
INSERT INTO `di_searchindex` (`elementId`, `attribute`, `fieldId`, `locale`, `keywords`) VALUES ('76', 'field', '29', 'en_gb', ' _layout church ');
INSERT INTO `di_searchindex` (`elementId`, `attribute`, `fieldId`, `locale`, `keywords`) VALUES ('76', 'slug', '0', 'en_gb', ' grace community church ');
INSERT INTO `di_searchindex` (`elementId`, `attribute`, `fieldId`, `locale`, `keywords`) VALUES ('76', 'title', '0', 'en_gb', ' grace community church ');
INSERT INTO `di_searchindex` (`elementId`, `attribute`, `fieldId`, `locale`, `keywords`) VALUES ('76', 'field', '63', 'en_gb', ' none ');
INSERT INTO `di_searchindex` (`elementId`, `attribute`, `fieldId`, `locale`, `keywords`) VALUES ('76', 'field', '17', 'en_gb', ' poster ');
INSERT INTO `di_searchindex` (`elementId`, `attribute`, `fieldId`, `locale`, `keywords`) VALUES ('30', 'field', '63', 'en_gb', ' 84a902 ');
INSERT INTO `di_searchindex` (`elementId`, `attribute`, `fieldId`, `locale`, `keywords`) VALUES ('30', 'field', '62', 'en_gb', ' church ');
INSERT INTO `di_searchindex` (`elementId`, `attribute`, `fieldId`, `locale`, `keywords`) VALUES ('77', 'field', '36', 'en_gb', ' upcoming events ');
INSERT INTO `di_searchindex` (`elementId`, `attribute`, `fieldId`, `locale`, `keywords`) VALUES ('77', 'field', '45', 'en_gb', '');
INSERT INTO `di_searchindex` (`elementId`, `attribute`, `fieldId`, `locale`, `keywords`) VALUES ('77', 'field', '37', 'en_gb', ' events ');
INSERT INTO `di_searchindex` (`elementId`, `attribute`, `fieldId`, `locale`, `keywords`) VALUES ('77', 'field', '38', 'en_gb', '');
INSERT INTO `di_searchindex` (`elementId`, `attribute`, `fieldId`, `locale`, `keywords`) VALUES ('77', 'field', '39', 'en_gb', ' grace community church ');
INSERT INTO `di_searchindex` (`elementId`, `attribute`, `fieldId`, `locale`, `keywords`) VALUES ('77', 'field', '40', 'en_gb', ' church ');
INSERT INTO `di_searchindex` (`elementId`, `attribute`, `fieldId`, `locale`, `keywords`) VALUES ('77', 'field', '41', 'en_gb', '');
INSERT INTO `di_searchindex` (`elementId`, `attribute`, `fieldId`, `locale`, `keywords`) VALUES ('77', 'field', '55', 'en_gb', '');
INSERT INTO `di_searchindex` (`elementId`, `attribute`, `fieldId`, `locale`, `keywords`) VALUES ('77', 'slug', '0', 'en_gb', '');
INSERT INTO `di_searchindex` (`elementId`, `attribute`, `fieldId`, `locale`, `keywords`) VALUES ('29', 'field', '64', 'en_gb', '');
INSERT INTO `di_searchindex` (`elementId`, `attribute`, `fieldId`, `locale`, `keywords`) VALUES ('42', 'field', '64', 'en_gb', ' church ');
INSERT INTO `di_searchindex` (`elementId`, `attribute`, `fieldId`, `locale`, `keywords`) VALUES ('42', 'field', '14', 'en_gb', '');
INSERT INTO `di_searchindex` (`elementId`, `attribute`, `fieldId`, `locale`, `keywords`) VALUES ('42', 'field', '16', 'en_gb', '');
INSERT INTO `di_searchindex` (`elementId`, `attribute`, `fieldId`, `locale`, `keywords`) VALUES ('42', 'field', '15', 'en_gb', '');
INSERT INTO `di_searchindex` (`elementId`, `attribute`, `fieldId`, `locale`, `keywords`) VALUES ('42', 'field', '32', 'en_gb', '');
INSERT INTO `di_searchindex` (`elementId`, `attribute`, `fieldId`, `locale`, `keywords`) VALUES ('30', 'field', '64', 'en_gb', '');
INSERT INTO `di_searchindex` (`elementId`, `attribute`, `fieldId`, `locale`, `keywords`) VALUES ('3', 'field', '29', 'en_gb', ' _layout ');
INSERT INTO `di_searchindex` (`elementId`, `attribute`, `fieldId`, `locale`, `keywords`) VALUES ('3', 'field', '32', 'en_gb', '');
INSERT INTO `di_searchindex` (`elementId`, `attribute`, `fieldId`, `locale`, `keywords`) VALUES ('3', 'field', '63', 'en_gb', ' primary ');
INSERT INTO `di_searchindex` (`elementId`, `attribute`, `fieldId`, `locale`, `keywords`) VALUES ('3', 'field', '34', 'en_gb', '');
INSERT INTO `di_searchindex` (`elementId`, `attribute`, `fieldId`, `locale`, `keywords`) VALUES ('3', 'field', '62', 'en_gb', '');
INSERT INTO `di_searchindex` (`elementId`, `attribute`, `fieldId`, `locale`, `keywords`) VALUES ('37', 'field', '63', 'en_gb', ' none ');
INSERT INTO `di_searchindex` (`elementId`, `attribute`, `fieldId`, `locale`, `keywords`) VALUES ('37', 'field', '17', 'en_gb', ' poster ');
INSERT INTO `di_searchindex` (`elementId`, `attribute`, `fieldId`, `locale`, `keywords`) VALUES ('38', 'field', '64', 'en_gb', ' tin house ');
INSERT INTO `di_searchindex` (`elementId`, `attribute`, `fieldId`, `locale`, `keywords`) VALUES ('38', 'field', '14', 'en_gb', '');
INSERT INTO `di_searchindex` (`elementId`, `attribute`, `fieldId`, `locale`, `keywords`) VALUES ('38', 'field', '16', 'en_gb', '');
INSERT INTO `di_searchindex` (`elementId`, `attribute`, `fieldId`, `locale`, `keywords`) VALUES ('38', 'field', '15', 'en_gb', '');
INSERT INTO `di_searchindex` (`elementId`, `attribute`, `fieldId`, `locale`, `keywords`) VALUES ('38', 'field', '32', 'en_gb', '');
INSERT INTO `di_searchindex` (`elementId`, `attribute`, `fieldId`, `locale`, `keywords`) VALUES ('54', 'field', '64', 'en_gb', '');
INSERT INTO `di_searchindex` (`elementId`, `attribute`, `fieldId`, `locale`, `keywords`) VALUES ('78', 'field', '64', 'en_gb', '');
INSERT INTO `di_searchindex` (`elementId`, `attribute`, `fieldId`, `locale`, `keywords`) VALUES ('78', 'field', '2', 'en_gb', ' coffees h2 inset coffee beans1 regularlargeamericano 1 50 1 80espresso 1 00 1 20 teas h2   regular large americano 1 50 1 80 espresso 1 00 1 20 ');
INSERT INTO `di_searchindex` (`elementId`, `attribute`, `fieldId`, `locale`, `keywords`) VALUES ('78', 'field', '63', 'en_gb', ' 323137 ');
INSERT INTO `di_searchindex` (`elementId`, `attribute`, `fieldId`, `locale`, `keywords`) VALUES ('78', 'field', '35', 'en_gb', '');
INSERT INTO `di_searchindex` (`elementId`, `attribute`, `fieldId`, `locale`, `keywords`) VALUES ('78', 'field', '15', 'en_gb', '');
INSERT INTO `di_searchindex` (`elementId`, `attribute`, `fieldId`, `locale`, `keywords`) VALUES ('78', 'field', '32', 'en_gb', '');
INSERT INTO `di_searchindex` (`elementId`, `attribute`, `fieldId`, `locale`, `keywords`) VALUES ('78', 'field', '28', 'en_gb', '');
INSERT INTO `di_searchindex` (`elementId`, `attribute`, `fieldId`, `locale`, `keywords`) VALUES ('78', 'field', '1', 'en_gb', ' tin house menu ');
INSERT INTO `di_searchindex` (`elementId`, `attribute`, `fieldId`, `locale`, `keywords`) VALUES ('78', 'field', '16', 'en_gb', '');
INSERT INTO `di_searchindex` (`elementId`, `attribute`, `fieldId`, `locale`, `keywords`) VALUES ('78', 'field', '34', 'en_gb', '');
INSERT INTO `di_searchindex` (`elementId`, `attribute`, `fieldId`, `locale`, `keywords`) VALUES ('78', 'field', '17', 'en_gb', ' none ');
INSERT INTO `di_searchindex` (`elementId`, `attribute`, `fieldId`, `locale`, `keywords`) VALUES ('78', 'field', '23', 'en_gb', ' a selection ');
INSERT INTO `di_searchindex` (`elementId`, `attribute`, `fieldId`, `locale`, `keywords`) VALUES ('78', 'field', '26', 'en_gb', '');
INSERT INTO `di_searchindex` (`elementId`, `attribute`, `fieldId`, `locale`, `keywords`) VALUES ('78', 'field', '14', 'en_gb', ' check out the range of beverages and food profits go towards drop inn s humanitarian work ');
INSERT INTO `di_searchindex` (`elementId`, `attribute`, `fieldId`, `locale`, `keywords`) VALUES ('78', 'field', '53', 'en_gb', '');
INSERT INTO `di_searchindex` (`elementId`, `attribute`, `fieldId`, `locale`, `keywords`) VALUES ('78', 'field', '29', 'en_gb', ' _layout tinhouse ');
INSERT INTO `di_searchindex` (`elementId`, `attribute`, `fieldId`, `locale`, `keywords`) VALUES ('78', 'field', '33', 'en_gb', '');
INSERT INTO `di_searchindex` (`elementId`, `attribute`, `fieldId`, `locale`, `keywords`) VALUES ('78', 'field', '62', 'en_gb', ' tinhouse ');
INSERT INTO `di_searchindex` (`elementId`, `attribute`, `fieldId`, `locale`, `keywords`) VALUES ('78', 'field', '3', 'en_gb', '');
INSERT INTO `di_searchindex` (`elementId`, `attribute`, `fieldId`, `locale`, `keywords`) VALUES ('78', 'slug', '0', 'en_gb', ' menu ');
INSERT INTO `di_searchindex` (`elementId`, `attribute`, `fieldId`, `locale`, `keywords`) VALUES ('78', 'title', '0', 'en_gb', ' menu ');
INSERT INTO `di_searchindex` (`elementId`, `attribute`, `fieldId`, `locale`, `keywords`) VALUES ('79', 'field', '9', 'en_gb', ' coffees ');
INSERT INTO `di_searchindex` (`elementId`, `attribute`, `fieldId`, `locale`, `keywords`) VALUES ('79', 'field', '10', 'en_gb', ' h2 ');
INSERT INTO `di_searchindex` (`elementId`, `attribute`, `fieldId`, `locale`, `keywords`) VALUES ('79', 'slug', '0', 'en_gb', '');
INSERT INTO `di_searchindex` (`elementId`, `attribute`, `fieldId`, `locale`, `keywords`) VALUES ('80', 'field', '5', 'en_gb', ' regularlargeamericano 1 50 1 80espresso 1 00 1 20 ');
INSERT INTO `di_searchindex` (`elementId`, `attribute`, `fieldId`, `locale`, `keywords`) VALUES ('80', 'slug', '0', 'en_gb', '');
INSERT INTO `di_searchindex` (`elementId`, `attribute`, `fieldId`, `locale`, `keywords`) VALUES ('81', 'field', '6', 'en_gb', ' coffee beans1 ');
INSERT INTO `di_searchindex` (`elementId`, `attribute`, `fieldId`, `locale`, `keywords`) VALUES ('81', 'field', '7', 'en_gb', ' inset ');
INSERT INTO `di_searchindex` (`elementId`, `attribute`, `fieldId`, `locale`, `keywords`) VALUES ('81', 'field', '8', 'en_gb', '');
INSERT INTO `di_searchindex` (`elementId`, `attribute`, `fieldId`, `locale`, `keywords`) VALUES ('81', 'slug', '0', 'en_gb', '');
INSERT INTO `di_searchindex` (`elementId`, `attribute`, `fieldId`, `locale`, `keywords`) VALUES ('82', 'field', '9', 'en_gb', ' teas ');
INSERT INTO `di_searchindex` (`elementId`, `attribute`, `fieldId`, `locale`, `keywords`) VALUES ('82', 'field', '10', 'en_gb', ' h2 ');
INSERT INTO `di_searchindex` (`elementId`, `attribute`, `fieldId`, `locale`, `keywords`) VALUES ('82', 'slug', '0', 'en_gb', '');
INSERT INTO `di_searchindex` (`elementId`, `attribute`, `fieldId`, `locale`, `keywords`) VALUES ('83', 'field', '5', 'en_gb', '   regular large americano 1 50 1 80 espresso 1 00 1 20 ');
INSERT INTO `di_searchindex` (`elementId`, `attribute`, `fieldId`, `locale`, `keywords`) VALUES ('83', 'slug', '0', 'en_gb', '');
INSERT INTO `di_searchindex` (`elementId`, `attribute`, `fieldId`, `locale`, `keywords`) VALUES ('86', 'field', '64', 'en_gb', '');
INSERT INTO `di_searchindex` (`elementId`, `attribute`, `fieldId`, `locale`, `keywords`) VALUES ('54', 'field', '85', 'en_gb', '');
INSERT INTO `di_searchindex` (`elementId`, `attribute`, `fieldId`, `locale`, `keywords`) VALUES ('84', 'filename', '0', 'en_gb', ' dropinn_1 png ');
INSERT INTO `di_searchindex` (`elementId`, `attribute`, `fieldId`, `locale`, `keywords`) VALUES ('84', 'extension', '0', 'en_gb', ' png ');
INSERT INTO `di_searchindex` (`elementId`, `attribute`, `fieldId`, `locale`, `keywords`) VALUES ('84', 'kind', '0', 'en_gb', ' image ');
INSERT INTO `di_searchindex` (`elementId`, `attribute`, `fieldId`, `locale`, `keywords`) VALUES ('84', 'slug', '0', 'en_gb', '');
INSERT INTO `di_searchindex` (`elementId`, `attribute`, `fieldId`, `locale`, `keywords`) VALUES ('84', 'title', '0', 'en_gb', ' dropinn 1 ');
INSERT INTO `di_searchindex` (`elementId`, `attribute`, `fieldId`, `locale`, `keywords`) VALUES ('43', 'field', '55', 'en_gb', '');
INSERT INTO `di_searchindex` (`elementId`, `attribute`, `fieldId`, `locale`, `keywords`) VALUES ('85', 'field', '19', 'en_gb', '');
INSERT INTO `di_searchindex` (`elementId`, `attribute`, `fieldId`, `locale`, `keywords`) VALUES ('85', 'field', '20', 'en_gb', '');
INSERT INTO `di_searchindex` (`elementId`, `attribute`, `fieldId`, `locale`, `keywords`) VALUES ('85', 'field', '21', 'en_gb', ' telephone 028 3833 1234 telephone 028 3833 1234 twitter ronniedawson twitter ronniedawson ');
INSERT INTO `di_searchindex` (`elementId`, `attribute`, `fieldId`, `locale`, `keywords`) VALUES ('85', 'field', '22', 'en_gb', ' full ');
INSERT INTO `di_searchindex` (`elementId`, `attribute`, `fieldId`, `locale`, `keywords`) VALUES ('85', 'slug', '0', 'en_gb', '');
INSERT INTO `di_searchindex` (`elementId`, `attribute`, `fieldId`, `locale`, `keywords`) VALUES ('86', 'field', '2', 'en_gb', '');
INSERT INTO `di_searchindex` (`elementId`, `attribute`, `fieldId`, `locale`, `keywords`) VALUES ('86', 'field', '63', 'en_gb', ' none ');
INSERT INTO `di_searchindex` (`elementId`, `attribute`, `fieldId`, `locale`, `keywords`) VALUES ('86', 'field', '35', 'en_gb', ' person neil dawson none pastor person neil dawson neville garland none elders ');
INSERT INTO `di_searchindex` (`elementId`, `attribute`, `fieldId`, `locale`, `keywords`) VALUES ('86', 'field', '15', 'en_gb', '');
INSERT INTO `di_searchindex` (`elementId`, `attribute`, `fieldId`, `locale`, `keywords`) VALUES ('86', 'field', '32', 'en_gb', ' grace community church ');
INSERT INTO `di_searchindex` (`elementId`, `attribute`, `fieldId`, `locale`, `keywords`) VALUES ('86', 'field', '28', 'en_gb', '');
INSERT INTO `di_searchindex` (`elementId`, `attribute`, `fieldId`, `locale`, `keywords`) VALUES ('86', 'field', '1', 'en_gb', '');
INSERT INTO `di_searchindex` (`elementId`, `attribute`, `fieldId`, `locale`, `keywords`) VALUES ('86', 'field', '16', 'en_gb', '');
INSERT INTO `di_searchindex` (`elementId`, `attribute`, `fieldId`, `locale`, `keywords`) VALUES ('86', 'field', '34', 'en_gb', ' church ');
INSERT INTO `di_searchindex` (`elementId`, `attribute`, `fieldId`, `locale`, `keywords`) VALUES ('86', 'field', '17', 'en_gb', ' poster ');
INSERT INTO `di_searchindex` (`elementId`, `attribute`, `fieldId`, `locale`, `keywords`) VALUES ('86', 'field', '23', 'en_gb', ' everyone has a role to play ');
INSERT INTO `di_searchindex` (`elementId`, `attribute`, `fieldId`, `locale`, `keywords`) VALUES ('86', 'field', '26', 'en_gb', '');
INSERT INTO `di_searchindex` (`elementId`, `attribute`, `fieldId`, `locale`, `keywords`) VALUES ('86', 'field', '14', 'en_gb', '');
INSERT INTO `di_searchindex` (`elementId`, `attribute`, `fieldId`, `locale`, `keywords`) VALUES ('86', 'field', '53', 'en_gb', '');
INSERT INTO `di_searchindex` (`elementId`, `attribute`, `fieldId`, `locale`, `keywords`) VALUES ('86', 'field', '29', 'en_gb', ' _layout church ');
INSERT INTO `di_searchindex` (`elementId`, `attribute`, `fieldId`, `locale`, `keywords`) VALUES ('86', 'field', '33', 'en_gb', '');
INSERT INTO `di_searchindex` (`elementId`, `attribute`, `fieldId`, `locale`, `keywords`) VALUES ('86', 'field', '62', 'en_gb', '');
INSERT INTO `di_searchindex` (`elementId`, `attribute`, `fieldId`, `locale`, `keywords`) VALUES ('86', 'field', '3', 'en_gb', '');
INSERT INTO `di_searchindex` (`elementId`, `attribute`, `fieldId`, `locale`, `keywords`) VALUES ('86', 'slug', '0', 'en_gb', ' people ');
INSERT INTO `di_searchindex` (`elementId`, `attribute`, `fieldId`, `locale`, `keywords`) VALUES ('86', 'title', '0', 'en_gb', ' people ');
INSERT INTO `di_searchindex` (`elementId`, `attribute`, `fieldId`, `locale`, `keywords`) VALUES ('87', 'field', '36', 'en_gb', ' pastor ');
INSERT INTO `di_searchindex` (`elementId`, `attribute`, `fieldId`, `locale`, `keywords`) VALUES ('87', 'field', '45', 'en_gb', '');
INSERT INTO `di_searchindex` (`elementId`, `attribute`, `fieldId`, `locale`, `keywords`) VALUES ('87', 'field', '37', 'en_gb', ' people ');
INSERT INTO `di_searchindex` (`elementId`, `attribute`, `fieldId`, `locale`, `keywords`) VALUES ('87', 'field', '38', 'en_gb', '');
INSERT INTO `di_searchindex` (`elementId`, `attribute`, `fieldId`, `locale`, `keywords`) VALUES ('87', 'field', '39', 'en_gb', '');
INSERT INTO `di_searchindex` (`elementId`, `attribute`, `fieldId`, `locale`, `keywords`) VALUES ('87', 'field', '40', 'en_gb', '');
INSERT INTO `di_searchindex` (`elementId`, `attribute`, `fieldId`, `locale`, `keywords`) VALUES ('87', 'field', '41', 'en_gb', ' burkina faso ');
INSERT INTO `di_searchindex` (`elementId`, `attribute`, `fieldId`, `locale`, `keywords`) VALUES ('87', 'field', '55', 'en_gb', '');
INSERT INTO `di_searchindex` (`elementId`, `attribute`, `fieldId`, `locale`, `keywords`) VALUES ('87', 'slug', '0', 'en_gb', '');
INSERT INTO `di_searchindex` (`elementId`, `attribute`, `fieldId`, `locale`, `keywords`) VALUES ('75', 'field', '63', 'en_gb', ' none ');
INSERT INTO `di_searchindex` (`elementId`, `attribute`, `fieldId`, `locale`, `keywords`) VALUES ('75', 'field', '62', 'en_gb', ' church pridevhumility ');
INSERT INTO `di_searchindex` (`elementId`, `attribute`, `fieldId`, `locale`, `keywords`) VALUES ('88', 'field', '1', 'en_gb', '');
INSERT INTO `di_searchindex` (`elementId`, `attribute`, `fieldId`, `locale`, `keywords`) VALUES ('88', 'field', '35', 'en_gb', '');
INSERT INTO `di_searchindex` (`elementId`, `attribute`, `fieldId`, `locale`, `keywords`) VALUES ('88', 'field', '16', 'en_gb', '');
INSERT INTO `di_searchindex` (`elementId`, `attribute`, `fieldId`, `locale`, `keywords`) VALUES ('88', 'field', '15', 'en_gb', '');
INSERT INTO `di_searchindex` (`elementId`, `attribute`, `fieldId`, `locale`, `keywords`) VALUES ('88', 'field', '2', 'en_gb', '');
INSERT INTO `di_searchindex` (`elementId`, `attribute`, `fieldId`, `locale`, `keywords`) VALUES ('88', 'field', '23', 'en_gb', ' manager tin house ');
INSERT INTO `di_searchindex` (`elementId`, `attribute`, `fieldId`, `locale`, `keywords`) VALUES ('88', 'field', '32', 'en_gb', '');
INSERT INTO `di_searchindex` (`elementId`, `attribute`, `fieldId`, `locale`, `keywords`) VALUES ('88', 'field', '28', 'en_gb', '');
INSERT INTO `di_searchindex` (`elementId`, `attribute`, `fieldId`, `locale`, `keywords`) VALUES ('88', 'field', '17', 'en_gb', ' photo ');
INSERT INTO `di_searchindex` (`elementId`, `attribute`, `fieldId`, `locale`, `keywords`) VALUES ('88', 'field', '26', 'en_gb', '');
INSERT INTO `di_searchindex` (`elementId`, `attribute`, `fieldId`, `locale`, `keywords`) VALUES ('88', 'field', '34', 'en_gb', ' tin house ');
INSERT INTO `di_searchindex` (`elementId`, `attribute`, `fieldId`, `locale`, `keywords`) VALUES ('88', 'field', '14', 'en_gb', '');
INSERT INTO `di_searchindex` (`elementId`, `attribute`, `fieldId`, `locale`, `keywords`) VALUES ('88', 'field', '33', 'en_gb', ' manager ');
INSERT INTO `di_searchindex` (`elementId`, `attribute`, `fieldId`, `locale`, `keywords`) VALUES ('88', 'field', '3', 'en_gb', '');
INSERT INTO `di_searchindex` (`elementId`, `attribute`, `fieldId`, `locale`, `keywords`) VALUES ('88', 'slug', '0', 'en_gb', ' david mcbride ');
INSERT INTO `di_searchindex` (`elementId`, `attribute`, `fieldId`, `locale`, `keywords`) VALUES ('88', 'title', '0', 'en_gb', ' david mcbride ');
INSERT INTO `di_searchindex` (`elementId`, `attribute`, `fieldId`, `locale`, `keywords`) VALUES ('89', 'field', '32', 'en_gb', '');
INSERT INTO `di_searchindex` (`elementId`, `attribute`, `fieldId`, `locale`, `keywords`) VALUES ('89', 'field', '34', 'en_gb', '');
INSERT INTO `di_searchindex` (`elementId`, `attribute`, `fieldId`, `locale`, `keywords`) VALUES ('89', 'slug', '0', 'en_gb', '');
INSERT INTO `di_searchindex` (`elementId`, `attribute`, `fieldId`, `locale`, `keywords`) VALUES ('89', 'title', '0', 'en_gb', ' manager ');
INSERT INTO `di_searchindex` (`elementId`, `attribute`, `fieldId`, `locale`, `keywords`) VALUES ('90', 'field', '15', 'en_gb', '');
INSERT INTO `di_searchindex` (`elementId`, `attribute`, `fieldId`, `locale`, `keywords`) VALUES ('90', 'field', '32', 'en_gb', '');
INSERT INTO `di_searchindex` (`elementId`, `attribute`, `fieldId`, `locale`, `keywords`) VALUES ('90', 'field', '34', 'en_gb', '');
INSERT INTO `di_searchindex` (`elementId`, `attribute`, `fieldId`, `locale`, `keywords`) VALUES ('90', 'slug', '0', 'en_gb', '');
INSERT INTO `di_searchindex` (`elementId`, `attribute`, `fieldId`, `locale`, `keywords`) VALUES ('90', 'title', '0', 'en_gb', ' volunteer ');
INSERT INTO `di_searchindex` (`elementId`, `attribute`, `fieldId`, `locale`, `keywords`) VALUES ('91', 'field', '15', 'en_gb', '');
INSERT INTO `di_searchindex` (`elementId`, `attribute`, `fieldId`, `locale`, `keywords`) VALUES ('91', 'field', '32', 'en_gb', '');
INSERT INTO `di_searchindex` (`elementId`, `attribute`, `fieldId`, `locale`, `keywords`) VALUES ('91', 'field', '34', 'en_gb', '');
INSERT INTO `di_searchindex` (`elementId`, `attribute`, `fieldId`, `locale`, `keywords`) VALUES ('91', 'slug', '0', 'en_gb', '');
INSERT INTO `di_searchindex` (`elementId`, `attribute`, `fieldId`, `locale`, `keywords`) VALUES ('91', 'title', '0', 'en_gb', ' pastor ');
INSERT INTO `di_searchindex` (`elementId`, `attribute`, `fieldId`, `locale`, `keywords`) VALUES ('93', 'field', '65', 'en_gb', ' news shade articles by davy ');
INSERT INTO `di_searchindex` (`elementId`, `attribute`, `fieldId`, `locale`, `keywords`) VALUES ('92', 'field', '36', 'en_gb', ' articles by david ');
INSERT INTO `di_searchindex` (`elementId`, `attribute`, `fieldId`, `locale`, `keywords`) VALUES ('92', 'field', '45', 'en_gb', ' divider ');
INSERT INTO `di_searchindex` (`elementId`, `attribute`, `fieldId`, `locale`, `keywords`) VALUES ('92', 'field', '37', 'en_gb', ' news ');
INSERT INTO `di_searchindex` (`elementId`, `attribute`, `fieldId`, `locale`, `keywords`) VALUES ('92', 'field', '38', 'en_gb', '');
INSERT INTO `di_searchindex` (`elementId`, `attribute`, `fieldId`, `locale`, `keywords`) VALUES ('92', 'field', '39', 'en_gb', '');
INSERT INTO `di_searchindex` (`elementId`, `attribute`, `fieldId`, `locale`, `keywords`) VALUES ('92', 'field', '40', 'en_gb', '');
INSERT INTO `di_searchindex` (`elementId`, `attribute`, `fieldId`, `locale`, `keywords`) VALUES ('92', 'field', '41', 'en_gb', '');
INSERT INTO `di_searchindex` (`elementId`, `attribute`, `fieldId`, `locale`, `keywords`) VALUES ('92', 'field', '55', 'en_gb', '');
INSERT INTO `di_searchindex` (`elementId`, `attribute`, `fieldId`, `locale`, `keywords`) VALUES ('92', 'slug', '0', 'en_gb', '');
INSERT INTO `di_searchindex` (`elementId`, `attribute`, `fieldId`, `locale`, `keywords`) VALUES ('93', 'slug', '0', 'en_gb', ' david mcbride ');
INSERT INTO `di_searchindex` (`elementId`, `attribute`, `fieldId`, `locale`, `keywords`) VALUES ('93', 'title', '0', 'en_gb', ' david mcbride ');
INSERT INTO `di_searchindex` (`elementId`, `attribute`, `fieldId`, `locale`, `keywords`) VALUES ('93', 'field', '64', 'en_gb', '');
INSERT INTO `di_searchindex` (`elementId`, `attribute`, `fieldId`, `locale`, `keywords`) VALUES ('93', 'field', '1', 'en_gb', '');
INSERT INTO `di_searchindex` (`elementId`, `attribute`, `fieldId`, `locale`, `keywords`) VALUES ('93', 'field', '23', 'en_gb', ' manager tin house coffee ');
INSERT INTO `di_searchindex` (`elementId`, `attribute`, `fieldId`, `locale`, `keywords`) VALUES ('93', 'field', '14', 'en_gb', ' northern ireland remains the happiest part of the uk the office for national statistics ons has said the five happiest places in its wellbeing survey were antrim fermanagh omagh and dungannon in northern ireland and babergh suffolk the least happy areas were barrow in furness in cumbria dartford in kent torridge in devon maldon in essex and south ribble in lancashire londoners reported lower than average ratings for personal wellbeing ');
INSERT INTO `di_searchindex` (`elementId`, `attribute`, `fieldId`, `locale`, `keywords`) VALUES ('93', 'field', '2', 'en_gb', '');
INSERT INTO `di_searchindex` (`elementId`, `attribute`, `fieldId`, `locale`, `keywords`) VALUES ('93', 'field', '16', 'en_gb', ' profile pic ');
INSERT INTO `di_searchindex` (`elementId`, `attribute`, `fieldId`, `locale`, `keywords`) VALUES ('93', 'field', '35', 'en_gb', ' news tin house divider articles by david ');
INSERT INTO `di_searchindex` (`elementId`, `attribute`, `fieldId`, `locale`, `keywords`) VALUES ('93', 'field', '15', 'en_gb', ' burkina faso ');
INSERT INTO `di_searchindex` (`elementId`, `attribute`, `fieldId`, `locale`, `keywords`) VALUES ('93', 'field', '32', 'en_gb', '');
INSERT INTO `di_searchindex` (`elementId`, `attribute`, `fieldId`, `locale`, `keywords`) VALUES ('93', 'field', '34', 'en_gb', '');
INSERT INTO `di_searchindex` (`elementId`, `attribute`, `fieldId`, `locale`, `keywords`) VALUES ('93', 'field', '33', 'en_gb', '');
INSERT INTO `di_searchindex` (`elementId`, `attribute`, `fieldId`, `locale`, `keywords`) VALUES ('93', 'field', '3', 'en_gb', '');
INSERT INTO `di_searchindex` (`elementId`, `attribute`, `fieldId`, `locale`, `keywords`) VALUES ('94', 'field', '36', 'en_gb', ' articles by david ');
INSERT INTO `di_searchindex` (`elementId`, `attribute`, `fieldId`, `locale`, `keywords`) VALUES ('94', 'field', '45', 'en_gb', ' divider ');
INSERT INTO `di_searchindex` (`elementId`, `attribute`, `fieldId`, `locale`, `keywords`) VALUES ('94', 'field', '37', 'en_gb', ' news ');
INSERT INTO `di_searchindex` (`elementId`, `attribute`, `fieldId`, `locale`, `keywords`) VALUES ('94', 'field', '38', 'en_gb', '');
INSERT INTO `di_searchindex` (`elementId`, `attribute`, `fieldId`, `locale`, `keywords`) VALUES ('94', 'field', '39', 'en_gb', '');
INSERT INTO `di_searchindex` (`elementId`, `attribute`, `fieldId`, `locale`, `keywords`) VALUES ('94', 'field', '40', 'en_gb', ' tin house ');
INSERT INTO `di_searchindex` (`elementId`, `attribute`, `fieldId`, `locale`, `keywords`) VALUES ('94', 'field', '41', 'en_gb', '');
INSERT INTO `di_searchindex` (`elementId`, `attribute`, `fieldId`, `locale`, `keywords`) VALUES ('94', 'field', '55', 'en_gb', '');
INSERT INTO `di_searchindex` (`elementId`, `attribute`, `fieldId`, `locale`, `keywords`) VALUES ('94', 'slug', '0', 'en_gb', '');
INSERT INTO `di_searchindex` (`elementId`, `attribute`, `fieldId`, `locale`, `keywords`) VALUES ('95', 'field', '66', 'en_gb', ' articles by davy ');
INSERT INTO `di_searchindex` (`elementId`, `attribute`, `fieldId`, `locale`, `keywords`) VALUES ('95', 'field', '67', 'en_gb', ' shade ');
INSERT INTO `di_searchindex` (`elementId`, `attribute`, `fieldId`, `locale`, `keywords`) VALUES ('95', 'field', '68', 'en_gb', ' news ');
INSERT INTO `di_searchindex` (`elementId`, `attribute`, `fieldId`, `locale`, `keywords`) VALUES ('95', 'slug', '0', 'en_gb', '');
INSERT INTO `di_searchindex` (`elementId`, `attribute`, `fieldId`, `locale`, `keywords`) VALUES ('96', 'field', '1', 'en_gb', '');
INSERT INTO `di_searchindex` (`elementId`, `attribute`, `fieldId`, `locale`, `keywords`) VALUES ('96', 'field', '16', 'en_gb', '');
INSERT INTO `di_searchindex` (`elementId`, `attribute`, `fieldId`, `locale`, `keywords`) VALUES ('96', 'field', '15', 'en_gb', '');
INSERT INTO `di_searchindex` (`elementId`, `attribute`, `fieldId`, `locale`, `keywords`) VALUES ('96', 'field', '44', 'en_gb', ' neil dawson ');
INSERT INTO `di_searchindex` (`elementId`, `attribute`, `fieldId`, `locale`, `keywords`) VALUES ('96', 'field', '29', 'en_gb', ' _layout church ');
INSERT INTO `di_searchindex` (`elementId`, `attribute`, `fieldId`, `locale`, `keywords`) VALUES ('96', 'field', '2', 'en_gb', ' over the past few days we have been spoilt with some great weather over the last few nights i have found myself outside in the stillness celebrating creation communicating with our father i have been reminded of one of the verses we shared on sunday morning from psalm 24 the earth is the lord s and everything in it it was one of the 5 points we looked at on how we live with the single mindedness that the bible speaks about often richard foster calls it the discipline of simplicity with the idea that everything hinges on maintaining first things first seek first the kingdom foster goes on to say the person who does not seek the kingdom first does not seek it all so now that we have got to thursday i wanted to remind myself and you of those ideas we spoke about on sunday morning to help us out buy things for their usefulness not their status reject anything that is producing an addiction in you develop a habit of giving things away develop a deeper appreciation for creation ultimately dismiss anything that distracts you from seeking first the kingdom of god luke 12v27 34 i m praying your week is going well i can t help but maintain that god is stirring his people and we are living in exciting times and i believe if we seek his kingdom first we can be a part of what he is doing and is going to do ');
INSERT INTO `di_searchindex` (`elementId`, `attribute`, `fieldId`, `locale`, `keywords`) VALUES ('96', 'field', '17', 'en_gb', ' photo ');
INSERT INTO `di_searchindex` (`elementId`, `attribute`, `fieldId`, `locale`, `keywords`) VALUES ('96', 'field', '23', 'en_gb', ' from sunday s talk ');
INSERT INTO `di_searchindex` (`elementId`, `attribute`, `fieldId`, `locale`, `keywords`) VALUES ('96', 'field', '32', 'en_gb', ' grace community church ');
INSERT INTO `di_searchindex` (`elementId`, `attribute`, `fieldId`, `locale`, `keywords`) VALUES ('96', 'field', '34', 'en_gb', ' church ');
INSERT INTO `di_searchindex` (`elementId`, `attribute`, `fieldId`, `locale`, `keywords`) VALUES ('96', 'field', '28', 'en_gb', '');
INSERT INTO `di_searchindex` (`elementId`, `attribute`, `fieldId`, `locale`, `keywords`) VALUES ('96', 'field', '26', 'en_gb', '');
INSERT INTO `di_searchindex` (`elementId`, `attribute`, `fieldId`, `locale`, `keywords`) VALUES ('96', 'field', '14', 'en_gb', ' over the past few days we have been spoilt with some great weather over the last few nights i have found myself outside in the stillness celebrating creation communicating with our father i have been reminded of one of the verses we shared on sunday morning from psalm 24 the earth is the lord s and everything in it it was one of the 5 points we looked at on how we live with the single mindedness that the bible speaks about often richard foster calls it the discipline of simplicity with the idea that everything hinges on maintaining first things first seek first the kingdom foster goes on to say the person who does not seek the kingdom first does not seek it all ');
INSERT INTO `di_searchindex` (`elementId`, `attribute`, `fieldId`, `locale`, `keywords`) VALUES ('96', 'field', '53', 'en_gb', '');
INSERT INTO `di_searchindex` (`elementId`, `attribute`, `fieldId`, `locale`, `keywords`) VALUES ('96', 'field', '33', 'en_gb', '');
INSERT INTO `di_searchindex` (`elementId`, `attribute`, `fieldId`, `locale`, `keywords`) VALUES ('96', 'field', '3', 'en_gb', ' kingdom luke luke 12 ');
INSERT INTO `di_searchindex` (`elementId`, `attribute`, `fieldId`, `locale`, `keywords`) VALUES ('96', 'slug', '0', 'en_gb', ' simplicity ');
INSERT INTO `di_searchindex` (`elementId`, `attribute`, `fieldId`, `locale`, `keywords`) VALUES ('96', 'title', '0', 'en_gb', ' simplicity ');
INSERT INTO `di_searchindex` (`elementId`, `attribute`, `fieldId`, `locale`, `keywords`) VALUES ('97', 'field', '5', 'en_gb', ' over the past few days we have been spoilt with some great weather over the last few nights i have found myself outside in the stillness celebrating creation communicating with our father i have been reminded of one of the verses we shared on sunday morning from psalm 24 the earth is the lord s and everything in it it was one of the 5 points we looked at on how we live with the single mindedness that the bible speaks about often richard foster calls it the discipline of simplicity with the idea that everything hinges on maintaining first things first seek first the kingdom foster goes on to say the person who does not seek the kingdom first does not seek it all so now that we have got to thursday i wanted to remind myself and you of those ideas we spoke about on sunday morning to help us out buy things for their usefulness not their status reject anything that is producing an addiction in you develop a habit of giving things away develop a deeper appreciation for creation ultimately dismiss anything that distracts you from seeking first the kingdom of god luke 12v27 34 i m praying your week is going well i can t help but maintain that god is stirring his people and we are living in exciting times and i believe if we seek his kingdom first we can be a part of what he is doing and is going to do ');
INSERT INTO `di_searchindex` (`elementId`, `attribute`, `fieldId`, `locale`, `keywords`) VALUES ('97', 'slug', '0', 'en_gb', '');
INSERT INTO `di_searchindex` (`elementId`, `attribute`, `fieldId`, `locale`, `keywords`) VALUES ('98', 'field', '36', 'en_gb', ' interesting reads ');
INSERT INTO `di_searchindex` (`elementId`, `attribute`, `fieldId`, `locale`, `keywords`) VALUES ('98', 'field', '45', 'en_gb', ' divider ');
INSERT INTO `di_searchindex` (`elementId`, `attribute`, `fieldId`, `locale`, `keywords`) VALUES ('98', 'field', '37', 'en_gb', ' news articles ');
INSERT INTO `di_searchindex` (`elementId`, `attribute`, `fieldId`, `locale`, `keywords`) VALUES ('98', 'field', '38', 'en_gb', '');
INSERT INTO `di_searchindex` (`elementId`, `attribute`, `fieldId`, `locale`, `keywords`) VALUES ('98', 'field', '39', 'en_gb', ' grace community church ');
INSERT INTO `di_searchindex` (`elementId`, `attribute`, `fieldId`, `locale`, `keywords`) VALUES ('98', 'field', '40', 'en_gb', ' church ');
INSERT INTO `di_searchindex` (`elementId`, `attribute`, `fieldId`, `locale`, `keywords`) VALUES ('98', 'field', '41', 'en_gb', '');
INSERT INTO `di_searchindex` (`elementId`, `attribute`, `fieldId`, `locale`, `keywords`) VALUES ('98', 'field', '55', 'en_gb', '');
INSERT INTO `di_searchindex` (`elementId`, `attribute`, `fieldId`, `locale`, `keywords`) VALUES ('98', 'slug', '0', 'en_gb', '');
INSERT INTO `di_searchindex` (`elementId`, `attribute`, `fieldId`, `locale`, `keywords`) VALUES ('96', 'field', '64', 'en_gb', '');
INSERT INTO `di_searchindex` (`elementId`, `attribute`, `fieldId`, `locale`, `keywords`) VALUES ('96', 'field', '63', 'en_gb', ' 84a902 ');
INSERT INTO `di_searchindex` (`elementId`, `attribute`, `fieldId`, `locale`, `keywords`) VALUES ('96', 'field', '35', 'en_gb', '');
INSERT INTO `di_searchindex` (`elementId`, `attribute`, `fieldId`, `locale`, `keywords`) VALUES ('96', 'field', '62', 'en_gb', '');
INSERT INTO `di_searchindex` (`elementId`, `attribute`, `fieldId`, `locale`, `keywords`) VALUES ('99', 'field', '64', 'en_gb', '');
INSERT INTO `di_searchindex` (`elementId`, `attribute`, `fieldId`, `locale`, `keywords`) VALUES ('99', 'field', '1', 'en_gb', '');
INSERT INTO `di_searchindex` (`elementId`, `attribute`, `fieldId`, `locale`, `keywords`) VALUES ('99', 'field', '23', 'en_gb', ' pastor grace community church ');
INSERT INTO `di_searchindex` (`elementId`, `attribute`, `fieldId`, `locale`, `keywords`) VALUES ('99', 'field', '14', 'en_gb', '');
INSERT INTO `di_searchindex` (`elementId`, `attribute`, `fieldId`, `locale`, `keywords`) VALUES ('99', 'field', '2', 'en_gb', '');
INSERT INTO `di_searchindex` (`elementId`, `attribute`, `fieldId`, `locale`, `keywords`) VALUES ('99', 'field', '16', 'en_gb', '');
INSERT INTO `di_searchindex` (`elementId`, `attribute`, `fieldId`, `locale`, `keywords`) VALUES ('99', 'field', '65', 'en_gb', '');
INSERT INTO `di_searchindex` (`elementId`, `attribute`, `fieldId`, `locale`, `keywords`) VALUES ('99', 'field', '15', 'en_gb', ' burkina faso ');
INSERT INTO `di_searchindex` (`elementId`, `attribute`, `fieldId`, `locale`, `keywords`) VALUES ('99', 'field', '32', 'en_gb', ' grace community church ');
INSERT INTO `di_searchindex` (`elementId`, `attribute`, `fieldId`, `locale`, `keywords`) VALUES ('99', 'field', '34', 'en_gb', ' church ');
INSERT INTO `di_searchindex` (`elementId`, `attribute`, `fieldId`, `locale`, `keywords`) VALUES ('99', 'field', '33', 'en_gb', ' pastor elder ');
INSERT INTO `di_searchindex` (`elementId`, `attribute`, `fieldId`, `locale`, `keywords`) VALUES ('99', 'field', '3', 'en_gb', '');
INSERT INTO `di_searchindex` (`elementId`, `attribute`, `fieldId`, `locale`, `keywords`) VALUES ('99', 'slug', '0', 'en_gb', ' neil dawson ');
INSERT INTO `di_searchindex` (`elementId`, `attribute`, `fieldId`, `locale`, `keywords`) VALUES ('99', 'title', '0', 'en_gb', ' neil dawson ');
INSERT INTO `di_searchindex` (`elementId`, `attribute`, `fieldId`, `locale`, `keywords`) VALUES ('112', 'field', '28', 'en_gb', '');
INSERT INTO `di_searchindex` (`elementId`, `attribute`, `fieldId`, `locale`, `keywords`) VALUES ('4', 'field', '35', 'en_gb', ' news events tin house divider see also ');
INSERT INTO `di_searchindex` (`elementId`, `attribute`, `fieldId`, `locale`, `keywords`) VALUES ('100', 'field', '36', 'en_gb', ' see also ');
INSERT INTO `di_searchindex` (`elementId`, `attribute`, `fieldId`, `locale`, `keywords`) VALUES ('100', 'field', '45', 'en_gb', ' divider ');
INSERT INTO `di_searchindex` (`elementId`, `attribute`, `fieldId`, `locale`, `keywords`) VALUES ('100', 'field', '37', 'en_gb', ' news events ');
INSERT INTO `di_searchindex` (`elementId`, `attribute`, `fieldId`, `locale`, `keywords`) VALUES ('100', 'field', '38', 'en_gb', '');
INSERT INTO `di_searchindex` (`elementId`, `attribute`, `fieldId`, `locale`, `keywords`) VALUES ('100', 'field', '39', 'en_gb', '');
INSERT INTO `di_searchindex` (`elementId`, `attribute`, `fieldId`, `locale`, `keywords`) VALUES ('100', 'field', '40', 'en_gb', ' tin house ');
INSERT INTO `di_searchindex` (`elementId`, `attribute`, `fieldId`, `locale`, `keywords`) VALUES ('100', 'field', '41', 'en_gb', '');
INSERT INTO `di_searchindex` (`elementId`, `attribute`, `fieldId`, `locale`, `keywords`) VALUES ('100', 'field', '55', 'en_gb', '');
INSERT INTO `di_searchindex` (`elementId`, `attribute`, `fieldId`, `locale`, `keywords`) VALUES ('100', 'slug', '0', 'en_gb', '');
INSERT INTO `di_searchindex` (`elementId`, `attribute`, `fieldId`, `locale`, `keywords`) VALUES ('36', 'field', '63', 'en_gb', ' none ');
INSERT INTO `di_searchindex` (`elementId`, `attribute`, `fieldId`, `locale`, `keywords`) VALUES ('36', 'field', '62', 'en_gb', '');
INSERT INTO `di_searchindex` (`elementId`, `attribute`, `fieldId`, `locale`, `keywords`) VALUES ('6', 'field', '64', 'en_gb', '');
INSERT INTO `di_searchindex` (`elementId`, `attribute`, `fieldId`, `locale`, `keywords`) VALUES ('6', 'field', '65', 'en_gb', ' person divider key people ');
INSERT INTO `di_searchindex` (`elementId`, `attribute`, `fieldId`, `locale`, `keywords`) VALUES ('6', 'field', '34', 'en_gb', '');
INSERT INTO `di_searchindex` (`elementId`, `attribute`, `fieldId`, `locale`, `keywords`) VALUES ('6', 'field', '29', 'en_gb', ' _layout ');
INSERT INTO `di_searchindex` (`elementId`, `attribute`, `fieldId`, `locale`, `keywords`) VALUES ('101', 'field', '72', 'en_gb', ' key people ');
INSERT INTO `di_searchindex` (`elementId`, `attribute`, `fieldId`, `locale`, `keywords`) VALUES ('101', 'field', '73', 'en_gb', ' divider ');
INSERT INTO `di_searchindex` (`elementId`, `attribute`, `fieldId`, `locale`, `keywords`) VALUES ('101', 'field', '74', 'en_gb', ' person ');
INSERT INTO `di_searchindex` (`elementId`, `attribute`, `fieldId`, `locale`, `keywords`) VALUES ('101', 'slug', '0', 'en_gb', '');
INSERT INTO `di_searchindex` (`elementId`, `attribute`, `fieldId`, `locale`, `keywords`) VALUES ('102', 'name', '0', 'en_gb', ' kingdom ');
INSERT INTO `di_searchindex` (`elementId`, `attribute`, `fieldId`, `locale`, `keywords`) VALUES ('102', 'slug', '0', 'en_gb', '');
INSERT INTO `di_searchindex` (`elementId`, `attribute`, `fieldId`, `locale`, `keywords`) VALUES ('103', 'name', '0', 'en_gb', ' luke ');
INSERT INTO `di_searchindex` (`elementId`, `attribute`, `fieldId`, `locale`, `keywords`) VALUES ('103', 'slug', '0', 'en_gb', '');
INSERT INTO `di_searchindex` (`elementId`, `attribute`, `fieldId`, `locale`, `keywords`) VALUES ('104', 'name', '0', 'en_gb', ' luke 12 ');
INSERT INTO `di_searchindex` (`elementId`, `attribute`, `fieldId`, `locale`, `keywords`) VALUES ('104', 'slug', '0', 'en_gb', '');
INSERT INTO `di_searchindex` (`elementId`, `attribute`, `fieldId`, `locale`, `keywords`) VALUES ('105', 'name', '0', 'en_gb', ' cake ');
INSERT INTO `di_searchindex` (`elementId`, `attribute`, `fieldId`, `locale`, `keywords`) VALUES ('105', 'slug', '0', 'en_gb', '');
INSERT INTO `di_searchindex` (`elementId`, `attribute`, `fieldId`, `locale`, `keywords`) VALUES ('29', 'field', '85', 'en_gb', '');
INSERT INTO `di_searchindex` (`elementId`, `attribute`, `fieldId`, `locale`, `keywords`) VALUES ('106', 'field', '75', 'en_gb', ' pastor ');
INSERT INTO `di_searchindex` (`elementId`, `attribute`, `fieldId`, `locale`, `keywords`) VALUES ('106', 'field', '76', 'en_gb', ' none ');
INSERT INTO `di_searchindex` (`elementId`, `attribute`, `fieldId`, `locale`, `keywords`) VALUES ('106', 'field', '77', 'en_gb', ' person ');
INSERT INTO `di_searchindex` (`elementId`, `attribute`, `fieldId`, `locale`, `keywords`) VALUES ('106', 'field', '78', 'en_gb', '');
INSERT INTO `di_searchindex` (`elementId`, `attribute`, `fieldId`, `locale`, `keywords`) VALUES ('106', 'field', '79', 'en_gb', '');
INSERT INTO `di_searchindex` (`elementId`, `attribute`, `fieldId`, `locale`, `keywords`) VALUES ('106', 'field', '80', 'en_gb', ' church ');
INSERT INTO `di_searchindex` (`elementId`, `attribute`, `fieldId`, `locale`, `keywords`) VALUES ('106', 'field', '81', 'en_gb', ' neil dawson ');
INSERT INTO `di_searchindex` (`elementId`, `attribute`, `fieldId`, `locale`, `keywords`) VALUES ('106', 'field', '82', 'en_gb', '');
INSERT INTO `di_searchindex` (`elementId`, `attribute`, `fieldId`, `locale`, `keywords`) VALUES ('106', 'field', '83', 'en_gb', '');
INSERT INTO `di_searchindex` (`elementId`, `attribute`, `fieldId`, `locale`, `keywords`) VALUES ('106', 'slug', '0', 'en_gb', '');
INSERT INTO `di_searchindex` (`elementId`, `attribute`, `fieldId`, `locale`, `keywords`) VALUES ('30', 'field', '85', 'en_gb', ' showaddress ');
INSERT INTO `di_searchindex` (`elementId`, `attribute`, `fieldId`, `locale`, `keywords`) VALUES ('77', 'field', '84', 'en_gb', '');
INSERT INTO `di_searchindex` (`elementId`, `attribute`, `fieldId`, `locale`, `keywords`) VALUES ('98', 'field', '84', 'en_gb', '');
INSERT INTO `di_searchindex` (`elementId`, `attribute`, `fieldId`, `locale`, `keywords`) VALUES ('2', 'field', '63', 'en_gb', ' secondary ');
INSERT INTO `di_searchindex` (`elementId`, `attribute`, `fieldId`, `locale`, `keywords`) VALUES ('2', 'field', '35', 'en_gb', ' events news products articles or 4 teaser list none what s new lampstand hello we just installed craft david mcbride article list primary of interest ');
INSERT INTO `di_searchindex` (`elementId`, `attribute`, `fieldId`, `locale`, `keywords`) VALUES ('2', 'field', '65', 'en_gb', '');
INSERT INTO `di_searchindex` (`elementId`, `attribute`, `fieldId`, `locale`, `keywords`) VALUES ('2', 'field', '85', 'en_gb', ' poster showrelated ');
INSERT INTO `di_searchindex` (`elementId`, `attribute`, `fieldId`, `locale`, `keywords`) VALUES ('107', 'field', '36', 'en_gb', ' coming events ');
INSERT INTO `di_searchindex` (`elementId`, `attribute`, `fieldId`, `locale`, `keywords`) VALUES ('107', 'field', '45', 'en_gb', ' shade ');
INSERT INTO `di_searchindex` (`elementId`, `attribute`, `fieldId`, `locale`, `keywords`) VALUES ('107', 'field', '37', 'en_gb', ' events ');
INSERT INTO `di_searchindex` (`elementId`, `attribute`, `fieldId`, `locale`, `keywords`) VALUES ('107', 'field', '38', 'en_gb', '');
INSERT INTO `di_searchindex` (`elementId`, `attribute`, `fieldId`, `locale`, `keywords`) VALUES ('107', 'field', '39', 'en_gb', '');
INSERT INTO `di_searchindex` (`elementId`, `attribute`, `fieldId`, `locale`, `keywords`) VALUES ('107', 'field', '40', 'en_gb', ' tin house ministries church ');
INSERT INTO `di_searchindex` (`elementId`, `attribute`, `fieldId`, `locale`, `keywords`) VALUES ('107', 'field', '84', 'en_gb', '');
INSERT INTO `di_searchindex` (`elementId`, `attribute`, `fieldId`, `locale`, `keywords`) VALUES ('107', 'field', '55', 'en_gb', '');
INSERT INTO `di_searchindex` (`elementId`, `attribute`, `fieldId`, `locale`, `keywords`) VALUES ('107', 'field', '41', 'en_gb', '');
INSERT INTO `di_searchindex` (`elementId`, `attribute`, `fieldId`, `locale`, `keywords`) VALUES ('107', 'slug', '0', 'en_gb', '');
INSERT INTO `di_searchindex` (`elementId`, `attribute`, `fieldId`, `locale`, `keywords`) VALUES ('113', 'field', '1', 'en_gb', ' there s a major event happening soon ');
INSERT INTO `di_searchindex` (`elementId`, `attribute`, `fieldId`, `locale`, `keywords`) VALUES ('99', 'field', '88', 'en_gb', '');
INSERT INTO `di_searchindex` (`elementId`, `attribute`, `fieldId`, `locale`, `keywords`) VALUES ('99', 'field', '86', 'en_gb', ' neil ');
INSERT INTO `di_searchindex` (`elementId`, `attribute`, `fieldId`, `locale`, `keywords`) VALUES ('99', 'field', '87', 'en_gb', ' dawson ');
INSERT INTO `di_searchindex` (`elementId`, `attribute`, `fieldId`, `locale`, `keywords`) VALUES ('99', 'field', '89', 'en_gb', '');
INSERT INTO `di_searchindex` (`elementId`, `attribute`, `fieldId`, `locale`, `keywords`) VALUES ('56', 'field', '84', 'en_gb', '');
INSERT INTO `di_searchindex` (`elementId`, `attribute`, `fieldId`, `locale`, `keywords`) VALUES ('55', 'field', '84', 'en_gb', '');
INSERT INTO `di_searchindex` (`elementId`, `attribute`, `fieldId`, `locale`, `keywords`) VALUES ('86', 'field', '85', 'en_gb', '');
INSERT INTO `di_searchindex` (`elementId`, `attribute`, `fieldId`, `locale`, `keywords`) VALUES ('108', 'field', '15', 'en_gb', '');
INSERT INTO `di_searchindex` (`elementId`, `attribute`, `fieldId`, `locale`, `keywords`) VALUES ('108', 'field', '32', 'en_gb', '');
INSERT INTO `di_searchindex` (`elementId`, `attribute`, `fieldId`, `locale`, `keywords`) VALUES ('108', 'field', '34', 'en_gb', '');
INSERT INTO `di_searchindex` (`elementId`, `attribute`, `fieldId`, `locale`, `keywords`) VALUES ('108', 'slug', '0', 'en_gb', '');
INSERT INTO `di_searchindex` (`elementId`, `attribute`, `fieldId`, `locale`, `keywords`) VALUES ('108', 'title', '0', 'en_gb', ' elder ');
INSERT INTO `di_searchindex` (`elementId`, `attribute`, `fieldId`, `locale`, `keywords`) VALUES ('109', 'field', '64', 'en_gb', '');
INSERT INTO `di_searchindex` (`elementId`, `attribute`, `fieldId`, `locale`, `keywords`) VALUES ('109', 'field', '88', 'en_gb', '');
INSERT INTO `di_searchindex` (`elementId`, `attribute`, `fieldId`, `locale`, `keywords`) VALUES ('109', 'field', '86', 'en_gb', ' neville ');
INSERT INTO `di_searchindex` (`elementId`, `attribute`, `fieldId`, `locale`, `keywords`) VALUES ('109', 'field', '87', 'en_gb', ' garland ');
INSERT INTO `di_searchindex` (`elementId`, `attribute`, `fieldId`, `locale`, `keywords`) VALUES ('109', 'field', '89', 'en_gb', '');
INSERT INTO `di_searchindex` (`elementId`, `attribute`, `fieldId`, `locale`, `keywords`) VALUES ('109', 'field', '23', 'en_gb', ' elder grace community church ');
INSERT INTO `di_searchindex` (`elementId`, `attribute`, `fieldId`, `locale`, `keywords`) VALUES ('109', 'field', '14', 'en_gb', '');
INSERT INTO `di_searchindex` (`elementId`, `attribute`, `fieldId`, `locale`, `keywords`) VALUES ('109', 'field', '2', 'en_gb', '');
INSERT INTO `di_searchindex` (`elementId`, `attribute`, `fieldId`, `locale`, `keywords`) VALUES ('109', 'field', '16', 'en_gb', '');
INSERT INTO `di_searchindex` (`elementId`, `attribute`, `fieldId`, `locale`, `keywords`) VALUES ('109', 'field', '65', 'en_gb', '');
INSERT INTO `di_searchindex` (`elementId`, `attribute`, `fieldId`, `locale`, `keywords`) VALUES ('109', 'field', '15', 'en_gb', '');
INSERT INTO `di_searchindex` (`elementId`, `attribute`, `fieldId`, `locale`, `keywords`) VALUES ('109', 'field', '32', 'en_gb', ' grace community church ');
INSERT INTO `di_searchindex` (`elementId`, `attribute`, `fieldId`, `locale`, `keywords`) VALUES ('109', 'field', '34', 'en_gb', ' church ');
INSERT INTO `di_searchindex` (`elementId`, `attribute`, `fieldId`, `locale`, `keywords`) VALUES ('109', 'field', '33', 'en_gb', ' elder ');
INSERT INTO `di_searchindex` (`elementId`, `attribute`, `fieldId`, `locale`, `keywords`) VALUES ('109', 'field', '3', 'en_gb', '');
INSERT INTO `di_searchindex` (`elementId`, `attribute`, `fieldId`, `locale`, `keywords`) VALUES ('109', 'slug', '0', 'en_gb', ' neville garland ');
INSERT INTO `di_searchindex` (`elementId`, `attribute`, `fieldId`, `locale`, `keywords`) VALUES ('109', 'title', '0', 'en_gb', ' neville garland ');
INSERT INTO `di_searchindex` (`elementId`, `attribute`, `fieldId`, `locale`, `keywords`) VALUES ('110', 'field', '75', 'en_gb', ' elders ');
INSERT INTO `di_searchindex` (`elementId`, `attribute`, `fieldId`, `locale`, `keywords`) VALUES ('110', 'field', '76', 'en_gb', ' none ');
INSERT INTO `di_searchindex` (`elementId`, `attribute`, `fieldId`, `locale`, `keywords`) VALUES ('110', 'field', '77', 'en_gb', ' person ');
INSERT INTO `di_searchindex` (`elementId`, `attribute`, `fieldId`, `locale`, `keywords`) VALUES ('110', 'field', '78', 'en_gb', '');
INSERT INTO `di_searchindex` (`elementId`, `attribute`, `fieldId`, `locale`, `keywords`) VALUES ('110', 'field', '79', 'en_gb', '');
INSERT INTO `di_searchindex` (`elementId`, `attribute`, `fieldId`, `locale`, `keywords`) VALUES ('110', 'field', '80', 'en_gb', '');
INSERT INTO `di_searchindex` (`elementId`, `attribute`, `fieldId`, `locale`, `keywords`) VALUES ('110', 'field', '81', 'en_gb', ' neil dawson neville garland ');
INSERT INTO `di_searchindex` (`elementId`, `attribute`, `fieldId`, `locale`, `keywords`) VALUES ('110', 'field', '82', 'en_gb', '');
INSERT INTO `di_searchindex` (`elementId`, `attribute`, `fieldId`, `locale`, `keywords`) VALUES ('110', 'field', '83', 'en_gb', '');
INSERT INTO `di_searchindex` (`elementId`, `attribute`, `fieldId`, `locale`, `keywords`) VALUES ('110', 'slug', '0', 'en_gb', '');
INSERT INTO `di_searchindex` (`elementId`, `attribute`, `fieldId`, `locale`, `keywords`) VALUES ('93', 'field', '88', 'en_gb', '');
INSERT INTO `di_searchindex` (`elementId`, `attribute`, `fieldId`, `locale`, `keywords`) VALUES ('93', 'field', '86', 'en_gb', '');
INSERT INTO `di_searchindex` (`elementId`, `attribute`, `fieldId`, `locale`, `keywords`) VALUES ('93', 'field', '87', 'en_gb', '');
INSERT INTO `di_searchindex` (`elementId`, `attribute`, `fieldId`, `locale`, `keywords`) VALUES ('93', 'field', '89', 'en_gb', '');
INSERT INTO `di_searchindex` (`elementId`, `attribute`, `fieldId`, `locale`, `keywords`) VALUES ('93', 'field', '63', 'en_gb', ' none ');
INSERT INTO `di_searchindex` (`elementId`, `attribute`, `fieldId`, `locale`, `keywords`) VALUES ('93', 'field', '29', 'en_gb', ' _layout ');
INSERT INTO `di_searchindex` (`elementId`, `attribute`, `fieldId`, `locale`, `keywords`) VALUES ('111', 'filename', '0', 'en_gb', ' profile pic jpg ');
INSERT INTO `di_searchindex` (`elementId`, `attribute`, `fieldId`, `locale`, `keywords`) VALUES ('111', 'extension', '0', 'en_gb', ' jpg ');
INSERT INTO `di_searchindex` (`elementId`, `attribute`, `fieldId`, `locale`, `keywords`) VALUES ('111', 'kind', '0', 'en_gb', ' image ');
INSERT INTO `di_searchindex` (`elementId`, `attribute`, `fieldId`, `locale`, `keywords`) VALUES ('111', 'slug', '0', 'en_gb', '');
INSERT INTO `di_searchindex` (`elementId`, `attribute`, `fieldId`, `locale`, `keywords`) VALUES ('111', 'title', '0', 'en_gb', ' profile pic ');
INSERT INTO `di_searchindex` (`elementId`, `attribute`, `fieldId`, `locale`, `keywords`) VALUES ('41', 'field', '64', 'en_gb', '');
INSERT INTO `di_searchindex` (`elementId`, `attribute`, `fieldId`, `locale`, `keywords`) VALUES ('41', 'field', '14', 'en_gb', '');
INSERT INTO `di_searchindex` (`elementId`, `attribute`, `fieldId`, `locale`, `keywords`) VALUES ('41', 'field', '16', 'en_gb', '');
INSERT INTO `di_searchindex` (`elementId`, `attribute`, `fieldId`, `locale`, `keywords`) VALUES ('41', 'field', '15', 'en_gb', '');
INSERT INTO `di_searchindex` (`elementId`, `attribute`, `fieldId`, `locale`, `keywords`) VALUES ('41', 'field', '32', 'en_gb', '');
INSERT INTO `di_searchindex` (`elementId`, `attribute`, `fieldId`, `locale`, `keywords`) VALUES ('112', 'field', '90', 'en_gb', ' we just installed craft kenya roast ');
INSERT INTO `di_searchindex` (`elementId`, `attribute`, `fieldId`, `locale`, `keywords`) VALUES ('112', 'field', '91', 'en_gb', ' inset half ');
INSERT INTO `di_searchindex` (`elementId`, `attribute`, `fieldId`, `locale`, `keywords`) VALUES ('112', 'field', '92', 'en_gb', ' get a load of this ');
INSERT INTO `di_searchindex` (`elementId`, `attribute`, `fieldId`, `locale`, `keywords`) VALUES ('112', 'slug', '0', 'en_gb', ' hello ');
INSERT INTO `di_searchindex` (`elementId`, `attribute`, `fieldId`, `locale`, `keywords`) VALUES ('100', 'field', '84', 'en_gb', '');
INSERT INTO `di_searchindex` (`elementId`, `attribute`, `fieldId`, `locale`, `keywords`) VALUES ('6', 'field', '93', 'en_gb', ' capital ouagadougou capital ouagadougou currency west african cfa franc currency west african cfa franc president blaise compaore president blaise compaore prime minister luc adolphe tiao prime minister luc adolphe tiao official language french official language french ');
INSERT INTO `di_searchindex` (`elementId`, `attribute`, `fieldId`, `locale`, `keywords`) VALUES ('93', 'field', '93', 'en_gb', ' telephone 028 9012 3456 telephone 028 9012 3456 twitter paleweasel https twitter com paleweasel twitter paleweasel https twitter com paleweasel ');
INSERT INTO `di_searchindex` (`elementId`, `attribute`, `fieldId`, `locale`, `keywords`) VALUES ('3', 'field', '35', 'en_gb', '');
INSERT INTO `di_searchindex` (`elementId`, `attribute`, `fieldId`, `locale`, `keywords`) VALUES ('112', 'field', '64', 'en_gb', '');
INSERT INTO `di_searchindex` (`elementId`, `attribute`, `fieldId`, `locale`, `keywords`) VALUES ('112', 'field', '3', 'en_gb', '');
INSERT INTO `di_searchindex` (`elementId`, `attribute`, `fieldId`, `locale`, `keywords`) VALUES ('112', 'field', '29', 'en_gb', ' _layout ');
INSERT INTO `di_searchindex` (`elementId`, `attribute`, `fieldId`, `locale`, `keywords`) VALUES ('112', 'field', '1', 'en_gb', '');
INSERT INTO `di_searchindex` (`elementId`, `attribute`, `fieldId`, `locale`, `keywords`) VALUES ('112', 'field', '2', 'en_gb', '');
INSERT INTO `di_searchindex` (`elementId`, `attribute`, `fieldId`, `locale`, `keywords`) VALUES ('112', 'field', '85', 'en_gb', '');
INSERT INTO `di_searchindex` (`elementId`, `attribute`, `fieldId`, `locale`, `keywords`) VALUES ('112', 'field', '17', 'en_gb', ' poster ');
INSERT INTO `di_searchindex` (`elementId`, `attribute`, `fieldId`, `locale`, `keywords`) VALUES ('112', 'field', '23', 'en_gb', '');
INSERT INTO `di_searchindex` (`elementId`, `attribute`, `fieldId`, `locale`, `keywords`) VALUES ('112', 'field', '35', 'en_gb', '');
INSERT INTO `di_searchindex` (`elementId`, `attribute`, `fieldId`, `locale`, `keywords`) VALUES ('112', 'field', '14', 'en_gb', '');
INSERT INTO `di_searchindex` (`elementId`, `attribute`, `fieldId`, `locale`, `keywords`) VALUES ('112', 'field', '63', 'en_gb', ' none ');
INSERT INTO `di_searchindex` (`elementId`, `attribute`, `fieldId`, `locale`, `keywords`) VALUES ('112', 'field', '62', 'en_gb', '');
INSERT INTO `di_searchindex` (`elementId`, `attribute`, `fieldId`, `locale`, `keywords`) VALUES ('112', 'field', '16', 'en_gb', ' church ');
INSERT INTO `di_searchindex` (`elementId`, `attribute`, `fieldId`, `locale`, `keywords`) VALUES ('112', 'title', '0', 'en_gb', ' hello ');
INSERT INTO `di_searchindex` (`elementId`, `attribute`, `fieldId`, `locale`, `keywords`) VALUES ('3', 'field', '64', 'en_gb', '');
INSERT INTO `di_searchindex` (`elementId`, `attribute`, `fieldId`, `locale`, `keywords`) VALUES ('113', 'field', '29', 'en_gb', ' _layout ');
INSERT INTO `di_searchindex` (`elementId`, `attribute`, `fieldId`, `locale`, `keywords`) VALUES ('113', 'field', '63', 'en_gb', ' none ');
INSERT INTO `di_searchindex` (`elementId`, `attribute`, `fieldId`, `locale`, `keywords`) VALUES ('113', 'field', '2', 'en_gb', '');
INSERT INTO `di_searchindex` (`elementId`, `attribute`, `fieldId`, `locale`, `keywords`) VALUES ('113', 'field', '16', 'en_gb', ' church ');
INSERT INTO `di_searchindex` (`elementId`, `attribute`, `fieldId`, `locale`, `keywords`) VALUES ('113', 'field', '23', 'en_gb', ' this is a subheading ');
INSERT INTO `di_searchindex` (`elementId`, `attribute`, `fieldId`, `locale`, `keywords`) VALUES ('113', 'field', '28', 'en_gb', '');
INSERT INTO `di_searchindex` (`elementId`, `attribute`, `fieldId`, `locale`, `keywords`) VALUES ('113', 'field', '17', 'en_gb', ' poster ');
INSERT INTO `di_searchindex` (`elementId`, `attribute`, `fieldId`, `locale`, `keywords`) VALUES ('113', 'field', '30', 'en_gb', ' 2014 10 30 ');
INSERT INTO `di_searchindex` (`elementId`, `attribute`, `fieldId`, `locale`, `keywords`) VALUES ('113', 'field', '31', 'en_gb', ' 2014 10 30 ');
INSERT INTO `di_searchindex` (`elementId`, `attribute`, `fieldId`, `locale`, `keywords`) VALUES ('113', 'field', '26', 'en_gb', '');
INSERT INTO `di_searchindex` (`elementId`, `attribute`, `fieldId`, `locale`, `keywords`) VALUES ('113', 'field', '3', 'en_gb', '');
INSERT INTO `di_searchindex` (`elementId`, `attribute`, `fieldId`, `locale`, `keywords`) VALUES ('113', 'field', '47', 'en_gb', '');
INSERT INTO `di_searchindex` (`elementId`, `attribute`, `fieldId`, `locale`, `keywords`) VALUES ('113', 'field', '62', 'en_gb', '');
INSERT INTO `di_searchindex` (`elementId`, `attribute`, `fieldId`, `locale`, `keywords`) VALUES ('113', 'field', '14', 'en_gb', ' lorem ipsum dolor sit amet consectetur adipiscing elit sed blandit accumsan risus et dictum ligula elementum vehicula cras in congue ante sed non tincidunt ante nulla sem nisl luctus a lacinia sed hendrerit eget mi donec quis feugiat dui in in risus odio duis commodo ligula id aliquet iaculis donec condimentum est at ultricies pretium enim metus consectetur dui eu cursus elit neque ut neque mauris sit amet venenatis diam pellentesque tincidunt vulputate nibh vitae hendrerit nulla nulla facilisi donec posuere velit ut facilisis sagittis morbi maximus sapien orci non lobortis magna viverra posuere morbi faucibus eget ante vitae commodo donec porta eleifend massa et porttitor in mollis libero at erat tristique condimentum nullam in rutrum velit ');
INSERT INTO `di_searchindex` (`elementId`, `attribute`, `fieldId`, `locale`, `keywords`) VALUES ('113', 'slug', '0', 'en_gb', ' major event happening ');
INSERT INTO `di_searchindex` (`elementId`, `attribute`, `fieldId`, `locale`, `keywords`) VALUES ('113', 'title', '0', 'en_gb', ' major event happening ');
INSERT INTO `di_searchindex` (`elementId`, `attribute`, `fieldId`, `locale`, `keywords`) VALUES ('114', 'field', '1', 'en_gb', '');
INSERT INTO `di_searchindex` (`elementId`, `attribute`, `fieldId`, `locale`, `keywords`) VALUES ('114', 'field', '29', 'en_gb', ' _layout ');
INSERT INTO `di_searchindex` (`elementId`, `attribute`, `fieldId`, `locale`, `keywords`) VALUES ('114', 'field', '16', 'en_gb', ' lampstand ');
INSERT INTO `di_searchindex` (`elementId`, `attribute`, `fieldId`, `locale`, `keywords`) VALUES ('114', 'field', '23', 'en_gb', ' an attractive lampstand that will go with any lamp ');
INSERT INTO `di_searchindex` (`elementId`, `attribute`, `fieldId`, `locale`, `keywords`) VALUES ('114', 'field', '17', 'en_gb', ' photo ');
INSERT INTO `di_searchindex` (`elementId`, `attribute`, `fieldId`, `locale`, `keywords`) VALUES ('114', 'field', '2', 'en_gb', ' asset full african girl sad lorem ipsum dolor sit amet consectetur adipiscing elit sed blandit accumsan risus et dictum ligula elementum vehicula cras in congue ante sed non tincidunt ante nulla sem nisl luctus a lacinia sed hendrerit eget mi donec quis feugiat dui in in risus odio duis commodo ligula id aliquet iaculis donec condimentum est at ultricies pretium enim metus consectetur dui eu cursus elit neque ut neque mauris sit amet venenatis diam pellentesque tincidunt vulputate nibh vitae hendrerit nulla nulla facilisi donec posuere velit ut facilisis sagittis morbi maximus sapien orci non lobortis magna viverra posuere morbi faucibus eget ante vitae commodo donec porta eleifend massa et porttitor in mollis libero at erat tristique condimentum nullam in rutrum velit ');
INSERT INTO `di_searchindex` (`elementId`, `attribute`, `fieldId`, `locale`, `keywords`) VALUES ('114', 'field', '14', 'en_gb', ' lorem ipsum dolor sit amet consectetur adipiscing elit sed blandit accumsan risus et dictum ligula elementum vehicula cras in congue ante sed non tincidunt ante nulla sem nisl luctus a lacinia sed hendrerit eget mi donec quis feugiat dui in in risus odio duis commodo ligula id aliquet iaculis donec condimentum est at ultricies pretium enim metus consectetur dui eu cursus elit neque ut neque mauris sit amet venenatis diam pellentesque tincidunt vulputate nibh vitae hendrerit nulla nulla facilisi donec posuere velit ut facilisis sagittis morbi maximus sapien orci non lobortis magna viverra posuere morbi faucibus eget ante vitae commodo donec porta eleifend massa et porttitor in mollis libero at erat tristique condimentum nullam in rutrum velit ');
INSERT INTO `di_searchindex` (`elementId`, `attribute`, `fieldId`, `locale`, `keywords`) VALUES ('114', 'field', '26', 'en_gb', '');
INSERT INTO `di_searchindex` (`elementId`, `attribute`, `fieldId`, `locale`, `keywords`) VALUES ('114', 'field', '28', 'en_gb', ' 1 ');
INSERT INTO `di_searchindex` (`elementId`, `attribute`, `fieldId`, `locale`, `keywords`) VALUES ('114', 'field', '54', 'en_gb', ' 12 00 10 00 15 00 gbp wooden 1 1 12 00 10 00 15 00 gbp wooden 1 1 13 00 gbp metal 13 00 gbp metal ');
INSERT INTO `di_searchindex` (`elementId`, `attribute`, `fieldId`, `locale`, `keywords`) VALUES ('114', 'field', '63', 'en_gb', ' site ');
INSERT INTO `di_searchindex` (`elementId`, `attribute`, `fieldId`, `locale`, `keywords`) VALUES ('114', 'field', '62', 'en_gb', '');
INSERT INTO `di_searchindex` (`elementId`, `attribute`, `fieldId`, `locale`, `keywords`) VALUES ('114', 'field', '3', 'en_gb', '');
INSERT INTO `di_searchindex` (`elementId`, `attribute`, `fieldId`, `locale`, `keywords`) VALUES ('114', 'slug', '0', 'en_gb', ' lampstand ');
INSERT INTO `di_searchindex` (`elementId`, `attribute`, `fieldId`, `locale`, `keywords`) VALUES ('114', 'title', '0', 'en_gb', ' lampstand ');
INSERT INTO `di_searchindex` (`elementId`, `attribute`, `fieldId`, `locale`, `keywords`) VALUES ('115', 'field', '6', 'en_gb', ' african girl sad ');
INSERT INTO `di_searchindex` (`elementId`, `attribute`, `fieldId`, `locale`, `keywords`) VALUES ('115', 'field', '7', 'en_gb', ' asset full ');
INSERT INTO `di_searchindex` (`elementId`, `attribute`, `fieldId`, `locale`, `keywords`) VALUES ('115', 'field', '8', 'en_gb', '');
INSERT INTO `di_searchindex` (`elementId`, `attribute`, `fieldId`, `locale`, `keywords`) VALUES ('115', 'slug', '0', 'en_gb', '');
INSERT INTO `di_searchindex` (`elementId`, `attribute`, `fieldId`, `locale`, `keywords`) VALUES ('116', 'field', '5', 'en_gb', ' lorem ipsum dolor sit amet consectetur adipiscing elit sed blandit accumsan risus et dictum ligula elementum vehicula cras in congue ante sed non tincidunt ante nulla sem nisl luctus a lacinia sed hendrerit eget mi donec quis feugiat dui in in risus odio duis commodo ligula id aliquet iaculis donec condimentum est at ultricies pretium enim metus consectetur dui eu cursus elit neque ut neque mauris sit amet venenatis diam pellentesque tincidunt vulputate nibh vitae hendrerit nulla nulla facilisi donec posuere velit ut facilisis sagittis morbi maximus sapien orci non lobortis magna viverra posuere morbi faucibus eget ante vitae commodo donec porta eleifend massa et porttitor in mollis libero at erat tristique condimentum nullam in rutrum velit ');
INSERT INTO `di_searchindex` (`elementId`, `attribute`, `fieldId`, `locale`, `keywords`) VALUES ('116', 'slug', '0', 'en_gb', '');
INSERT INTO `di_searchindex` (`elementId`, `attribute`, `fieldId`, `locale`, `keywords`) VALUES ('117', 'field', '2', 'en_gb', ' i ve worked in tin house for many years asset full https www youtube com watch v=5e74y7566sc ');
INSERT INTO `di_searchindex` (`elementId`, `attribute`, `fieldId`, `locale`, `keywords`) VALUES ('117', 'field', '3', 'en_gb', '');
INSERT INTO `di_searchindex` (`elementId`, `attribute`, `fieldId`, `locale`, `keywords`) VALUES ('117', 'field', '16', 'en_gb', ' profile pic ');
INSERT INTO `di_searchindex` (`elementId`, `attribute`, `fieldId`, `locale`, `keywords`) VALUES ('117', 'field', '85', 'en_gb', '');
INSERT INTO `di_searchindex` (`elementId`, `attribute`, `fieldId`, `locale`, `keywords`) VALUES ('117', 'field', '86', 'en_gb', ' david ');
INSERT INTO `di_searchindex` (`elementId`, `attribute`, `fieldId`, `locale`, `keywords`) VALUES ('117', 'field', '63', 'en_gb', ' none ');
INSERT INTO `di_searchindex` (`elementId`, `attribute`, `fieldId`, `locale`, `keywords`) VALUES ('117', 'field', '93', 'en_gb', '');
INSERT INTO `di_searchindex` (`elementId`, `attribute`, `fieldId`, `locale`, `keywords`) VALUES ('117', 'field', '29', 'en_gb', ' _layout tinhouse ');
INSERT INTO `di_searchindex` (`elementId`, `attribute`, `fieldId`, `locale`, `keywords`) VALUES ('117', 'field', '28', 'en_gb', ' 1 ');
INSERT INTO `di_searchindex` (`elementId`, `attribute`, `fieldId`, `locale`, `keywords`) VALUES ('117', 'field', '88', 'en_gb', '');
INSERT INTO `di_searchindex` (`elementId`, `attribute`, `fieldId`, `locale`, `keywords`) VALUES ('117', 'field', '89', 'en_gb', '');
INSERT INTO `di_searchindex` (`elementId`, `attribute`, `fieldId`, `locale`, `keywords`) VALUES ('117', 'field', '87', 'en_gb', ' mcbride ');
INSERT INTO `di_searchindex` (`elementId`, `attribute`, `fieldId`, `locale`, `keywords`) VALUES ('117', 'field', '23', 'en_gb', ' manager tin house coffee ');
INSERT INTO `di_searchindex` (`elementId`, `attribute`, `fieldId`, `locale`, `keywords`) VALUES ('117', 'slug', '0', 'en_gb', ' david mcbride ');
INSERT INTO `di_searchindex` (`elementId`, `attribute`, `fieldId`, `locale`, `keywords`) VALUES ('117', 'title', '0', 'en_gb', ' david mcbride ');
INSERT INTO `di_searchindex` (`elementId`, `attribute`, `fieldId`, `locale`, `keywords`) VALUES ('118', 'field', '5', 'en_gb', ' i ve worked in tin house for many years ');
INSERT INTO `di_searchindex` (`elementId`, `attribute`, `fieldId`, `locale`, `keywords`) VALUES ('118', 'slug', '0', 'en_gb', '');
INSERT INTO `di_searchindex` (`elementId`, `attribute`, `fieldId`, `locale`, `keywords`) VALUES ('117', 'field', '64', 'en_gb', '');
INSERT INTO `di_searchindex` (`elementId`, `attribute`, `fieldId`, `locale`, `keywords`) VALUES ('117', 'field', '14', 'en_gb', ' lorem ipsum dolor sit amet consectetur adipiscing elit sed blandit accumsan risus et dictum ligula elementum vehicula cras in congue ante sed non tincidunt ante nulla sem nisl luctus a lacinia sed hendrerit eget mi donec quis feugiat dui in in risus odio duis commodo ligula id aliquet iaculis donec condimentum est at ultricies pretium enim metus consectetur dui eu cursus elit neque ut neque mauris sit amet venenatis diam pellentesque tincidunt vulputate nibh vitae hendrerit nulla nulla facilisi donec posuere velit ut facilisis sagittis morbi maximus sapien orci non lobortis magna viverra posuere morbi faucibus eget ante vitae commodo donec porta eleifend massa et porttitor in mollis libero at erat tristique condimentum nullam in rutrum velit ');
INSERT INTO `di_searchindex` (`elementId`, `attribute`, `fieldId`, `locale`, `keywords`) VALUES ('117', 'field', '126', 'en_gb', ' telephone 028 9012 3456 telephone 028 9012 3456 twitter davidmcbride twitter davidmcbride email david dropinn net email david dropinn net ');
INSERT INTO `di_searchindex` (`elementId`, `attribute`, `fieldId`, `locale`, `keywords`) VALUES ('119', 'field', '24', 'en_gb', ' https www youtube com watch v=5e74y7566sc ');
INSERT INTO `di_searchindex` (`elementId`, `attribute`, `fieldId`, `locale`, `keywords`) VALUES ('119', 'field', '25', 'en_gb', ' asset full ');
INSERT INTO `di_searchindex` (`elementId`, `attribute`, `fieldId`, `locale`, `keywords`) VALUES ('119', 'field', '27', 'en_gb', '');
INSERT INTO `di_searchindex` (`elementId`, `attribute`, `fieldId`, `locale`, `keywords`) VALUES ('119', 'slug', '0', 'en_gb', '');
INSERT INTO `di_searchindex` (`elementId`, `attribute`, `fieldId`, `locale`, `keywords`) VALUES ('120', 'slug', '0', 'en_gb', '');
INSERT INTO `di_searchindex` (`elementId`, `attribute`, `fieldId`, `locale`, `keywords`) VALUES ('120', 'title', '0', 'en_gb', ' church ');
INSERT INTO `di_searchindex` (`elementId`, `attribute`, `fieldId`, `locale`, `keywords`) VALUES ('121', 'slug', '0', 'en_gb', '');
INSERT INTO `di_searchindex` (`elementId`, `attribute`, `fieldId`, `locale`, `keywords`) VALUES ('121', 'title', '0', 'en_gb', ' charity shop ');
INSERT INTO `di_searchindex` (`elementId`, `attribute`, `fieldId`, `locale`, `keywords`) VALUES ('122', 'slug', '0', 'en_gb', '');
INSERT INTO `di_searchindex` (`elementId`, `attribute`, `fieldId`, `locale`, `keywords`) VALUES ('122', 'title', '0', 'en_gb', ' coffee shop ');
INSERT INTO `di_searchindex` (`elementId`, `attribute`, `fieldId`, `locale`, `keywords`) VALUES ('123', 'slug', '0', 'en_gb', '');
INSERT INTO `di_searchindex` (`elementId`, `attribute`, `fieldId`, `locale`, `keywords`) VALUES ('123', 'title', '0', 'en_gb', ' community center ');
INSERT INTO `di_searchindex` (`elementId`, `attribute`, `fieldId`, `locale`, `keywords`) VALUES ('124', 'slug', '0', 'en_gb', '');
INSERT INTO `di_searchindex` (`elementId`, `attribute`, `fieldId`, `locale`, `keywords`) VALUES ('124', 'title', '0', 'en_gb', ' residence ');
INSERT INTO `di_searchindex` (`elementId`, `attribute`, `fieldId`, `locale`, `keywords`) VALUES ('125', 'field', '50', 'en_gb', ' 171 dobbin rd richhill county armagh bt61 9lw northern ireland 171 dobbin rd richhill county armagh bt61 9lw northern ireland ');
INSERT INTO `di_searchindex` (`elementId`, `attribute`, `fieldId`, `locale`, `keywords`) VALUES ('125', 'field', '85', 'en_gb', ' poster postermap ');
INSERT INTO `di_searchindex` (`elementId`, `attribute`, `fieldId`, `locale`, `keywords`) VALUES ('125', 'field', '3', 'en_gb', '');
INSERT INTO `di_searchindex` (`elementId`, `attribute`, `fieldId`, `locale`, `keywords`) VALUES ('125', 'field', '64', 'en_gb', '');
INSERT INTO `di_searchindex` (`elementId`, `attribute`, `fieldId`, `locale`, `keywords`) VALUES ('125', 'field', '28', 'en_gb', '');
INSERT INTO `di_searchindex` (`elementId`, `attribute`, `fieldId`, `locale`, `keywords`) VALUES ('125', 'field', '63', 'en_gb', ' tertiary ');
INSERT INTO `di_searchindex` (`elementId`, `attribute`, `fieldId`, `locale`, `keywords`) VALUES ('125', 'field', '51', 'en_gb', ' drop inn community church 171 dobbin road richhill armagh armagh bt61 9lw uk ');
INSERT INTO `di_searchindex` (`elementId`, `attribute`, `fieldId`, `locale`, `keywords`) VALUES ('125', 'field', '1', 'en_gb', '');
INSERT INTO `di_searchindex` (`elementId`, `attribute`, `fieldId`, `locale`, `keywords`) VALUES ('125', 'field', '2', 'en_gb', '');
INSERT INTO `di_searchindex` (`elementId`, `attribute`, `fieldId`, `locale`, `keywords`) VALUES ('125', 'field', '96', 'en_gb', ' church ');
INSERT INTO `di_searchindex` (`elementId`, `attribute`, `fieldId`, `locale`, `keywords`) VALUES ('125', 'field', '29', 'en_gb', ' _layout church ');
INSERT INTO `di_searchindex` (`elementId`, `attribute`, `fieldId`, `locale`, `keywords`) VALUES ('125', 'field', '23', 'en_gb', ' the local global church ');
INSERT INTO `di_searchindex` (`elementId`, `attribute`, `fieldId`, `locale`, `keywords`) VALUES ('125', 'field', '93', 'en_gb', '');
INSERT INTO `di_searchindex` (`elementId`, `attribute`, `fieldId`, `locale`, `keywords`) VALUES ('125', 'field', '14', 'en_gb', '');
INSERT INTO `di_searchindex` (`elementId`, `attribute`, `fieldId`, `locale`, `keywords`) VALUES ('125', 'field', '62', 'en_gb', ' church ');
INSERT INTO `di_searchindex` (`elementId`, `attribute`, `fieldId`, `locale`, `keywords`) VALUES ('125', 'field', '16', 'en_gb', '');
INSERT INTO `di_searchindex` (`elementId`, `attribute`, `fieldId`, `locale`, `keywords`) VALUES ('125', 'slug', '0', 'en_gb', ' grace community church ');
INSERT INTO `di_searchindex` (`elementId`, `attribute`, `fieldId`, `locale`, `keywords`) VALUES ('125', 'title', '0', 'en_gb', ' grace community church ');
INSERT INTO `di_searchindex` (`elementId`, `attribute`, `fieldId`, `locale`, `keywords`) VALUES ('125', 'field', '17', 'en_gb', ' background ');
INSERT INTO `di_searchindex` (`elementId`, `attribute`, `fieldId`, `locale`, `keywords`) VALUES ('126', 'field', '85', 'en_gb', ' poster showrelated ');
INSERT INTO `di_searchindex` (`elementId`, `attribute`, `fieldId`, `locale`, `keywords`) VALUES ('126', 'field', '3', 'en_gb', '');
INSERT INTO `di_searchindex` (`elementId`, `attribute`, `fieldId`, `locale`, `keywords`) VALUES ('126', 'field', '64', 'en_gb', '');
INSERT INTO `di_searchindex` (`elementId`, `attribute`, `fieldId`, `locale`, `keywords`) VALUES ('126', 'field', '50', 'en_gb', ' 16a church street portadown county armagh bt62 3lq northern ireland 16a church street portadown county armagh bt62 3lq northern ireland ');
INSERT INTO `di_searchindex` (`elementId`, `attribute`, `fieldId`, `locale`, `keywords`) VALUES ('126', 'field', '28', 'en_gb', '');
INSERT INTO `di_searchindex` (`elementId`, `attribute`, `fieldId`, `locale`, `keywords`) VALUES ('126', 'field', '1', 'en_gb', ' tin house coffee ');
INSERT INTO `di_searchindex` (`elementId`, `attribute`, `fieldId`, `locale`, `keywords`) VALUES ('126', 'field', '63', 'en_gb', ' secondary ');
INSERT INTO `di_searchindex` (`elementId`, `attribute`, `fieldId`, `locale`, `keywords`) VALUES ('126', 'field', '51', 'en_gb', ' 16 church street portadown craigavon craigavon bt62 3ln uk ');
INSERT INTO `di_searchindex` (`elementId`, `attribute`, `fieldId`, `locale`, `keywords`) VALUES ('126', 'field', '96', 'en_gb', ' coffee shop ');
INSERT INTO `di_searchindex` (`elementId`, `attribute`, `fieldId`, `locale`, `keywords`) VALUES ('126', 'field', '2', 'en_gb', ' columns 3 the department of social development dsd in northern ireland is launching a new piece of legislation in relation to landlords from the 25th february 2014 the landlord registration scheme regulations ni 2012 will be in operation this legislation requires all landlords who let properties under a private tenancy to register under the scheme landlords must register with the scheme immediately for tenancies commencing on or after the 25th february 2014 for all other existing tenancies landlords have 12 months to register i e before 24th february 2015 each registration lasts for three years and costs 70 00 for an online submission and 80 00 for a paper submission landlords who are set up as a company and those who have a house of multiple occupancy licence will be exempt from paying the registration fee on completion of the landlord registration the registrar will issue a certificate of registration to confirm compliance with the scheme who is a landlord for the purposes of this new legislation a landlord is anybody who receives rent for accommodation this encompasses a wide range of situations including renting a property for short period of time for example renting your property while on holiday or having a lodger renting a room all these situations create a private tenancy thus you are considered a landlord liable for registration ');
INSERT INTO `di_searchindex` (`elementId`, `attribute`, `fieldId`, `locale`, `keywords`) VALUES ('126', 'field', '23', 'en_gb', ' portadown ');
INSERT INTO `di_searchindex` (`elementId`, `attribute`, `fieldId`, `locale`, `keywords`) VALUES ('126', 'field', '17', 'en_gb', ' background ');
INSERT INTO `di_searchindex` (`elementId`, `attribute`, `fieldId`, `locale`, `keywords`) VALUES ('126', 'field', '93', 'en_gb', '');
INSERT INTO `di_searchindex` (`elementId`, `attribute`, `fieldId`, `locale`, `keywords`) VALUES ('126', 'field', '14', 'en_gb', '');
INSERT INTO `di_searchindex` (`elementId`, `attribute`, `fieldId`, `locale`, `keywords`) VALUES ('126', 'field', '29', 'en_gb', ' _layout tinhouse ');
INSERT INTO `di_searchindex` (`elementId`, `attribute`, `fieldId`, `locale`, `keywords`) VALUES ('126', 'field', '62', 'en_gb', ' tinhouse ');
INSERT INTO `di_searchindex` (`elementId`, `attribute`, `fieldId`, `locale`, `keywords`) VALUES ('126', 'field', '16', 'en_gb', ' portadown ');
INSERT INTO `di_searchindex` (`elementId`, `attribute`, `fieldId`, `locale`, `keywords`) VALUES ('126', 'slug', '0', 'en_gb', ' tin house portadown ');
INSERT INTO `di_searchindex` (`elementId`, `attribute`, `fieldId`, `locale`, `keywords`) VALUES ('126', 'title', '0', 'en_gb', ' tin house portadown ');
INSERT INTO `di_searchindex` (`elementId`, `attribute`, `fieldId`, `locale`, `keywords`) VALUES ('126', 'field', '35', 'en_gb', ' david mcbride item list shade key people or 1 teaser list church primary other places ');
INSERT INTO `di_searchindex` (`elementId`, `attribute`, `fieldId`, `locale`, `keywords`) VALUES ('127', 'field', '75', 'en_gb', ' other places ');
INSERT INTO `di_searchindex` (`elementId`, `attribute`, `fieldId`, `locale`, `keywords`) VALUES ('127', 'field', '76', 'en_gb', ' primary ');
INSERT INTO `di_searchindex` (`elementId`, `attribute`, `fieldId`, `locale`, `keywords`) VALUES ('127', 'field', '97', 'en_gb', ' item list ');
INSERT INTO `di_searchindex` (`elementId`, `attribute`, `fieldId`, `locale`, `keywords`) VALUES ('127', 'field', '98', 'en_gb', ' simple ');
INSERT INTO `di_searchindex` (`elementId`, `attribute`, `fieldId`, `locale`, `keywords`) VALUES ('127', 'field', '100', 'en_gb', ' 1 ');
INSERT INTO `di_searchindex` (`elementId`, `attribute`, `fieldId`, `locale`, `keywords`) VALUES ('127', 'field', '99', 'en_gb', ' church ');
INSERT INTO `di_searchindex` (`elementId`, `attribute`, `fieldId`, `locale`, `keywords`) VALUES ('127', 'slug', '0', 'en_gb', '');
INSERT INTO `di_searchindex` (`elementId`, `attribute`, `fieldId`, `locale`, `keywords`) VALUES ('125', 'field', '35', 'en_gb', '');
INSERT INTO `di_searchindex` (`elementId`, `attribute`, `fieldId`, `locale`, `keywords`) VALUES ('128', 'slug', '0', 'en_gb', '');
INSERT INTO `di_searchindex` (`elementId`, `attribute`, `fieldId`, `locale`, `keywords`) VALUES ('128', 'title', '0', 'en_gb', ' tin house ');
INSERT INTO `di_searchindex` (`elementId`, `attribute`, `fieldId`, `locale`, `keywords`) VALUES ('129', 'slug', '0', 'en_gb', '');
INSERT INTO `di_searchindex` (`elementId`, `attribute`, `fieldId`, `locale`, `keywords`) VALUES ('129', 'title', '0', 'en_gb', ' church ');
INSERT INTO `di_searchindex` (`elementId`, `attribute`, `fieldId`, `locale`, `keywords`) VALUES ('130', 'slug', '0', 'en_gb', '');
INSERT INTO `di_searchindex` (`elementId`, `attribute`, `fieldId`, `locale`, `keywords`) VALUES ('130', 'title', '0', 'en_gb', ' manager ');
INSERT INTO `di_searchindex` (`elementId`, `attribute`, `fieldId`, `locale`, `keywords`) VALUES ('131', 'slug', '0', 'en_gb', '');
INSERT INTO `di_searchindex` (`elementId`, `attribute`, `fieldId`, `locale`, `keywords`) VALUES ('131', 'title', '0', 'en_gb', ' pastor ');
INSERT INTO `di_searchindex` (`elementId`, `attribute`, `fieldId`, `locale`, `keywords`) VALUES ('132', 'slug', '0', 'en_gb', '');
INSERT INTO `di_searchindex` (`elementId`, `attribute`, `fieldId`, `locale`, `keywords`) VALUES ('132', 'title', '0', 'en_gb', ' elder ');
INSERT INTO `di_searchindex` (`elementId`, `attribute`, `fieldId`, `locale`, `keywords`) VALUES ('133', 'slug', '0', 'en_gb', '');
INSERT INTO `di_searchindex` (`elementId`, `attribute`, `fieldId`, `locale`, `keywords`) VALUES ('133', 'title', '0', 'en_gb', ' director ');
INSERT INTO `di_searchindex` (`elementId`, `attribute`, `fieldId`, `locale`, `keywords`) VALUES ('144', 'filename', '0', 'en_gb', ' lampstand jpg ');
INSERT INTO `di_searchindex` (`elementId`, `attribute`, `fieldId`, `locale`, `keywords`) VALUES ('127', 'field', '101', 'en_gb', ' none ');
INSERT INTO `di_searchindex` (`elementId`, `attribute`, `fieldId`, `locale`, `keywords`) VALUES ('127', 'field', '102', 'en_gb', '');
INSERT INTO `di_searchindex` (`elementId`, `attribute`, `fieldId`, `locale`, `keywords`) VALUES ('127', 'field', '103', 'en_gb', '');
INSERT INTO `di_searchindex` (`elementId`, `attribute`, `fieldId`, `locale`, `keywords`) VALUES ('134', 'field', '42', 'en_gb', ' key people ');
INSERT INTO `di_searchindex` (`elementId`, `attribute`, `fieldId`, `locale`, `keywords`) VALUES ('134', 'field', '46', 'en_gb', ' shade ');
INSERT INTO `di_searchindex` (`elementId`, `attribute`, `fieldId`, `locale`, `keywords`) VALUES ('134', 'field', '104', 'en_gb', ' item list ');
INSERT INTO `di_searchindex` (`elementId`, `attribute`, `fieldId`, `locale`, `keywords`) VALUES ('134', 'field', '105', 'en_gb', ' tease ');
INSERT INTO `di_searchindex` (`elementId`, `attribute`, `fieldId`, `locale`, `keywords`) VALUES ('134', 'field', '106', 'en_gb', ' none ');
INSERT INTO `di_searchindex` (`elementId`, `attribute`, `fieldId`, `locale`, `keywords`) VALUES ('134', 'field', '43', 'en_gb', ' david mcbride ');
INSERT INTO `di_searchindex` (`elementId`, `attribute`, `fieldId`, `locale`, `keywords`) VALUES ('134', 'slug', '0', 'en_gb', '');
INSERT INTO `di_searchindex` (`elementId`, `attribute`, `fieldId`, `locale`, `keywords`) VALUES ('135', 'field', '19', 'en_gb', ' david mcbride ');
INSERT INTO `di_searchindex` (`elementId`, `attribute`, `fieldId`, `locale`, `keywords`) VALUES ('135', 'field', '20', 'en_gb', ' a little bit about david ');
INSERT INTO `di_searchindex` (`elementId`, `attribute`, `fieldId`, `locale`, `keywords`) VALUES ('135', 'field', '21', 'en_gb', '');
INSERT INTO `di_searchindex` (`elementId`, `attribute`, `fieldId`, `locale`, `keywords`) VALUES ('135', 'field', '22', 'en_gb', ' asset full ');
INSERT INTO `di_searchindex` (`elementId`, `attribute`, `fieldId`, `locale`, `keywords`) VALUES ('135', 'field', '107', 'en_gb', ' david mcbride ');
INSERT INTO `di_searchindex` (`elementId`, `attribute`, `fieldId`, `locale`, `keywords`) VALUES ('135', 'slug', '0', 'en_gb', '');
INSERT INTO `di_searchindex` (`elementId`, `attribute`, `fieldId`, `locale`, `keywords`) VALUES ('127', 'field', '110', 'en_gb', '');
INSERT INTO `di_searchindex` (`elementId`, `attribute`, `fieldId`, `locale`, `keywords`) VALUES ('136', 'slug', '0', 'en_gb', ' food drink ');
INSERT INTO `di_searchindex` (`elementId`, `attribute`, `fieldId`, `locale`, `keywords`) VALUES ('136', 'title', '0', 'en_gb', ' food and drink ');
INSERT INTO `di_searchindex` (`elementId`, `attribute`, `fieldId`, `locale`, `keywords`) VALUES ('137', 'slug', '0', 'en_gb', ' coffee ');
INSERT INTO `di_searchindex` (`elementId`, `attribute`, `fieldId`, `locale`, `keywords`) VALUES ('137', 'title', '0', 'en_gb', ' coffee ');
INSERT INTO `di_searchindex` (`elementId`, `attribute`, `fieldId`, `locale`, `keywords`) VALUES ('138', 'slug', '0', 'en_gb', '');
INSERT INTO `di_searchindex` (`elementId`, `attribute`, `fieldId`, `locale`, `keywords`) VALUES ('138', 'title', '0', 'en_gb', ' tea ');
INSERT INTO `di_searchindex` (`elementId`, `attribute`, `fieldId`, `locale`, `keywords`) VALUES ('114', 'field', '109', 'en_gb', '');
INSERT INTO `di_searchindex` (`elementId`, `attribute`, `fieldId`, `locale`, `keywords`) VALUES ('114', 'field', '96', 'en_gb', '');
INSERT INTO `di_searchindex` (`elementId`, `attribute`, `fieldId`, `locale`, `keywords`) VALUES ('114', 'field', '108', 'en_gb', ' food and drink coffee ');
INSERT INTO `di_searchindex` (`elementId`, `attribute`, `fieldId`, `locale`, `keywords`) VALUES ('137', 'field', '16', 'en_gb', '');
INSERT INTO `di_searchindex` (`elementId`, `attribute`, `fieldId`, `locale`, `keywords`) VALUES ('137', 'field', '17', 'en_gb', ' poster ');
INSERT INTO `di_searchindex` (`elementId`, `attribute`, `fieldId`, `locale`, `keywords`) VALUES ('137', 'field', '29', 'en_gb', ' _layout tinhouse ');
INSERT INTO `di_searchindex` (`elementId`, `attribute`, `fieldId`, `locale`, `keywords`) VALUES ('145', 'field', '64', 'en_gb', '');
INSERT INTO `di_searchindex` (`elementId`, `attribute`, `fieldId`, `locale`, `keywords`) VALUES ('139', 'field', '1', 'en_gb', '');
INSERT INTO `di_searchindex` (`elementId`, `attribute`, `fieldId`, `locale`, `keywords`) VALUES ('139', 'field', '2', 'en_gb', '');
INSERT INTO `di_searchindex` (`elementId`, `attribute`, `fieldId`, `locale`, `keywords`) VALUES ('139', 'field', '3', 'en_gb', '');
INSERT INTO `di_searchindex` (`elementId`, `attribute`, `fieldId`, `locale`, `keywords`) VALUES ('139', 'field', '29', 'en_gb', ' _layout tinhouse ');
INSERT INTO `di_searchindex` (`elementId`, `attribute`, `fieldId`, `locale`, `keywords`) VALUES ('139', 'field', '16', 'en_gb', ' coffee beans1 ');
INSERT INTO `di_searchindex` (`elementId`, `attribute`, `fieldId`, `locale`, `keywords`) VALUES ('139', 'field', '28', 'en_gb', '');
INSERT INTO `di_searchindex` (`elementId`, `attribute`, `fieldId`, `locale`, `keywords`) VALUES ('139', 'field', '23', 'en_gb', '');
INSERT INTO `di_searchindex` (`elementId`, `attribute`, `fieldId`, `locale`, `keywords`) VALUES ('139', 'field', '17', 'en_gb', ' poster ');
INSERT INTO `di_searchindex` (`elementId`, `attribute`, `fieldId`, `locale`, `keywords`) VALUES ('139', 'field', '109', 'en_gb', '');
INSERT INTO `di_searchindex` (`elementId`, `attribute`, `fieldId`, `locale`, `keywords`) VALUES ('139', 'field', '26', 'en_gb', '');
INSERT INTO `di_searchindex` (`elementId`, `attribute`, `fieldId`, `locale`, `keywords`) VALUES ('139', 'field', '14', 'en_gb', '');
INSERT INTO `di_searchindex` (`elementId`, `attribute`, `fieldId`, `locale`, `keywords`) VALUES ('139', 'field', '96', 'en_gb', ' church ');
INSERT INTO `di_searchindex` (`elementId`, `attribute`, `fieldId`, `locale`, `keywords`) VALUES ('139', 'field', '54', 'en_gb', ' gbp gbp ');
INSERT INTO `di_searchindex` (`elementId`, `attribute`, `fieldId`, `locale`, `keywords`) VALUES ('139', 'field', '63', 'en_gb', ' tertiary ');
INSERT INTO `di_searchindex` (`elementId`, `attribute`, `fieldId`, `locale`, `keywords`) VALUES ('139', 'field', '108', 'en_gb', ' food and drink coffee ');
INSERT INTO `di_searchindex` (`elementId`, `attribute`, `fieldId`, `locale`, `keywords`) VALUES ('139', 'field', '62', 'en_gb', '');
INSERT INTO `di_searchindex` (`elementId`, `attribute`, `fieldId`, `locale`, `keywords`) VALUES ('139', 'slug', '0', 'en_gb', ' kenyan roast ');
INSERT INTO `di_searchindex` (`elementId`, `attribute`, `fieldId`, `locale`, `keywords`) VALUES ('139', 'title', '0', 'en_gb', ' kenyan roast ');
INSERT INTO `di_searchindex` (`elementId`, `attribute`, `fieldId`, `locale`, `keywords`) VALUES ('140', 'field', '16', 'en_gb', '');
INSERT INTO `di_searchindex` (`elementId`, `attribute`, `fieldId`, `locale`, `keywords`) VALUES ('140', 'field', '17', 'en_gb', ' poster ');
INSERT INTO `di_searchindex` (`elementId`, `attribute`, `fieldId`, `locale`, `keywords`) VALUES ('140', 'field', '29', 'en_gb', ' _layout ');
INSERT INTO `di_searchindex` (`elementId`, `attribute`, `fieldId`, `locale`, `keywords`) VALUES ('140', 'slug', '0', 'en_gb', '');
INSERT INTO `di_searchindex` (`elementId`, `attribute`, `fieldId`, `locale`, `keywords`) VALUES ('140', 'title', '0', 'en_gb', ' beans ');
INSERT INTO `di_searchindex` (`elementId`, `attribute`, `fieldId`, `locale`, `keywords`) VALUES ('136', 'field', '16', 'en_gb', ' coffee beans1 ');
INSERT INTO `di_searchindex` (`elementId`, `attribute`, `fieldId`, `locale`, `keywords`) VALUES ('136', 'field', '17', 'en_gb', ' poster ');
INSERT INTO `di_searchindex` (`elementId`, `attribute`, `fieldId`, `locale`, `keywords`) VALUES ('136', 'field', '29', 'en_gb', ' _layout ');
INSERT INTO `di_searchindex` (`elementId`, `attribute`, `fieldId`, `locale`, `keywords`) VALUES ('136', 'field', '14', 'en_gb', ' abiding and spiritual growth go hand in hand as we make the choice to create space in our schedules and give that unhurried time to be with the lord we will experience the fruits of having co operated with the work of divine grace within us our lives are transformed restored to their original beauty and order our relationships and the many communities we are a part of are also transformed as love grace and forgiveness replace the asserting of self and me centeredness a commitment to walk in attentiveness to the workings of the spirit within will be essential if this grace filled transformation is to take place ');
INSERT INTO `di_searchindex` (`elementId`, `attribute`, `fieldId`, `locale`, `keywords`) VALUES ('141', 'field', '75', 'en_gb', ' shops ');
INSERT INTO `di_searchindex` (`elementId`, `attribute`, `fieldId`, `locale`, `keywords`) VALUES ('141', 'field', '76', 'en_gb', ' shade ');
INSERT INTO `di_searchindex` (`elementId`, `attribute`, `fieldId`, `locale`, `keywords`) VALUES ('141', 'field', '97', 'en_gb', ' mini list ');
INSERT INTO `di_searchindex` (`elementId`, `attribute`, `fieldId`, `locale`, `keywords`) VALUES ('141', 'field', '98', 'en_gb', ' basic ');
INSERT INTO `di_searchindex` (`elementId`, `attribute`, `fieldId`, `locale`, `keywords`) VALUES ('141', 'field', '101', 'en_gb', ' none ');
INSERT INTO `di_searchindex` (`elementId`, `attribute`, `fieldId`, `locale`, `keywords`) VALUES ('141', 'field', '100', 'en_gb', ' 6 ');
INSERT INTO `di_searchindex` (`elementId`, `attribute`, `fieldId`, `locale`, `keywords`) VALUES ('141', 'field', '102', 'en_gb', ' tin house church ');
INSERT INTO `di_searchindex` (`elementId`, `attribute`, `fieldId`, `locale`, `keywords`) VALUES ('141', 'field', '99', 'en_gb', ' church charity shop coffee shop community center residence ');
INSERT INTO `di_searchindex` (`elementId`, `attribute`, `fieldId`, `locale`, `keywords`) VALUES ('141', 'field', '103', 'en_gb', ' manager pastor elder director ');
INSERT INTO `di_searchindex` (`elementId`, `attribute`, `fieldId`, `locale`, `keywords`) VALUES ('141', 'slug', '0', 'en_gb', '');
INSERT INTO `di_searchindex` (`elementId`, `attribute`, `fieldId`, `locale`, `keywords`) VALUES ('142', 'field', '42', 'en_gb', ' of interest ');
INSERT INTO `di_searchindex` (`elementId`, `attribute`, `fieldId`, `locale`, `keywords`) VALUES ('142', 'field', '46', 'en_gb', ' primary ');
INSERT INTO `di_searchindex` (`elementId`, `attribute`, `fieldId`, `locale`, `keywords`) VALUES ('142', 'field', '104', 'en_gb', ' teaser list ');
INSERT INTO `di_searchindex` (`elementId`, `attribute`, `fieldId`, `locale`, `keywords`) VALUES ('142', 'field', '105', 'en_gb', ' mini tease ');
INSERT INTO `di_searchindex` (`elementId`, `attribute`, `fieldId`, `locale`, `keywords`) VALUES ('142', 'field', '106', 'en_gb', ' shade ');
INSERT INTO `di_searchindex` (`elementId`, `attribute`, `fieldId`, `locale`, `keywords`) VALUES ('142', 'field', '43', 'en_gb', ' lampstand hello we just installed craft david mcbride ');
INSERT INTO `di_searchindex` (`elementId`, `attribute`, `fieldId`, `locale`, `keywords`) VALUES ('142', 'slug', '0', 'en_gb', '');
INSERT INTO `di_searchindex` (`elementId`, `attribute`, `fieldId`, `locale`, `keywords`) VALUES ('143', 'field', '111', 'en_gb', ' what s new ');
INSERT INTO `di_searchindex` (`elementId`, `attribute`, `fieldId`, `locale`, `keywords`) VALUES ('143', 'field', '112', 'en_gb', ' none ');
INSERT INTO `di_searchindex` (`elementId`, `attribute`, `fieldId`, `locale`, `keywords`) VALUES ('143', 'field', '113', 'en_gb', ' teaser list ');
INSERT INTO `di_searchindex` (`elementId`, `attribute`, `fieldId`, `locale`, `keywords`) VALUES ('143', 'field', '114', 'en_gb', ' mini tease ');
INSERT INTO `di_searchindex` (`elementId`, `attribute`, `fieldId`, `locale`, `keywords`) VALUES ('143', 'field', '115', 'en_gb', ' shade ');
INSERT INTO `di_searchindex` (`elementId`, `attribute`, `fieldId`, `locale`, `keywords`) VALUES ('143', 'field', '116', 'en_gb', ' events news products articles ');
INSERT INTO `di_searchindex` (`elementId`, `attribute`, `fieldId`, `locale`, `keywords`) VALUES ('143', 'field', '117', 'en_gb', ' 4 ');
INSERT INTO `di_searchindex` (`elementId`, `attribute`, `fieldId`, `locale`, `keywords`) VALUES ('143', 'field', '118', 'en_gb', '');
INSERT INTO `di_searchindex` (`elementId`, `attribute`, `fieldId`, `locale`, `keywords`) VALUES ('143', 'field', '119', 'en_gb', '');
INSERT INTO `di_searchindex` (`elementId`, `attribute`, `fieldId`, `locale`, `keywords`) VALUES ('143', 'field', '120', 'en_gb', '');
INSERT INTO `di_searchindex` (`elementId`, `attribute`, `fieldId`, `locale`, `keywords`) VALUES ('143', 'field', '121', 'en_gb', '');
INSERT INTO `di_searchindex` (`elementId`, `attribute`, `fieldId`, `locale`, `keywords`) VALUES ('143', 'slug', '0', 'en_gb', '');
INSERT INTO `di_searchindex` (`elementId`, `attribute`, `fieldId`, `locale`, `keywords`) VALUES ('141', 'field', '110', 'en_gb', ' food and drink coffee ');
INSERT INTO `di_searchindex` (`elementId`, `attribute`, `fieldId`, `locale`, `keywords`) VALUES ('141', 'field', '122', 'en_gb', ' or ');
INSERT INTO `di_searchindex` (`elementId`, `attribute`, `fieldId`, `locale`, `keywords`) VALUES ('143', 'field', '123', 'en_gb', ' or ');
INSERT INTO `di_searchindex` (`elementId`, `attribute`, `fieldId`, `locale`, `keywords`) VALUES ('3', 'field', '109', 'en_gb', ' tin house church ');
INSERT INTO `di_searchindex` (`elementId`, `attribute`, `fieldId`, `locale`, `keywords`) VALUES ('3', 'field', '96', 'en_gb', ' church charity shop coffee shop community center residence ');
INSERT INTO `di_searchindex` (`elementId`, `attribute`, `fieldId`, `locale`, `keywords`) VALUES ('3', 'field', '108', 'en_gb', '');
INSERT INTO `di_searchindex` (`elementId`, `attribute`, `fieldId`, `locale`, `keywords`) VALUES ('113', 'field', '109', 'en_gb', ' tin house ');
INSERT INTO `di_searchindex` (`elementId`, `attribute`, `fieldId`, `locale`, `keywords`) VALUES ('113', 'field', '96', 'en_gb', '');
INSERT INTO `di_searchindex` (`elementId`, `attribute`, `fieldId`, `locale`, `keywords`) VALUES ('113', 'field', '108', 'en_gb', '');
INSERT INTO `di_searchindex` (`elementId`, `attribute`, `fieldId`, `locale`, `keywords`) VALUES ('144', 'extension', '0', 'en_gb', ' jpg ');
INSERT INTO `di_searchindex` (`elementId`, `attribute`, `fieldId`, `locale`, `keywords`) VALUES ('144', 'kind', '0', 'en_gb', ' image ');
INSERT INTO `di_searchindex` (`elementId`, `attribute`, `fieldId`, `locale`, `keywords`) VALUES ('144', 'slug', '0', 'en_gb', '');
INSERT INTO `di_searchindex` (`elementId`, `attribute`, `fieldId`, `locale`, `keywords`) VALUES ('144', 'title', '0', 'en_gb', ' lampstand ');
INSERT INTO `di_searchindex` (`elementId`, `attribute`, `fieldId`, `locale`, `keywords`) VALUES ('145', 'field', '63', 'en_gb', ' none ');
INSERT INTO `di_searchindex` (`elementId`, `attribute`, `fieldId`, `locale`, `keywords`) VALUES ('145', 'field', '28', 'en_gb', '');
INSERT INTO `di_searchindex` (`elementId`, `attribute`, `fieldId`, `locale`, `keywords`) VALUES ('145', 'field', '1', 'en_gb', '');
INSERT INTO `di_searchindex` (`elementId`, `attribute`, `fieldId`, `locale`, `keywords`) VALUES ('145', 'field', '16', 'en_gb', ' church ');
INSERT INTO `di_searchindex` (`elementId`, `attribute`, `fieldId`, `locale`, `keywords`) VALUES ('145', 'field', '2', 'en_gb', '');
INSERT INTO `di_searchindex` (`elementId`, `attribute`, `fieldId`, `locale`, `keywords`) VALUES ('145', 'field', '17', 'en_gb', ' poster ');
INSERT INTO `di_searchindex` (`elementId`, `attribute`, `fieldId`, `locale`, `keywords`) VALUES ('145', 'field', '23', 'en_gb', '');
INSERT INTO `di_searchindex` (`elementId`, `attribute`, `fieldId`, `locale`, `keywords`) VALUES ('145', 'field', '35', 'en_gb', '');
INSERT INTO `di_searchindex` (`elementId`, `attribute`, `fieldId`, `locale`, `keywords`) VALUES ('145', 'field', '14', 'en_gb', ' please pray for believers around the world to be aware of the plight of the body of christ when it comes to the issue of persecution we ve seen the level of persecution rise in the last year in places like iraq nigeria sudan pakistan and syria and our suffering brothers and sisters need our prayers more than ever pray for christians to be burdened in prayer with god s heart for both the persecuted and the persecutor may modern day saul s encounter jesus and become modern day paul s ');
INSERT INTO `di_searchindex` (`elementId`, `attribute`, `fieldId`, `locale`, `keywords`) VALUES ('145', 'field', '26', 'en_gb', '');
INSERT INTO `di_searchindex` (`elementId`, `attribute`, `fieldId`, `locale`, `keywords`) VALUES ('145', 'field', '62', 'en_gb', '');
INSERT INTO `di_searchindex` (`elementId`, `attribute`, `fieldId`, `locale`, `keywords`) VALUES ('145', 'field', '3', 'en_gb', '');
INSERT INTO `di_searchindex` (`elementId`, `attribute`, `fieldId`, `locale`, `keywords`) VALUES ('145', 'field', '29', 'en_gb', ' _layout ');
INSERT INTO `di_searchindex` (`elementId`, `attribute`, `fieldId`, `locale`, `keywords`) VALUES ('145', 'slug', '0', 'en_gb', ' wake up oh church ');
INSERT INTO `di_searchindex` (`elementId`, `attribute`, `fieldId`, `locale`, `keywords`) VALUES ('145', 'title', '0', 'en_gb', ' wake up oh church ');
INSERT INTO `di_searchindex` (`elementId`, `attribute`, `fieldId`, `locale`, `keywords`) VALUES ('146', 'filename', '0', 'en_gb', ' portadown jpg ');
INSERT INTO `di_searchindex` (`elementId`, `attribute`, `fieldId`, `locale`, `keywords`) VALUES ('146', 'extension', '0', 'en_gb', ' jpg ');
INSERT INTO `di_searchindex` (`elementId`, `attribute`, `fieldId`, `locale`, `keywords`) VALUES ('146', 'kind', '0', 'en_gb', ' image ');
INSERT INTO `di_searchindex` (`elementId`, `attribute`, `fieldId`, `locale`, `keywords`) VALUES ('146', 'slug', '0', 'en_gb', ' portadown ');
INSERT INTO `di_searchindex` (`elementId`, `attribute`, `fieldId`, `locale`, `keywords`) VALUES ('146', 'title', '0', 'en_gb', ' portadown ');
INSERT INTO `di_searchindex` (`elementId`, `attribute`, `fieldId`, `locale`, `keywords`) VALUES ('127', 'field', '122', 'en_gb', ' or ');
INSERT INTO `di_searchindex` (`elementId`, `attribute`, `fieldId`, `locale`, `keywords`) VALUES ('147', 'filename', '0', 'en_gb', ' portadown_1 jpg ');
INSERT INTO `di_searchindex` (`elementId`, `attribute`, `fieldId`, `locale`, `keywords`) VALUES ('147', 'extension', '0', 'en_gb', ' jpg ');
INSERT INTO `di_searchindex` (`elementId`, `attribute`, `fieldId`, `locale`, `keywords`) VALUES ('147', 'kind', '0', 'en_gb', ' image ');
INSERT INTO `di_searchindex` (`elementId`, `attribute`, `fieldId`, `locale`, `keywords`) VALUES ('147', 'slug', '0', 'en_gb', '');
INSERT INTO `di_searchindex` (`elementId`, `attribute`, `fieldId`, `locale`, `keywords`) VALUES ('147', 'title', '0', 'en_gb', ' portadown 1 ');
INSERT INTO `di_searchindex` (`elementId`, `attribute`, `fieldId`, `locale`, `keywords`) VALUES ('112', 'field', '109', 'en_gb', '');
INSERT INTO `di_searchindex` (`elementId`, `attribute`, `fieldId`, `locale`, `keywords`) VALUES ('112', 'field', '96', 'en_gb', '');
INSERT INTO `di_searchindex` (`elementId`, `attribute`, `fieldId`, `locale`, `keywords`) VALUES ('112', 'field', '108', 'en_gb', '');
INSERT INTO `di_searchindex` (`elementId`, `attribute`, `fieldId`, `locale`, `keywords`) VALUES ('112', 'field', '124', 'en_gb', ' 54 464800000000004 6 3360199999999995 ');
INSERT INTO `di_searchindex` (`elementId`, `attribute`, `fieldId`, `locale`, `keywords`) VALUES ('148', 'name', '0', 'en_gb', ' sign language ');
INSERT INTO `di_searchindex` (`elementId`, `attribute`, `fieldId`, `locale`, `keywords`) VALUES ('148', 'slug', '0', 'en_gb', '');
INSERT INTO `di_searchindex` (`elementId`, `attribute`, `fieldId`, `locale`, `keywords`) VALUES ('149', 'name', '0', 'en_gb', ' commu ');
INSERT INTO `di_searchindex` (`elementId`, `attribute`, `fieldId`, `locale`, `keywords`) VALUES ('149', 'slug', '0', 'en_gb', '');
INSERT INTO `di_searchindex` (`elementId`, `attribute`, `fieldId`, `locale`, `keywords`) VALUES ('150', 'filename', '0', 'en_gb', ' fingerspelling bsl righthanded jpg ');
INSERT INTO `di_searchindex` (`elementId`, `attribute`, `fieldId`, `locale`, `keywords`) VALUES ('150', 'extension', '0', 'en_gb', ' jpg ');
INSERT INTO `di_searchindex` (`elementId`, `attribute`, `fieldId`, `locale`, `keywords`) VALUES ('150', 'kind', '0', 'en_gb', ' image ');
INSERT INTO `di_searchindex` (`elementId`, `attribute`, `fieldId`, `locale`, `keywords`) VALUES ('150', 'slug', '0', 'en_gb', ' fingerspelling bsl righthanded ');
INSERT INTO `di_searchindex` (`elementId`, `attribute`, `fieldId`, `locale`, `keywords`) VALUES ('150', 'title', '0', 'en_gb', ' fingerspelling bsl righthanded ');
INSERT INTO `di_searchindex` (`elementId`, `attribute`, `fieldId`, `locale`, `keywords`) VALUES ('151', 'field', '64', 'en_gb', '');
INSERT INTO `di_searchindex` (`elementId`, `attribute`, `fieldId`, `locale`, `keywords`) VALUES ('151', 'field', '63', 'en_gb', ' primary ');
INSERT INTO `di_searchindex` (`elementId`, `attribute`, `fieldId`, `locale`, `keywords`) VALUES ('151', 'field', '28', 'en_gb', ' 1 ');
INSERT INTO `di_searchindex` (`elementId`, `attribute`, `fieldId`, `locale`, `keywords`) VALUES ('151', 'field', '1', 'en_gb', '');
INSERT INTO `di_searchindex` (`elementId`, `attribute`, `fieldId`, `locale`, `keywords`) VALUES ('151', 'field', '16', 'en_gb', ' sign ');
INSERT INTO `di_searchindex` (`elementId`, `attribute`, `fieldId`, `locale`, `keywords`) VALUES ('151', 'field', '2', 'en_gb', ' asset full 36522 tabby kitten white background african girl sad asl family burkina faso landscape church coffee beans1 fingerspelling bsl righthanded forest hills hut 2745 lampstand asset inset fingerspelling bsl righthanded two handed alphabet graphic from british sign co uk colds are caused by hundreds of different viruses when one of these viruses gets into your body your immune system attacks it some of the effects of this immune response are the classic symptoms of a cold such as congestion and coughing the germs that cause colds are contagious you can pick them up when an infected person sneezes coughs or shakes hands with you after a couple of weeks at the most your immune system fights off the virus and you should stop having symptoms allergies are caused by an overactive immune system for some reason your body mistakes harmless substances such as dust or pollen for germs and attacks them your body releases chemicals such as histamine just as it does when fighting a cold this can cause swelling in your nasal passages a runny nose coughing and sneezing allergies are not contagious although some people may inherit a tendency to develop them ');
INSERT INTO `di_searchindex` (`elementId`, `attribute`, `fieldId`, `locale`, `keywords`) VALUES ('151', 'field', '17', 'en_gb', ' poster ');
INSERT INTO `di_searchindex` (`elementId`, `attribute`, `fieldId`, `locale`, `keywords`) VALUES ('151', 'field', '23', 'en_gb', ' introduction to sign language part 1 ');
INSERT INTO `di_searchindex` (`elementId`, `attribute`, `fieldId`, `locale`, `keywords`) VALUES ('151', 'field', '35', 'en_gb', '');
INSERT INTO `di_searchindex` (`elementId`, `attribute`, `fieldId`, `locale`, `keywords`) VALUES ('151', 'field', '14', 'en_gb', ' communicating the gospel to the deaf community ');
INSERT INTO `di_searchindex` (`elementId`, `attribute`, `fieldId`, `locale`, `keywords`) VALUES ('151', 'field', '26', 'en_gb', '');
INSERT INTO `di_searchindex` (`elementId`, `attribute`, `fieldId`, `locale`, `keywords`) VALUES ('151', 'field', '62', 'en_gb', '');
INSERT INTO `di_searchindex` (`elementId`, `attribute`, `fieldId`, `locale`, `keywords`) VALUES ('151', 'field', '3', 'en_gb', ' sign language commu ');
INSERT INTO `di_searchindex` (`elementId`, `attribute`, `fieldId`, `locale`, `keywords`) VALUES ('151', 'field', '29', 'en_gb', ' _layout church ');
INSERT INTO `di_searchindex` (`elementId`, `attribute`, `fieldId`, `locale`, `keywords`) VALUES ('151', 'slug', '0', 'en_gb', ' sign language alphabet ');
INSERT INTO `di_searchindex` (`elementId`, `attribute`, `fieldId`, `locale`, `keywords`) VALUES ('151', 'title', '0', 'en_gb', ' sign language alphabet ');
INSERT INTO `di_searchindex` (`elementId`, `attribute`, `fieldId`, `locale`, `keywords`) VALUES ('152', 'field', '6', 'en_gb', ' fingerspelling bsl righthanded ');
INSERT INTO `di_searchindex` (`elementId`, `attribute`, `fieldId`, `locale`, `keywords`) VALUES ('152', 'field', '7', 'en_gb', ' asset inset ');
INSERT INTO `di_searchindex` (`elementId`, `attribute`, `fieldId`, `locale`, `keywords`) VALUES ('152', 'field', '8', 'en_gb', ' two handed alphabet graphic from british sign co uk ');
INSERT INTO `di_searchindex` (`elementId`, `attribute`, `fieldId`, `locale`, `keywords`) VALUES ('152', 'slug', '0', 'en_gb', '');
INSERT INTO `di_searchindex` (`elementId`, `attribute`, `fieldId`, `locale`, `keywords`) VALUES ('153', 'filename', '0', 'en_gb', ' fingerspelling bsl righthanded_1 jpg ');
INSERT INTO `di_searchindex` (`elementId`, `attribute`, `fieldId`, `locale`, `keywords`) VALUES ('153', 'extension', '0', 'en_gb', ' jpg ');
INSERT INTO `di_searchindex` (`elementId`, `attribute`, `fieldId`, `locale`, `keywords`) VALUES ('153', 'kind', '0', 'en_gb', ' image ');
INSERT INTO `di_searchindex` (`elementId`, `attribute`, `fieldId`, `locale`, `keywords`) VALUES ('153', 'slug', '0', 'en_gb', '');
INSERT INTO `di_searchindex` (`elementId`, `attribute`, `fieldId`, `locale`, `keywords`) VALUES ('153', 'title', '0', 'en_gb', ' fingerspelling bsl righthanded 1 ');
INSERT INTO `di_searchindex` (`elementId`, `attribute`, `fieldId`, `locale`, `keywords`) VALUES ('154', 'filename', '0', 'en_gb', ' asl_family jpg ');
INSERT INTO `di_searchindex` (`elementId`, `attribute`, `fieldId`, `locale`, `keywords`) VALUES ('154', 'extension', '0', 'en_gb', ' jpg ');
INSERT INTO `di_searchindex` (`elementId`, `attribute`, `fieldId`, `locale`, `keywords`) VALUES ('154', 'kind', '0', 'en_gb', ' image ');
INSERT INTO `di_searchindex` (`elementId`, `attribute`, `fieldId`, `locale`, `keywords`) VALUES ('154', 'slug', '0', 'en_gb', '');
INSERT INTO `di_searchindex` (`elementId`, `attribute`, `fieldId`, `locale`, `keywords`) VALUES ('154', 'title', '0', 'en_gb', ' asl family ');
INSERT INTO `di_searchindex` (`elementId`, `attribute`, `fieldId`, `locale`, `keywords`) VALUES ('155', 'filename', '0', 'en_gb', ' sign jpg ');
INSERT INTO `di_searchindex` (`elementId`, `attribute`, `fieldId`, `locale`, `keywords`) VALUES ('155', 'extension', '0', 'en_gb', ' jpg ');
INSERT INTO `di_searchindex` (`elementId`, `attribute`, `fieldId`, `locale`, `keywords`) VALUES ('155', 'kind', '0', 'en_gb', ' image ');
INSERT INTO `di_searchindex` (`elementId`, `attribute`, `fieldId`, `locale`, `keywords`) VALUES ('155', 'slug', '0', 'en_gb', '');
INSERT INTO `di_searchindex` (`elementId`, `attribute`, `fieldId`, `locale`, `keywords`) VALUES ('155', 'title', '0', 'en_gb', ' sign ');
INSERT INTO `di_searchindex` (`elementId`, `attribute`, `fieldId`, `locale`, `keywords`) VALUES ('156', 'field', '5', 'en_gb', ' colds are caused by hundreds of different viruses when one of these viruses gets into your body your immune system attacks it some of the effects of this immune response are the classic symptoms of a cold such as congestion and coughing the germs that cause colds are contagious you can pick them up when an infected person sneezes coughs or shakes hands with you after a couple of weeks at the most your immune system fights off the virus and you should stop having symptoms allergies are caused by an overactive immune system for some reason your body mistakes harmless substances such as dust or pollen for germs and attacks them your body releases chemicals such as histamine just as it does when fighting a cold this can cause swelling in your nasal passages a runny nose coughing and sneezing allergies are not contagious although some people may inherit a tendency to develop them ');
INSERT INTO `di_searchindex` (`elementId`, `attribute`, `fieldId`, `locale`, `keywords`) VALUES ('156', 'slug', '0', 'en_gb', '');
INSERT INTO `di_searchindex` (`elementId`, `attribute`, `fieldId`, `locale`, `keywords`) VALUES ('157', 'field', '111', 'en_gb', ' more ');
INSERT INTO `di_searchindex` (`elementId`, `attribute`, `fieldId`, `locale`, `keywords`) VALUES ('157', 'field', '112', 'en_gb', ' tint ');
INSERT INTO `di_searchindex` (`elementId`, `attribute`, `fieldId`, `locale`, `keywords`) VALUES ('157', 'field', '113', 'en_gb', ' article list ');
INSERT INTO `di_searchindex` (`elementId`, `attribute`, `fieldId`, `locale`, `keywords`) VALUES ('157', 'field', '114', 'en_gb', ' tease ');
INSERT INTO `di_searchindex` (`elementId`, `attribute`, `fieldId`, `locale`, `keywords`) VALUES ('157', 'field', '115', 'en_gb', ' none ');
INSERT INTO `di_searchindex` (`elementId`, `attribute`, `fieldId`, `locale`, `keywords`) VALUES ('157', 'field', '116', 'en_gb', ' articles ');
INSERT INTO `di_searchindex` (`elementId`, `attribute`, `fieldId`, `locale`, `keywords`) VALUES ('157', 'field', '117', 'en_gb', ' 4 ');
INSERT INTO `di_searchindex` (`elementId`, `attribute`, `fieldId`, `locale`, `keywords`) VALUES ('157', 'field', '118', 'en_gb', '');
INSERT INTO `di_searchindex` (`elementId`, `attribute`, `fieldId`, `locale`, `keywords`) VALUES ('157', 'field', '119', 'en_gb', '');
INSERT INTO `di_searchindex` (`elementId`, `attribute`, `fieldId`, `locale`, `keywords`) VALUES ('157', 'field', '120', 'en_gb', '');
INSERT INTO `di_searchindex` (`elementId`, `attribute`, `fieldId`, `locale`, `keywords`) VALUES ('157', 'field', '121', 'en_gb', '');
INSERT INTO `di_searchindex` (`elementId`, `attribute`, `fieldId`, `locale`, `keywords`) VALUES ('157', 'field', '123', 'en_gb', ' or ');
INSERT INTO `di_searchindex` (`elementId`, `attribute`, `fieldId`, `locale`, `keywords`) VALUES ('157', 'slug', '0', 'en_gb', '');
INSERT INTO `di_searchindex` (`elementId`, `attribute`, `fieldId`, `locale`, `keywords`) VALUES ('161', 'field', '56', 'en_gb', ' 36522 tabby kitten white background african girl sad asl family burkina faso landscape church coffee beans1 fingerspelling bsl righthanded forest hills hut 2745 lampstand ');
INSERT INTO `di_searchindex` (`elementId`, `attribute`, `fieldId`, `locale`, `keywords`) VALUES ('158', 'field', '24', 'en_gb', ' http vimeo com 90327032 ');
INSERT INTO `di_searchindex` (`elementId`, `attribute`, `fieldId`, `locale`, `keywords`) VALUES ('158', 'field', '25', 'en_gb', ' asset wide ');
INSERT INTO `di_searchindex` (`elementId`, `attribute`, `fieldId`, `locale`, `keywords`) VALUES ('158', 'field', '27', 'en_gb', '');
INSERT INTO `di_searchindex` (`elementId`, `attribute`, `fieldId`, `locale`, `keywords`) VALUES ('158', 'slug', '0', 'en_gb', '');
INSERT INTO `di_searchindex` (`elementId`, `attribute`, `fieldId`, `locale`, `keywords`) VALUES ('2', 'field', '28', 'en_gb', '');
INSERT INTO `di_searchindex` (`elementId`, `attribute`, `fieldId`, `locale`, `keywords`) VALUES ('117', 'field', '50', 'en_gb', '');
INSERT INTO `di_searchindex` (`elementId`, `attribute`, `fieldId`, `locale`, `keywords`) VALUES ('2', 'field', '125', 'en_gb', ' http vimeo com 104315167 ');
INSERT INTO `di_searchindex` (`elementId`, `attribute`, `fieldId`, `locale`, `keywords`) VALUES ('117', 'field', '51', 'en_gb', '');
INSERT INTO `di_searchindex` (`elementId`, `attribute`, `fieldId`, `locale`, `keywords`) VALUES ('126', 'field', '126', 'en_gb', ' telephone 028 3812 3456 telephone 028 3812 3456 ');
INSERT INTO `di_searchindex` (`elementId`, `attribute`, `fieldId`, `locale`, `keywords`) VALUES ('126', 'field', '124', 'en_gb', ' 54 464800000000004 6 3360199999999995 ');
INSERT INTO `di_searchindex` (`elementId`, `attribute`, `fieldId`, `locale`, `keywords`) VALUES ('159', 'field', '19', 'en_gb', ' david mcbride ');
INSERT INTO `di_searchindex` (`elementId`, `attribute`, `fieldId`, `locale`, `keywords`) VALUES ('159', 'field', '20', 'en_gb', ' manager ');
INSERT INTO `di_searchindex` (`elementId`, `attribute`, `fieldId`, `locale`, `keywords`) VALUES ('159', 'field', '21', 'en_gb', '');
INSERT INTO `di_searchindex` (`elementId`, `attribute`, `fieldId`, `locale`, `keywords`) VALUES ('159', 'field', '22', 'en_gb', ' asset margin ');
INSERT INTO `di_searchindex` (`elementId`, `attribute`, `fieldId`, `locale`, `keywords`) VALUES ('159', 'field', '107', 'en_gb', ' david mcbride ');
INSERT INTO `di_searchindex` (`elementId`, `attribute`, `fieldId`, `locale`, `keywords`) VALUES ('159', 'field', '127', 'en_gb', ' contact ');
INSERT INTO `di_searchindex` (`elementId`, `attribute`, `fieldId`, `locale`, `keywords`) VALUES ('159', 'slug', '0', 'en_gb', '');
INSERT INTO `di_searchindex` (`elementId`, `attribute`, `fieldId`, `locale`, `keywords`) VALUES ('125', 'field', '126', 'en_gb', ' telephone 028 3887 1389 telephone 028 3887 1389 ');
INSERT INTO `di_searchindex` (`elementId`, `attribute`, `fieldId`, `locale`, `keywords`) VALUES ('125', 'field', '124', 'en_gb', ' 54 464800000000004 6 3360199999999995 ');
INSERT INTO `di_searchindex` (`elementId`, `attribute`, `fieldId`, `locale`, `keywords`) VALUES ('3', 'field', '124', 'en_gb', ' 54 464800000000004 6 3360199999999995 ');
INSERT INTO `di_searchindex` (`elementId`, `attribute`, `fieldId`, `locale`, `keywords`) VALUES ('160', 'field', '5', 'en_gb', ' the department of social development dsd in northern ireland is launching a new piece of legislation in relation to landlords from the 25th february 2014 the landlord registration scheme regulations ni 2012 will be in operation this legislation requires all landlords who let properties under a private tenancy to register under the scheme landlords must register with the scheme immediately for tenancies commencing on or after the 25th february 2014 for all other existing tenancies landlords have 12 months to register i e before 24th february 2015 each registration lasts for three years and costs 70 00 for an online submission and 80 00 for a paper submission landlords who are set up as a company and those who have a house of multiple occupancy licence will be exempt from paying the registration fee on completion of the landlord registration the registrar will issue a certificate of registration to confirm compliance with the scheme who is a landlord for the purposes of this new legislation a landlord is anybody who receives rent for accommodation this encompasses a wide range of situations including renting a property for short period of time for example renting your property while on holiday or having a lodger renting a room all these situations create a private tenancy thus you are considered a landlord liable for registration ');
INSERT INTO `di_searchindex` (`elementId`, `attribute`, `fieldId`, `locale`, `keywords`) VALUES ('160', 'slug', '0', 'en_gb', '');
INSERT INTO `di_searchindex` (`elementId`, `attribute`, `fieldId`, `locale`, `keywords`) VALUES ('125', 'field', '125', 'en_gb', ' https www youtube com watch v=ie5qnuakv1m ');
INSERT INTO `di_searchindex` (`elementId`, `attribute`, `fieldId`, `locale`, `keywords`) VALUES ('151', 'field', '108', 'en_gb', '');
INSERT INTO `di_searchindex` (`elementId`, `attribute`, `fieldId`, `locale`, `keywords`) VALUES ('151', 'field', '85', 'en_gb', ' poster postertitle showrelated ');
INSERT INTO `di_searchindex` (`elementId`, `attribute`, `fieldId`, `locale`, `keywords`) VALUES ('151', 'field', '96', 'en_gb', '');
INSERT INTO `di_searchindex` (`elementId`, `attribute`, `fieldId`, `locale`, `keywords`) VALUES ('151', 'field', '109', 'en_gb', ' church ');
INSERT INTO `di_searchindex` (`elementId`, `attribute`, `fieldId`, `locale`, `keywords`) VALUES ('151', 'field', '125', 'en_gb', '');
INSERT INTO `di_searchindex` (`elementId`, `attribute`, `fieldId`, `locale`, `keywords`) VALUES ('151', 'field', '124', 'en_gb', ' 54 4819629 6 3536984 ');
INSERT INTO `di_searchindex` (`elementId`, `attribute`, `fieldId`, `locale`, `keywords`) VALUES ('145', 'field', '108', 'en_gb', '');
INSERT INTO `di_searchindex` (`elementId`, `attribute`, `fieldId`, `locale`, `keywords`) VALUES ('145', 'field', '85', 'en_gb', '');
INSERT INTO `di_searchindex` (`elementId`, `attribute`, `fieldId`, `locale`, `keywords`) VALUES ('145', 'field', '96', 'en_gb', '');
INSERT INTO `di_searchindex` (`elementId`, `attribute`, `fieldId`, `locale`, `keywords`) VALUES ('145', 'field', '109', 'en_gb', ' church ');
INSERT INTO `di_searchindex` (`elementId`, `attribute`, `fieldId`, `locale`, `keywords`) VALUES ('145', 'field', '125', 'en_gb', '');
INSERT INTO `di_searchindex` (`elementId`, `attribute`, `fieldId`, `locale`, `keywords`) VALUES ('145', 'field', '124', 'en_gb', ' 54 4819536 6 3536871 ');
INSERT INTO `di_searchindex` (`elementId`, `attribute`, `fieldId`, `locale`, `keywords`) VALUES ('161', 'field', '57', 'en_gb', '');
INSERT INTO `di_searchindex` (`elementId`, `attribute`, `fieldId`, `locale`, `keywords`) VALUES ('161', 'field', '58', 'en_gb', ' asset wide ');
INSERT INTO `di_searchindex` (`elementId`, `attribute`, `fieldId`, `locale`, `keywords`) VALUES ('161', 'slug', '0', 'en_gb', '');
INSERT INTO `di_searchindex` (`elementId`, `attribute`, `fieldId`, `locale`, `keywords`) VALUES ('126', 'field', '125', 'en_gb', '');
INSERT INTO `di_searchindex` (`elementId`, `attribute`, `fieldId`, `locale`, `keywords`) VALUES ('160', 'field', '129', 'en_gb', ' columns 3 ');



--
-- Schema for table `di_sections`
--

DROP TABLE IF EXISTS `di_sections`;

CREATE TABLE `di_sections` (
  `id` int(11) NOT NULL AUTO_INCREMENT,
  `structureId` int(11) DEFAULT NULL,
  `name` varchar(255) COLLATE utf8_unicode_ci NOT NULL,
  `handle` varchar(255) COLLATE utf8_unicode_ci NOT NULL,
  `type` enum('single','channel','structure') COLLATE utf8_unicode_ci NOT NULL DEFAULT 'channel',
  `hasUrls` tinyint(1) unsigned NOT NULL DEFAULT '1',
  `template` varchar(500) COLLATE utf8_unicode_ci DEFAULT NULL,
  `enableVersioning` tinyint(1) unsigned NOT NULL DEFAULT '0',
  `dateCreated` datetime NOT NULL,
  `dateUpdated` datetime NOT NULL,
  `uid` char(36) COLLATE utf8_unicode_ci NOT NULL DEFAULT '0',
  PRIMARY KEY (`id`),
  UNIQUE KEY `di_sections_name_unq_idx` (`name`),
  UNIQUE KEY `di_sections_handle_unq_idx` (`handle`),
  KEY `di_sections_structureId_fk` (`structureId`)
) ENGINE=InnoDB AUTO_INCREMENT=14 DEFAULT CHARSET=utf8 COLLATE=utf8_unicode_ci;

--
-- Data for table `di_sections`
--

INSERT INTO `di_sections` (`id`, `structureId`, `name`, `handle`, `type`, `hasUrls`, `template`, `enableVersioning`, `dateCreated`, `dateUpdated`, `uid`) VALUES ('1', NULL, 'Homepage', 'homepage', 'single', '1', 'index', '1', '2014-09-04 11:28:59', '2014-09-04 11:28:59', '186e5f18-b4e2-47f3-91bf-025ae232b3b3');
INSERT INTO `di_sections` (`id`, `structureId`, `name`, `handle`, `type`, `hasUrls`, `template`, `enableVersioning`, `dateCreated`, `dateUpdated`, `uid`) VALUES ('2', NULL, 'News', 'news', 'channel', '1', 'news/entry', '1', '2014-09-04 11:28:59', '2014-09-25 11:21:24', '33068a0b-7efc-43de-8866-b2ccb41577b7');
INSERT INTO `di_sections` (`id`, `structureId`, `name`, `handle`, `type`, `hasUrls`, `template`, `enableVersioning`, `dateCreated`, `dateUpdated`, `uid`) VALUES ('5', NULL, 'Contact', 'contact', 'single', '1', 'contact', '1', '2014-09-08 13:06:50', '2014-09-08 13:06:50', '6712f3f4-f3e8-42ed-8258-9854d5e6bff7');
INSERT INTO `di_sections` (`id`, `structureId`, `name`, `handle`, `type`, `hasUrls`, `template`, `enableVersioning`, `dateCreated`, `dateUpdated`, `uid`) VALUES ('7', '3', 'Ministry', 'ministry', 'structure', '1', '_entry', '1', '2014-09-15 09:04:16', '2014-10-01 17:36:39', '6dc4308f-adf5-4570-81ab-21d9c261c1f1');
INSERT INTO `di_sections` (`id`, `structureId`, `name`, `handle`, `type`, `hasUrls`, `template`, `enableVersioning`, `dateCreated`, `dateUpdated`, `uid`) VALUES ('8', NULL, 'Events', 'events', 'channel', '1', 'events/entry', '1', '2014-09-15 10:16:09', '2014-09-30 07:27:28', '3eff6fc5-7f32-499b-a25b-731322cf066c');
INSERT INTO `di_sections` (`id`, `structureId`, `name`, `handle`, `type`, `hasUrls`, `template`, `enableVersioning`, `dateCreated`, `dateUpdated`, `uid`) VALUES ('10', NULL, 'Products', 'products', 'channel', '1', 'products/entry', '1', '2014-09-17 09:15:52', '2014-09-30 10:59:32', '52c81a1e-23a0-431b-a95e-3703bd8883a4');
INSERT INTO `di_sections` (`id`, `structureId`, `name`, `handle`, `type`, `hasUrls`, `template`, `enableVersioning`, `dateCreated`, `dateUpdated`, `uid`) VALUES ('11', NULL, 'Articles', 'articles', 'channel', '1', 'articles/entry', '1', '2014-09-17 09:44:52', '2014-10-02 08:25:11', '57feebca-56b8-4912-8773-8d7fba2ed1c2');
INSERT INTO `di_sections` (`id`, `structureId`, `name`, `handle`, `type`, `hasUrls`, `template`, `enableVersioning`, `dateCreated`, `dateUpdated`, `uid`) VALUES ('12', NULL, 'People', 'people', 'channel', '1', 'people/entry', '1', '2014-09-30 12:32:08', '2014-09-30 12:32:08', '61cbfce5-d41d-4552-91af-ab0a731b2927');
INSERT INTO `di_sections` (`id`, `structureId`, `name`, `handle`, `type`, `hasUrls`, `template`, `enableVersioning`, `dateCreated`, `dateUpdated`, `uid`) VALUES ('13', NULL, 'Places', 'places', 'channel', '1', 'places/entry', '1', '2014-09-30 14:17:01', '2014-09-30 14:17:01', '8d4f6cdf-be70-4cf5-bb8f-e69162beb88c');



--
-- Schema for table `di_sections_i18n`
--

DROP TABLE IF EXISTS `di_sections_i18n`;

CREATE TABLE `di_sections_i18n` (
  `id` int(11) NOT NULL AUTO_INCREMENT,
  `sectionId` int(11) NOT NULL,
  `locale` char(12) COLLATE utf8_unicode_ci NOT NULL,
  `enabledByDefault` tinyint(1) unsigned NOT NULL DEFAULT '1',
  `urlFormat` varchar(255) COLLATE utf8_unicode_ci DEFAULT NULL,
  `nestedUrlFormat` varchar(255) COLLATE utf8_unicode_ci DEFAULT NULL,
  `dateCreated` datetime NOT NULL,
  `dateUpdated` datetime NOT NULL,
  `uid` char(36) COLLATE utf8_unicode_ci NOT NULL DEFAULT '0',
  PRIMARY KEY (`id`),
  UNIQUE KEY `di_sections_i18n_sectionId_locale_unq_idx` (`sectionId`,`locale`),
  KEY `di_sections_i18n_locale_fk` (`locale`)
) ENGINE=InnoDB AUTO_INCREMENT=14 DEFAULT CHARSET=utf8 COLLATE=utf8_unicode_ci;

--
-- Data for table `di_sections_i18n`
--

INSERT INTO `di_sections_i18n` (`id`, `sectionId`, `locale`, `enabledByDefault`, `urlFormat`, `nestedUrlFormat`, `dateCreated`, `dateUpdated`, `uid`) VALUES ('1', '1', 'en_gb', '1', '__home__', NULL, '2014-09-04 11:28:59', '2014-09-04 11:28:59', '019b52ce-8941-4f8b-9298-75d1d7e1718a');
INSERT INTO `di_sections_i18n` (`id`, `sectionId`, `locale`, `enabledByDefault`, `urlFormat`, `nestedUrlFormat`, `dateCreated`, `dateUpdated`, `uid`) VALUES ('2', '2', 'en_gb', '0', 'news/{postDate.year}/{slug}', NULL, '2014-09-04 11:28:59', '2014-09-15 10:13:23', 'ef02d134-cd06-4b7c-af79-97072a873269');
INSERT INTO `di_sections_i18n` (`id`, `sectionId`, `locale`, `enabledByDefault`, `urlFormat`, `nestedUrlFormat`, `dateCreated`, `dateUpdated`, `uid`) VALUES ('5', '5', 'en_gb', '0', 'contact', NULL, '2014-09-08 13:06:50', '2014-09-08 13:06:50', 'c451d55a-9702-4c5b-bc06-c20861a229e0');
INSERT INTO `di_sections_i18n` (`id`, `sectionId`, `locale`, `enabledByDefault`, `urlFormat`, `nestedUrlFormat`, `dateCreated`, `dateUpdated`, `uid`) VALUES ('7', '7', 'en_gb', '0', '{slug}', '{parent.uri}/{slug}', '2014-09-15 09:04:16', '2014-09-15 10:31:04', 'd277858e-e70d-41e2-9976-1fc5de182877');
INSERT INTO `di_sections_i18n` (`id`, `sectionId`, `locale`, `enabledByDefault`, `urlFormat`, `nestedUrlFormat`, `dateCreated`, `dateUpdated`, `uid`) VALUES ('8', '8', 'en_gb', '0', 'events/{postDate|date(\"y/m/d\")}/{slug}', NULL, '2014-09-15 10:16:09', '2014-09-15 10:52:58', '0de8f5c6-3632-4a0a-9e3e-e38e0c8227ec');
INSERT INTO `di_sections_i18n` (`id`, `sectionId`, `locale`, `enabledByDefault`, `urlFormat`, `nestedUrlFormat`, `dateCreated`, `dateUpdated`, `uid`) VALUES ('10', '10', 'en_gb', '0', 'products/{slug}', NULL, '2014-09-17 09:15:52', '2014-09-17 09:15:52', '46b0ec4a-2ec4-4654-a66d-1110668a254a');
INSERT INTO `di_sections_i18n` (`id`, `sectionId`, `locale`, `enabledByDefault`, `urlFormat`, `nestedUrlFormat`, `dateCreated`, `dateUpdated`, `uid`) VALUES ('11', '11', 'en_gb', '0', 'articles/{postDate|date(\"Y\")}/{slug}', NULL, '2014-09-17 09:44:52', '2014-10-02 08:25:11', '3c46ad0c-6992-48e2-8d49-033be1f72fe4');
INSERT INTO `di_sections_i18n` (`id`, `sectionId`, `locale`, `enabledByDefault`, `urlFormat`, `nestedUrlFormat`, `dateCreated`, `dateUpdated`, `uid`) VALUES ('12', '12', 'en_gb', '0', 'people/{slug}', NULL, '2014-09-30 12:32:08', '2014-09-30 12:32:08', '9f1a2dc7-28cd-4a3c-8524-34e1cd403013');
INSERT INTO `di_sections_i18n` (`id`, `sectionId`, `locale`, `enabledByDefault`, `urlFormat`, `nestedUrlFormat`, `dateCreated`, `dateUpdated`, `uid`) VALUES ('13', '13', 'en_gb', '0', 'places/{slug}', NULL, '2014-09-30 14:17:01', '2014-09-30 14:17:01', '993bd7fd-53e5-4be7-af58-6eaf044e2f17');



--
-- Schema for table `di_sessions`
--

DROP TABLE IF EXISTS `di_sessions`;

CREATE TABLE `di_sessions` (
  `id` int(11) NOT NULL AUTO_INCREMENT,
  `userId` int(11) NOT NULL,
  `token` char(100) COLLATE utf8_unicode_ci NOT NULL,
  `dateCreated` datetime NOT NULL,
  `dateUpdated` datetime NOT NULL,
  `uid` char(36) COLLATE utf8_unicode_ci NOT NULL DEFAULT '0',
  PRIMARY KEY (`id`),
  KEY `di_sessions_uid_idx` (`uid`),
  KEY `di_sessions_token_idx` (`token`),
  KEY `di_sessions_dateUpdated_idx` (`dateUpdated`),
  KEY `di_sessions_userId_fk` (`userId`)
) ENGINE=InnoDB AUTO_INCREMENT=44 DEFAULT CHARSET=utf8 COLLATE=utf8_unicode_ci;

--
-- Data for table `di_sessions`
--

INSERT INTO `di_sessions` (`id`, `userId`, `token`, `dateCreated`, `dateUpdated`, `uid`) VALUES ('1', '1', '2615d42287b6c24d0fdf044441e009564be946a9czozNjoiYzU3MjcyMWEtZTQ0NS00YzVjLWFhMDMtY2VmYjdhMDQ0NTFlIjs=', '2014-09-04 11:28:59', '2014-09-04 11:28:59', '43b898f5-7694-4ac9-a798-08879b1d0f42');
INSERT INTO `di_sessions` (`id`, `userId`, `token`, `dateCreated`, `dateUpdated`, `uid`) VALUES ('2', '1', '21ed176dbcf2d1f3907524ede5ec941a05b29ba5czozNjoiMmRmNTRmZGQtNDdmZS00Y2VjLTgyNjQtZDYyNzQzZGM5ZjM0Ijs=', '2014-09-05 07:18:10', '2014-09-05 07:18:10', 'b77062ac-27dc-4eda-a92a-922ad6ba1c19');
INSERT INTO `di_sessions` (`id`, `userId`, `token`, `dateCreated`, `dateUpdated`, `uid`) VALUES ('3', '1', 'd58189832def8307900fd6434df40d7664537f30czozNjoiYTIzOTY0YjAtYTJiOS00MTBjLTk5NTEtYjk2YWUwMGI5MzJlIjs=', '2014-09-08 08:15:43', '2014-09-08 08:15:43', '86045869-79c4-44cd-b783-8f2ebbfafd47');
INSERT INTO `di_sessions` (`id`, `userId`, `token`, `dateCreated`, `dateUpdated`, `uid`) VALUES ('4', '1', '18266453c79e8e855340afc33af3adce7bad9f49czozNjoiZmE3MDE1NWEtMmI5NS00NWE5LThhM2QtOTNkMzA4NmNjZjA0Ijs=', '2014-09-08 12:59:23', '2014-09-08 12:59:23', '892d96d1-3c05-4086-86b8-61a639af898b');
INSERT INTO `di_sessions` (`id`, `userId`, `token`, `dateCreated`, `dateUpdated`, `uid`) VALUES ('5', '1', '4fce09f3d6327f3abae16518716314b7203f8c59czozNjoiYzZlMGMxODItNDRkYi00N2Y2LWI2OWEtZTdkYzMzYjVjOWUyIjs=', '2014-09-09 07:29:24', '2014-09-09 07:29:24', '61fce473-f7ff-48f5-b105-fbfc2aae431c');
INSERT INTO `di_sessions` (`id`, `userId`, `token`, `dateCreated`, `dateUpdated`, `uid`) VALUES ('6', '1', '8631bc00990caec893c3a7dd23e053008096140eczozNjoiM2Y1MmI1ZjQtY2Y5YS00OWU1LThjY2EtZTMxNzBkOGY1MDMwIjs=', '2014-09-09 09:14:50', '2014-09-09 09:14:50', '4c392822-06c1-41b0-8b50-8081d4f71853');
INSERT INTO `di_sessions` (`id`, `userId`, `token`, `dateCreated`, `dateUpdated`, `uid`) VALUES ('7', '1', 'd33f8df2e066518b487483a2e86e231711c8275eczozNjoiZGNiYWRlN2YtZDVhOS00NDg5LWI0MjMtODgwZTYwMjAxMzk1Ijs=', '2014-09-09 12:51:15', '2014-09-09 12:51:15', '11897408-7c2d-47e1-8b63-a7042c83377b');
INSERT INTO `di_sessions` (`id`, `userId`, `token`, `dateCreated`, `dateUpdated`, `uid`) VALUES ('8', '1', '8d3e2c485e6c7d916d07b715ca90cc6f4668e80dczozNjoiMjA4ZDcyZWItOWFlYS00MDRlLTgwOWMtMzg4Y2EyZDA0MWRkIjs=', '2014-09-10 07:49:01', '2014-09-10 07:49:01', '9a09a7b8-0412-43f9-bb35-167378f3d531');
INSERT INTO `di_sessions` (`id`, `userId`, `token`, `dateCreated`, `dateUpdated`, `uid`) VALUES ('9', '1', 'a60460233a59489ddc0db9f6c3f27befaa7c33baczozNjoiMzNkMGFlM2EtN2Y1Yi00ZWU1LWFjYWYtMmYyMzZkMTcxNDI0Ijs=', '2014-09-10 12:31:44', '2014-09-10 12:31:44', '06496ec7-1c2a-4aa1-9bf1-a43e058b2dfd');
INSERT INTO `di_sessions` (`id`, `userId`, `token`, `dateCreated`, `dateUpdated`, `uid`) VALUES ('10', '1', '456722d85f1aba8dbac0df54b649886f827fe13cczozNjoiZWE3NWU0NTMtNGQxYi00ZjY0LTkyYzEtNTRhMjgxMjZhZTc0Ijs=', '2014-09-12 16:21:09', '2014-09-12 16:21:09', 'd72ece74-02e2-4d51-b699-dcc94807f146');
INSERT INTO `di_sessions` (`id`, `userId`, `token`, `dateCreated`, `dateUpdated`, `uid`) VALUES ('11', '1', 'bb1671d246f96bd7dca4c17c3fbab4175cfa13ccczozNjoiMjJmYzBhNmYtNDdmMi00NGZjLTk0MDYtNTIxODVjNWUxN2M0Ijs=', '2014-09-15 08:14:21', '2014-09-15 08:14:21', '0921a438-08c2-4205-a09b-c20a1cf796d6');
INSERT INTO `di_sessions` (`id`, `userId`, `token`, `dateCreated`, `dateUpdated`, `uid`) VALUES ('12', '1', '563f4072b2e4b41dd78e5070f1585f498549faebczozNjoiMjhmNDdlZTEtNmIzOS00ZTQzLWIxZmMtZjU2MDRmZjdjNGMyIjs=', '2014-09-15 12:30:47', '2014-09-15 12:30:47', '6a835279-314f-4cb1-bb0b-57005a7005ba');
INSERT INTO `di_sessions` (`id`, `userId`, `token`, `dateCreated`, `dateUpdated`, `uid`) VALUES ('13', '1', '50dfee86062ee8dc347f92c772a9852b2717bbe9czozNjoiNjhiODJhYTktMWQ3MC00Njc5LTg4ZDktOWJjNTQ3OTlmOWZiIjs=', '2014-09-16 07:40:52', '2014-09-16 07:40:52', 'e7e1aa4c-78db-4d32-8815-66095742b07b');
INSERT INTO `di_sessions` (`id`, `userId`, `token`, `dateCreated`, `dateUpdated`, `uid`) VALUES ('14', '1', '55ebdb52787c52bdb3ccd18c792f04c59a263a25czozNjoiMWQ2NWI0ZmQtODA1NS00YTFkLTkyNjEtOTk1Y2QzOWFiMTgyIjs=', '2014-09-16 14:42:15', '2014-09-16 14:42:15', 'c4824fd9-7b85-4268-82ce-22713cf203b1');
INSERT INTO `di_sessions` (`id`, `userId`, `token`, `dateCreated`, `dateUpdated`, `uid`) VALUES ('18', '1', '5b920b2bcf7b1f27a5822d9d934604f0c251b534czozNjoiNDAwNmY0ZWYtMTAyMS00ZjA0LTk2MmEtYTdjNzJjMjk1ZGE5Ijs=', '2014-09-17 16:18:29', '2014-09-17 16:18:29', '49505d37-8f3d-42cc-b716-c9f26a325aef');
INSERT INTO `di_sessions` (`id`, `userId`, `token`, `dateCreated`, `dateUpdated`, `uid`) VALUES ('20', '1', '0a029a12d634aa7dc3615c407701f03c7320301aczozNjoiNzI5YjFmYjAtZTk1NC00NDhhLWI0MWMtZjExZTlmNjk2ZTljIjs=', '2014-09-18 10:32:14', '2014-09-18 10:32:14', '9588b92c-1d53-4bd1-8ed2-9d750477510f');
INSERT INTO `di_sessions` (`id`, `userId`, `token`, `dateCreated`, `dateUpdated`, `uid`) VALUES ('21', '1', '616e93a7afacbe623a6ca4aa0099f53472689cddczozNjoiODk3MTVhZjQtNGFkZi00NDUwLTliOWEtMzQyMzRlZTU1Mjg0Ijs=', '2014-09-19 07:29:25', '2014-09-19 07:29:25', '7fc8fa4c-e8ea-4335-af64-46a2d62b1e93');
INSERT INTO `di_sessions` (`id`, `userId`, `token`, `dateCreated`, `dateUpdated`, `uid`) VALUES ('22', '1', 'af6dd0f54b974997a1f89b894f18df87058a6b89czozNjoiNGRhY2NhZTUtNjVlZC00ZmY4LWJjZjYtMzUxMzdjZGMwNTg2Ijs=', '2014-09-19 13:25:59', '2014-09-19 13:25:59', '97b83722-4907-45e9-9608-2e2fbb951da6');
INSERT INTO `di_sessions` (`id`, `userId`, `token`, `dateCreated`, `dateUpdated`, `uid`) VALUES ('23', '1', 'd1174ddbb7e802994c151de82f2c9dfd45866aa6czozNjoiY2QzNDAwMjktMDFhOS00OGYzLWJmYjgtMjEwMjU5Yjc1YWZjIjs=', '2014-09-22 08:55:20', '2014-09-22 08:55:20', '88d59e07-f892-4731-a412-c658a812cd59');
INSERT INTO `di_sessions` (`id`, `userId`, `token`, `dateCreated`, `dateUpdated`, `uid`) VALUES ('24', '1', '5ab726683fdc65ce01ab8cf9988c27264f3a2d87czozNjoiM2YxYjM2OTQtYWViYS00ZWE5LThkODQtYjIxZDNjNGM1ZjU0Ijs=', '2014-09-22 11:47:22', '2014-09-22 11:47:22', '8a6ef907-b30a-475a-9cf4-a671220f6dd0');
INSERT INTO `di_sessions` (`id`, `userId`, `token`, `dateCreated`, `dateUpdated`, `uid`) VALUES ('27', '1', 'f5d20abda708ff328a6bdd0eaae1e6196480efc2czozNjoiZGU5OWVkMGItYTAyMi00NTQxLWIwYWYtMTNhMjQ4N2JjMjYyIjs=', '2014-09-23 10:42:44', '2014-09-23 10:42:44', '501c15d4-a077-446c-81e3-16b2487e8b36');
INSERT INTO `di_sessions` (`id`, `userId`, `token`, `dateCreated`, `dateUpdated`, `uid`) VALUES ('28', '1', '02fedd5637dad9a0c32959b431fbf1a30b08d6e5czozNjoiOGUzY2I3YjItNmIyYy00MThiLWI2ZjEtMjNmNzdkODQ4MTZiIjs=', '2014-09-23 13:34:24', '2014-09-23 13:34:24', '6353f098-6c5b-4902-a993-46cc13c961ca');
INSERT INTO `di_sessions` (`id`, `userId`, `token`, `dateCreated`, `dateUpdated`, `uid`) VALUES ('30', '1', '5e7532d0f74bc68656854d2c9a7aaab841de7710czozNjoiNDg3NmVhYWItOTY5OC00YjExLTgzNTYtYmEwYzFjNzA5MDY3Ijs=', '2014-09-24 16:19:10', '2014-09-24 16:19:10', 'd9bec875-fb62-4f86-808b-d739b9c6bab1');
INSERT INTO `di_sessions` (`id`, `userId`, `token`, `dateCreated`, `dateUpdated`, `uid`) VALUES ('31', '1', 'e5d518d8cc94407dfc25d12ce3ad8defa9e042daczozNjoiODhlYzhkYzQtZGJkMi00OTMzLWIyYjYtODA1OTRkZGZhYzVlIjs=', '2014-09-25 07:40:38', '2014-09-25 07:40:38', '2ad03fb7-3bc8-4199-b4d5-93aafe30c80c');
INSERT INTO `di_sessions` (`id`, `userId`, `token`, `dateCreated`, `dateUpdated`, `uid`) VALUES ('32', '1', 'aa4c72770ff3eec977116ebf08f6e8be3bc7d8c3czozNjoiZWVkZTEyM2UtNGU0Ni00ZTgxLWJkMDAtZjA0YzI5YTFkNTE5Ijs=', '2014-09-25 08:50:39', '2014-09-25 08:50:39', '7841da01-1093-4014-9eac-59c74f2cef6d');
INSERT INTO `di_sessions` (`id`, `userId`, `token`, `dateCreated`, `dateUpdated`, `uid`) VALUES ('34', '1', 'd73c306c6ebf6bfd031f19746449fa7dbe9ce869czozNjoiYTAxMzhhOTMtNTJmMy00NTA5LTg3YjItNmQxZDc0NWFkZWViIjs=', '2014-09-29 14:25:38', '2014-09-29 14:25:38', 'f3db3ac9-8fea-4d4b-9f32-3d5bf2a21fef');
INSERT INTO `di_sessions` (`id`, `userId`, `token`, `dateCreated`, `dateUpdated`, `uid`) VALUES ('35', '1', 'fff0c0663935677667bb1bcc26d09997b9a0a2bfczozNjoiNjE4NjU1ZDMtYjJlZi00NTc2LTkzNmYtMTc1ODU4N2JiOGZmIjs=', '2014-09-30 07:23:37', '2014-09-30 07:23:37', 'fd29f6f2-f0b9-4454-b280-f65b60998ec3');
INSERT INTO `di_sessions` (`id`, `userId`, `token`, `dateCreated`, `dateUpdated`, `uid`) VALUES ('36', '1', 'e0be9c3dd09da73c536637c1c258a5da4702879cczozNjoiMmEwOWIyNWItYTE1MS00NDFlLWFkOWItMjUwOWRkODlhNGNiIjs=', '2014-09-30 10:29:47', '2014-09-30 10:29:47', 'ef98ab91-f07b-489c-818c-a59b7a41dd95');
INSERT INTO `di_sessions` (`id`, `userId`, `token`, `dateCreated`, `dateUpdated`, `uid`) VALUES ('37', '1', '290a9135cb7081a3b8485dc7ab03752888f83d71czozNjoiNDc5ODlmM2ItZjMwZC00OWQ2LTkxNzItMGQzMzNmODZlYmJmIjs=', '2014-10-01 07:29:33', '2014-10-01 07:29:33', '5ba50dc8-6204-49da-bf96-0986a93f6c61');
INSERT INTO `di_sessions` (`id`, `userId`, `token`, `dateCreated`, `dateUpdated`, `uid`) VALUES ('40', '1', '45737929ca11580b9eadd9e2707ed79fc8a053dfczozNjoiOWYxMjFiMjgtOTUwMC00ZjA4LTkwY2MtNjhjYjc2NGM4Zjg0Ijs=', '2014-10-02 14:07:32', '2014-10-02 14:07:32', '77b01c21-e8b6-4de4-89b1-02cb1d0f4449');
INSERT INTO `di_sessions` (`id`, `userId`, `token`, `dateCreated`, `dateUpdated`, `uid`) VALUES ('41', '1', 'fc5a8288e37f2d151d111346d832a6bccdcf3604czozNjoiYWIxN2FkMjEtYjkxNi00NWM0LTgzOTktMjIxN2RkZmVmMzhmIjs=', '2014-10-03 12:35:30', '2014-10-03 12:35:30', '38ae0b52-681d-40ee-8686-9184c17d925a');
INSERT INTO `di_sessions` (`id`, `userId`, `token`, `dateCreated`, `dateUpdated`, `uid`) VALUES ('42', '1', '930a31bd91021ac55232602eb40420f5d15dfd8cczozNjoiYTk2Mjk3MGMtMDFhMS00MGE5LTlmNTItNDYwZjJhYWZjYzIwIjs=', '2014-10-06 07:39:56', '2014-10-06 07:39:56', '0e55f1f3-9d55-4346-b3dd-0242fcc51dd4');
INSERT INTO `di_sessions` (`id`, `userId`, `token`, `dateCreated`, `dateUpdated`, `uid`) VALUES ('43', '1', 'c1503c6b24b86c58050659be79977763354595dbczozNjoiMGIyMTlkM2MtMjJlNi00Y2NhLTk0M2ItMGQzOWFkMTZiMGIzIjs=', '2014-10-20 13:50:08', '2014-10-20 13:50:08', '16f9e84f-8e39-4a2d-b648-2198817ecf2e');



--
-- Schema for table `di_shunnedmessages`
--

DROP TABLE IF EXISTS `di_shunnedmessages`;

CREATE TABLE `di_shunnedmessages` (
  `id` int(11) NOT NULL AUTO_INCREMENT,
  `userId` int(11) NOT NULL,
  `message` varchar(255) COLLATE utf8_unicode_ci NOT NULL,
  `expiryDate` datetime DEFAULT NULL,
  `dateCreated` datetime NOT NULL,
  `dateUpdated` datetime NOT NULL,
  `uid` char(36) COLLATE utf8_unicode_ci NOT NULL DEFAULT '0',
  PRIMARY KEY (`id`),
  UNIQUE KEY `di_shunnedmessages_userId_message_unq_idx` (`userId`,`message`)
) ENGINE=InnoDB DEFAULT CHARSET=utf8 COLLATE=utf8_unicode_ci;

--
-- Schema for table `di_structureelements`
--

DROP TABLE IF EXISTS `di_structureelements`;

CREATE TABLE `di_structureelements` (
  `id` int(11) NOT NULL AUTO_INCREMENT,
  `structureId` int(11) NOT NULL,
  `elementId` int(11) DEFAULT NULL,
  `root` int(11) unsigned DEFAULT NULL,
  `lft` int(11) unsigned NOT NULL,
  `rgt` int(11) unsigned NOT NULL,
  `level` smallint(6) unsigned NOT NULL,
  `dateCreated` datetime NOT NULL,
  `dateUpdated` datetime NOT NULL,
  `uid` char(36) COLLATE utf8_unicode_ci NOT NULL DEFAULT '0',
  PRIMARY KEY (`id`),
  UNIQUE KEY `di_structureelements_structureId_elementId_unq_idx` (`structureId`,`elementId`),
  KEY `di_structureelements_root_idx` (`root`),
  KEY `di_structureelements_lft_idx` (`lft`),
  KEY `di_structureelements_rgt_idx` (`rgt`),
  KEY `di_structureelements_level_idx` (`level`),
  KEY `di_structureelements_elementId_fk` (`elementId`)
) ENGINE=InnoDB AUTO_INCREMENT=49 DEFAULT CHARSET=utf8 COLLATE=utf8_unicode_ci;

--
-- Data for table `di_structureelements`
--

INSERT INTO `di_structureelements` (`id`, `structureId`, `elementId`, `root`, `lft`, `rgt`, `level`, `dateCreated`, `dateUpdated`, `uid`) VALUES ('1', '1', NULL, '1', '1', '2', '0', '2014-09-04 13:09:04', '2014-09-04 13:09:04', '0d7e6709-29ec-4374-bfce-5e3a7a3a4fe0');
INSERT INTO `di_structureelements` (`id`, `structureId`, `elementId`, `root`, `lft`, `rgt`, `level`, `dateCreated`, `dateUpdated`, `uid`) VALUES ('6', '3', NULL, '6', '1', '4', '0', '2014-09-15 09:05:31', '2014-09-15 09:05:31', 'ba275f8c-6c5f-453f-b7e0-75eb01527578');
INSERT INTO `di_structureelements` (`id`, `structureId`, `elementId`, `root`, `lft`, `rgt`, `level`, `dateCreated`, `dateUpdated`, `uid`) VALUES ('7', '3', '29', '6', '2', '3', '1', '2014-09-15 09:05:31', '2014-09-15 09:05:31', '66e31d98-f1af-456a-8fe2-6b4ea439911b');
INSERT INTO `di_structureelements` (`id`, `structureId`, `elementId`, `root`, `lft`, `rgt`, `level`, `dateCreated`, `dateUpdated`, `uid`) VALUES ('11', '5', NULL, '11', '1', '2', '0', '2014-09-15 12:31:18', '2014-09-15 12:31:18', '094e2105-51f3-42e6-bd81-2797ec8d7b5b');
INSERT INTO `di_structureelements` (`id`, `structureId`, `elementId`, `root`, `lft`, `rgt`, `level`, `dateCreated`, `dateUpdated`, `uid`) VALUES ('13', '4', NULL, '13', '1', '2', '0', '2014-09-15 12:31:28', '2014-09-15 12:31:28', '0c1c401f-4157-4915-93b8-b30cce060d52');
INSERT INTO `di_structureelements` (`id`, `structureId`, `elementId`, `root`, `lft`, `rgt`, `level`, `dateCreated`, `dateUpdated`, `uid`) VALUES ('15', '6', NULL, '15', '1', '2', '0', '2014-09-15 13:11:14', '2014-09-15 13:11:14', 'be2c7644-42a5-4723-9ca2-49428fa67e6e');
INSERT INTO `di_structureelements` (`id`, `structureId`, `elementId`, `root`, `lft`, `rgt`, `level`, `dateCreated`, `dateUpdated`, `uid`) VALUES ('19', '7', NULL, '19', '1', '2', '0', '2014-09-17 09:28:02', '2014-09-17 09:28:02', 'c4c3b5f0-5deb-40e1-9119-5565254a0e84');
INSERT INTO `di_structureelements` (`id`, `structureId`, `elementId`, `root`, `lft`, `rgt`, `level`, `dateCreated`, `dateUpdated`, `uid`) VALUES ('29', '8', NULL, '29', '1', '2', '0', '2014-09-22 14:12:17', '2014-09-22 14:12:17', '2e7f56b6-283b-4fc7-bccd-e4b7e2e08c3e');
INSERT INTO `di_structureelements` (`id`, `structureId`, `elementId`, `root`, `lft`, `rgt`, `level`, `dateCreated`, `dateUpdated`, `uid`) VALUES ('30', '9', NULL, '30', '1', '12', '0', '2014-09-30 14:20:09', '2014-09-30 14:20:09', 'e7e7c563-7031-43b9-a726-655b70d0f8d6');
INSERT INTO `di_structureelements` (`id`, `structureId`, `elementId`, `root`, `lft`, `rgt`, `level`, `dateCreated`, `dateUpdated`, `uid`) VALUES ('31', '9', '120', '30', '2', '3', '1', '2014-09-30 14:20:09', '2014-09-30 14:20:09', '5e08e80f-7e0c-499f-996f-a756e8531d9b');
INSERT INTO `di_structureelements` (`id`, `structureId`, `elementId`, `root`, `lft`, `rgt`, `level`, `dateCreated`, `dateUpdated`, `uid`) VALUES ('32', '9', '121', '30', '4', '5', '1', '2014-09-30 14:20:14', '2014-09-30 14:20:14', '826ee1da-c40f-4629-9d9b-19dcae2dffcf');
INSERT INTO `di_structureelements` (`id`, `structureId`, `elementId`, `root`, `lft`, `rgt`, `level`, `dateCreated`, `dateUpdated`, `uid`) VALUES ('33', '9', '122', '30', '6', '7', '1', '2014-09-30 14:20:20', '2014-09-30 14:20:20', '9293eb12-f181-47c1-a09b-e96f0f629941');
INSERT INTO `di_structureelements` (`id`, `structureId`, `elementId`, `root`, `lft`, `rgt`, `level`, `dateCreated`, `dateUpdated`, `uid`) VALUES ('34', '9', '123', '30', '8', '9', '1', '2014-09-30 14:20:34', '2014-09-30 14:20:34', 'd722f309-7cf1-4c61-aeaa-a1125a389965');
INSERT INTO `di_structureelements` (`id`, `structureId`, `elementId`, `root`, `lft`, `rgt`, `level`, `dateCreated`, `dateUpdated`, `uid`) VALUES ('35', '9', '124', '30', '10', '11', '1', '2014-09-30 14:20:43', '2014-09-30 14:20:43', 'cfd0e6e2-7da2-4d4b-841a-4a6283f2742e');
INSERT INTO `di_structureelements` (`id`, `structureId`, `elementId`, `root`, `lft`, `rgt`, `level`, `dateCreated`, `dateUpdated`, `uid`) VALUES ('36', '10', NULL, '36', '1', '6', '0', '2014-10-01 08:03:51', '2014-10-01 08:03:51', '27ef5088-0e77-48aa-aa6e-9a6275204f86');
INSERT INTO `di_structureelements` (`id`, `structureId`, `elementId`, `root`, `lft`, `rgt`, `level`, `dateCreated`, `dateUpdated`, `uid`) VALUES ('37', '10', '128', '36', '2', '3', '1', '2014-10-01 08:03:51', '2014-10-01 08:03:51', '322ae179-4e82-4830-8463-08619972b18f');
INSERT INTO `di_structureelements` (`id`, `structureId`, `elementId`, `root`, `lft`, `rgt`, `level`, `dateCreated`, `dateUpdated`, `uid`) VALUES ('38', '10', '129', '36', '4', '5', '1', '2014-10-01 08:03:57', '2014-10-01 08:03:57', '2c981ef4-295b-435b-8e4a-d6e5012bb2b9');
INSERT INTO `di_structureelements` (`id`, `structureId`, `elementId`, `root`, `lft`, `rgt`, `level`, `dateCreated`, `dateUpdated`, `uid`) VALUES ('39', '11', NULL, '39', '1', '10', '0', '2014-10-01 08:04:29', '2014-10-01 08:04:29', 'c8c88f39-c6b9-483f-896d-b91b36dda7ed');
INSERT INTO `di_structureelements` (`id`, `structureId`, `elementId`, `root`, `lft`, `rgt`, `level`, `dateCreated`, `dateUpdated`, `uid`) VALUES ('40', '11', '130', '39', '2', '3', '1', '2014-10-01 08:04:29', '2014-10-01 08:04:29', 'b358b0cb-e8eb-439a-bf80-2e735fbb1589');
INSERT INTO `di_structureelements` (`id`, `structureId`, `elementId`, `root`, `lft`, `rgt`, `level`, `dateCreated`, `dateUpdated`, `uid`) VALUES ('41', '11', '131', '39', '4', '5', '1', '2014-10-01 08:04:32', '2014-10-01 08:04:32', '6644aada-8a79-4c4c-9c9a-51149b8f729e');
INSERT INTO `di_structureelements` (`id`, `structureId`, `elementId`, `root`, `lft`, `rgt`, `level`, `dateCreated`, `dateUpdated`, `uid`) VALUES ('42', '11', '132', '39', '6', '7', '1', '2014-10-01 08:04:35', '2014-10-01 08:04:35', '7f9ad92c-a8d8-4291-9409-db8bf0b9daf8');
INSERT INTO `di_structureelements` (`id`, `structureId`, `elementId`, `root`, `lft`, `rgt`, `level`, `dateCreated`, `dateUpdated`, `uid`) VALUES ('43', '11', '133', '39', '8', '9', '1', '2014-10-01 08:04:49', '2014-10-01 08:04:49', '1f4c578a-4fa2-452e-a940-bc3d5d6e4cbd');
INSERT INTO `di_structureelements` (`id`, `structureId`, `elementId`, `root`, `lft`, `rgt`, `level`, `dateCreated`, `dateUpdated`, `uid`) VALUES ('44', '12', NULL, '44', '1', '8', '0', '2014-10-01 11:25:47', '2014-10-01 11:25:47', 'd866eded-83e6-439e-8d3d-8319daac2057');
INSERT INTO `di_structureelements` (`id`, `structureId`, `elementId`, `root`, `lft`, `rgt`, `level`, `dateCreated`, `dateUpdated`, `uid`) VALUES ('45', '12', '136', '44', '2', '7', '1', '2014-10-01 11:25:47', '2014-10-01 11:25:47', '27b5516a-158b-446c-bcaf-42c88eb9cf90');
INSERT INTO `di_structureelements` (`id`, `structureId`, `elementId`, `root`, `lft`, `rgt`, `level`, `dateCreated`, `dateUpdated`, `uid`) VALUES ('46', '12', '137', '44', '3', '4', '2', '2014-10-01 11:26:03', '2014-10-01 11:26:03', '993d9d4b-a95b-49e6-b9a0-5e37150ac41b');
INSERT INTO `di_structureelements` (`id`, `structureId`, `elementId`, `root`, `lft`, `rgt`, `level`, `dateCreated`, `dateUpdated`, `uid`) VALUES ('47', '12', '138', '44', '5', '6', '2', '2014-10-01 11:26:14', '2014-10-01 11:26:14', '3861b038-f1e0-4338-806b-6842effe1a28');



--
-- Schema for table `di_structures`
--

DROP TABLE IF EXISTS `di_structures`;

CREATE TABLE `di_structures` (
  `id` int(11) NOT NULL AUTO_INCREMENT,
  `maxLevels` smallint(6) unsigned DEFAULT NULL,
  `movePermission` varchar(255) COLLATE utf8_unicode_ci DEFAULT NULL,
  `dateCreated` datetime NOT NULL,
  `dateUpdated` datetime NOT NULL,
  `uid` char(36) COLLATE utf8_unicode_ci NOT NULL DEFAULT '0',
  PRIMARY KEY (`id`)
) ENGINE=InnoDB AUTO_INCREMENT=13 DEFAULT CHARSET=utf8 COLLATE=utf8_unicode_ci;

--
-- Data for table `di_structures`
--

INSERT INTO `di_structures` (`id`, `maxLevels`, `movePermission`, `dateCreated`, `dateUpdated`, `uid`) VALUES ('1', NULL, NULL, '2014-09-04 13:08:47', '2014-09-24 14:23:35', '3ff4be69-e83e-4504-823c-093c73eeaa7f');
INSERT INTO `di_structures` (`id`, `maxLevels`, `movePermission`, `dateCreated`, `dateUpdated`, `uid`) VALUES ('3', NULL, NULL, '2014-09-15 09:04:16', '2014-10-01 17:36:39', 'a24a213b-76cb-43f4-8d49-7e8fe4acf272');
INSERT INTO `di_structures` (`id`, `maxLevels`, `movePermission`, `dateCreated`, `dateUpdated`, `uid`) VALUES ('4', NULL, NULL, '2014-09-15 10:20:29', '2014-09-18 15:41:05', '5bab4f55-e1a8-473d-90aa-224a42118790');
INSERT INTO `di_structures` (`id`, `maxLevels`, `movePermission`, `dateCreated`, `dateUpdated`, `uid`) VALUES ('5', NULL, NULL, '2014-09-15 10:59:54', '2014-09-18 15:15:13', 'e24cc470-cd9b-43d3-a2b3-f72df16bd8f9');
INSERT INTO `di_structures` (`id`, `maxLevels`, `movePermission`, `dateCreated`, `dateUpdated`, `uid`) VALUES ('6', NULL, NULL, '2014-09-15 13:00:10', '2014-09-15 13:15:13', '9c76df0a-4ccf-4534-a6f7-f74e909511eb');
INSERT INTO `di_structures` (`id`, `maxLevels`, `movePermission`, `dateCreated`, `dateUpdated`, `uid`) VALUES ('7', NULL, NULL, '2014-09-17 09:17:18', '2014-09-22 14:10:55', 'cf33b831-ad25-4684-b868-3a90c20efe2d');
INSERT INTO `di_structures` (`id`, `maxLevels`, `movePermission`, `dateCreated`, `dateUpdated`, `uid`) VALUES ('8', NULL, NULL, '2014-09-22 14:11:11', '2014-09-24 14:22:03', '409caa3b-ae8d-4290-a2f0-6337be313fc9');
INSERT INTO `di_structures` (`id`, `maxLevels`, `movePermission`, `dateCreated`, `dateUpdated`, `uid`) VALUES ('9', NULL, NULL, '2014-09-30 14:20:00', '2014-09-30 14:20:00', 'cc71662a-6223-4b09-bb2b-66756374c6e7');
INSERT INTO `di_structures` (`id`, `maxLevels`, `movePermission`, `dateCreated`, `dateUpdated`, `uid`) VALUES ('10', NULL, NULL, '2014-10-01 08:03:16', '2014-10-01 08:03:16', '912f374b-465a-4aa4-91f0-a15f592f0a8e');
INSERT INTO `di_structures` (`id`, `maxLevels`, `movePermission`, `dateCreated`, `dateUpdated`, `uid`) VALUES ('11', NULL, NULL, '2014-10-01 08:04:23', '2014-10-01 08:04:23', '61972432-573c-493d-9e25-714697cd66e0');
INSERT INTO `di_structures` (`id`, `maxLevels`, `movePermission`, `dateCreated`, `dateUpdated`, `uid`) VALUES ('12', NULL, NULL, '2014-10-01 11:15:06', '2014-10-01 14:17:38', '7d0b211a-eec2-4126-881c-ba03fd818703');



--
-- Schema for table `di_systemsettings`
--

DROP TABLE IF EXISTS `di_systemsettings`;

CREATE TABLE `di_systemsettings` (
  `id` int(11) NOT NULL AUTO_INCREMENT,
  `category` varchar(15) COLLATE utf8_unicode_ci NOT NULL,
  `settings` text COLLATE utf8_unicode_ci,
  `dateCreated` datetime NOT NULL,
  `dateUpdated` datetime NOT NULL,
  `uid` char(36) COLLATE utf8_unicode_ci NOT NULL DEFAULT '0',
  PRIMARY KEY (`id`),
  UNIQUE KEY `di_systemsettings_category_unq_idx` (`category`)
) ENGINE=InnoDB AUTO_INCREMENT=2 DEFAULT CHARSET=utf8 COLLATE=utf8_unicode_ci;

--
-- Data for table `di_systemsettings`
--

INSERT INTO `di_systemsettings` (`id`, `category`, `settings`, `dateCreated`, `dateUpdated`, `uid`) VALUES ('1', 'email', '{\"protocol\":\"php\",\"emailAddress\":\"pwoods@gcdtech.com\",\"senderName\":\"Drop Inn\",\"template\":\"\"}', '2014-09-04 11:28:59', '2014-09-19 07:35:39', '0e898dc8-4af8-47a2-94fc-4292f04a6b26');



--
-- Schema for table `di_taggroups`
--

DROP TABLE IF EXISTS `di_taggroups`;

CREATE TABLE `di_taggroups` (
  `id` int(11) NOT NULL AUTO_INCREMENT,
  `name` varchar(255) COLLATE utf8_unicode_ci NOT NULL,
  `handle` varchar(255) COLLATE utf8_unicode_ci NOT NULL,
  `fieldLayoutId` int(10) DEFAULT NULL,
  `dateCreated` datetime NOT NULL,
  `dateUpdated` datetime NOT NULL,
  `uid` char(36) COLLATE utf8_unicode_ci NOT NULL DEFAULT '0',
  PRIMARY KEY (`id`),
  UNIQUE KEY `di_taggroups_name_unq_idx` (`name`),
  UNIQUE KEY `di_taggroups_handle_unq_idx` (`handle`),
  KEY `di_taggroups_fieldLayoutId_fk` (`fieldLayoutId`)
) ENGINE=InnoDB AUTO_INCREMENT=5 DEFAULT CHARSET=utf8 COLLATE=utf8_unicode_ci;

--
-- Data for table `di_taggroups`
--

INSERT INTO `di_taggroups` (`id`, `name`, `handle`, `fieldLayoutId`, `dateCreated`, `dateUpdated`, `uid`) VALUES ('4', 'Topic', 'topic', '310', '2014-09-23 11:30:43', '2014-09-23 11:30:43', 'db18e4af-9f68-4e6d-9529-3b3be530c1bd');



--
-- Schema for table `di_tags`
--

DROP TABLE IF EXISTS `di_tags`;

CREATE TABLE `di_tags` (
  `id` int(11) NOT NULL,
  `groupId` int(11) NOT NULL,
  `name` varchar(255) COLLATE utf8_unicode_ci NOT NULL,
  `dateCreated` datetime NOT NULL,
  `dateUpdated` datetime NOT NULL,
  `uid` char(36) COLLATE utf8_unicode_ci NOT NULL DEFAULT '0',
  PRIMARY KEY (`id`),
  UNIQUE KEY `di_tags_name_groupId_unq_idx` (`name`,`groupId`),
  KEY `di_tags_groupId_fk` (`groupId`)
) ENGINE=InnoDB DEFAULT CHARSET=utf8 COLLATE=utf8_unicode_ci;

--
-- Data for table `di_tags`
--

INSERT INTO `di_tags` (`id`, `groupId`, `name`, `dateCreated`, `dateUpdated`, `uid`) VALUES ('102', '4', 'Kingdom', '2014-09-23 11:32:07', '2014-09-23 11:32:07', '9759d65a-4034-4a2c-8add-9736a219f9a7');
INSERT INTO `di_tags` (`id`, `groupId`, `name`, `dateCreated`, `dateUpdated`, `uid`) VALUES ('103', '4', 'Luke', '2014-09-23 11:32:27', '2014-09-23 11:32:27', 'f86448b7-2f57-4aaf-8cf2-6744fe638e2f');
INSERT INTO `di_tags` (`id`, `groupId`, `name`, `dateCreated`, `dateUpdated`, `uid`) VALUES ('104', '4', 'Luke 12', '2014-09-23 11:32:32', '2014-09-23 11:32:32', 'd0f6b852-7085-45db-a759-4f5e5f4ccc31');
INSERT INTO `di_tags` (`id`, `groupId`, `name`, `dateCreated`, `dateUpdated`, `uid`) VALUES ('105', '4', 'Cake', '2014-09-23 11:33:09', '2014-09-23 11:33:09', '50444794-8caa-4255-8700-44f770f48d7e');
INSERT INTO `di_tags` (`id`, `groupId`, `name`, `dateCreated`, `dateUpdated`, `uid`) VALUES ('148', '4', 'Sign Language', '2014-10-02 10:14:52', '2014-10-02 10:14:52', 'dc521a9f-3ad7-43fa-89ed-b176f0277040');
INSERT INTO `di_tags` (`id`, `groupId`, `name`, `dateCreated`, `dateUpdated`, `uid`) VALUES ('149', '4', 'Commu', '2014-10-02 10:14:58', '2014-10-02 10:14:58', 'd0bfd6a4-4a81-47ca-9648-08f67e929a2f');



--
-- Schema for table `di_tasks`
--

DROP TABLE IF EXISTS `di_tasks`;

CREATE TABLE `di_tasks` (
  `id` int(11) NOT NULL AUTO_INCREMENT,
  `root` int(11) unsigned DEFAULT NULL,
  `lft` int(11) unsigned NOT NULL,
  `rgt` int(11) unsigned NOT NULL,
  `level` smallint(6) unsigned NOT NULL,
  `currentStep` int(11) unsigned DEFAULT NULL,
  `totalSteps` int(11) unsigned DEFAULT NULL,
  `status` enum('pending','error','running') COLLATE utf8_unicode_ci DEFAULT NULL,
  `type` varchar(150) COLLATE utf8_unicode_ci NOT NULL,
  `description` varchar(255) COLLATE utf8_unicode_ci DEFAULT NULL,
  `settings` text COLLATE utf8_unicode_ci,
  `dateCreated` datetime NOT NULL,
  `dateUpdated` datetime NOT NULL,
  `uid` char(36) COLLATE utf8_unicode_ci NOT NULL DEFAULT '0',
  PRIMARY KEY (`id`),
  KEY `di_tasks_root_idx` (`root`),
  KEY `di_tasks_lft_idx` (`lft`),
  KEY `di_tasks_rgt_idx` (`rgt`),
  KEY `di_tasks_level_idx` (`level`)
) ENGINE=InnoDB AUTO_INCREMENT=343 DEFAULT CHARSET=utf8 COLLATE=utf8_unicode_ci;

--
-- Schema for table `di_templatecachecriteria`
--

DROP TABLE IF EXISTS `di_templatecachecriteria`;

CREATE TABLE `di_templatecachecriteria` (
  `id` int(11) NOT NULL AUTO_INCREMENT,
  `cacheId` int(11) NOT NULL,
  `type` varchar(150) COLLATE utf8_unicode_ci NOT NULL,
  `criteria` text COLLATE utf8_unicode_ci NOT NULL,
  PRIMARY KEY (`id`),
  KEY `di_templatecachecriteria_cacheId_fk` (`cacheId`),
  KEY `di_templatecachecriteria_type_idx` (`type`)
) ENGINE=InnoDB DEFAULT CHARSET=utf8 COLLATE=utf8_unicode_ci;

--
-- Schema for table `di_templatecacheelements`
--

DROP TABLE IF EXISTS `di_templatecacheelements`;

CREATE TABLE `di_templatecacheelements` (
  `cacheId` int(11) NOT NULL,
  `elementId` int(11) NOT NULL,
  KEY `di_templatecacheelements_cacheId_fk` (`cacheId`),
  KEY `di_templatecacheelements_elementId_fk` (`elementId`)
) ENGINE=InnoDB DEFAULT CHARSET=utf8 COLLATE=utf8_unicode_ci;

--
-- Schema for table `di_templatecaches`
--

DROP TABLE IF EXISTS `di_templatecaches`;

CREATE TABLE `di_templatecaches` (
  `id` int(11) NOT NULL AUTO_INCREMENT,
  `cacheKey` varchar(255) COLLATE utf8_unicode_ci NOT NULL,
  `locale` char(12) COLLATE utf8_unicode_ci NOT NULL,
  `path` varchar(255) COLLATE utf8_unicode_ci DEFAULT NULL,
  `expiryDate` datetime NOT NULL,
  `body` mediumtext COLLATE utf8_unicode_ci NOT NULL,
  PRIMARY KEY (`id`),
  KEY `di_templatecaches_expiryDate_cacheKey_locale_path_idx` (`expiryDate`,`cacheKey`,`locale`,`path`),
  KEY `di_templatecaches_locale_fk` (`locale`)
) ENGINE=InnoDB DEFAULT CHARSET=utf8 COLLATE=utf8_unicode_ci;

--
-- Schema for table `di_tokens`
--

DROP TABLE IF EXISTS `di_tokens`;

CREATE TABLE `di_tokens` (
  `id` int(11) NOT NULL AUTO_INCREMENT,
  `token` char(32) COLLATE utf8_unicode_ci NOT NULL,
  `route` text COLLATE utf8_unicode_ci,
  `usageLimit` tinyint(3) unsigned DEFAULT NULL,
  `usageCount` tinyint(3) unsigned DEFAULT NULL,
  `expiryDate` datetime NOT NULL,
  `dateCreated` datetime NOT NULL,
  `dateUpdated` datetime NOT NULL,
  `uid` char(36) COLLATE utf8_unicode_ci NOT NULL DEFAULT '0',
  PRIMARY KEY (`id`),
  UNIQUE KEY `di_tokens_token_unq_idx` (`token`),
  KEY `di_tokens_expiryDate_idx` (`expiryDate`)
) ENGINE=InnoDB AUTO_INCREMENT=2 DEFAULT CHARSET=utf8 COLLATE=utf8_unicode_ci;

--
-- Data for table `di_tokens`
--

INSERT INTO `di_tokens` (`id`, `token`, `route`, `usageLimit`, `usageCount`, `expiryDate`, `dateCreated`, `dateUpdated`, `uid`) VALUES ('1', 'T_vSK2f~GUl2jTpq3dguV72dIphBWAwP', '{\"action\":\"entries\\/viewSharedEntry\",\"params\":{\"entryId\":\"113\",\"locale\":\"en_gb\"}}', NULL, NULL, '2014-10-01 07:29:33', '2014-09-30 07:29:33', '2014-09-30 07:29:33', '529e1a72-a82d-459e-a920-e9921ef96282');



--
-- Schema for table `di_usergroups`
--

DROP TABLE IF EXISTS `di_usergroups`;

CREATE TABLE `di_usergroups` (
  `id` int(11) NOT NULL AUTO_INCREMENT,
  `name` varchar(255) COLLATE utf8_unicode_ci NOT NULL,
  `handle` varchar(255) COLLATE utf8_unicode_ci NOT NULL,
  `dateCreated` datetime NOT NULL,
  `dateUpdated` datetime NOT NULL,
  `uid` char(36) COLLATE utf8_unicode_ci NOT NULL DEFAULT '0',
  PRIMARY KEY (`id`)
) ENGINE=InnoDB AUTO_INCREMENT=2 DEFAULT CHARSET=utf8 COLLATE=utf8_unicode_ci;

--
-- Data for table `di_usergroups`
--

INSERT INTO `di_usergroups` (`id`, `name`, `handle`, `dateCreated`, `dateUpdated`, `uid`) VALUES ('1', 'Authors', 'authors', '2014-09-23 07:38:25', '2014-09-23 07:38:25', 'cd281eec-c5f2-4e7f-a7fa-73fc1dd6cd27');



--
-- Schema for table `di_usergroups_users`
--

DROP TABLE IF EXISTS `di_usergroups_users`;

CREATE TABLE `di_usergroups_users` (
  `id` int(11) NOT NULL AUTO_INCREMENT,
  `groupId` int(11) NOT NULL,
  `userId` int(11) NOT NULL,
  `dateCreated` datetime NOT NULL,
  `dateUpdated` datetime NOT NULL,
  `uid` char(36) COLLATE utf8_unicode_ci NOT NULL DEFAULT '0',
  PRIMARY KEY (`id`),
  UNIQUE KEY `di_usergroups_users_groupId_userId_unq_idx` (`groupId`,`userId`),
  KEY `di_usergroups_users_userId_fk` (`userId`)
) ENGINE=InnoDB DEFAULT CHARSET=utf8 COLLATE=utf8_unicode_ci;

--
-- Schema for table `di_userpermissions`
--

DROP TABLE IF EXISTS `di_userpermissions`;

CREATE TABLE `di_userpermissions` (
  `id` int(11) NOT NULL AUTO_INCREMENT,
  `name` varchar(255) COLLATE utf8_unicode_ci NOT NULL,
  `dateCreated` datetime NOT NULL,
  `dateUpdated` datetime NOT NULL,
  `uid` char(36) COLLATE utf8_unicode_ci NOT NULL DEFAULT '0',
  PRIMARY KEY (`id`),
  UNIQUE KEY `di_userpermissions_name_unq_idx` (`name`)
) ENGINE=InnoDB AUTO_INCREMENT=27 DEFAULT CHARSET=utf8 COLLATE=utf8_unicode_ci;

--
-- Data for table `di_userpermissions`
--

INSERT INTO `di_userpermissions` (`id`, `name`, `dateCreated`, `dateUpdated`, `uid`) VALUES ('1', 'accesssitewhensystemisoff', '2014-09-23 07:38:25', '2014-09-23 07:38:25', 'cf5bef9c-5ece-4997-91b3-bbb0230e284c');
INSERT INTO `di_userpermissions` (`id`, `name`, `dateCreated`, `dateUpdated`, `uid`) VALUES ('2', 'editentries:11', '2014-09-23 07:38:25', '2014-09-23 07:38:25', '0b078aee-489c-4715-84b5-991b3f0ccd0d');
INSERT INTO `di_userpermissions` (`id`, `name`, `dateCreated`, `dateUpdated`, `uid`) VALUES ('3', 'createentries:11', '2014-09-23 07:38:25', '2014-09-23 07:38:25', 'e0626a06-1c1f-43b5-bf97-e44d7234d8c8');
INSERT INTO `di_userpermissions` (`id`, `name`, `dateCreated`, `dateUpdated`, `uid`) VALUES ('4', 'publishentries:11', '2014-09-23 07:38:25', '2014-09-23 07:38:25', 'a549ab46-dcd3-4613-b293-2bdbdca2ec81');
INSERT INTO `di_userpermissions` (`id`, `name`, `dateCreated`, `dateUpdated`, `uid`) VALUES ('5', 'editentries:5', '2014-09-23 07:38:25', '2014-09-23 07:38:25', 'f2f1abe1-74cb-4a01-adaa-058dae09f297');
INSERT INTO `di_userpermissions` (`id`, `name`, `dateCreated`, `dateUpdated`, `uid`) VALUES ('6', 'editentries:8', '2014-09-23 07:38:25', '2014-09-23 07:38:25', '72505af7-37f9-4f3b-bb9a-bf3fa0c61021');
INSERT INTO `di_userpermissions` (`id`, `name`, `dateCreated`, `dateUpdated`, `uid`) VALUES ('7', 'createentries:8', '2014-09-23 07:38:25', '2014-09-23 07:38:25', '8ab4a68a-3e42-4733-88ae-4935de21c9c8');
INSERT INTO `di_userpermissions` (`id`, `name`, `dateCreated`, `dateUpdated`, `uid`) VALUES ('8', 'publishentries:8', '2014-09-23 07:38:25', '2014-09-23 07:38:25', '622478b2-f679-40d4-99fb-0323f5c90818');
INSERT INTO `di_userpermissions` (`id`, `name`, `dateCreated`, `dateUpdated`, `uid`) VALUES ('9', 'editentries:1', '2014-09-23 07:38:25', '2014-09-23 07:38:25', 'ceff1244-2a8d-43c2-b2d6-4a0271b653f4');
INSERT INTO `di_userpermissions` (`id`, `name`, `dateCreated`, `dateUpdated`, `uid`) VALUES ('10', 'editentries:7', '2014-09-23 07:38:25', '2014-09-23 07:38:25', '5fd6b503-b2ae-41a0-910b-7995c23ec578');
INSERT INTO `di_userpermissions` (`id`, `name`, `dateCreated`, `dateUpdated`, `uid`) VALUES ('11', 'createentries:7', '2014-09-23 07:38:25', '2014-09-23 07:38:25', '3561b681-3c9a-4f27-9f3c-227db93e1243');
INSERT INTO `di_userpermissions` (`id`, `name`, `dateCreated`, `dateUpdated`, `uid`) VALUES ('12', 'publishentries:7', '2014-09-23 07:38:25', '2014-09-23 07:38:25', '2b03c677-c825-4b83-8378-341ab43c3b96');
INSERT INTO `di_userpermissions` (`id`, `name`, `dateCreated`, `dateUpdated`, `uid`) VALUES ('13', 'editentries:2', '2014-09-23 07:38:25', '2014-09-23 07:38:25', '13404a8b-f970-46b4-8153-ceda00fc87ba');
INSERT INTO `di_userpermissions` (`id`, `name`, `dateCreated`, `dateUpdated`, `uid`) VALUES ('14', 'createentries:2', '2014-09-23 07:38:25', '2014-09-23 07:38:25', 'ccc8bc19-e1cc-4ac8-a07b-17a1e185bca4');
INSERT INTO `di_userpermissions` (`id`, `name`, `dateCreated`, `dateUpdated`, `uid`) VALUES ('15', 'publishentries:2', '2014-09-23 07:38:25', '2014-09-23 07:38:25', 'b3532ddd-8825-4e38-ad3a-98aa2fb998b2');
INSERT INTO `di_userpermissions` (`id`, `name`, `dateCreated`, `dateUpdated`, `uid`) VALUES ('16', 'editentries:10', '2014-09-23 07:38:25', '2014-09-23 07:38:25', '76d81ffb-2baf-4332-95b1-970cf3c99e1a');
INSERT INTO `di_userpermissions` (`id`, `name`, `dateCreated`, `dateUpdated`, `uid`) VALUES ('17', 'createentries:10', '2014-09-23 07:38:25', '2014-09-23 07:38:25', '6c5c4596-f244-4356-a773-a3dcff2cf939');
INSERT INTO `di_userpermissions` (`id`, `name`, `dateCreated`, `dateUpdated`, `uid`) VALUES ('18', 'publishentries:10', '2014-09-23 07:38:25', '2014-09-23 07:38:25', 'cb6b95d0-fa91-4966-b7a9-598ff529e8a7');
INSERT INTO `di_userpermissions` (`id`, `name`, `dateCreated`, `dateUpdated`, `uid`) VALUES ('19', 'editcategories:1', '2014-09-23 07:38:25', '2014-09-23 07:38:25', 'f0697a91-45f6-409d-badd-e98168a60d74');
INSERT INTO `di_userpermissions` (`id`, `name`, `dateCreated`, `dateUpdated`, `uid`) VALUES ('20', 'editcategories:3', '2014-09-23 07:38:25', '2014-09-23 07:38:25', 'f7e2c278-5514-4cc2-80a2-f528daf913ab');
INSERT INTO `di_userpermissions` (`id`, `name`, `dateCreated`, `dateUpdated`, `uid`) VALUES ('21', 'editcategories:2', '2014-09-23 07:38:25', '2014-09-23 07:38:25', '59db30df-4189-49bb-a782-332484f7fc0c');
INSERT INTO `di_userpermissions` (`id`, `name`, `dateCreated`, `dateUpdated`, `uid`) VALUES ('22', 'editcategories:6', '2014-09-23 07:38:25', '2014-09-23 07:38:25', '8993fdce-5cd4-49e1-8155-8374fbc787d3');
INSERT INTO `di_userpermissions` (`id`, `name`, `dateCreated`, `dateUpdated`, `uid`) VALUES ('23', 'editcategories:5', '2014-09-23 07:38:25', '2014-09-23 07:38:25', '53f9e551-967c-4377-8b15-b6395a28b939');
INSERT INTO `di_userpermissions` (`id`, `name`, `dateCreated`, `dateUpdated`, `uid`) VALUES ('24', 'viewassetsource:1', '2014-09-23 07:38:25', '2014-09-23 07:38:25', '11b1999a-3566-41b7-a7a7-4b868dc42a5d');
INSERT INTO `di_userpermissions` (`id`, `name`, `dateCreated`, `dateUpdated`, `uid`) VALUES ('25', 'uploadtoassetsource:1', '2014-09-23 07:38:25', '2014-09-23 07:38:25', 'efbe2393-a32f-4766-bea0-9f857550c8af');
INSERT INTO `di_userpermissions` (`id`, `name`, `dateCreated`, `dateUpdated`, `uid`) VALUES ('26', 'createsubfoldersinassetsource:1', '2014-09-23 07:38:25', '2014-09-23 07:38:25', '7fa2b6c6-7f7c-4ac0-9358-47c0ac53d16e');



--
-- Schema for table `di_userpermissions_usergroups`
--

DROP TABLE IF EXISTS `di_userpermissions_usergroups`;

CREATE TABLE `di_userpermissions_usergroups` (
  `id` int(11) NOT NULL AUTO_INCREMENT,
  `permissionId` int(11) NOT NULL,
  `groupId` int(11) NOT NULL,
  `dateCreated` datetime NOT NULL,
  `dateUpdated` datetime NOT NULL,
  `uid` char(36) COLLATE utf8_unicode_ci NOT NULL DEFAULT '0',
  PRIMARY KEY (`id`),
  UNIQUE KEY `di_userpermissions_usergroups_permissionId_groupId_unq_idx` (`permissionId`,`groupId`),
  KEY `di_userpermissions_usergroups_groupId_fk` (`groupId`)
) ENGINE=InnoDB AUTO_INCREMENT=27 DEFAULT CHARSET=utf8 COLLATE=utf8_unicode_ci;

--
-- Data for table `di_userpermissions_usergroups`
--

INSERT INTO `di_userpermissions_usergroups` (`id`, `permissionId`, `groupId`, `dateCreated`, `dateUpdated`, `uid`) VALUES ('1', '1', '1', '2014-09-23 07:38:25', '2014-09-23 07:38:25', 'c433c1d8-08fd-4539-9381-6debcd54a4ac');
INSERT INTO `di_userpermissions_usergroups` (`id`, `permissionId`, `groupId`, `dateCreated`, `dateUpdated`, `uid`) VALUES ('2', '2', '1', '2014-09-23 07:38:25', '2014-09-23 07:38:25', '2f89170d-9fca-4343-911a-c3f31f3ace04');
INSERT INTO `di_userpermissions_usergroups` (`id`, `permissionId`, `groupId`, `dateCreated`, `dateUpdated`, `uid`) VALUES ('3', '3', '1', '2014-09-23 07:38:25', '2014-09-23 07:38:25', 'ef26f7fb-9858-465d-ae8a-177a2e459841');
INSERT INTO `di_userpermissions_usergroups` (`id`, `permissionId`, `groupId`, `dateCreated`, `dateUpdated`, `uid`) VALUES ('4', '4', '1', '2014-09-23 07:38:25', '2014-09-23 07:38:25', 'fffc02b7-7da2-457a-9fd4-b180355e3116');
INSERT INTO `di_userpermissions_usergroups` (`id`, `permissionId`, `groupId`, `dateCreated`, `dateUpdated`, `uid`) VALUES ('5', '5', '1', '2014-09-23 07:38:25', '2014-09-23 07:38:25', '98c95fef-2604-40f3-88c7-2075c2aa008d');
INSERT INTO `di_userpermissions_usergroups` (`id`, `permissionId`, `groupId`, `dateCreated`, `dateUpdated`, `uid`) VALUES ('6', '6', '1', '2014-09-23 07:38:25', '2014-09-23 07:38:25', 'aac47cc4-2b64-4192-9ca6-e178cc0d9102');
INSERT INTO `di_userpermissions_usergroups` (`id`, `permissionId`, `groupId`, `dateCreated`, `dateUpdated`, `uid`) VALUES ('7', '7', '1', '2014-09-23 07:38:25', '2014-09-23 07:38:25', 'ce99eb11-7b2f-4eaa-8108-dd2d8f4545eb');
INSERT INTO `di_userpermissions_usergroups` (`id`, `permissionId`, `groupId`, `dateCreated`, `dateUpdated`, `uid`) VALUES ('8', '8', '1', '2014-09-23 07:38:25', '2014-09-23 07:38:25', 'ed2cd898-4bdb-4bfd-824a-b93a3b66d777');
INSERT INTO `di_userpermissions_usergroups` (`id`, `permissionId`, `groupId`, `dateCreated`, `dateUpdated`, `uid`) VALUES ('9', '9', '1', '2014-09-23 07:38:25', '2014-09-23 07:38:25', '8335122c-6a98-4a3b-ad54-b87326625ff0');
INSERT INTO `di_userpermissions_usergroups` (`id`, `permissionId`, `groupId`, `dateCreated`, `dateUpdated`, `uid`) VALUES ('10', '10', '1', '2014-09-23 07:38:25', '2014-09-23 07:38:25', '56f4fd9c-ac09-4971-a0c5-fd8c5986b39c');
INSERT INTO `di_userpermissions_usergroups` (`id`, `permissionId`, `groupId`, `dateCreated`, `dateUpdated`, `uid`) VALUES ('11', '11', '1', '2014-09-23 07:38:25', '2014-09-23 07:38:25', '65dff875-3963-4be6-9407-a00c89c3e151');
INSERT INTO `di_userpermissions_usergroups` (`id`, `permissionId`, `groupId`, `dateCreated`, `dateUpdated`, `uid`) VALUES ('12', '12', '1', '2014-09-23 07:38:25', '2014-09-23 07:38:25', 'c4777eea-c007-49b5-b502-3cdbcbd19724');
INSERT INTO `di_userpermissions_usergroups` (`id`, `permissionId`, `groupId`, `dateCreated`, `dateUpdated`, `uid`) VALUES ('13', '13', '1', '2014-09-23 07:38:25', '2014-09-23 07:38:25', '937854ce-6b41-49e0-917c-4acaed2cab89');
INSERT INTO `di_userpermissions_usergroups` (`id`, `permissionId`, `groupId`, `dateCreated`, `dateUpdated`, `uid`) VALUES ('14', '14', '1', '2014-09-23 07:38:25', '2014-09-23 07:38:25', '8d76df05-9e0e-420e-8ac3-25490a2018c8');
INSERT INTO `di_userpermissions_usergroups` (`id`, `permissionId`, `groupId`, `dateCreated`, `dateUpdated`, `uid`) VALUES ('15', '15', '1', '2014-09-23 07:38:25', '2014-09-23 07:38:25', 'eaebda48-b27d-45b8-8e40-46bdfbdf90ea');
INSERT INTO `di_userpermissions_usergroups` (`id`, `permissionId`, `groupId`, `dateCreated`, `dateUpdated`, `uid`) VALUES ('16', '16', '1', '2014-09-23 07:38:25', '2014-09-23 07:38:25', '515ae0c8-016a-491f-81d8-773c57f8e2db');
INSERT INTO `di_userpermissions_usergroups` (`id`, `permissionId`, `groupId`, `dateCreated`, `dateUpdated`, `uid`) VALUES ('17', '17', '1', '2014-09-23 07:38:25', '2014-09-23 07:38:25', '787dd5bf-c0f8-4b8d-a0ad-a877c9afaa79');
INSERT INTO `di_userpermissions_usergroups` (`id`, `permissionId`, `groupId`, `dateCreated`, `dateUpdated`, `uid`) VALUES ('18', '18', '1', '2014-09-23 07:38:25', '2014-09-23 07:38:25', '74525c1a-53db-4b69-84e7-e8837b4925e4');
INSERT INTO `di_userpermissions_usergroups` (`id`, `permissionId`, `groupId`, `dateCreated`, `dateUpdated`, `uid`) VALUES ('19', '19', '1', '2014-09-23 07:38:25', '2014-09-23 07:38:25', '0ccbc797-7efb-4c1e-8ff6-91a378d9bf3c');
INSERT INTO `di_userpermissions_usergroups` (`id`, `permissionId`, `groupId`, `dateCreated`, `dateUpdated`, `uid`) VALUES ('20', '20', '1', '2014-09-23 07:38:25', '2014-09-23 07:38:25', '2dc33eb0-277d-446b-a88a-154f77a8c9b3');
INSERT INTO `di_userpermissions_usergroups` (`id`, `permissionId`, `groupId`, `dateCreated`, `dateUpdated`, `uid`) VALUES ('21', '21', '1', '2014-09-23 07:38:25', '2014-09-23 07:38:25', '7e0264b5-d994-40e0-9faf-04de2afc3a6e');
INSERT INTO `di_userpermissions_usergroups` (`id`, `permissionId`, `groupId`, `dateCreated`, `dateUpdated`, `uid`) VALUES ('22', '22', '1', '2014-09-23 07:38:25', '2014-09-23 07:38:25', '11411527-5cc0-4154-bce0-9f74afe15130');
INSERT INTO `di_userpermissions_usergroups` (`id`, `permissionId`, `groupId`, `dateCreated`, `dateUpdated`, `uid`) VALUES ('23', '23', '1', '2014-09-23 07:38:25', '2014-09-23 07:38:25', '9c607130-323f-4214-b118-726b7102b7e5');
INSERT INTO `di_userpermissions_usergroups` (`id`, `permissionId`, `groupId`, `dateCreated`, `dateUpdated`, `uid`) VALUES ('24', '24', '1', '2014-09-23 07:38:25', '2014-09-23 07:38:25', '0821d87f-7c8e-4c13-b89e-da450704e78d');
INSERT INTO `di_userpermissions_usergroups` (`id`, `permissionId`, `groupId`, `dateCreated`, `dateUpdated`, `uid`) VALUES ('25', '25', '1', '2014-09-23 07:38:25', '2014-09-23 07:38:25', 'b902997b-ad38-41ab-aae0-c17f91c0a190');
INSERT INTO `di_userpermissions_usergroups` (`id`, `permissionId`, `groupId`, `dateCreated`, `dateUpdated`, `uid`) VALUES ('26', '26', '1', '2014-09-23 07:38:25', '2014-09-23 07:38:25', 'bffb0760-cf53-4d09-82c9-1dbec6b798d8');



--
-- Schema for table `di_userpermissions_users`
--

DROP TABLE IF EXISTS `di_userpermissions_users`;

CREATE TABLE `di_userpermissions_users` (
  `id` int(11) NOT NULL AUTO_INCREMENT,
  `permissionId` int(11) NOT NULL,
  `userId` int(11) NOT NULL,
  `dateCreated` datetime NOT NULL,
  `dateUpdated` datetime NOT NULL,
  `uid` char(36) COLLATE utf8_unicode_ci NOT NULL DEFAULT '0',
  PRIMARY KEY (`id`),
  UNIQUE KEY `di_userpermissions_users_permissionId_userId_unq_idx` (`permissionId`,`userId`),
  KEY `di_userpermissions_users_userId_fk` (`userId`)
) ENGINE=InnoDB DEFAULT CHARSET=utf8 COLLATE=utf8_unicode_ci;

--
-- Schema for table `di_users`
--

DROP TABLE IF EXISTS `di_users`;

CREATE TABLE `di_users` (
  `id` int(11) NOT NULL,
  `username` varchar(100) COLLATE utf8_unicode_ci NOT NULL,
  `photo` varchar(50) COLLATE utf8_unicode_ci DEFAULT NULL,
  `firstName` varchar(100) COLLATE utf8_unicode_ci DEFAULT NULL,
  `lastName` varchar(100) COLLATE utf8_unicode_ci DEFAULT NULL,
  `email` varchar(255) COLLATE utf8_unicode_ci NOT NULL,
  `password` char(255) COLLATE utf8_unicode_ci DEFAULT NULL,
  `preferredLocale` char(12) COLLATE utf8_unicode_ci DEFAULT NULL,
  `admin` tinyint(1) unsigned NOT NULL DEFAULT '0',
  `client` tinyint(1) unsigned NOT NULL DEFAULT '0',
  `status` enum('active','locked','suspended','pending','archived') COLLATE utf8_unicode_ci DEFAULT 'pending',
  `lastLoginDate` datetime DEFAULT NULL,
  `lastLoginAttemptIPAddress` varchar(45) COLLATE utf8_unicode_ci DEFAULT NULL,
  `invalidLoginWindowStart` datetime DEFAULT NULL,
  `invalidLoginCount` tinyint(4) unsigned DEFAULT NULL,
  `lastInvalidLoginDate` datetime DEFAULT NULL,
  `lockoutDate` datetime DEFAULT NULL,
  `verificationCode` char(100) COLLATE utf8_unicode_ci DEFAULT NULL,
  `verificationCodeIssuedDate` datetime DEFAULT NULL,
  `unverifiedEmail` varchar(255) COLLATE utf8_unicode_ci DEFAULT NULL,
  `passwordResetRequired` tinyint(1) unsigned NOT NULL DEFAULT '0',
  `lastPasswordChangeDate` datetime DEFAULT NULL,
  `dateCreated` datetime NOT NULL,
  `dateUpdated` datetime NOT NULL,
  `uid` char(36) COLLATE utf8_unicode_ci NOT NULL DEFAULT '0',
  PRIMARY KEY (`id`),
  UNIQUE KEY `di_users_username_unq_idx` (`username`),
  UNIQUE KEY `di_users_email_unq_idx` (`email`),
  KEY `di_users_verificationCode_idx` (`verificationCode`),
  KEY `di_users_uid_idx` (`uid`),
  KEY `di_users_preferredLocale_fk` (`preferredLocale`)
) ENGINE=InnoDB DEFAULT CHARSET=utf8 COLLATE=utf8_unicode_ci;

--
-- Data for table `di_users`
--

INSERT INTO `di_users` (`id`, `username`, `photo`, `firstName`, `lastName`, `email`, `password`, `preferredLocale`, `admin`, `client`, `status`, `lastLoginDate`, `lastLoginAttemptIPAddress`, `invalidLoginWindowStart`, `invalidLoginCount`, `lastInvalidLoginDate`, `lockoutDate`, `verificationCode`, `verificationCodeIssuedDate`, `unverifiedEmail`, `passwordResetRequired`, `lastPasswordChangeDate`, `dateCreated`, `dateUpdated`, `uid`) VALUES ('1', 'pwoods', NULL, 'Paul', 'Woods', 'pwoods@gcdtech.com', '$2a$13$yCHHP2czP2kQVQx6FRgpy.2yCRbhsDBtFcpDE.1vPho4s430Rj5gO', NULL, '1', '0', 'active', '2014-10-20 13:50:08', '127.0.0.1', NULL, NULL, NULL, NULL, NULL, NULL, NULL, '0', '2014-09-04 11:28:58', '2014-09-04 11:28:58', '2014-10-20 13:50:08', 'ebab63cf-3111-4d69-b1e2-b1fa2414c81f');



--
-- Schema for table `di_widgets`
--

DROP TABLE IF EXISTS `di_widgets`;

CREATE TABLE `di_widgets` (
  `id` int(11) NOT NULL AUTO_INCREMENT,
  `userId` int(11) NOT NULL,
  `type` varchar(150) COLLATE utf8_unicode_ci NOT NULL,
  `sortOrder` tinyint(4) DEFAULT NULL,
  `settings` text COLLATE utf8_unicode_ci,
  `enabled` tinyint(1) unsigned NOT NULL DEFAULT '1',
  `dateCreated` datetime NOT NULL,
  `dateUpdated` datetime NOT NULL,
  `uid` char(36) COLLATE utf8_unicode_ci NOT NULL DEFAULT '0',
  PRIMARY KEY (`id`),
  KEY `di_widgets_userId_fk` (`userId`)
) ENGINE=InnoDB AUTO_INCREMENT=7 DEFAULT CHARSET=utf8 COLLATE=utf8_unicode_ci;

--
-- Data for table `di_widgets`
--

INSERT INTO `di_widgets` (`id`, `userId`, `type`, `sortOrder`, `settings`, `enabled`, `dateCreated`, `dateUpdated`, `uid`) VALUES ('1', '1', 'QuickPost', '1', '{\"section\":\"2\",\"entryType\":\"\",\"fields\":[\"16\",\"34\"]}', '1', '2014-09-04 11:29:01', '2014-09-18 15:03:55', '5109ebf5-2b9a-4ee1-8835-d1e50e9c27a9');
INSERT INTO `di_widgets` (`id`, `userId`, `type`, `sortOrder`, `settings`, `enabled`, `dateCreated`, `dateUpdated`, `uid`) VALUES ('2', '1', 'RecentEntries', '2', NULL, '1', '2014-09-04 11:29:01', '2014-09-04 11:29:01', 'c3d3b88e-8284-4e62-9a69-636f64bc73c0');
INSERT INTO `di_widgets` (`id`, `userId`, `type`, `sortOrder`, `settings`, `enabled`, `dateCreated`, `dateUpdated`, `uid`) VALUES ('3', '1', 'GetHelp', '3', NULL, '1', '2014-09-04 11:29:01', '2014-09-04 11:29:01', 'd4427589-70a1-4101-9597-55dcaef5f9f4');
INSERT INTO `di_widgets` (`id`, `userId`, `type`, `sortOrder`, `settings`, `enabled`, `dateCreated`, `dateUpdated`, `uid`) VALUES ('4', '1', 'Updates', '4', NULL, '1', '2014-09-04 11:29:01', '2014-09-04 11:29:01', '500e495d-d0be-4cf1-8582-f64619a55a85');
INSERT INTO `di_widgets` (`id`, `userId`, `type`, `sortOrder`, `settings`, `enabled`, `dateCreated`, `dateUpdated`, `uid`) VALUES ('5', '1', 'Feed', '5', '{\"url\":\"http:\\/\\/feeds.feedburner.com\\/blogandtonic\",\"title\":\"Blog & Tonic\",\"limit\":\"5\"}', '1', '2014-09-04 11:29:01', '2014-09-18 15:00:42', '110fb220-07de-4a91-a3ae-90a5689c4b53');
INSERT INTO `di_widgets` (`id`, `userId`, `type`, `sortOrder`, `settings`, `enabled`, `dateCreated`, `dateUpdated`, `uid`) VALUES ('6', '1', 'QuickPost', '6', '{\"section\":\"8\",\"entryType\":\"\",\"fields\":[\"16\",\"29\",\"32\",\"34\",\"30\",\"31\",\"47\",\"14\"]}', '1', '2014-09-18 15:02:18', '2014-09-18 15:04:24', 'e6764e6a-fd3f-43a4-a3d2-e6a2dc619677');


--
-- Constraints for tables
--


--
-- Constraints for table `di_assetfiles`
--
ALTER TABLE `di_assetfiles`
	ADD CONSTRAINT `di_assetfiles_folderId_fk` FOREIGN KEY (`folderId`) REFERENCES `di_assetfolders` (`id`) ON DELETE CASCADE,
	ADD CONSTRAINT `di_assetfiles_id_fk` FOREIGN KEY (`id`) REFERENCES `di_elements` (`id`) ON DELETE CASCADE,
	ADD CONSTRAINT `di_assetfiles_sourceId_fk` FOREIGN KEY (`sourceId`) REFERENCES `di_assetsources` (`id`) ON DELETE CASCADE;

--
-- Constraints for table `di_assetfolders`
--
ALTER TABLE `di_assetfolders`
	ADD CONSTRAINT `di_assetfolders_parentId_fk` FOREIGN KEY (`parentId`) REFERENCES `di_assetfolders` (`id`) ON DELETE CASCADE,
	ADD CONSTRAINT `di_assetfolders_sourceId_fk` FOREIGN KEY (`sourceId`) REFERENCES `di_assetsources` (`id`) ON DELETE CASCADE;

--
-- Constraints for table `di_assetindexdata`
--
ALTER TABLE `di_assetindexdata`
	ADD CONSTRAINT `di_assetindexdata_sourceId_fk` FOREIGN KEY (`sourceId`) REFERENCES `di_assetsources` (`id`) ON DELETE CASCADE;

--
-- Constraints for table `di_assetsources`
--
ALTER TABLE `di_assetsources`
	ADD CONSTRAINT `di_assetsources_fieldLayoutId_fk` FOREIGN KEY (`fieldLayoutId`) REFERENCES `di_fieldlayouts` (`id`) ON DELETE SET NULL;

--
-- Constraints for table `di_categories`
--
ALTER TABLE `di_categories`
	ADD CONSTRAINT `di_categories_groupId_fk` FOREIGN KEY (`groupId`) REFERENCES `di_categorygroups` (`id`) ON DELETE CASCADE,
	ADD CONSTRAINT `di_categories_id_fk` FOREIGN KEY (`id`) REFERENCES `di_elements` (`id`) ON DELETE CASCADE;

--
-- Constraints for table `di_categorygroups`
--
ALTER TABLE `di_categorygroups`
	ADD CONSTRAINT `di_categorygroups_fieldLayoutId_fk` FOREIGN KEY (`fieldLayoutId`) REFERENCES `di_fieldlayouts` (`id`) ON DELETE SET NULL,
	ADD CONSTRAINT `di_categorygroups_structureId_fk` FOREIGN KEY (`structureId`) REFERENCES `di_structures` (`id`) ON DELETE CASCADE;

--
-- Constraints for table `di_categorygroups_i18n`
--
ALTER TABLE `di_categorygroups_i18n`
	ADD CONSTRAINT `di_categorygroups_i18n_groupId_fk` FOREIGN KEY (`groupId`) REFERENCES `di_categorygroups` (`id`) ON DELETE CASCADE,
	ADD CONSTRAINT `di_categorygroups_i18n_locale_fk` FOREIGN KEY (`locale`) REFERENCES `di_locales` (`locale`) ON DELETE CASCADE ON UPDATE CASCADE;

--
-- Constraints for table `di_content`
--
ALTER TABLE `di_content`
	ADD CONSTRAINT `di_content_elementId_fk` FOREIGN KEY (`elementId`) REFERENCES `di_elements` (`id`) ON DELETE CASCADE,
	ADD CONSTRAINT `di_content_locale_fk` FOREIGN KEY (`locale`) REFERENCES `di_locales` (`locale`) ON DELETE CASCADE ON UPDATE CASCADE;

--
-- Constraints for table `di_elements_i18n`
--
ALTER TABLE `di_elements_i18n`
	ADD CONSTRAINT `di_elements_i18n_elementId_fk` FOREIGN KEY (`elementId`) REFERENCES `di_elements` (`id`) ON DELETE CASCADE,
	ADD CONSTRAINT `di_elements_i18n_locale_fk` FOREIGN KEY (`locale`) REFERENCES `di_locales` (`locale`) ON DELETE CASCADE ON UPDATE CASCADE;

--
-- Constraints for table `di_emailmessages`
--
ALTER TABLE `di_emailmessages`
	ADD CONSTRAINT `di_emailmessages_locale_fk` FOREIGN KEY (`locale`) REFERENCES `di_locales` (`locale`) ON DELETE CASCADE ON UPDATE CASCADE;

--
-- Constraints for table `di_entries`
--
ALTER TABLE `di_entries`
	ADD CONSTRAINT `di_entries_authorId_fk` FOREIGN KEY (`authorId`) REFERENCES `di_users` (`id`) ON DELETE CASCADE,
	ADD CONSTRAINT `di_entries_id_fk` FOREIGN KEY (`id`) REFERENCES `di_elements` (`id`) ON DELETE CASCADE,
	ADD CONSTRAINT `di_entries_sectionId_fk` FOREIGN KEY (`sectionId`) REFERENCES `di_sections` (`id`) ON DELETE CASCADE,
	ADD CONSTRAINT `di_entries_typeId_fk` FOREIGN KEY (`typeId`) REFERENCES `di_entrytypes` (`id`) ON DELETE CASCADE;

--
-- Constraints for table `di_entrydrafts`
--
ALTER TABLE `di_entrydrafts`
	ADD CONSTRAINT `di_entrydrafts_creatorId_fk` FOREIGN KEY (`creatorId`) REFERENCES `di_users` (`id`) ON DELETE CASCADE,
	ADD CONSTRAINT `di_entrydrafts_entryId_fk` FOREIGN KEY (`entryId`) REFERENCES `di_entries` (`id`) ON DELETE CASCADE,
	ADD CONSTRAINT `di_entrydrafts_locale_fk` FOREIGN KEY (`locale`) REFERENCES `di_locales` (`locale`) ON DELETE CASCADE ON UPDATE CASCADE,
	ADD CONSTRAINT `di_entrydrafts_sectionId_fk` FOREIGN KEY (`sectionId`) REFERENCES `di_sections` (`id`) ON DELETE CASCADE;

--
-- Constraints for table `di_entrytypes`
--
ALTER TABLE `di_entrytypes`
	ADD CONSTRAINT `di_entrytypes_fieldLayoutId_fk` FOREIGN KEY (`fieldLayoutId`) REFERENCES `di_fieldlayouts` (`id`) ON DELETE SET NULL,
	ADD CONSTRAINT `di_entrytypes_sectionId_fk` FOREIGN KEY (`sectionId`) REFERENCES `di_sections` (`id`) ON DELETE CASCADE;

--
-- Constraints for table `di_entryversions`
--
ALTER TABLE `di_entryversions`
	ADD CONSTRAINT `di_entryversions_creatorId_fk` FOREIGN KEY (`creatorId`) REFERENCES `di_users` (`id`) ON DELETE SET NULL,
	ADD CONSTRAINT `di_entryversions_entryId_fk` FOREIGN KEY (`entryId`) REFERENCES `di_entries` (`id`) ON DELETE CASCADE,
	ADD CONSTRAINT `di_entryversions_locale_fk` FOREIGN KEY (`locale`) REFERENCES `di_locales` (`locale`) ON DELETE CASCADE ON UPDATE CASCADE,
	ADD CONSTRAINT `di_entryversions_sectionId_fk` FOREIGN KEY (`sectionId`) REFERENCES `di_sections` (`id`) ON DELETE CASCADE;

--
-- Constraints for table `di_fieldlayoutfields`
--
ALTER TABLE `di_fieldlayoutfields`
	ADD CONSTRAINT `di_fieldlayoutfields_fieldId_fk` FOREIGN KEY (`fieldId`) REFERENCES `di_fields` (`id`) ON DELETE CASCADE,
	ADD CONSTRAINT `di_fieldlayoutfields_layoutId_fk` FOREIGN KEY (`layoutId`) REFERENCES `di_fieldlayouts` (`id`) ON DELETE CASCADE,
	ADD CONSTRAINT `di_fieldlayoutfields_tabId_fk` FOREIGN KEY (`tabId`) REFERENCES `di_fieldlayouttabs` (`id`) ON DELETE CASCADE;

--
-- Constraints for table `di_fieldlayouttabs`
--
ALTER TABLE `di_fieldlayouttabs`
	ADD CONSTRAINT `di_fieldlayouttabs_layoutId_fk` FOREIGN KEY (`layoutId`) REFERENCES `di_fieldlayouts` (`id`) ON DELETE CASCADE;

--
-- Constraints for table `di_fields`
--
ALTER TABLE `di_fields`
	ADD CONSTRAINT `di_fields_groupId_fk` FOREIGN KEY (`groupId`) REFERENCES `di_fieldgroups` (`id`) ON DELETE CASCADE;

--
-- Constraints for table `di_globalsets`
--
ALTER TABLE `di_globalsets`
	ADD CONSTRAINT `di_globalsets_fieldLayoutId_fk` FOREIGN KEY (`fieldLayoutId`) REFERENCES `di_fieldlayouts` (`id`) ON DELETE SET NULL,
	ADD CONSTRAINT `di_globalsets_id_fk` FOREIGN KEY (`id`) REFERENCES `di_elements` (`id`) ON DELETE CASCADE;

--
-- Constraints for table `di_googlemaps_locations`
--
ALTER TABLE `di_googlemaps_locations`
	ADD CONSTRAINT `di_googlemaps_locations_elementId_fk` FOREIGN KEY (`elementId`) REFERENCES `di_elements` (`id`) ON DELETE CASCADE;

--
-- Constraints for table `di_matrixblocks`
--
ALTER TABLE `di_matrixblocks`
	ADD CONSTRAINT `di_matrixblocks_fieldId_fk` FOREIGN KEY (`fieldId`) REFERENCES `di_fields` (`id`) ON DELETE CASCADE,
	ADD CONSTRAINT `di_matrixblocks_id_fk` FOREIGN KEY (`id`) REFERENCES `di_elements` (`id`) ON DELETE CASCADE,
	ADD CONSTRAINT `di_matrixblocks_ownerId_fk` FOREIGN KEY (`ownerId`) REFERENCES `di_elements` (`id`) ON DELETE CASCADE,
	ADD CONSTRAINT `di_matrixblocks_ownerLocale_fk` FOREIGN KEY (`ownerLocale`) REFERENCES `di_locales` (`locale`) ON DELETE CASCADE ON UPDATE CASCADE,
	ADD CONSTRAINT `di_matrixblocks_typeId_fk` FOREIGN KEY (`typeId`) REFERENCES `di_matrixblocktypes` (`id`) ON DELETE CASCADE;

--
-- Constraints for table `di_matrixblocktypes`
--
ALTER TABLE `di_matrixblocktypes`
	ADD CONSTRAINT `di_matrixblocktypes_fieldId_fk` FOREIGN KEY (`fieldId`) REFERENCES `di_fields` (`id`) ON DELETE CASCADE,
	ADD CONSTRAINT `di_matrixblocktypes_fieldLayoutId_fk` FOREIGN KEY (`fieldLayoutId`) REFERENCES `di_fieldlayouts` (`id`) ON DELETE SET NULL;

--
-- Constraints for table `di_matrixcontent_body`
--
ALTER TABLE `di_matrixcontent_body`
	ADD CONSTRAINT `di_matrixcontent_body_elementId_fk` FOREIGN KEY (`elementId`) REFERENCES `di_elements` (`id`) ON DELETE CASCADE,
	ADD CONSTRAINT `di_matrixcontent_body_locale_fk` FOREIGN KEY (`locale`) REFERENCES `di_locales` (`locale`) ON DELETE CASCADE ON UPDATE CASCADE;

--
-- Constraints for table `di_matrixcontent_index`
--
ALTER TABLE `di_matrixcontent_index`
	ADD CONSTRAINT `di_matrixcontent_index_elementId_fk` FOREIGN KEY (`elementId`) REFERENCES `di_elements` (`id`) ON DELETE CASCADE,
	ADD CONSTRAINT `di_matrixcontent_index_locale_fk` FOREIGN KEY (`locale`) REFERENCES `di_locales` (`locale`) ON DELETE CASCADE ON UPDATE CASCADE;

--
-- Constraints for table `di_matrixcontent_indexcategory`
--
ALTER TABLE `di_matrixcontent_indexcategory`
	ADD CONSTRAINT `di_matrixcontent_indexcategory_elementId_fk` FOREIGN KEY (`elementId`) REFERENCES `di_elements` (`id`) ON DELETE CASCADE,
	ADD CONSTRAINT `di_matrixcontent_indexcategory_locale_fk` FOREIGN KEY (`locale`) REFERENCES `di_locales` (`locale`) ON DELETE CASCADE ON UPDATE CASCADE;

--
-- Constraints for table `di_migrations`
--
ALTER TABLE `di_migrations`
	ADD CONSTRAINT `di_migrations_pluginId_fk` FOREIGN KEY (`pluginId`) REFERENCES `di_plugins` (`id`) ON DELETE CASCADE;

--
-- Constraints for table `di_relations`
--
ALTER TABLE `di_relations`
	ADD CONSTRAINT `di_relations_fieldId_fk` FOREIGN KEY (`fieldId`) REFERENCES `di_fields` (`id`) ON DELETE CASCADE,
	ADD CONSTRAINT `di_relations_sourceId_fk` FOREIGN KEY (`sourceId`) REFERENCES `di_elements` (`id`) ON DELETE CASCADE,
	ADD CONSTRAINT `di_relations_sourceLocale_fk` FOREIGN KEY (`sourceLocale`) REFERENCES `di_locales` (`locale`) ON DELETE CASCADE ON UPDATE CASCADE,
	ADD CONSTRAINT `di_relations_targetId_fk` FOREIGN KEY (`targetId`) REFERENCES `di_elements` (`id`) ON DELETE CASCADE;

--
-- Constraints for table `di_routes`
--
ALTER TABLE `di_routes`
	ADD CONSTRAINT `di_routes_locale_fk` FOREIGN KEY (`locale`) REFERENCES `di_locales` (`locale`) ON DELETE CASCADE ON UPDATE CASCADE;

--
-- Constraints for table `di_sections`
--
ALTER TABLE `di_sections`
	ADD CONSTRAINT `di_sections_structureId_fk` FOREIGN KEY (`structureId`) REFERENCES `di_structures` (`id`) ON DELETE SET NULL;

--
-- Constraints for table `di_sections_i18n`
--
ALTER TABLE `di_sections_i18n`
	ADD CONSTRAINT `di_sections_i18n_locale_fk` FOREIGN KEY (`locale`) REFERENCES `di_locales` (`locale`) ON DELETE CASCADE ON UPDATE CASCADE,
	ADD CONSTRAINT `di_sections_i18n_sectionId_fk` FOREIGN KEY (`sectionId`) REFERENCES `di_sections` (`id`) ON DELETE CASCADE;

--
-- Constraints for table `di_sessions`
--
ALTER TABLE `di_sessions`
	ADD CONSTRAINT `di_sessions_userId_fk` FOREIGN KEY (`userId`) REFERENCES `di_users` (`id`) ON DELETE CASCADE;

--
-- Constraints for table `di_shunnedmessages`
--
ALTER TABLE `di_shunnedmessages`
	ADD CONSTRAINT `di_shunnedmessages_userId_fk` FOREIGN KEY (`userId`) REFERENCES `di_users` (`id`) ON DELETE CASCADE;

--
-- Constraints for table `di_structureelements`
--
ALTER TABLE `di_structureelements`
	ADD CONSTRAINT `di_structureelements_elementId_fk` FOREIGN KEY (`elementId`) REFERENCES `di_elements` (`id`) ON DELETE CASCADE,
	ADD CONSTRAINT `di_structureelements_structureId_fk` FOREIGN KEY (`structureId`) REFERENCES `di_structures` (`id`) ON DELETE CASCADE;

--
-- Constraints for table `di_taggroups`
--
ALTER TABLE `di_taggroups`
	ADD CONSTRAINT `di_taggroups_fieldLayoutId_fk` FOREIGN KEY (`fieldLayoutId`) REFERENCES `di_fieldlayouts` (`id`) ON DELETE SET NULL;

--
-- Constraints for table `di_tags`
--
ALTER TABLE `di_tags`
	ADD CONSTRAINT `di_tags_groupId_fk` FOREIGN KEY (`groupId`) REFERENCES `di_taggroups` (`id`) ON DELETE CASCADE,
	ADD CONSTRAINT `di_tags_id_fk` FOREIGN KEY (`id`) REFERENCES `di_elements` (`id`) ON DELETE CASCADE;

--
-- Constraints for table `di_templatecachecriteria`
--
ALTER TABLE `di_templatecachecriteria`
	ADD CONSTRAINT `di_templatecachecriteria_cacheId_fk` FOREIGN KEY (`cacheId`) REFERENCES `di_templatecaches` (`id`) ON DELETE CASCADE;

--
-- Constraints for table `di_templatecacheelements`
--
ALTER TABLE `di_templatecacheelements`
	ADD CONSTRAINT `di_templatecacheelements_cacheId_fk` FOREIGN KEY (`cacheId`) REFERENCES `di_templatecaches` (`id`) ON DELETE CASCADE,
	ADD CONSTRAINT `di_templatecacheelements_elementId_fk` FOREIGN KEY (`elementId`) REFERENCES `di_elements` (`id`) ON DELETE CASCADE;

--
-- Constraints for table `di_templatecaches`
--
ALTER TABLE `di_templatecaches`
	ADD CONSTRAINT `di_templatecaches_locale_fk` FOREIGN KEY (`locale`) REFERENCES `di_locales` (`locale`) ON DELETE CASCADE ON UPDATE CASCADE;

--
-- Constraints for table `di_usergroups_users`
--
ALTER TABLE `di_usergroups_users`
	ADD CONSTRAINT `di_usergroups_users_groupId_fk` FOREIGN KEY (`groupId`) REFERENCES `di_usergroups` (`id`) ON DELETE CASCADE,
	ADD CONSTRAINT `di_usergroups_users_userId_fk` FOREIGN KEY (`userId`) REFERENCES `di_users` (`id`) ON DELETE CASCADE;

--
-- Constraints for table `di_userpermissions_usergroups`
--
ALTER TABLE `di_userpermissions_usergroups`
	ADD CONSTRAINT `di_userpermissions_usergroups_groupId_fk` FOREIGN KEY (`groupId`) REFERENCES `di_usergroups` (`id`) ON DELETE CASCADE,
	ADD CONSTRAINT `di_userpermissions_usergroups_permissionId_fk` FOREIGN KEY (`permissionId`) REFERENCES `di_userpermissions` (`id`) ON DELETE CASCADE;

--
-- Constraints for table `di_userpermissions_users`
--
ALTER TABLE `di_userpermissions_users`
	ADD CONSTRAINT `di_userpermissions_users_permissionId_fk` FOREIGN KEY (`permissionId`) REFERENCES `di_userpermissions` (`id`) ON DELETE CASCADE,
	ADD CONSTRAINT `di_userpermissions_users_userId_fk` FOREIGN KEY (`userId`) REFERENCES `di_users` (`id`) ON DELETE CASCADE;

--
-- Constraints for table `di_users`
--
ALTER TABLE `di_users`
	ADD CONSTRAINT `di_users_id_fk` FOREIGN KEY (`id`) REFERENCES `di_elements` (`id`) ON DELETE CASCADE,
	ADD CONSTRAINT `di_users_preferredLocale_fk` FOREIGN KEY (`preferredLocale`) REFERENCES `di_locales` (`locale`) ON DELETE SET NULL ON UPDATE CASCADE;

--
-- Constraints for table `di_widgets`
--
ALTER TABLE `di_widgets`
	ADD CONSTRAINT `di_widgets_userId_fk` FOREIGN KEY (`userId`) REFERENCES `di_users` (`id`) ON DELETE CASCADE;

SET FOREIGN_KEY_CHECKS = 1;
