-- Generated by Craft v2.2.2588 on 29 Sep 2014 13:29:08.

--
-- Disable foreign key checks and autocommit.
--

SET FOREIGN_KEY_CHECKS = 0;
SET SQL_MODE = "NO_AUTO_VALUE_ON_ZERO";
SET AUTOCOMMIT = 0;
SET NAMES utf8;


--
-- Schema for table `di_assetfiles`
--

DROP TABLE IF EXISTS `di_assetfiles`;

CREATE TABLE `di_assetfiles` (
  `id` int(11) NOT NULL,
  `sourceId` int(11) DEFAULT NULL,
  `folderId` int(11) NOT NULL,
  `filename` varchar(255) COLLATE utf8_unicode_ci NOT NULL,
  `kind` varchar(50) COLLATE utf8_unicode_ci NOT NULL DEFAULT 'unknown',
  `width` smallint(6) unsigned DEFAULT NULL,
  `height` smallint(6) unsigned DEFAULT NULL,
  `size` int(11) unsigned DEFAULT NULL,
  `dateModified` datetime DEFAULT NULL,
  `dateCreated` datetime NOT NULL,
  `dateUpdated` datetime NOT NULL,
  `uid` char(36) COLLATE utf8_unicode_ci NOT NULL DEFAULT '0',
  PRIMARY KEY (`id`),
  UNIQUE KEY `di_assetfiles_filename_folderId_unq_idx` (`filename`,`folderId`),
  KEY `di_assetfiles_sourceId_fk` (`sourceId`),
  KEY `di_assetfiles_folderId_fk` (`folderId`)
) ENGINE=InnoDB DEFAULT CHARSET=utf8 COLLATE=utf8_unicode_ci;

--
-- Data for table `di_assetfiles`
--

INSERT INTO `di_assetfiles` (`id`, `sourceId`, `folderId`, `filename`, `kind`, `width`, `height`, `size`, `dateModified`, `dateCreated`, `dateUpdated`, `uid`) VALUES ('5', '1', '3', '36522-Tabby-kitten-white-background.jpg', 'image', '1275', '1028', '224896', '2014-09-04 13:00:15', '2014-09-04 13:00:15', '2014-09-17 16:32:18', 'cac7b5bc-dfac-4d1f-8961-578bc0a51d51');
INSERT INTO `di_assetfiles` (`id`, `sourceId`, `folderId`, `filename`, `kind`, `width`, `height`, `size`, `dateModified`, `dateCreated`, `dateUpdated`, `uid`) VALUES ('18', '1', '3', 'forest-hills-hut-2745.jpg', 'image', '2048', '1536', '1404908', '2014-09-08 08:21:11', '2014-09-08 08:21:12', '2014-09-19 10:31:50', '9ec80324-dc6f-47aa-84a0-ecf365eb77ec');
INSERT INTO `di_assetfiles` (`id`, `sourceId`, `folderId`, `filename`, `kind`, `width`, `height`, `size`, `dateModified`, `dateCreated`, `dateUpdated`, `uid`) VALUES ('21', '1', '3', 'tree.jpg', 'image', '1920', '1080', '2752885', '2014-09-08 10:52:43', '2014-09-08 10:52:45', '2014-09-19 10:31:54', 'f1229442-b856-4294-ab89-881e8fddc8ff');
INSERT INTO `di_assetfiles` (`id`, `sourceId`, `folderId`, `filename`, `kind`, `width`, `height`, `size`, `dateModified`, `dateCreated`, `dateUpdated`, `uid`) VALUES ('25', '1', '3', 'burkina-faso-landscape.jpg', 'image', '2000', '1333', '217595', '2014-09-10 12:32:01', '2014-09-10 12:32:02', '2014-09-19 10:31:26', 'cb7d477f-11aa-4c2b-a9fe-5126397462b5');
INSERT INTO `di_assetfiles` (`id`, `sourceId`, `folderId`, `filename`, `kind`, `width`, `height`, `size`, `dateModified`, `dateCreated`, `dateUpdated`, `uid`) VALUES ('28', '1', '3', 'church.jpg', 'image', '2400', '1400', '1024503', '2014-09-15 08:25:20', '2014-09-15 08:25:21', '2014-09-17 16:32:07', 'bffcbd8f-b712-4518-8518-78d08be53b42');
INSERT INTO `di_assetfiles` (`id`, `sourceId`, `folderId`, `filename`, `kind`, `width`, `height`, `size`, `dateModified`, `dateCreated`, `dateUpdated`, `uid`) VALUES ('51', '1', '3', 'coffee-beans1.jpg', 'image', '1920', '1200', '618561', '2014-09-17 09:37:24', '2014-09-17 09:37:25', '2014-09-19 10:31:44', 'e89cbe62-9dde-47b6-8e83-75d3f0155ce6');
INSERT INTO `di_assetfiles` (`id`, `sourceId`, `folderId`, `filename`, `kind`, `width`, `height`, `size`, `dateModified`, `dateCreated`, `dateUpdated`, `uid`) VALUES ('59', '1', '3', 'african-girl-sad.jpg', 'image', '1698', '1131', '952829', '2014-09-18 08:41:53', '2014-09-18 08:41:54', '2014-09-18 08:41:54', 'ac4d2620-cf35-4ece-a35b-293e9f6eb925');
INSERT INTO `di_assetfiles` (`id`, `sourceId`, `folderId`, `filename`, `kind`, `width`, `height`, `size`, `dateModified`, `dateCreated`, `dateUpdated`, `uid`) VALUES ('60', '1', '4', 'church.png', 'image', '1600', '1600', '25352', '2014-09-18 12:23:01', '2014-09-18 10:49:24', '2014-09-18 12:23:04', '88dd816c-ff4a-4fa1-aaea-a4c424fa2e64');
INSERT INTO `di_assetfiles` (`id`, `sourceId`, `folderId`, `filename`, `kind`, `width`, `height`, `size`, `dateModified`, `dateCreated`, `dateUpdated`, `uid`) VALUES ('61', '1', '4', 'dropinn.png', 'image', '1600', '1600', '35669', '2014-09-19 10:16:07', '2014-09-18 11:07:47', '2014-09-19 10:16:10', '6657c5f9-e5b9-4843-9cba-2939897d9911');
INSERT INTO `di_assetfiles` (`id`, `sourceId`, `folderId`, `filename`, `kind`, `width`, `height`, `size`, `dateModified`, `dateCreated`, `dateUpdated`, `uid`) VALUES ('65', '1', '4', 'tinhouse.png', 'image', '1600', '1600', '234599', '2014-09-18 11:37:04', '2014-09-18 11:37:05', '2014-09-18 11:37:05', 'c49e52aa-4937-451d-a455-2e900ec8364b');
INSERT INTO `di_assetfiles` (`id`, `sourceId`, `folderId`, `filename`, `kind`, `width`, `height`, `size`, `dateModified`, `dateCreated`, `dateUpdated`, `uid`) VALUES ('70', '1', '4', 'church-w60pc.png', 'image', '1600', '1600', '24637', '2014-09-18 13:28:06', '2014-09-18 13:28:07', '2014-09-18 13:28:07', 'fed88c0e-3e42-4cac-b9fd-0d73ce819bf9');
INSERT INTO `di_assetfiles` (`id`, `sourceId`, `folderId`, `filename`, `kind`, `width`, `height`, `size`, `dateModified`, `dateCreated`, `dateUpdated`, `uid`) VALUES ('71', '1', '4', 'church-pridevhumility.png', 'image', '1600', '1600', '45438', '2014-09-18 13:37:12', '2014-09-18 13:31:47', '2014-09-18 13:37:14', '0bd6b5fa-3bc8-469a-8e0f-c5847dba97d0');
INSERT INTO `di_assetfiles` (`id`, `sourceId`, `folderId`, `filename`, `kind`, `width`, `height`, `size`, `dateModified`, `dateCreated`, `dateUpdated`, `uid`) VALUES ('111', '1', '5', 'profile-pic.jpg', 'image', '1907', '1263', '1046182', '2014-09-24 10:51:48', '2014-09-24 10:51:49', '2014-09-24 10:51:49', '3e6131d5-1b89-4032-aa8e-449cb6fc8db7');



--
-- Schema for table `di_assetfolders`
--

DROP TABLE IF EXISTS `di_assetfolders`;

CREATE TABLE `di_assetfolders` (
  `id` int(11) NOT NULL AUTO_INCREMENT,
  `parentId` int(11) DEFAULT NULL,
  `sourceId` int(11) DEFAULT NULL,
  `name` varchar(255) COLLATE utf8_unicode_ci NOT NULL,
  `path` varchar(255) COLLATE utf8_unicode_ci DEFAULT NULL,
  `dateCreated` datetime NOT NULL,
  `dateUpdated` datetime NOT NULL,
  `uid` char(36) COLLATE utf8_unicode_ci NOT NULL DEFAULT '0',
  PRIMARY KEY (`id`),
  UNIQUE KEY `di_assetfolders_name_parentId_sourceId_unq_idx` (`name`,`parentId`,`sourceId`),
  KEY `di_assetfolders_parentId_fk` (`parentId`),
  KEY `di_assetfolders_sourceId_fk` (`sourceId`)
) ENGINE=InnoDB AUTO_INCREMENT=6 DEFAULT CHARSET=utf8 COLLATE=utf8_unicode_ci;

--
-- Data for table `di_assetfolders`
--

INSERT INTO `di_assetfolders` (`id`, `parentId`, `sourceId`, `name`, `path`, `dateCreated`, `dateUpdated`, `uid`) VALUES ('1', NULL, '1', 'Images', '', '2014-09-04 12:32:41', '2014-09-04 12:32:41', '075be443-89b1-457d-96b6-f4b7142c59b0');
INSERT INTO `di_assetfolders` (`id`, `parentId`, `sourceId`, `name`, `path`, `dateCreated`, `dateUpdated`, `uid`) VALUES ('2', '1', '1', 'images', 'images/', '2014-09-04 14:15:52', '2014-09-04 14:15:52', 'daa88664-dd43-4352-a10c-ef343e3759ba');
INSERT INTO `di_assetfolders` (`id`, `parentId`, `sourceId`, `name`, `path`, `dateCreated`, `dateUpdated`, `uid`) VALUES ('3', '2', '1', 'content', 'images/content/', '2014-09-04 14:22:23', '2014-09-04 14:22:23', 'fdc4c5ca-61cd-4fd9-947e-1d5cb928b614');
INSERT INTO `di_assetfolders` (`id`, `parentId`, `sourceId`, `name`, `path`, `dateCreated`, `dateUpdated`, `uid`) VALUES ('4', '2', '1', 'emblem', 'images/emblem/', '2014-09-18 10:49:14', '2014-09-18 10:49:14', '4ab7e95d-14b1-4ec5-8bcd-0fef42fb065f');
INSERT INTO `di_assetfolders` (`id`, `parentId`, `sourceId`, `name`, `path`, `dateCreated`, `dateUpdated`, `uid`) VALUES ('5', '2', '1', 'profiles', 'images/profiles/', '2014-09-24 10:51:41', '2014-09-24 10:51:41', 'eac1d561-19a7-4d2b-879e-6accb041c8cf');



--
-- Schema for table `di_assetindexdata`
--

DROP TABLE IF EXISTS `di_assetindexdata`;

CREATE TABLE `di_assetindexdata` (
  `id` int(11) NOT NULL AUTO_INCREMENT,
  `sessionId` varchar(36) COLLATE utf8_unicode_ci NOT NULL DEFAULT '',
  `sourceId` int(10) NOT NULL,
  `offset` int(10) NOT NULL,
  `uri` varchar(255) COLLATE utf8_unicode_ci DEFAULT NULL,
  `size` int(10) DEFAULT NULL,
  `recordId` int(10) DEFAULT NULL,
  `dateCreated` datetime NOT NULL,
  `dateUpdated` datetime NOT NULL,
  `uid` char(36) COLLATE utf8_unicode_ci NOT NULL DEFAULT '0',
  PRIMARY KEY (`id`),
  UNIQUE KEY `di_assetindexdata_sessionId_sourceId_offset_unq_idx` (`sessionId`,`sourceId`,`offset`),
  KEY `di_assetindexdata_sourceId_fk` (`sourceId`)
) ENGINE=InnoDB DEFAULT CHARSET=utf8 COLLATE=utf8_unicode_ci;

--
-- Schema for table `di_assetsources`
--

DROP TABLE IF EXISTS `di_assetsources`;

CREATE TABLE `di_assetsources` (
  `id` int(11) NOT NULL AUTO_INCREMENT,
  `name` varchar(255) COLLATE utf8_unicode_ci NOT NULL,
  `type` varchar(150) COLLATE utf8_unicode_ci NOT NULL,
  `settings` text COLLATE utf8_unicode_ci,
  `sortOrder` tinyint(4) DEFAULT NULL,
  `fieldLayoutId` int(10) DEFAULT NULL,
  `dateCreated` datetime NOT NULL,
  `dateUpdated` datetime NOT NULL,
  `uid` char(36) COLLATE utf8_unicode_ci NOT NULL DEFAULT '0',
  PRIMARY KEY (`id`),
  UNIQUE KEY `di_assetsources_name_unq_idx` (`name`),
  KEY `di_assetsources_fieldLayoutId_fk` (`fieldLayoutId`)
) ENGINE=InnoDB AUTO_INCREMENT=2 DEFAULT CHARSET=utf8 COLLATE=utf8_unicode_ci;

--
-- Data for table `di_assetsources`
--

INSERT INTO `di_assetsources` (`id`, `name`, `type`, `settings`, `sortOrder`, `fieldLayoutId`, `dateCreated`, `dateUpdated`, `uid`) VALUES ('1', 'Images', 'Local', '{\"path\":\"images\\/\",\"url\":\"http:\\/\\/ontherocks.dev\\/images\\/\"}', '1', '110', '2014-09-04 12:32:41', '2014-09-15 08:28:22', '8bc05512-2116-4cf6-b413-9eadc843a646');



--
-- Schema for table `di_assettransformindex`
--

DROP TABLE IF EXISTS `di_assettransformindex`;

CREATE TABLE `di_assettransformindex` (
  `id` int(11) NOT NULL AUTO_INCREMENT,
  `fileId` int(11) NOT NULL,
  `filename` varchar(255) COLLATE utf8_unicode_ci DEFAULT NULL,
  `format` varchar(255) COLLATE utf8_unicode_ci DEFAULT NULL,
  `location` varchar(255) COLLATE utf8_unicode_ci NOT NULL,
  `sourceId` int(11) DEFAULT NULL,
  `fileExists` tinyint(1) DEFAULT NULL,
  `inProgress` tinyint(1) DEFAULT NULL,
  `dateIndexed` datetime DEFAULT NULL,
  `dateCreated` datetime NOT NULL,
  `dateUpdated` datetime NOT NULL,
  `uid` char(36) COLLATE utf8_unicode_ci NOT NULL DEFAULT '0',
  PRIMARY KEY (`id`),
  KEY `di_assettransformindex_sourceId_fileId_location_idx` (`sourceId`,`fileId`,`location`)
) ENGINE=InnoDB AUTO_INCREMENT=93 DEFAULT CHARSET=utf8 COLLATE=utf8_unicode_ci;

--
-- Data for table `di_assettransformindex`
--

INSERT INTO `di_assettransformindex` (`id`, `fileId`, `filename`, `format`, `location`, `sourceId`, `fileExists`, `inProgress`, `dateIndexed`, `dateCreated`, `dateUpdated`, `uid`) VALUES ('3', '5', '36522-Tabby-kitten-white-background.jpg', NULL, '_article', '1', '1', '0', '2014-09-05 12:01:38', '2014-09-05 12:01:38', '2014-09-05 12:01:39', '666b994d-c3e8-4599-b592-0febbd3c08fd');
INSERT INTO `di_assettransformindex` (`id`, `fileId`, `filename`, `format`, `location`, `sourceId`, `fileExists`, `inProgress`, `dateIndexed`, `dateCreated`, `dateUpdated`, `uid`) VALUES ('5', '5', '36522-Tabby-kitten-white-background.jpg', NULL, '_thumbHalf', '1', '1', '0', '2014-09-05 12:48:55', '2014-09-05 12:48:55', '2014-09-05 12:48:55', 'aa1aa72f-78f1-43a0-9e8e-6f716635beb5');
INSERT INTO `di_assettransformindex` (`id`, `fileId`, `filename`, `format`, `location`, `sourceId`, `fileExists`, `inProgress`, `dateIndexed`, `dateCreated`, `dateUpdated`, `uid`) VALUES ('6', '5', '36522-Tabby-kitten-white-background.jpg', NULL, '_thumbHalf2x', '1', '1', '0', '2014-09-05 12:48:55', '2014-09-05 12:48:55', '2014-09-05 12:48:56', '5662f286-892b-4ac9-8d37-08fbdcbc9c1d');
INSERT INTO `di_assettransformindex` (`id`, `fileId`, `filename`, `format`, `location`, `sourceId`, `fileExists`, `inProgress`, `dateIndexed`, `dateCreated`, `dateUpdated`, `uid`) VALUES ('7', '5', '36522-Tabby-kitten-white-background.jpg', NULL, '_posterDesktop', '1', '1', '0', '2014-09-05 13:41:26', '2014-09-05 13:41:26', '2014-09-05 13:41:27', '15c91bf6-3433-4254-9ee0-d28183b7bf3b');
INSERT INTO `di_assettransformindex` (`id`, `fileId`, `filename`, `format`, `location`, `sourceId`, `fileExists`, `inProgress`, `dateIndexed`, `dateCreated`, `dateUpdated`, `uid`) VALUES ('9', '18', 'forest-hills-hut-2745.jpg', NULL, '_thumbHalf', '1', '1', '0', '2014-09-08 08:55:53', '2014-09-08 08:55:53', '2014-09-08 08:55:54', '462cbb6c-662f-43c1-9598-930fcceecf8b');
INSERT INTO `di_assettransformindex` (`id`, `fileId`, `filename`, `format`, `location`, `sourceId`, `fileExists`, `inProgress`, `dateIndexed`, `dateCreated`, `dateUpdated`, `uid`) VALUES ('10', '18', 'forest-hills-hut-2745.jpg', NULL, '_thumbHalf2x', '1', '1', '0', '2014-09-08 08:55:53', '2014-09-08 08:55:53', '2014-09-08 08:55:54', '02c03016-745b-44d4-a9b0-7bef9ae77523');
INSERT INTO `di_assettransformindex` (`id`, `fileId`, `filename`, `format`, `location`, `sourceId`, `fileExists`, `inProgress`, `dateIndexed`, `dateCreated`, `dateUpdated`, `uid`) VALUES ('11', '21', 'tree.jpg', NULL, '_thumbHalf', '1', '1', '0', '2014-09-08 13:33:03', '2014-09-08 13:33:03', '2014-09-08 13:33:03', '4e8f5b78-64ec-4581-a70f-56d2919f5d84');
INSERT INTO `di_assettransformindex` (`id`, `fileId`, `filename`, `format`, `location`, `sourceId`, `fileExists`, `inProgress`, `dateIndexed`, `dateCreated`, `dateUpdated`, `uid`) VALUES ('12', '21', 'tree.jpg', NULL, '_thumbHalf2x', '1', '1', '0', '2014-09-08 13:33:03', '2014-09-08 13:33:03', '2014-09-08 13:33:03', '769f8b89-98ab-496e-a7ee-c83968965c9c');
INSERT INTO `di_assettransformindex` (`id`, `fileId`, `filename`, `format`, `location`, `sourceId`, `fileExists`, `inProgress`, `dateIndexed`, `dateCreated`, `dateUpdated`, `uid`) VALUES ('13', '18', 'forest-hills-hut-2745.jpg', NULL, '_thumb', '1', '1', '0', '2014-09-08 16:22:30', '2014-09-08 16:22:30', '2014-09-08 16:22:31', '8f53dd6f-3ac4-404d-853d-b8cc7258434f');
INSERT INTO `di_assettransformindex` (`id`, `fileId`, `filename`, `format`, `location`, `sourceId`, `fileExists`, `inProgress`, `dateIndexed`, `dateCreated`, `dateUpdated`, `uid`) VALUES ('14', '18', 'forest-hills-hut-2745.jpg', NULL, '_thumb2x', '1', '1', '0', '2014-09-08 16:22:30', '2014-09-08 16:22:30', '2014-09-08 16:22:31', 'ff98f080-2ee1-403e-a9a0-d6f169d98093');
INSERT INTO `di_assettransformindex` (`id`, `fileId`, `filename`, `format`, `location`, `sourceId`, `fileExists`, `inProgress`, `dateIndexed`, `dateCreated`, `dateUpdated`, `uid`) VALUES ('15', '5', '36522-Tabby-kitten-white-background.jpg', NULL, '_article2x', '1', '1', '0', '2014-09-09 13:59:04', '2014-09-09 13:59:04', '2014-09-09 13:59:04', '9eb4269e-e847-40f1-9b09-94cdb7254e4a');
INSERT INTO `di_assettransformindex` (`id`, `fileId`, `filename`, `format`, `location`, `sourceId`, `fileExists`, `inProgress`, `dateIndexed`, `dateCreated`, `dateUpdated`, `uid`) VALUES ('16', '18', 'forest-hills-hut-2745.jpg', NULL, '_posterDesktop', '1', '1', '0', '2014-09-09 14:00:02', '2014-09-09 14:00:02', '2014-09-09 14:00:02', '1ce80845-028f-4cec-89d0-7218f3d3a9e1');
INSERT INTO `di_assettransformindex` (`id`, `fileId`, `filename`, `format`, `location`, `sourceId`, `fileExists`, `inProgress`, `dateIndexed`, `dateCreated`, `dateUpdated`, `uid`) VALUES ('18', '18', 'forest-hills-hut-2745.jpg', NULL, '_posterMobile', '1', '1', '0', '2014-09-09 14:00:02', '2014-09-09 14:00:02', '2014-09-09 14:00:03', '27af04fe-0b0e-4aea-b951-bb2e0823b4f2');
INSERT INTO `di_assettransformindex` (`id`, `fileId`, `filename`, `format`, `location`, `sourceId`, `fileExists`, `inProgress`, `dateIndexed`, `dateCreated`, `dateUpdated`, `uid`) VALUES ('19', '18', 'forest-hills-hut-2745.jpg', NULL, '_posterMobile2x', '1', '1', '0', '2014-09-09 14:00:02', '2014-09-09 14:00:02', '2014-09-09 14:00:03', '5af5db9a-0692-4fdc-9673-774c0779a9ee');
INSERT INTO `di_assettransformindex` (`id`, `fileId`, `filename`, `format`, `location`, `sourceId`, `fileExists`, `inProgress`, `dateIndexed`, `dateCreated`, `dateUpdated`, `uid`) VALUES ('20', '21', 'tree.jpg', NULL, '_posterDesktop', '1', '1', '0', '2014-09-09 14:03:07', '2014-09-09 14:03:07', '2014-09-09 14:03:07', '7f0ccf03-c41f-40d9-b021-913a0d36a917');
INSERT INTO `di_assettransformindex` (`id`, `fileId`, `filename`, `format`, `location`, `sourceId`, `fileExists`, `inProgress`, `dateIndexed`, `dateCreated`, `dateUpdated`, `uid`) VALUES ('22', '21', 'tree.jpg', NULL, '_posterMobile', '1', '1', '0', '2014-09-09 14:03:07', '2014-09-09 14:03:07', '2014-09-09 14:03:08', 'a548b080-ff10-43cf-bdd6-99949c491537');
INSERT INTO `di_assettransformindex` (`id`, `fileId`, `filename`, `format`, `location`, `sourceId`, `fileExists`, `inProgress`, `dateIndexed`, `dateCreated`, `dateUpdated`, `uid`) VALUES ('23', '21', 'tree.jpg', NULL, '_posterMobile2x', '1', '1', '0', '2014-09-09 14:03:07', '2014-09-09 14:03:07', '2014-09-09 14:03:09', 'dbdd1eb3-b819-4ed2-ad4d-353189130746');
INSERT INTO `di_assettransformindex` (`id`, `fileId`, `filename`, `format`, `location`, `sourceId`, `fileExists`, `inProgress`, `dateIndexed`, `dateCreated`, `dateUpdated`, `uid`) VALUES ('24', '25', 'burkina-faso-landscape.jpg', NULL, '_posterDesktop', '1', '1', '0', '2014-09-10 12:32:11', '2014-09-10 12:32:11', '2014-09-10 12:32:11', '56f9c606-b16b-41af-a482-d91271ba863f');
INSERT INTO `di_assettransformindex` (`id`, `fileId`, `filename`, `format`, `location`, `sourceId`, `fileExists`, `inProgress`, `dateIndexed`, `dateCreated`, `dateUpdated`, `uid`) VALUES ('26', '25', 'burkina-faso-landscape.jpg', NULL, '_posterMobile', '1', '1', '0', '2014-09-10 12:32:11', '2014-09-10 12:32:11', '2014-09-10 12:32:12', 'b1196b26-c783-4e7c-b607-e97a852806e1');
INSERT INTO `di_assettransformindex` (`id`, `fileId`, `filename`, `format`, `location`, `sourceId`, `fileExists`, `inProgress`, `dateIndexed`, `dateCreated`, `dateUpdated`, `uid`) VALUES ('27', '25', 'burkina-faso-landscape.jpg', NULL, '_posterMobile2x', '1', '1', '0', '2014-09-10 12:32:11', '2014-09-10 12:32:11', '2014-09-10 12:32:13', 'ff89760e-9585-4d72-8316-123a66412af9');
INSERT INTO `di_assettransformindex` (`id`, `fileId`, `filename`, `format`, `location`, `sourceId`, `fileExists`, `inProgress`, `dateIndexed`, `dateCreated`, `dateUpdated`, `uid`) VALUES ('28', '25', 'burkina-faso-landscape.jpg', NULL, '_posterDesktop2x', '1', '1', '0', '2014-09-10 12:33:19', '2014-09-10 12:33:19', '2014-09-10 12:33:20', 'ce388482-5dec-4c34-acb7-637465c13588');
INSERT INTO `di_assettransformindex` (`id`, `fileId`, `filename`, `format`, `location`, `sourceId`, `fileExists`, `inProgress`, `dateIndexed`, `dateCreated`, `dateUpdated`, `uid`) VALUES ('29', '18', 'forest-hills-hut-2745.jpg', NULL, '_posterDesktop2x', '1', '1', '0', '2014-09-10 12:38:50', '2014-09-10 12:38:50', '2014-09-10 12:38:51', '1aa8767e-a7f7-4a2d-bc00-043c42f6b445');
INSERT INTO `di_assettransformindex` (`id`, `fileId`, `filename`, `format`, `location`, `sourceId`, `fileExists`, `inProgress`, `dateIndexed`, `dateCreated`, `dateUpdated`, `uid`) VALUES ('30', '21', 'tree.jpg', NULL, '_posterDesktop2x', '1', '1', '0', '2014-09-10 12:42:02', '2014-09-10 12:42:02', '2014-09-10 12:42:03', 'd884143e-7273-417b-99f5-edaedc35f774');
INSERT INTO `di_assettransformindex` (`id`, `fileId`, `filename`, `format`, `location`, `sourceId`, `fileExists`, `inProgress`, `dateIndexed`, `dateCreated`, `dateUpdated`, `uid`) VALUES ('31', '5', '36522-Tabby-kitten-white-background.jpg', NULL, '_posterDesktop2x', '1', '1', '0', '2014-09-10 13:07:16', '2014-09-10 13:07:16', '2014-09-10 13:07:17', '5d11aa44-912c-444e-bd65-0a11c8e123fe');
INSERT INTO `di_assettransformindex` (`id`, `fileId`, `filename`, `format`, `location`, `sourceId`, `fileExists`, `inProgress`, `dateIndexed`, `dateCreated`, `dateUpdated`, `uid`) VALUES ('32', '5', '36522-Tabby-kitten-white-background.jpg', NULL, '_posterMobile', '1', '1', '0', '2014-09-10 13:07:16', '2014-09-10 13:07:16', '2014-09-10 13:07:17', '6c91ca27-ea2d-40d8-b601-eadd51864b79');
INSERT INTO `di_assettransformindex` (`id`, `fileId`, `filename`, `format`, `location`, `sourceId`, `fileExists`, `inProgress`, `dateIndexed`, `dateCreated`, `dateUpdated`, `uid`) VALUES ('33', '5', '36522-Tabby-kitten-white-background.jpg', NULL, '_posterMobile2x', '1', '1', '0', '2014-09-10 13:07:16', '2014-09-10 13:07:16', '2014-09-10 13:07:17', '988edb18-4a8a-4f5a-8968-bf17cb8497a5');
INSERT INTO `di_assettransformindex` (`id`, `fileId`, `filename`, `format`, `location`, `sourceId`, `fileExists`, `inProgress`, `dateIndexed`, `dateCreated`, `dateUpdated`, `uid`) VALUES ('34', '28', 'church.jpg', NULL, '_posterDesktop', '1', '1', '0', '2014-09-15 08:25:46', '2014-09-15 08:25:46', '2014-09-15 08:25:46', '066b5f7d-f84e-4407-9571-14bab3cc63ac');
INSERT INTO `di_assettransformindex` (`id`, `fileId`, `filename`, `format`, `location`, `sourceId`, `fileExists`, `inProgress`, `dateIndexed`, `dateCreated`, `dateUpdated`, `uid`) VALUES ('35', '28', 'church.jpg', NULL, '_posterDesktop2x', '1', '1', '0', '2014-09-15 08:25:46', '2014-09-15 08:25:46', '2014-09-15 08:25:47', 'ed83ea2c-6602-400e-883b-3216b5387646');
INSERT INTO `di_assettransformindex` (`id`, `fileId`, `filename`, `format`, `location`, `sourceId`, `fileExists`, `inProgress`, `dateIndexed`, `dateCreated`, `dateUpdated`, `uid`) VALUES ('36', '28', 'church.jpg', NULL, '_posterMobile', '1', '1', '0', '2014-09-15 08:25:46', '2014-09-15 08:25:46', '2014-09-15 08:25:47', 'd54cdd1b-aae0-49e8-a709-8df02672d296');
INSERT INTO `di_assettransformindex` (`id`, `fileId`, `filename`, `format`, `location`, `sourceId`, `fileExists`, `inProgress`, `dateIndexed`, `dateCreated`, `dateUpdated`, `uid`) VALUES ('37', '28', 'church.jpg', NULL, '_posterMobile2x', '1', '1', '0', '2014-09-15 08:25:46', '2014-09-15 08:25:46', '2014-09-15 08:25:47', '1f6bb262-8e4b-4e77-b7ac-a49575cafedc');
INSERT INTO `di_assettransformindex` (`id`, `fileId`, `filename`, `format`, `location`, `sourceId`, `fileExists`, `inProgress`, `dateIndexed`, `dateCreated`, `dateUpdated`, `uid`) VALUES ('38', '5', '36522-Tabby-kitten-white-background.jpg', NULL, '_thumb', '1', '1', '0', '2014-09-15 14:21:15', '2014-09-15 14:21:15', '2014-09-15 14:21:16', '17ea1662-03ae-4b68-ad85-80b7cdf74739');
INSERT INTO `di_assettransformindex` (`id`, `fileId`, `filename`, `format`, `location`, `sourceId`, `fileExists`, `inProgress`, `dateIndexed`, `dateCreated`, `dateUpdated`, `uid`) VALUES ('39', '5', '36522-Tabby-kitten-white-background.jpg', NULL, '_thumb2x', '1', '1', '0', '2014-09-15 14:21:15', '2014-09-15 14:21:15', '2014-09-15 14:21:16', 'b19a86dd-50fd-49dd-95c7-31ee4bef36b3');
INSERT INTO `di_assettransformindex` (`id`, `fileId`, `filename`, `format`, `location`, `sourceId`, `fileExists`, `inProgress`, `dateIndexed`, `dateCreated`, `dateUpdated`, `uid`) VALUES ('40', '25', 'burkina-faso-landscape.jpg', NULL, '_thumbHalf', '1', '1', '0', '2014-09-16 11:17:30', '2014-09-16 11:17:30', '2014-09-16 11:17:31', '66a90a17-8837-4672-9b5f-7ed432138ebe');
INSERT INTO `di_assettransformindex` (`id`, `fileId`, `filename`, `format`, `location`, `sourceId`, `fileExists`, `inProgress`, `dateIndexed`, `dateCreated`, `dateUpdated`, `uid`) VALUES ('41', '25', 'burkina-faso-landscape.jpg', NULL, '_thumbHalf2x', '1', '1', '0', '2014-09-16 11:17:30', '2014-09-16 11:17:30', '2014-09-16 11:17:31', 'c3ac2cb0-655b-4447-bd05-d908bf3336e2');
INSERT INTO `di_assettransformindex` (`id`, `fileId`, `filename`, `format`, `location`, `sourceId`, `fileExists`, `inProgress`, `dateIndexed`, `dateCreated`, `dateUpdated`, `uid`) VALUES ('48', '28', 'church.jpg', NULL, '_thumbHalf', '1', '1', '0', '2014-09-17 11:43:45', '2014-09-17 11:43:45', '2014-09-17 11:43:46', '40486a66-f5cf-4386-a092-a21ee3b27797');
INSERT INTO `di_assettransformindex` (`id`, `fileId`, `filename`, `format`, `location`, `sourceId`, `fileExists`, `inProgress`, `dateIndexed`, `dateCreated`, `dateUpdated`, `uid`) VALUES ('49', '28', 'church.jpg', NULL, '_thumbHalf2x', '1', '1', '0', '2014-09-17 11:43:45', '2014-09-17 11:43:45', '2014-09-17 11:43:46', 'b91adaee-026b-4f64-9eff-f4e6352a333b');
INSERT INTO `di_assettransformindex` (`id`, `fileId`, `filename`, `format`, `location`, `sourceId`, `fileExists`, `inProgress`, `dateIndexed`, `dateCreated`, `dateUpdated`, `uid`) VALUES ('50', '51', 'coffee-beans1.jpg', NULL, '_posterDesktop', '1', '1', '0', '2014-09-17 13:40:25', '2014-09-17 13:40:25', '2014-09-17 13:40:26', '93c76901-d70d-40bf-91da-73af241e00aa');
INSERT INTO `di_assettransformindex` (`id`, `fileId`, `filename`, `format`, `location`, `sourceId`, `fileExists`, `inProgress`, `dateIndexed`, `dateCreated`, `dateUpdated`, `uid`) VALUES ('51', '51', 'coffee-beans1.jpg', NULL, '_posterDesktop2x', '1', '1', '0', '2014-09-17 13:40:25', '2014-09-17 13:40:25', '2014-09-17 13:40:26', 'bc51ea64-b794-4638-8ceb-390432230502');
INSERT INTO `di_assettransformindex` (`id`, `fileId`, `filename`, `format`, `location`, `sourceId`, `fileExists`, `inProgress`, `dateIndexed`, `dateCreated`, `dateUpdated`, `uid`) VALUES ('52', '51', 'coffee-beans1.jpg', NULL, '_posterMobile', '1', '1', '0', '2014-09-17 13:40:25', '2014-09-17 13:40:25', '2014-09-17 13:40:27', '6acbe88b-7c28-4eff-8c96-052bdaacef09');
INSERT INTO `di_assettransformindex` (`id`, `fileId`, `filename`, `format`, `location`, `sourceId`, `fileExists`, `inProgress`, `dateIndexed`, `dateCreated`, `dateUpdated`, `uid`) VALUES ('53', '51', 'coffee-beans1.jpg', NULL, '_posterMobile2x', '1', '1', '0', '2014-09-17 13:40:25', '2014-09-17 13:40:25', '2014-09-17 13:40:27', '61a584b7-ce16-4a1c-9c2a-9da6d048a030');
INSERT INTO `di_assettransformindex` (`id`, `fileId`, `filename`, `format`, `location`, `sourceId`, `fileExists`, `inProgress`, `dateIndexed`, `dateCreated`, `dateUpdated`, `uid`) VALUES ('54', '25', 'burkina-faso-landscape.jpg', NULL, '_thumb', '1', '1', '0', '2014-09-17 16:35:54', '2014-09-17 16:35:54', '2014-09-17 16:35:54', 'ac27af8a-5f99-42e5-8d29-48b1a74577fc');
INSERT INTO `di_assettransformindex` (`id`, `fileId`, `filename`, `format`, `location`, `sourceId`, `fileExists`, `inProgress`, `dateIndexed`, `dateCreated`, `dateUpdated`, `uid`) VALUES ('55', '25', 'burkina-faso-landscape.jpg', NULL, '_article2x', '1', '1', '0', '2014-09-17 16:35:54', '2014-09-17 16:35:54', '2014-09-17 16:35:55', '3de2001e-52eb-428e-b10b-fb9ab18b3410');
INSERT INTO `di_assettransformindex` (`id`, `fileId`, `filename`, `format`, `location`, `sourceId`, `fileExists`, `inProgress`, `dateIndexed`, `dateCreated`, `dateUpdated`, `uid`) VALUES ('56', '51', 'coffee-beans1.jpg', NULL, '_thumb', '1', '1', '0', '2014-09-17 16:35:54', '2014-09-17 16:35:54', '2014-09-17 16:35:55', '82e8e497-d589-4513-ba39-7c2bed466697');
INSERT INTO `di_assettransformindex` (`id`, `fileId`, `filename`, `format`, `location`, `sourceId`, `fileExists`, `inProgress`, `dateIndexed`, `dateCreated`, `dateUpdated`, `uid`) VALUES ('57', '51', 'coffee-beans1.jpg', NULL, '_article2x', '1', '1', '0', '2014-09-17 16:35:54', '2014-09-17 16:35:54', '2014-09-17 16:35:55', '1ca370a1-30ff-4e3a-a28d-86921b32aa71');
INSERT INTO `di_assettransformindex` (`id`, `fileId`, `filename`, `format`, `location`, `sourceId`, `fileExists`, `inProgress`, `dateIndexed`, `dateCreated`, `dateUpdated`, `uid`) VALUES ('58', '18', 'forest-hills-hut-2745.jpg', NULL, '_article2x', '1', '1', '0', '2014-09-17 16:35:54', '2014-09-17 16:35:54', '2014-09-17 16:35:56', '43c8b844-3d8a-4dd3-b11a-02b05a2d72e3');
INSERT INTO `di_assettransformindex` (`id`, `fileId`, `filename`, `format`, `location`, `sourceId`, `fileExists`, `inProgress`, `dateIndexed`, `dateCreated`, `dateUpdated`, `uid`) VALUES ('59', '21', 'tree.jpg', NULL, '_thumb', '1', '1', '0', '2014-09-17 16:35:54', '2014-09-17 16:35:54', '2014-09-17 16:35:55', 'bffe18f4-c095-491b-a96a-20597d2b0201');
INSERT INTO `di_assettransformindex` (`id`, `fileId`, `filename`, `format`, `location`, `sourceId`, `fileExists`, `inProgress`, `dateIndexed`, `dateCreated`, `dateUpdated`, `uid`) VALUES ('60', '21', 'tree.jpg', NULL, '_article2x', '1', '1', '0', '2014-09-17 16:35:54', '2014-09-17 16:35:54', '2014-09-17 16:35:56', '7fa0b8d1-c926-4d59-8491-8b86ca17a32b');
INSERT INTO `di_assettransformindex` (`id`, `fileId`, `filename`, `format`, `location`, `sourceId`, `fileExists`, `inProgress`, `dateIndexed`, `dateCreated`, `dateUpdated`, `uid`) VALUES ('61', '59', 'african-girl-sad.jpg', NULL, '_posterDesktop', '1', '1', '0', '2014-09-18 08:42:04', '2014-09-18 08:42:04', '2014-09-18 08:42:05', '98b398c0-1eb7-4865-b951-c9f51bdd90ba');
INSERT INTO `di_assettransformindex` (`id`, `fileId`, `filename`, `format`, `location`, `sourceId`, `fileExists`, `inProgress`, `dateIndexed`, `dateCreated`, `dateUpdated`, `uid`) VALUES ('62', '59', 'african-girl-sad.jpg', NULL, '_posterDesktop2x', '1', '1', '0', '2014-09-18 08:42:04', '2014-09-18 08:42:04', '2014-09-18 08:42:05', '96edabba-f528-43e2-ade1-800cf5cf0b13');
INSERT INTO `di_assettransformindex` (`id`, `fileId`, `filename`, `format`, `location`, `sourceId`, `fileExists`, `inProgress`, `dateIndexed`, `dateCreated`, `dateUpdated`, `uid`) VALUES ('63', '59', 'african-girl-sad.jpg', NULL, '_posterMobile', '1', '1', '0', '2014-09-18 08:42:04', '2014-09-18 08:42:04', '2014-09-18 08:42:05', '8fb3ccac-e2d0-4de8-ba74-2daff79292ad');
INSERT INTO `di_assettransformindex` (`id`, `fileId`, `filename`, `format`, `location`, `sourceId`, `fileExists`, `inProgress`, `dateIndexed`, `dateCreated`, `dateUpdated`, `uid`) VALUES ('64', '59', 'african-girl-sad.jpg', NULL, '_posterMobile2x', '1', '1', '0', '2014-09-18 08:42:04', '2014-09-18 08:42:04', '2014-09-18 08:42:05', '9b6a2d0e-ba76-4a86-82e8-982eba4df703');
INSERT INTO `di_assettransformindex` (`id`, `fileId`, `filename`, `format`, `location`, `sourceId`, `fileExists`, `inProgress`, `dateIndexed`, `dateCreated`, `dateUpdated`, `uid`) VALUES ('65', '59', 'african-girl-sad.jpg', NULL, '_article', '1', '1', '0', '2014-09-18 08:43:04', '2014-09-18 08:43:04', '2014-09-18 08:43:05', 'c6edbee9-f5c9-4e28-b2fa-93adf4b38891');
INSERT INTO `di_assettransformindex` (`id`, `fileId`, `filename`, `format`, `location`, `sourceId`, `fileExists`, `inProgress`, `dateIndexed`, `dateCreated`, `dateUpdated`, `uid`) VALUES ('66', '59', 'african-girl-sad.jpg', NULL, '_article2x', '1', '1', '0', '2014-09-18 08:43:04', '2014-09-18 08:43:04', '2014-09-18 08:43:05', '9bd3c5bc-8e4d-499b-8772-1f68837bc075');
INSERT INTO `di_assettransformindex` (`id`, `fileId`, `filename`, `format`, `location`, `sourceId`, `fileExists`, `inProgress`, `dateIndexed`, `dateCreated`, `dateUpdated`, `uid`) VALUES ('67', '61', 'dropinn.png', NULL, '_posterDesktop', '1', '1', '0', '2014-09-18 13:12:24', '2014-09-18 13:12:24', '2014-09-18 13:12:25', 'd61507e2-4363-445b-9ede-960b493d34fc');
INSERT INTO `di_assettransformindex` (`id`, `fileId`, `filename`, `format`, `location`, `sourceId`, `fileExists`, `inProgress`, `dateIndexed`, `dateCreated`, `dateUpdated`, `uid`) VALUES ('68', '61', 'dropinn.png', NULL, '_posterDesktop2x', '1', '1', '0', '2014-09-18 13:12:24', '2014-09-18 13:12:24', '2014-09-18 13:12:25', 'd000a7b7-0bbb-4665-8e49-cd2365212b4a');
INSERT INTO `di_assettransformindex` (`id`, `fileId`, `filename`, `format`, `location`, `sourceId`, `fileExists`, `inProgress`, `dateIndexed`, `dateCreated`, `dateUpdated`, `uid`) VALUES ('69', '61', 'dropinn.png', NULL, '_posterMobile', '1', '1', '0', '2014-09-18 13:12:24', '2014-09-18 13:12:24', '2014-09-18 13:12:26', '75a7dc52-fb5a-4871-a95e-5bfb27c72b25');
INSERT INTO `di_assettransformindex` (`id`, `fileId`, `filename`, `format`, `location`, `sourceId`, `fileExists`, `inProgress`, `dateIndexed`, `dateCreated`, `dateUpdated`, `uid`) VALUES ('70', '61', 'dropinn.png', NULL, '_posterMobile2x', '1', '1', '0', '2014-09-18 13:12:24', '2014-09-18 13:12:24', '2014-09-18 13:12:27', '3c28f2ce-24c3-4412-befc-9a05a70f5934');
INSERT INTO `di_assettransformindex` (`id`, `fileId`, `filename`, `format`, `location`, `sourceId`, `fileExists`, `inProgress`, `dateIndexed`, `dateCreated`, `dateUpdated`, `uid`) VALUES ('71', '71', 'church-pridevhumility.png', NULL, '_thumbHalf', '1', '1', '0', '2014-09-18 13:50:55', '2014-09-18 13:50:55', '2014-09-18 13:50:56', '50d5dda1-f3b1-4ef5-b50b-da4bee58fb73');
INSERT INTO `di_assettransformindex` (`id`, `fileId`, `filename`, `format`, `location`, `sourceId`, `fileExists`, `inProgress`, `dateIndexed`, `dateCreated`, `dateUpdated`, `uid`) VALUES ('74', '65', 'tinhouse.png', NULL, '_thumbHalf', '1', '1', '0', '2014-09-18 14:12:18', '2014-09-18 14:12:18', '2014-09-18 14:12:18', '1ae0b001-873b-46c5-9b1b-99333bdd33f1');
INSERT INTO `di_assettransformindex` (`id`, `fileId`, `filename`, `format`, `location`, `sourceId`, `fileExists`, `inProgress`, `dateIndexed`, `dateCreated`, `dateUpdated`, `uid`) VALUES ('75', '59', 'african-girl-sad.jpg', NULL, '_thumbHalf', '1', '1', '0', '2014-09-18 16:08:28', '2014-09-18 16:08:28', '2014-09-18 16:08:29', 'b0fbfc13-ec45-4baa-8201-988bf687e06b');
INSERT INTO `di_assettransformindex` (`id`, `fileId`, `filename`, `format`, `location`, `sourceId`, `fileExists`, `inProgress`, `dateIndexed`, `dateCreated`, `dateUpdated`, `uid`) VALUES ('76', '59', 'african-girl-sad.jpg', NULL, '_thumbHalf2x', '1', '1', '0', '2014-09-18 16:08:28', '2014-09-18 16:08:28', '2014-09-18 16:08:29', 'ae3644ed-2357-4192-b52f-3f6cd716ea4e');
INSERT INTO `di_assettransformindex` (`id`, `fileId`, `filename`, `format`, `location`, `sourceId`, `fileExists`, `inProgress`, `dateIndexed`, `dateCreated`, `dateUpdated`, `uid`) VALUES ('79', '61', 'dropinn.png', NULL, '_thumbHalf', '1', '1', '0', '2014-09-19 11:40:50', '2014-09-19 11:40:50', '2014-09-19 11:40:50', '36196a12-c048-4a2a-bef1-a853f889616a');
INSERT INTO `di_assettransformindex` (`id`, `fileId`, `filename`, `format`, `location`, `sourceId`, `fileExists`, `inProgress`, `dateIndexed`, `dateCreated`, `dateUpdated`, `uid`) VALUES ('80', '51', 'coffee-beans1.jpg', NULL, '_thumbHalf', '1', '1', '0', '2014-09-19 11:41:51', '2014-09-19 11:41:51', '2014-09-19 11:41:52', 'b0a3a623-dcbd-4701-845e-38286855c94f');
INSERT INTO `di_assettransformindex` (`id`, `fileId`, `filename`, `format`, `location`, `sourceId`, `fileExists`, `inProgress`, `dateIndexed`, `dateCreated`, `dateUpdated`, `uid`) VALUES ('81', '51', 'coffee-beans1.jpg', NULL, '_thumbHalf2x', '1', '1', '0', '2014-09-19 11:41:51', '2014-09-19 11:41:51', '2014-09-19 11:41:52', 'ea8e15b5-dca1-4d4e-a2f4-82f0b0e4fb4a');
INSERT INTO `di_assettransformindex` (`id`, `fileId`, `filename`, `format`, `location`, `sourceId`, `fileExists`, `inProgress`, `dateIndexed`, `dateCreated`, `dateUpdated`, `uid`) VALUES ('82', '51', 'coffee-beans1.jpg', NULL, '_article', '1', '1', '0', '2014-09-19 11:41:56', '2014-09-19 11:41:56', '2014-09-19 11:41:56', 'd6ebc15c-0b19-444e-a435-b69ec2fea53b');
INSERT INTO `di_assettransformindex` (`id`, `fileId`, `filename`, `format`, `location`, `sourceId`, `fileExists`, `inProgress`, `dateIndexed`, `dateCreated`, `dateUpdated`, `uid`) VALUES ('83', '60', 'church.png', NULL, '_thumbHalf', '1', '1', '0', '2014-09-23 14:59:45', '2014-09-23 14:59:45', '2014-09-23 14:59:45', 'bf08802a-8a25-4805-9842-ddab1911e942');
INSERT INTO `di_assettransformindex` (`id`, `fileId`, `filename`, `format`, `location`, `sourceId`, `fileExists`, `inProgress`, `dateIndexed`, `dateCreated`, `dateUpdated`, `uid`) VALUES ('84', '111', 'profile-pic.jpg', NULL, '_posterDesktop', '1', '1', '0', '2014-09-24 10:52:06', '2014-09-24 10:52:06', '2014-09-24 10:52:07', '33007d3f-c2f7-4a34-8bf2-f387ef1bedbb');
INSERT INTO `di_assettransformindex` (`id`, `fileId`, `filename`, `format`, `location`, `sourceId`, `fileExists`, `inProgress`, `dateIndexed`, `dateCreated`, `dateUpdated`, `uid`) VALUES ('85', '111', 'profile-pic.jpg', NULL, '_posterDesktop2x', '1', '1', '0', '2014-09-24 10:52:06', '2014-09-24 10:52:06', '2014-09-24 10:52:07', 'f19bc490-a182-4a7d-9338-ce020a4545f4');
INSERT INTO `di_assettransformindex` (`id`, `fileId`, `filename`, `format`, `location`, `sourceId`, `fileExists`, `inProgress`, `dateIndexed`, `dateCreated`, `dateUpdated`, `uid`) VALUES ('86', '111', 'profile-pic.jpg', NULL, '_thumbHalf', '1', '1', '0', '2014-09-24 10:52:26', '2014-09-24 10:52:26', '2014-09-24 10:52:27', '5b8fb7bd-a424-45f3-a9e4-03de143650c9');
INSERT INTO `di_assettransformindex` (`id`, `fileId`, `filename`, `format`, `location`, `sourceId`, `fileExists`, `inProgress`, `dateIndexed`, `dateCreated`, `dateUpdated`, `uid`) VALUES ('87', '111', 'profile-pic.jpg', NULL, '_thumbHalf2x', '1', '1', '0', '2014-09-24 10:52:26', '2014-09-24 10:52:26', '2014-09-24 10:52:27', 'cc275257-d7bb-4def-998e-f3a9c4ea2912');
INSERT INTO `di_assettransformindex` (`id`, `fileId`, `filename`, `format`, `location`, `sourceId`, `fileExists`, `inProgress`, `dateIndexed`, `dateCreated`, `dateUpdated`, `uid`) VALUES ('88', '65', 'tinhouse.png', NULL, '_thumbHalf2x', '1', '1', '0', '2014-09-24 14:00:36', '2014-09-24 14:00:36', '2014-09-24 14:00:37', '4cc118d0-7dc8-4a6a-85b9-34ff75aeeb61');
INSERT INTO `di_assettransformindex` (`id`, `fileId`, `filename`, `format`, `location`, `sourceId`, `fileExists`, `inProgress`, `dateIndexed`, `dateCreated`, `dateUpdated`, `uid`) VALUES ('89', '25', 'burkina-faso-landscape.jpg', NULL, '_thumb2x', '1', '1', '0', '2014-09-24 16:18:03', '2014-09-24 16:18:03', '2014-09-24 16:18:04', '6c45ce8b-616f-4b16-967e-30119b6c6d36');
INSERT INTO `di_assettransformindex` (`id`, `fileId`, `filename`, `format`, `location`, `sourceId`, `fileExists`, `inProgress`, `dateIndexed`, `dateCreated`, `dateUpdated`, `uid`) VALUES ('90', '51', 'coffee-beans1.jpg', NULL, '_thumb2x', '1', '1', '0', '2014-09-24 16:18:03', '2014-09-24 16:18:03', '2014-09-24 16:18:05', '7acba350-41ef-4168-be55-3b703679e27e');
INSERT INTO `di_assettransformindex` (`id`, `fileId`, `filename`, `format`, `location`, `sourceId`, `fileExists`, `inProgress`, `dateIndexed`, `dateCreated`, `dateUpdated`, `uid`) VALUES ('91', '21', 'tree.jpg', NULL, '_thumb2x', '1', '1', '0', '2014-09-24 16:18:03', '2014-09-24 16:18:03', '2014-09-24 16:18:05', '7dc26943-dcb4-4b14-b327-1ce00f24e2a1');
INSERT INTO `di_assettransformindex` (`id`, `fileId`, `filename`, `format`, `location`, `sourceId`, `fileExists`, `inProgress`, `dateIndexed`, `dateCreated`, `dateUpdated`, `uid`) VALUES ('92', '61', 'dropinn.png', NULL, '_thumbHalf2x', '1', '1', '0', '2014-09-25 12:43:53', '2014-09-25 12:43:53', '2014-09-25 12:43:54', '7ae02d91-e737-4a11-894b-69475b9a327e');



--
-- Schema for table `di_assettransforms`
--

DROP TABLE IF EXISTS `di_assettransforms`;

CREATE TABLE `di_assettransforms` (
  `id` int(11) NOT NULL AUTO_INCREMENT,
  `name` varchar(255) COLLATE utf8_unicode_ci NOT NULL,
  `handle` varchar(255) COLLATE utf8_unicode_ci NOT NULL,
  `mode` enum('stretch','fit','crop') COLLATE utf8_unicode_ci NOT NULL DEFAULT 'crop',
  `position` enum('top-left','top-center','top-right','center-left','center-center','center-right','bottom-left','bottom-center','bottom-right') COLLATE utf8_unicode_ci NOT NULL DEFAULT 'center-center',
  `height` int(10) DEFAULT NULL,
  `width` int(10) DEFAULT NULL,
  `format` varchar(255) COLLATE utf8_unicode_ci DEFAULT NULL,
  `quality` int(10) DEFAULT NULL,
  `dimensionChangeTime` datetime DEFAULT NULL,
  `dateCreated` datetime NOT NULL,
  `dateUpdated` datetime NOT NULL,
  `uid` char(36) COLLATE utf8_unicode_ci NOT NULL DEFAULT '0',
  PRIMARY KEY (`id`),
  UNIQUE KEY `di_assettransforms_name_unq_idx` (`name`),
  UNIQUE KEY `di_assettransforms_handle_unq_idx` (`handle`)
) ENGINE=InnoDB AUTO_INCREMENT=11 DEFAULT CHARSET=utf8 COLLATE=utf8_unicode_ci;

--
-- Data for table `di_assettransforms`
--

INSERT INTO `di_assettransforms` (`id`, `name`, `handle`, `mode`, `position`, `height`, `width`, `format`, `quality`, `dimensionChangeTime`, `dateCreated`, `dateUpdated`, `uid`) VALUES ('1', 'Thumb Half 2x', 'thumbHalf2x', 'crop', 'center-center', '400', '800', NULL, '60', '2014-09-05 12:48:48', '2014-09-04 13:04:14', '2014-09-05 12:48:48', '5d45fcdf-8fc3-45f7-bf88-0d35bade416c');
INSERT INTO `di_assettransforms` (`id`, `name`, `handle`, `mode`, `position`, `height`, `width`, `format`, `quality`, `dimensionChangeTime`, `dateCreated`, `dateUpdated`, `uid`) VALUES ('2', 'Thumb Half', 'thumbHalf', 'crop', 'center-center', '200', '400', NULL, '60', '2014-09-05 12:48:39', '2014-09-04 13:06:08', '2014-09-05 12:48:39', '0f826ca1-c1ee-43cc-b988-9b462bbdbdc6');
INSERT INTO `di_assettransforms` (`id`, `name`, `handle`, `mode`, `position`, `height`, `width`, `format`, `quality`, `dimensionChangeTime`, `dateCreated`, `dateUpdated`, `uid`) VALUES ('3', 'Poster Desktop 2x', 'posterDesktop2x', 'fit', 'center-center', '1400', '2400', NULL, '90', '2014-09-10 12:33:05', '2014-09-05 11:56:11', '2014-09-10 12:33:05', 'fd8c1a75-b2bc-4313-9086-c4219c3db8c2');
INSERT INTO `di_assettransforms` (`id`, `name`, `handle`, `mode`, `position`, `height`, `width`, `format`, `quality`, `dimensionChangeTime`, `dateCreated`, `dateUpdated`, `uid`) VALUES ('4', 'Poster Desktop', 'posterDesktop', 'fit', 'center-center', '700', '1200', NULL, '60', '2014-09-05 13:20:26', '2014-09-05 11:56:33', '2014-09-05 13:20:26', 'b2343304-f00f-4876-9ced-decb1a044c29');
INSERT INTO `di_assettransforms` (`id`, `name`, `handle`, `mode`, `position`, `height`, `width`, `format`, `quality`, `dimensionChangeTime`, `dateCreated`, `dateUpdated`, `uid`) VALUES ('5', 'Poster Mobile 2x', 'posterMobile2x', 'crop', 'center-center', '700', '700', NULL, NULL, '2014-09-09 13:57:48', '2014-09-05 11:58:40', '2014-09-09 13:57:48', '9fc2ed6b-7f18-4a0b-8238-5f9ae81f7f2c');
INSERT INTO `di_assettransforms` (`id`, `name`, `handle`, `mode`, `position`, `height`, `width`, `format`, `quality`, `dimensionChangeTime`, `dateCreated`, `dateUpdated`, `uid`) VALUES ('6', 'Poster Mobile', 'posterMobile', 'crop', 'center-center', '400', '400', NULL, '60', '2014-09-09 13:57:42', '2014-09-05 11:59:39', '2014-09-09 13:58:22', '780cded4-014d-4b30-9fa7-27a96e00cb35');
INSERT INTO `di_assettransforms` (`id`, `name`, `handle`, `mode`, `position`, `height`, `width`, `format`, `quality`, `dimensionChangeTime`, `dateCreated`, `dateUpdated`, `uid`) VALUES ('7', 'Article', 'article', 'fit', 'center-center', NULL, '800', NULL, NULL, '2014-09-05 12:00:10', '2014-09-05 12:00:10', '2014-09-09 13:58:45', '715951b4-acd2-4124-9ccd-2bec2af99607');
INSERT INTO `di_assettransforms` (`id`, `name`, `handle`, `mode`, `position`, `height`, `width`, `format`, `quality`, `dimensionChangeTime`, `dateCreated`, `dateUpdated`, `uid`) VALUES ('8', 'Article 2x', 'article2x', 'fit', 'center-center', NULL, '1600', NULL, NULL, '2014-09-09 13:58:50', '2014-09-05 12:00:31', '2014-09-09 13:58:50', 'f601fa55-e45e-46f9-9408-c6aa427516c2');
INSERT INTO `di_assettransforms` (`id`, `name`, `handle`, `mode`, `position`, `height`, `width`, `format`, `quality`, `dimensionChangeTime`, `dateCreated`, `dateUpdated`, `uid`) VALUES ('9', 'Thumb 2x', 'thumb2x', 'crop', 'center-center', '800', '800', NULL, '60', '2014-09-08 16:21:26', '2014-09-08 16:21:26', '2014-09-08 16:21:26', '3048e8b2-505c-4fef-b7df-19f77f539413');
INSERT INTO `di_assettransforms` (`id`, `name`, `handle`, `mode`, `position`, `height`, `width`, `format`, `quality`, `dimensionChangeTime`, `dateCreated`, `dateUpdated`, `uid`) VALUES ('10', 'Thumb', 'thumb', 'crop', 'center-center', '400', '400', NULL, '60', '2014-09-08 16:21:37', '2014-09-08 16:21:37', '2014-09-08 16:21:37', '94455eb0-b10c-4010-a19f-e87064a0f8ae');



--
-- Schema for table `di_categories`
--

DROP TABLE IF EXISTS `di_categories`;

CREATE TABLE `di_categories` (
  `id` int(11) NOT NULL,
  `groupId` int(11) NOT NULL,
  `dateCreated` datetime NOT NULL,
  `dateUpdated` datetime NOT NULL,
  `uid` char(36) COLLATE utf8_unicode_ci NOT NULL DEFAULT '0',
  PRIMARY KEY (`id`),
  KEY `di_categories_groupId_fk` (`groupId`)
) ENGINE=InnoDB DEFAULT CHARSET=utf8 COLLATE=utf8_unicode_ci;

--
-- Schema for table `di_categorygroups`
--

DROP TABLE IF EXISTS `di_categorygroups`;

CREATE TABLE `di_categorygroups` (
  `id` int(11) NOT NULL AUTO_INCREMENT,
  `structureId` int(11) NOT NULL,
  `fieldLayoutId` int(11) DEFAULT NULL,
  `name` varchar(255) COLLATE utf8_unicode_ci NOT NULL,
  `handle` varchar(255) COLLATE utf8_unicode_ci NOT NULL,
  `hasUrls` tinyint(1) unsigned NOT NULL DEFAULT '1',
  `template` varchar(500) COLLATE utf8_unicode_ci DEFAULT NULL,
  `dateCreated` datetime NOT NULL,
  `dateUpdated` datetime NOT NULL,
  `uid` char(36) COLLATE utf8_unicode_ci NOT NULL DEFAULT '0',
  PRIMARY KEY (`id`),
  UNIQUE KEY `di_categorygroups_name_unq_idx` (`name`),
  UNIQUE KEY `di_categorygroups_handle_unq_idx` (`handle`),
  KEY `di_categorygroups_structureId_fk` (`structureId`),
  KEY `di_categorygroups_fieldLayoutId_fk` (`fieldLayoutId`)
) ENGINE=InnoDB DEFAULT CHARSET=utf8 COLLATE=utf8_unicode_ci;

--
-- Schema for table `di_categorygroups_i18n`
--

DROP TABLE IF EXISTS `di_categorygroups_i18n`;

CREATE TABLE `di_categorygroups_i18n` (
  `id` int(11) NOT NULL AUTO_INCREMENT,
  `groupId` int(11) NOT NULL,
  `locale` char(12) COLLATE utf8_unicode_ci NOT NULL,
  `urlFormat` varchar(255) COLLATE utf8_unicode_ci DEFAULT NULL,
  `nestedUrlFormat` varchar(255) COLLATE utf8_unicode_ci DEFAULT NULL,
  `dateCreated` datetime NOT NULL,
  `dateUpdated` datetime NOT NULL,
  `uid` char(36) COLLATE utf8_unicode_ci NOT NULL DEFAULT '0',
  PRIMARY KEY (`id`),
  UNIQUE KEY `di_categorygroups_i18n_groupId_locale_unq_idx` (`groupId`,`locale`),
  KEY `di_categorygroups_i18n_locale_fk` (`locale`)
) ENGINE=InnoDB DEFAULT CHARSET=utf8 COLLATE=utf8_unicode_ci;

--
-- Schema for table `di_content`
--

DROP TABLE IF EXISTS `di_content`;

CREATE TABLE `di_content` (
  `id` int(11) NOT NULL AUTO_INCREMENT,
  `elementId` int(11) NOT NULL,
  `locale` char(12) COLLATE utf8_unicode_ci NOT NULL,
  `title` varchar(255) COLLATE utf8_unicode_ci DEFAULT NULL,
  `field_heading` text COLLATE utf8_unicode_ci,
  `field_brief` text COLLATE utf8_unicode_ci,
  `field_leadImageFormat` varchar(255) COLLATE utf8_unicode_ci DEFAULT 'poster',
  `field_subheading` text COLLATE utf8_unicode_ci,
  `field_leadImageLink` text COLLATE utf8_unicode_ci,
  `field_keepBrief` text COLLATE utf8_unicode_ci,
  `field_theme` varchar(255) COLLATE utf8_unicode_ci DEFAULT '_layout',
  `field_startDate` datetime DEFAULT NULL,
  `field_endDate` datetime DEFAULT NULL,
  `field_allDay` text COLLATE utf8_unicode_ci,
  `field_address` text COLLATE utf8_unicode_ci,
  `field_map` text COLLATE utf8_unicode_ci,
  `field_priceTable` text COLLATE utf8_unicode_ci,
  `field_posterColor` varchar(255) COLLATE utf8_unicode_ci DEFAULT 'none',
  `field_pageOptions` text COLLATE utf8_unicode_ci,
  `field_forename` text COLLATE utf8_unicode_ci,
  `field_surname` text COLLATE utf8_unicode_ci,
  `field_namePrefix` text COLLATE utf8_unicode_ci,
  `field_nameSuffix` text COLLATE utf8_unicode_ci,
  `field_infoBox` text COLLATE utf8_unicode_ci,
  `dateCreated` datetime NOT NULL,
  `dateUpdated` datetime NOT NULL,
  `uid` char(36) COLLATE utf8_unicode_ci NOT NULL DEFAULT '0',
  PRIMARY KEY (`id`),
  UNIQUE KEY `di_content_elementId_locale_unq_idx` (`elementId`,`locale`),
  KEY `di_content_title_idx` (`title`),
  KEY `di_content_locale_fk` (`locale`)
) ENGINE=InnoDB AUTO_INCREMENT=74 DEFAULT CHARSET=utf8 COLLATE=utf8_unicode_ci;

--
-- Data for table `di_content`
--

INSERT INTO `di_content` (`id`, `elementId`, `locale`, `title`, `field_heading`, `field_brief`, `field_leadImageFormat`, `field_subheading`, `field_leadImageLink`, `field_keepBrief`, `field_theme`, `field_startDate`, `field_endDate`, `field_allDay`, `field_address`, `field_map`, `field_priceTable`, `field_posterColor`, `field_pageOptions`, `field_forename`, `field_surname`, `field_namePrefix`, `field_nameSuffix`, `field_infoBox`, `dateCreated`, `dateUpdated`, `uid`) VALUES ('1', '1', 'en_gb', NULL, NULL, NULL, NULL, NULL, NULL, NULL, NULL, NULL, NULL, NULL, NULL, NULL, NULL, NULL, NULL, NULL, NULL, NULL, NULL, NULL, '2014-09-04 11:28:58', '2014-09-15 14:43:49', 'e7f28a22-f949-43fa-8633-deac4bd7cbd0');
INSERT INTO `di_content` (`id`, `elementId`, `locale`, `title`, `field_heading`, `field_brief`, `field_leadImageFormat`, `field_subheading`, `field_leadImageLink`, `field_keepBrief`, `field_theme`, `field_startDate`, `field_endDate`, `field_allDay`, `field_address`, `field_map`, `field_priceTable`, `field_posterColor`, `field_pageOptions`, `field_forename`, `field_surname`, `field_namePrefix`, `field_nameSuffix`, `field_infoBox`, `dateCreated`, `dateUpdated`, `uid`) VALUES ('2', '2', 'en_gb', 'Homepage', '', '<p>We believe Christian fellowship is divinely brought about by God for the purpose of displaying and advancing His Kingdom on earth, as Christians love one another and submit to the lordship of Christ, they show a picture of the heavenly realities that are to come.</p>', 'fill', '<p>Bringing hope, help and healing<br />to a hurting world</p>', '', NULL, '_layout', NULL, NULL, NULL, NULL, NULL, NULL, '9c243e', '', NULL, NULL, NULL, NULL, NULL, '2014-09-04 11:28:59', '2014-09-24 08:35:02', 'f5d4e920-ef2c-4da8-bd4a-0f2546ed1012');
INSERT INTO `di_content` (`id`, `elementId`, `locale`, `title`, `field_heading`, `field_brief`, `field_leadImageFormat`, `field_subheading`, `field_leadImageLink`, `field_keepBrief`, `field_theme`, `field_startDate`, `field_endDate`, `field_allDay`, `field_address`, `field_map`, `field_priceTable`, `field_posterColor`, `field_pageOptions`, `field_forename`, `field_surname`, `field_namePrefix`, `field_nameSuffix`, `field_infoBox`, `dateCreated`, `dateUpdated`, `uid`) VALUES ('3', '3', 'en_gb', 'We just installed Craft!', '', '<p>Kaleta and Thomas grow maize, beans, cassava and potatoes on their farm land. Receiving a joint land certificate has given them security and peace of mind. Thomas tells us \"By having the cert, I know the land is ours and I am free from worry for the future.\" Now they own the land, cultivate and provide food for their children.</p>', 'photo', '', NULL, '', '_layout', NULL, NULL, NULL, NULL, NULL, NULL, 'none', '', NULL, NULL, NULL, NULL, NULL, '2014-09-04 11:28:59', '2014-09-25 12:39:55', '0068a531-debf-4e42-bca7-9fd88258c053');
INSERT INTO `di_content` (`id`, `elementId`, `locale`, `title`, `field_heading`, `field_brief`, `field_leadImageFormat`, `field_subheading`, `field_leadImageLink`, `field_keepBrief`, `field_theme`, `field_startDate`, `field_endDate`, `field_allDay`, `field_address`, `field_map`, `field_priceTable`, `field_posterColor`, `field_pageOptions`, `field_forename`, `field_surname`, `field_namePrefix`, `field_nameSuffix`, `field_infoBox`, `dateCreated`, `dateUpdated`, `uid`) VALUES ('5', '5', 'en_gb', '36522-Tabby-kitten-white-background', NULL, NULL, NULL, NULL, NULL, NULL, NULL, NULL, NULL, NULL, NULL, NULL, NULL, NULL, NULL, NULL, NULL, NULL, NULL, NULL, '2014-09-04 13:00:15', '2014-09-17 16:32:18', '74618dde-a455-4f00-8894-56fa473fb177');
INSERT INTO `di_content` (`id`, `elementId`, `locale`, `title`, `field_heading`, `field_brief`, `field_leadImageFormat`, `field_subheading`, `field_leadImageLink`, `field_keepBrief`, `field_theme`, `field_startDate`, `field_endDate`, `field_allDay`, `field_address`, `field_map`, `field_priceTable`, `field_posterColor`, `field_pageOptions`, `field_forename`, `field_surname`, `field_namePrefix`, `field_nameSuffix`, `field_infoBox`, `dateCreated`, `dateUpdated`, `uid`) VALUES ('9', '18', 'en_gb', 'forest-hills-hut-2745', NULL, NULL, NULL, NULL, NULL, NULL, NULL, NULL, NULL, NULL, NULL, NULL, NULL, NULL, NULL, NULL, NULL, NULL, NULL, NULL, '2014-09-08 08:21:12', '2014-09-19 10:31:50', '31afa592-87f5-4485-9973-afefd22d2c0a');
INSERT INTO `di_content` (`id`, `elementId`, `locale`, `title`, `field_heading`, `field_brief`, `field_leadImageFormat`, `field_subheading`, `field_leadImageLink`, `field_keepBrief`, `field_theme`, `field_startDate`, `field_endDate`, `field_allDay`, `field_address`, `field_map`, `field_priceTable`, `field_posterColor`, `field_pageOptions`, `field_forename`, `field_surname`, `field_namePrefix`, `field_nameSuffix`, `field_infoBox`, `dateCreated`, `dateUpdated`, `uid`) VALUES ('13', '21', 'en_gb', 'tree', NULL, NULL, NULL, NULL, NULL, NULL, NULL, NULL, NULL, NULL, NULL, NULL, NULL, NULL, NULL, NULL, NULL, NULL, NULL, NULL, '2014-09-08 10:52:45', '2014-09-19 10:31:54', '8ccf034e-9f47-4215-8371-222fab806d6b');
INSERT INTO `di_content` (`id`, `elementId`, `locale`, `title`, `field_heading`, `field_brief`, `field_leadImageFormat`, `field_subheading`, `field_leadImageLink`, `field_keepBrief`, `field_theme`, `field_startDate`, `field_endDate`, `field_allDay`, `field_address`, `field_map`, `field_priceTable`, `field_posterColor`, `field_pageOptions`, `field_forename`, `field_surname`, `field_namePrefix`, `field_nameSuffix`, `field_infoBox`, `dateCreated`, `dateUpdated`, `uid`) VALUES ('14', '22', 'en_gb', 'Contact', 'Contact', '', 'none', '<p>Drop Inn Ministries, 171 Dobbin Rd,<br />Richhill\nCounty Armagh, UK, BT61 9LW</p>', NULL, NULL, '_layout', NULL, NULL, NULL, NULL, NULL, NULL, '9c243e', NULL, NULL, NULL, NULL, NULL, NULL, '2014-09-08 13:06:50', '2014-09-23 14:22:23', 'c77cb0c7-6f2d-4281-9833-c9604cda5b8b');
INSERT INTO `di_content` (`id`, `elementId`, `locale`, `title`, `field_heading`, `field_brief`, `field_leadImageFormat`, `field_subheading`, `field_leadImageLink`, `field_keepBrief`, `field_theme`, `field_startDate`, `field_endDate`, `field_allDay`, `field_address`, `field_map`, `field_priceTable`, `field_posterColor`, `field_pageOptions`, `field_forename`, `field_surname`, `field_namePrefix`, `field_nameSuffix`, `field_infoBox`, `dateCreated`, `dateUpdated`, `uid`) VALUES ('15', '25', 'en_gb', 'burkina-faso-landscape', NULL, NULL, NULL, NULL, NULL, NULL, NULL, NULL, NULL, NULL, NULL, NULL, NULL, NULL, NULL, NULL, NULL, NULL, NULL, NULL, '2014-09-10 12:32:02', '2014-09-19 10:31:26', 'a0e4a5be-341c-4fd5-a69a-35ac5197bdd7');
INSERT INTO `di_content` (`id`, `elementId`, `locale`, `title`, `field_heading`, `field_brief`, `field_leadImageFormat`, `field_subheading`, `field_leadImageLink`, `field_keepBrief`, `field_theme`, `field_startDate`, `field_endDate`, `field_allDay`, `field_address`, `field_map`, `field_priceTable`, `field_posterColor`, `field_pageOptions`, `field_forename`, `field_surname`, `field_namePrefix`, `field_nameSuffix`, `field_infoBox`, `dateCreated`, `dateUpdated`, `uid`) VALUES ('17', '28', 'en_gb', 'church', NULL, NULL, NULL, NULL, NULL, NULL, NULL, NULL, NULL, NULL, NULL, NULL, NULL, NULL, NULL, NULL, NULL, NULL, NULL, NULL, '2014-09-15 08:25:21', '2014-09-17 16:32:07', '55afeb20-2c88-41ad-a032-343b30964fbb');
INSERT INTO `di_content` (`id`, `elementId`, `locale`, `title`, `field_heading`, `field_brief`, `field_leadImageFormat`, `field_subheading`, `field_leadImageLink`, `field_keepBrief`, `field_theme`, `field_startDate`, `field_endDate`, `field_allDay`, `field_address`, `field_map`, `field_priceTable`, `field_posterColor`, `field_pageOptions`, `field_forename`, `field_surname`, `field_namePrefix`, `field_nameSuffix`, `field_infoBox`, `dateCreated`, `dateUpdated`, `uid`) VALUES ('20', '29', 'en_gb', 'Church', 'Grace Community Church', '', 'fill', '', '', '', '_layout-church', NULL, NULL, NULL, NULL, NULL, NULL, '84A902', '', NULL, NULL, NULL, NULL, NULL, '2014-09-15 09:05:31', '2014-09-25 12:34:10', 'e1222e00-5a16-4b6e-a284-233c15d45e65');
INSERT INTO `di_content` (`id`, `elementId`, `locale`, `title`, `field_heading`, `field_brief`, `field_leadImageFormat`, `field_subheading`, `field_leadImageLink`, `field_keepBrief`, `field_theme`, `field_startDate`, `field_endDate`, `field_allDay`, `field_address`, `field_map`, `field_priceTable`, `field_posterColor`, `field_pageOptions`, `field_forename`, `field_surname`, `field_namePrefix`, `field_nameSuffix`, `field_infoBox`, `dateCreated`, `dateUpdated`, `uid`) VALUES ('35', '51', 'en_gb', 'coffee-beans1', NULL, NULL, NULL, NULL, NULL, NULL, NULL, NULL, NULL, NULL, NULL, NULL, NULL, NULL, NULL, NULL, NULL, NULL, NULL, NULL, '2014-09-17 09:37:25', '2014-09-19 10:31:44', 'a908e4e3-d38b-4428-baf7-de748a3a3bef');
INSERT INTO `di_content` (`id`, `elementId`, `locale`, `title`, `field_heading`, `field_brief`, `field_leadImageFormat`, `field_subheading`, `field_leadImageLink`, `field_keepBrief`, `field_theme`, `field_startDate`, `field_endDate`, `field_allDay`, `field_address`, `field_map`, `field_priceTable`, `field_posterColor`, `field_pageOptions`, `field_forename`, `field_surname`, `field_namePrefix`, `field_nameSuffix`, `field_infoBox`, `dateCreated`, `dateUpdated`, `uid`) VALUES ('39', '59', 'en_gb', 'african-girl-sad', NULL, NULL, NULL, NULL, NULL, NULL, NULL, NULL, NULL, NULL, NULL, NULL, NULL, NULL, NULL, NULL, NULL, NULL, NULL, NULL, '2014-09-18 08:41:54', '2014-09-18 08:41:54', '22c22826-3840-41c9-9c34-fe286d61a1bf');
INSERT INTO `di_content` (`id`, `elementId`, `locale`, `title`, `field_heading`, `field_brief`, `field_leadImageFormat`, `field_subheading`, `field_leadImageLink`, `field_keepBrief`, `field_theme`, `field_startDate`, `field_endDate`, `field_allDay`, `field_address`, `field_map`, `field_priceTable`, `field_posterColor`, `field_pageOptions`, `field_forename`, `field_surname`, `field_namePrefix`, `field_nameSuffix`, `field_infoBox`, `dateCreated`, `dateUpdated`, `uid`) VALUES ('40', '60', 'en_gb', 'church', NULL, NULL, NULL, NULL, NULL, NULL, NULL, NULL, NULL, NULL, NULL, NULL, NULL, NULL, NULL, NULL, NULL, NULL, NULL, NULL, '2014-09-18 10:49:24', '2014-09-18 12:23:04', '359bc7d6-3098-4d02-9c6f-0c0700ece616');
INSERT INTO `di_content` (`id`, `elementId`, `locale`, `title`, `field_heading`, `field_brief`, `field_leadImageFormat`, `field_subheading`, `field_leadImageLink`, `field_keepBrief`, `field_theme`, `field_startDate`, `field_endDate`, `field_allDay`, `field_address`, `field_map`, `field_priceTable`, `field_posterColor`, `field_pageOptions`, `field_forename`, `field_surname`, `field_namePrefix`, `field_nameSuffix`, `field_infoBox`, `dateCreated`, `dateUpdated`, `uid`) VALUES ('41', '61', 'en_gb', 'dropinn', NULL, NULL, NULL, NULL, NULL, NULL, NULL, NULL, NULL, NULL, NULL, NULL, NULL, NULL, NULL, NULL, NULL, NULL, NULL, NULL, '2014-09-18 11:07:46', '2014-09-19 10:16:10', 'b25cc054-249a-42e6-81be-b2317ec9b49d');
INSERT INTO `di_content` (`id`, `elementId`, `locale`, `title`, `field_heading`, `field_brief`, `field_leadImageFormat`, `field_subheading`, `field_leadImageLink`, `field_keepBrief`, `field_theme`, `field_startDate`, `field_endDate`, `field_allDay`, `field_address`, `field_map`, `field_priceTable`, `field_posterColor`, `field_pageOptions`, `field_forename`, `field_surname`, `field_namePrefix`, `field_nameSuffix`, `field_infoBox`, `dateCreated`, `dateUpdated`, `uid`) VALUES ('45', '65', 'en_gb', 'tinhouse', NULL, NULL, NULL, NULL, NULL, NULL, NULL, NULL, NULL, NULL, NULL, NULL, NULL, NULL, NULL, NULL, NULL, NULL, NULL, NULL, '2014-09-18 11:37:05', '2014-09-18 11:37:05', 'e73344e0-3d95-44d8-82c4-305be8456776');
INSERT INTO `di_content` (`id`, `elementId`, `locale`, `title`, `field_heading`, `field_brief`, `field_leadImageFormat`, `field_subheading`, `field_leadImageLink`, `field_keepBrief`, `field_theme`, `field_startDate`, `field_endDate`, `field_allDay`, `field_address`, `field_map`, `field_priceTable`, `field_posterColor`, `field_pageOptions`, `field_forename`, `field_surname`, `field_namePrefix`, `field_nameSuffix`, `field_infoBox`, `dateCreated`, `dateUpdated`, `uid`) VALUES ('50', '70', 'en_gb', 'church-w60pc', NULL, NULL, NULL, NULL, NULL, NULL, NULL, NULL, NULL, NULL, NULL, NULL, NULL, NULL, NULL, NULL, NULL, NULL, NULL, NULL, '2014-09-18 13:28:07', '2014-09-18 13:28:07', '9231965c-ef22-4aa3-b442-06e18a8a9420');
INSERT INTO `di_content` (`id`, `elementId`, `locale`, `title`, `field_heading`, `field_brief`, `field_leadImageFormat`, `field_subheading`, `field_leadImageLink`, `field_keepBrief`, `field_theme`, `field_startDate`, `field_endDate`, `field_allDay`, `field_address`, `field_map`, `field_priceTable`, `field_posterColor`, `field_pageOptions`, `field_forename`, `field_surname`, `field_namePrefix`, `field_nameSuffix`, `field_infoBox`, `dateCreated`, `dateUpdated`, `uid`) VALUES ('51', '71', 'en_gb', 'church-pridevhumility', NULL, NULL, NULL, NULL, NULL, NULL, NULL, NULL, NULL, NULL, NULL, NULL, NULL, NULL, NULL, NULL, NULL, NULL, NULL, NULL, '2014-09-18 13:31:47', '2014-09-18 13:37:14', 'cc2e980b-0040-4ece-8c41-5736d4f127b2');
INSERT INTO `di_content` (`id`, `elementId`, `locale`, `title`, `field_heading`, `field_brief`, `field_leadImageFormat`, `field_subheading`, `field_leadImageLink`, `field_keepBrief`, `field_theme`, `field_startDate`, `field_endDate`, `field_allDay`, `field_address`, `field_map`, `field_priceTable`, `field_posterColor`, `field_pageOptions`, `field_forename`, `field_surname`, `field_namePrefix`, `field_nameSuffix`, `field_infoBox`, `dateCreated`, `dateUpdated`, `uid`) VALUES ('67', '102', 'en_gb', NULL, NULL, NULL, 'poster', NULL, NULL, '[]', '_layout', NULL, NULL, '[]', NULL, NULL, NULL, 'none', NULL, NULL, NULL, NULL, NULL, NULL, '2014-09-23 11:32:07', '2014-09-23 11:32:07', '37f3d60e-9702-4c95-89e8-543f384420cf');
INSERT INTO `di_content` (`id`, `elementId`, `locale`, `title`, `field_heading`, `field_brief`, `field_leadImageFormat`, `field_subheading`, `field_leadImageLink`, `field_keepBrief`, `field_theme`, `field_startDate`, `field_endDate`, `field_allDay`, `field_address`, `field_map`, `field_priceTable`, `field_posterColor`, `field_pageOptions`, `field_forename`, `field_surname`, `field_namePrefix`, `field_nameSuffix`, `field_infoBox`, `dateCreated`, `dateUpdated`, `uid`) VALUES ('68', '103', 'en_gb', NULL, NULL, NULL, 'poster', NULL, NULL, '[]', '_layout', NULL, NULL, '[]', NULL, NULL, NULL, 'none', NULL, NULL, NULL, NULL, NULL, NULL, '2014-09-23 11:32:27', '2014-09-23 11:32:27', 'bfb0d3ae-c009-47f6-9b65-9ae01153b94f');
INSERT INTO `di_content` (`id`, `elementId`, `locale`, `title`, `field_heading`, `field_brief`, `field_leadImageFormat`, `field_subheading`, `field_leadImageLink`, `field_keepBrief`, `field_theme`, `field_startDate`, `field_endDate`, `field_allDay`, `field_address`, `field_map`, `field_priceTable`, `field_posterColor`, `field_pageOptions`, `field_forename`, `field_surname`, `field_namePrefix`, `field_nameSuffix`, `field_infoBox`, `dateCreated`, `dateUpdated`, `uid`) VALUES ('69', '104', 'en_gb', NULL, NULL, NULL, 'poster', NULL, NULL, '[]', '_layout', NULL, NULL, '[]', NULL, NULL, NULL, 'none', NULL, NULL, NULL, NULL, NULL, NULL, '2014-09-23 11:32:32', '2014-09-23 11:32:32', '94d26db6-f61e-415a-a60a-59586705f95e');
INSERT INTO `di_content` (`id`, `elementId`, `locale`, `title`, `field_heading`, `field_brief`, `field_leadImageFormat`, `field_subheading`, `field_leadImageLink`, `field_keepBrief`, `field_theme`, `field_startDate`, `field_endDate`, `field_allDay`, `field_address`, `field_map`, `field_priceTable`, `field_posterColor`, `field_pageOptions`, `field_forename`, `field_surname`, `field_namePrefix`, `field_nameSuffix`, `field_infoBox`, `dateCreated`, `dateUpdated`, `uid`) VALUES ('70', '105', 'en_gb', NULL, NULL, NULL, 'poster', NULL, NULL, '[]', '_layout', NULL, NULL, '[]', NULL, NULL, NULL, 'none', NULL, NULL, NULL, NULL, NULL, NULL, '2014-09-23 11:33:09', '2014-09-23 11:33:09', 'c629c306-33e1-4baf-a2ba-08ba66cf195e');
INSERT INTO `di_content` (`id`, `elementId`, `locale`, `title`, `field_heading`, `field_brief`, `field_leadImageFormat`, `field_subheading`, `field_leadImageLink`, `field_keepBrief`, `field_theme`, `field_startDate`, `field_endDate`, `field_allDay`, `field_address`, `field_map`, `field_priceTable`, `field_posterColor`, `field_pageOptions`, `field_forename`, `field_surname`, `field_namePrefix`, `field_nameSuffix`, `field_infoBox`, `dateCreated`, `dateUpdated`, `uid`) VALUES ('73', '111', 'en_gb', 'profile-pic', NULL, NULL, 'poster', NULL, NULL, '[]', '_layout', NULL, NULL, '[]', NULL, NULL, NULL, 'none', '[]', NULL, NULL, NULL, NULL, NULL, '2014-09-24 10:51:49', '2014-09-24 10:51:49', '3d664689-8b8b-44b0-abd9-8a743659b543');



--
-- Schema for table `di_deprecationerrors`
--

DROP TABLE IF EXISTS `di_deprecationerrors`;

CREATE TABLE `di_deprecationerrors` (
  `id` int(11) NOT NULL AUTO_INCREMENT,
  `key` varchar(255) COLLATE utf8_unicode_ci NOT NULL,
  `fingerprint` varchar(255) COLLATE utf8_unicode_ci NOT NULL,
  `lastOccurrence` datetime NOT NULL,
  `file` varchar(255) COLLATE utf8_unicode_ci NOT NULL,
  `line` smallint(6) unsigned NOT NULL,
  `class` varchar(255) COLLATE utf8_unicode_ci DEFAULT NULL,
  `method` varchar(255) COLLATE utf8_unicode_ci DEFAULT NULL,
  `template` varchar(255) COLLATE utf8_unicode_ci DEFAULT NULL,
  `templateLine` smallint(6) unsigned DEFAULT NULL,
  `message` varchar(255) COLLATE utf8_unicode_ci DEFAULT NULL,
  `traces` text COLLATE utf8_unicode_ci,
  `dateCreated` datetime NOT NULL,
  `dateUpdated` datetime NOT NULL,
  `uid` char(36) COLLATE utf8_unicode_ci NOT NULL DEFAULT '0',
  PRIMARY KEY (`id`),
  UNIQUE KEY `di_deprecationerrors_key_fingerprint_unq_idx` (`key`,`fingerprint`)
) ENGINE=InnoDB DEFAULT CHARSET=utf8 COLLATE=utf8_unicode_ci;

--
-- Schema for table `di_elements`
--

DROP TABLE IF EXISTS `di_elements`;

CREATE TABLE `di_elements` (
  `id` int(11) NOT NULL AUTO_INCREMENT,
  `type` varchar(150) COLLATE utf8_unicode_ci NOT NULL,
  `enabled` tinyint(1) unsigned NOT NULL DEFAULT '1',
  `archived` tinyint(1) unsigned NOT NULL DEFAULT '0',
  `dateCreated` datetime NOT NULL,
  `dateUpdated` datetime NOT NULL,
  `uid` char(36) COLLATE utf8_unicode_ci NOT NULL DEFAULT '0',
  PRIMARY KEY (`id`),
  KEY `di_elements_type_idx` (`type`),
  KEY `di_elements_enabled_idx` (`enabled`),
  KEY `di_elements_archived_idx` (`archived`)
) ENGINE=InnoDB AUTO_INCREMENT=112 DEFAULT CHARSET=utf8 COLLATE=utf8_unicode_ci;

--
-- Data for table `di_elements`
--

INSERT INTO `di_elements` (`id`, `type`, `enabled`, `archived`, `dateCreated`, `dateUpdated`, `uid`) VALUES ('1', 'User', '1', '0', '2014-09-04 11:28:58', '2014-09-15 14:43:49', '7d07934f-0708-4ab2-b278-a103ff62f5f6');
INSERT INTO `di_elements` (`id`, `type`, `enabled`, `archived`, `dateCreated`, `dateUpdated`, `uid`) VALUES ('2', 'Entry', '1', '0', '2014-09-04 11:28:59', '2014-09-24 08:35:02', 'ecaef6b0-0162-4255-a78f-3934c3a1fcd4');
INSERT INTO `di_elements` (`id`, `type`, `enabled`, `archived`, `dateCreated`, `dateUpdated`, `uid`) VALUES ('3', 'Entry', '1', '0', '2014-09-04 11:28:59', '2014-09-25 12:39:55', 'ca1c9fce-00b1-4d4f-836d-a5c7bf269d09');
INSERT INTO `di_elements` (`id`, `type`, `enabled`, `archived`, `dateCreated`, `dateUpdated`, `uid`) VALUES ('5', 'Asset', '1', '0', '2014-09-04 13:00:15', '2014-09-17 16:32:18', 'a2429ed1-58de-461c-8e46-41c899a59e92');
INSERT INTO `di_elements` (`id`, `type`, `enabled`, `archived`, `dateCreated`, `dateUpdated`, `uid`) VALUES ('18', 'Asset', '1', '0', '2014-09-08 08:21:12', '2014-09-19 10:31:50', '142a87fe-11a2-47d5-b468-153844443e90');
INSERT INTO `di_elements` (`id`, `type`, `enabled`, `archived`, `dateCreated`, `dateUpdated`, `uid`) VALUES ('21', 'Asset', '1', '0', '2014-09-08 10:52:45', '2014-09-19 10:31:54', '1b65ed7c-9443-4b91-93d8-b3db5d39f7ed');
INSERT INTO `di_elements` (`id`, `type`, `enabled`, `archived`, `dateCreated`, `dateUpdated`, `uid`) VALUES ('22', 'Entry', '1', '0', '2014-09-08 13:06:50', '2014-09-23 14:22:23', 'd13554fd-fbad-449c-ad72-b065ec348de8');
INSERT INTO `di_elements` (`id`, `type`, `enabled`, `archived`, `dateCreated`, `dateUpdated`, `uid`) VALUES ('25', 'Asset', '1', '0', '2014-09-10 12:32:02', '2014-09-19 10:31:26', 'b32ff9d8-3b90-472f-8731-4d49c6ac2597');
INSERT INTO `di_elements` (`id`, `type`, `enabled`, `archived`, `dateCreated`, `dateUpdated`, `uid`) VALUES ('28', 'Asset', '1', '0', '2014-09-15 08:25:21', '2014-09-17 16:32:07', '3e097507-f9df-45b0-ad80-7068891455b6');
INSERT INTO `di_elements` (`id`, `type`, `enabled`, `archived`, `dateCreated`, `dateUpdated`, `uid`) VALUES ('29', 'Entry', '1', '0', '2014-09-15 09:05:31', '2014-09-25 12:34:10', 'bc633445-4161-4f7f-8b10-0bb2d7ea51b7');
INSERT INTO `di_elements` (`id`, `type`, `enabled`, `archived`, `dateCreated`, `dateUpdated`, `uid`) VALUES ('51', 'Asset', '1', '0', '2014-09-17 09:37:25', '2014-09-19 10:31:44', '7037a0d6-a4e5-43b5-b51f-562c607c0218');
INSERT INTO `di_elements` (`id`, `type`, `enabled`, `archived`, `dateCreated`, `dateUpdated`, `uid`) VALUES ('59', 'Asset', '1', '0', '2014-09-18 08:41:54', '2014-09-18 08:41:54', 'a6b7d6b8-d445-4a5a-b3df-c3d7e299d7a6');
INSERT INTO `di_elements` (`id`, `type`, `enabled`, `archived`, `dateCreated`, `dateUpdated`, `uid`) VALUES ('60', 'Asset', '1', '0', '2014-09-18 10:49:24', '2014-09-18 12:23:04', '3ec22f94-f0cd-4cc8-b864-04fbd2f55b36');
INSERT INTO `di_elements` (`id`, `type`, `enabled`, `archived`, `dateCreated`, `dateUpdated`, `uid`) VALUES ('61', 'Asset', '1', '0', '2014-09-18 11:07:46', '2014-09-19 10:16:10', '4da2bd6e-4bf2-42a8-a82e-249a619890e7');
INSERT INTO `di_elements` (`id`, `type`, `enabled`, `archived`, `dateCreated`, `dateUpdated`, `uid`) VALUES ('65', 'Asset', '1', '0', '2014-09-18 11:37:05', '2014-09-18 11:37:05', '49a6e009-e244-4ee5-995b-616d31afa3fa');
INSERT INTO `di_elements` (`id`, `type`, `enabled`, `archived`, `dateCreated`, `dateUpdated`, `uid`) VALUES ('70', 'Asset', '1', '0', '2014-09-18 13:28:07', '2014-09-18 13:28:07', '47986400-f611-4a26-85ae-a14dce5169e9');
INSERT INTO `di_elements` (`id`, `type`, `enabled`, `archived`, `dateCreated`, `dateUpdated`, `uid`) VALUES ('71', 'Asset', '1', '0', '2014-09-18 13:31:47', '2014-09-18 13:37:14', 'f005d444-c105-4bb3-a3b5-eb4c5a99ff46');
INSERT INTO `di_elements` (`id`, `type`, `enabled`, `archived`, `dateCreated`, `dateUpdated`, `uid`) VALUES ('102', 'Tag', '1', '0', '2014-09-23 11:32:07', '2014-09-23 11:32:07', 'cc26968e-5966-412a-b93a-c02891c086af');
INSERT INTO `di_elements` (`id`, `type`, `enabled`, `archived`, `dateCreated`, `dateUpdated`, `uid`) VALUES ('103', 'Tag', '1', '0', '2014-09-23 11:32:27', '2014-09-23 11:32:27', '5d76fc00-2a36-413e-9b90-65e69fefe527');
INSERT INTO `di_elements` (`id`, `type`, `enabled`, `archived`, `dateCreated`, `dateUpdated`, `uid`) VALUES ('104', 'Tag', '1', '0', '2014-09-23 11:32:32', '2014-09-23 11:32:32', 'bb4c542e-27df-451d-a992-3e7e5bd3f718');
INSERT INTO `di_elements` (`id`, `type`, `enabled`, `archived`, `dateCreated`, `dateUpdated`, `uid`) VALUES ('105', 'Tag', '1', '0', '2014-09-23 11:33:09', '2014-09-23 11:33:09', '45df88b4-6414-482a-b8bd-964a8ebf5a1f');
INSERT INTO `di_elements` (`id`, `type`, `enabled`, `archived`, `dateCreated`, `dateUpdated`, `uid`) VALUES ('107', 'MatrixBlock', '1', '0', '2014-09-23 16:12:20', '2014-09-24 08:35:02', 'c5fbcaf0-00f1-463e-a2a8-f12845a68dd8');
INSERT INTO `di_elements` (`id`, `type`, `enabled`, `archived`, `dateCreated`, `dateUpdated`, `uid`) VALUES ('111', 'Asset', '1', '0', '2014-09-24 10:51:49', '2014-09-24 10:51:49', '13c4a3d6-fa67-4e0f-bc98-96313c2706ae');



--
-- Schema for table `di_elements_i18n`
--

DROP TABLE IF EXISTS `di_elements_i18n`;

CREATE TABLE `di_elements_i18n` (
  `id` int(11) NOT NULL AUTO_INCREMENT,
  `elementId` int(11) NOT NULL,
  `locale` char(12) COLLATE utf8_unicode_ci NOT NULL,
  `slug` varchar(255) COLLATE utf8_unicode_ci DEFAULT NULL,
  `uri` varchar(255) COLLATE utf8_unicode_ci DEFAULT NULL,
  `enabled` tinyint(1) unsigned NOT NULL DEFAULT '1',
  `dateCreated` datetime NOT NULL,
  `dateUpdated` datetime NOT NULL,
  `uid` char(36) COLLATE utf8_unicode_ci NOT NULL DEFAULT '0',
  PRIMARY KEY (`id`),
  UNIQUE KEY `di_elements_i18n_elementId_locale_unq_idx` (`elementId`,`locale`),
  UNIQUE KEY `di_elements_i18n_uri_locale_unq_idx` (`uri`,`locale`),
  KEY `di_elements_i18n_slug_locale_idx` (`slug`,`locale`),
  KEY `di_elements_i18n_enabled_idx` (`enabled`),
  KEY `di_elements_i18n_locale_fk` (`locale`)
) ENGINE=InnoDB AUTO_INCREMENT=113 DEFAULT CHARSET=utf8 COLLATE=utf8_unicode_ci;

--
-- Data for table `di_elements_i18n`
--

INSERT INTO `di_elements_i18n` (`id`, `elementId`, `locale`, `slug`, `uri`, `enabled`, `dateCreated`, `dateUpdated`, `uid`) VALUES ('1', '1', 'en_gb', '', NULL, '1', '2014-09-04 11:28:58', '2014-09-15 14:43:49', '26463fe5-b50e-4131-bc3f-73e81c43e5a0');
INSERT INTO `di_elements_i18n` (`id`, `elementId`, `locale`, `slug`, `uri`, `enabled`, `dateCreated`, `dateUpdated`, `uid`) VALUES ('2', '2', 'en_gb', 'homepage', '__home__', '1', '2014-09-04 11:28:59', '2014-09-24 08:35:02', '3fd4c9df-b25b-4985-9c5e-94f805540807');
INSERT INTO `di_elements_i18n` (`id`, `elementId`, `locale`, `slug`, `uri`, `enabled`, `dateCreated`, `dateUpdated`, `uid`) VALUES ('3', '3', 'en_gb', 'we-just-installed-craft', 'news/2014/we-just-installed-craft', '1', '2014-09-04 11:28:59', '2014-09-25 12:39:55', '46aa2c93-d1d3-490e-8802-c6010349a5d8');
INSERT INTO `di_elements_i18n` (`id`, `elementId`, `locale`, `slug`, `uri`, `enabled`, `dateCreated`, `dateUpdated`, `uid`) VALUES ('5', '5', 'en_gb', '36522-tabby-kitten-white-background', NULL, '1', '2014-09-04 13:00:15', '2014-09-17 16:32:18', '71e837f1-0f5e-4531-bdbc-a543a202a5d4');
INSERT INTO `di_elements_i18n` (`id`, `elementId`, `locale`, `slug`, `uri`, `enabled`, `dateCreated`, `dateUpdated`, `uid`) VALUES ('18', '18', 'en_gb', 'forest-hills-hut-2745', NULL, '1', '2014-09-08 08:21:12', '2014-09-19 10:31:50', '15cb4370-d9f0-4830-aa41-ef6dfb54c13b');
INSERT INTO `di_elements_i18n` (`id`, `elementId`, `locale`, `slug`, `uri`, `enabled`, `dateCreated`, `dateUpdated`, `uid`) VALUES ('22', '21', 'en_gb', 'tree', NULL, '1', '2014-09-08 10:52:45', '2014-09-19 10:31:54', '5c525658-7cf5-4774-998e-703eaf591b3a');
INSERT INTO `di_elements_i18n` (`id`, `elementId`, `locale`, `slug`, `uri`, `enabled`, `dateCreated`, `dateUpdated`, `uid`) VALUES ('23', '22', 'en_gb', 'contact', 'contact', '1', '2014-09-08 13:06:50', '2014-09-23 14:22:23', '4eee84a2-2e2b-48a8-855d-1f992d0bf997');
INSERT INTO `di_elements_i18n` (`id`, `elementId`, `locale`, `slug`, `uri`, `enabled`, `dateCreated`, `dateUpdated`, `uid`) VALUES ('26', '25', 'en_gb', 'burkina-faso-landscape', NULL, '1', '2014-09-10 12:32:02', '2014-09-19 10:31:26', '78302fd7-6f89-4be7-a22c-562ea48f6c91');
INSERT INTO `di_elements_i18n` (`id`, `elementId`, `locale`, `slug`, `uri`, `enabled`, `dateCreated`, `dateUpdated`, `uid`) VALUES ('29', '28', 'en_gb', 'church', NULL, '1', '2014-09-15 08:25:21', '2014-09-17 16:32:07', '868b7475-6acf-42e0-983e-303fcab62e7c');
INSERT INTO `di_elements_i18n` (`id`, `elementId`, `locale`, `slug`, `uri`, `enabled`, `dateCreated`, `dateUpdated`, `uid`) VALUES ('32', '29', 'en_gb', 'church', 'church', '1', '2014-09-15 09:05:31', '2014-09-25 12:34:10', '4727bb76-ed5c-4c45-882f-c4ba3ce1931b');
INSERT INTO `di_elements_i18n` (`id`, `elementId`, `locale`, `slug`, `uri`, `enabled`, `dateCreated`, `dateUpdated`, `uid`) VALUES ('52', '51', 'en_gb', 'coffee-beans1', NULL, '1', '2014-09-17 09:37:25', '2014-09-19 10:31:44', 'd1d6c720-3948-4969-aac7-e17bf9ed24db');
INSERT INTO `di_elements_i18n` (`id`, `elementId`, `locale`, `slug`, `uri`, `enabled`, `dateCreated`, `dateUpdated`, `uid`) VALUES ('60', '59', 'en_gb', 'african-girl-sad', NULL, '1', '2014-09-18 08:41:54', '2014-09-18 08:41:54', 'd1dd8476-7669-4af9-8743-9185ae12167e');
INSERT INTO `di_elements_i18n` (`id`, `elementId`, `locale`, `slug`, `uri`, `enabled`, `dateCreated`, `dateUpdated`, `uid`) VALUES ('61', '60', 'en_gb', 'church', NULL, '1', '2014-09-18 10:49:24', '2014-09-18 12:23:04', '869653c5-9dc0-4a1b-9980-8aed2fc0ddff');
INSERT INTO `di_elements_i18n` (`id`, `elementId`, `locale`, `slug`, `uri`, `enabled`, `dateCreated`, `dateUpdated`, `uid`) VALUES ('62', '61', 'en_gb', 'dropinn', NULL, '1', '2014-09-18 11:07:46', '2014-09-19 10:16:10', '671654b8-d2fc-4964-9c6d-11e086f860a4');
INSERT INTO `di_elements_i18n` (`id`, `elementId`, `locale`, `slug`, `uri`, `enabled`, `dateCreated`, `dateUpdated`, `uid`) VALUES ('66', '65', 'en_gb', 'tinhouse', NULL, '1', '2014-09-18 11:37:05', '2014-09-18 11:37:05', '506bcbd9-bfb1-4f0e-85ea-8c110eb9fc40');
INSERT INTO `di_elements_i18n` (`id`, `elementId`, `locale`, `slug`, `uri`, `enabled`, `dateCreated`, `dateUpdated`, `uid`) VALUES ('71', '70', 'en_gb', 'church-w60pc', NULL, '1', '2014-09-18 13:28:07', '2014-09-18 13:28:07', '903075a1-c9a1-4f8c-9906-6098ff5f2887');
INSERT INTO `di_elements_i18n` (`id`, `elementId`, `locale`, `slug`, `uri`, `enabled`, `dateCreated`, `dateUpdated`, `uid`) VALUES ('72', '71', 'en_gb', 'church-pridevhumility', NULL, '1', '2014-09-18 13:31:47', '2014-09-18 13:37:14', '959f421d-52cc-4515-881f-3554d058208d');
INSERT INTO `di_elements_i18n` (`id`, `elementId`, `locale`, `slug`, `uri`, `enabled`, `dateCreated`, `dateUpdated`, `uid`) VALUES ('103', '102', 'en_gb', '', NULL, '1', '2014-09-23 11:32:07', '2014-09-23 11:32:07', '3824e289-7656-4f16-b3b9-2eceba559703');
INSERT INTO `di_elements_i18n` (`id`, `elementId`, `locale`, `slug`, `uri`, `enabled`, `dateCreated`, `dateUpdated`, `uid`) VALUES ('104', '103', 'en_gb', '', NULL, '1', '2014-09-23 11:32:27', '2014-09-23 11:32:27', 'ea4f03ee-2560-403d-8396-8061b1eea06d');
INSERT INTO `di_elements_i18n` (`id`, `elementId`, `locale`, `slug`, `uri`, `enabled`, `dateCreated`, `dateUpdated`, `uid`) VALUES ('105', '104', 'en_gb', '', NULL, '1', '2014-09-23 11:32:32', '2014-09-23 11:32:32', 'a7a85bb1-ecb7-468e-8f6c-2d0586d6893a');
INSERT INTO `di_elements_i18n` (`id`, `elementId`, `locale`, `slug`, `uri`, `enabled`, `dateCreated`, `dateUpdated`, `uid`) VALUES ('106', '105', 'en_gb', '', NULL, '1', '2014-09-23 11:33:09', '2014-09-23 11:33:09', 'ec80cdc9-0979-4a81-bd3f-014fd91d929b');
INSERT INTO `di_elements_i18n` (`id`, `elementId`, `locale`, `slug`, `uri`, `enabled`, `dateCreated`, `dateUpdated`, `uid`) VALUES ('108', '107', 'en_gb', '', NULL, '1', '2014-09-23 16:12:20', '2014-09-24 08:35:02', '5fa77e93-8af2-4931-b69f-1e75bdb12756');
INSERT INTO `di_elements_i18n` (`id`, `elementId`, `locale`, `slug`, `uri`, `enabled`, `dateCreated`, `dateUpdated`, `uid`) VALUES ('112', '111', 'en_gb', 'profile-pic', NULL, '1', '2014-09-24 10:51:49', '2014-09-24 10:51:49', 'fa5d352b-fc6f-449d-a3fc-6d0a31bfac28');



--
-- Schema for table `di_emailmessages`
--

DROP TABLE IF EXISTS `di_emailmessages`;

CREATE TABLE `di_emailmessages` (
  `id` int(11) NOT NULL AUTO_INCREMENT,
  `key` char(150) COLLATE utf8_unicode_ci NOT NULL,
  `locale` char(12) COLLATE utf8_unicode_ci NOT NULL,
  `subject` varchar(1000) COLLATE utf8_unicode_ci NOT NULL,
  `body` text COLLATE utf8_unicode_ci NOT NULL,
  `dateCreated` datetime NOT NULL,
  `dateUpdated` datetime NOT NULL,
  `uid` char(36) COLLATE utf8_unicode_ci NOT NULL DEFAULT '0',
  PRIMARY KEY (`id`),
  UNIQUE KEY `di_emailmessages_key_locale_unq_idx` (`key`,`locale`),
  KEY `di_emailmessages_locale_fk` (`locale`)
) ENGINE=InnoDB DEFAULT CHARSET=utf8 COLLATE=utf8_unicode_ci;

--
-- Schema for table `di_entries`
--

DROP TABLE IF EXISTS `di_entries`;

CREATE TABLE `di_entries` (
  `id` int(11) NOT NULL,
  `sectionId` int(11) NOT NULL,
  `typeId` int(11) DEFAULT NULL,
  `authorId` int(11) DEFAULT NULL,
  `postDate` datetime DEFAULT NULL,
  `expiryDate` datetime DEFAULT NULL,
  `dateCreated` datetime NOT NULL,
  `dateUpdated` datetime NOT NULL,
  `uid` char(36) COLLATE utf8_unicode_ci NOT NULL DEFAULT '0',
  PRIMARY KEY (`id`),
  KEY `di_entries_sectionId_idx` (`sectionId`),
  KEY `di_entries_typeId_idx` (`typeId`),
  KEY `di_entries_postDate_idx` (`postDate`),
  KEY `di_entries_expiryDate_idx` (`expiryDate`),
  KEY `di_entries_authorId_fk` (`authorId`)
) ENGINE=InnoDB DEFAULT CHARSET=utf8 COLLATE=utf8_unicode_ci;

--
-- Data for table `di_entries`
--

INSERT INTO `di_entries` (`id`, `sectionId`, `typeId`, `authorId`, `postDate`, `expiryDate`, `dateCreated`, `dateUpdated`, `uid`) VALUES ('2', '1', '1', NULL, '2014-09-04 11:28:59', NULL, '2014-09-04 11:28:59', '2014-09-24 08:35:02', '105be1c4-e0ed-4a80-a6ef-987a58e18d88');
INSERT INTO `di_entries` (`id`, `sectionId`, `typeId`, `authorId`, `postDate`, `expiryDate`, `dateCreated`, `dateUpdated`, `uid`) VALUES ('3', '2', '2', '1', '2014-09-04 11:28:00', NULL, '2014-09-04 11:28:59', '2014-09-25 12:39:55', '43a2d009-62ec-4bea-aa02-7106351af5b3');
INSERT INTO `di_entries` (`id`, `sectionId`, `typeId`, `authorId`, `postDate`, `expiryDate`, `dateCreated`, `dateUpdated`, `uid`) VALUES ('22', '5', '5', NULL, '2014-09-08 13:06:50', NULL, '2014-09-08 13:06:50', '2014-09-23 14:22:23', 'a631a408-eb0c-4f94-9e01-21543a89c4ef');
INSERT INTO `di_entries` (`id`, `sectionId`, `typeId`, `authorId`, `postDate`, `expiryDate`, `dateCreated`, `dateUpdated`, `uid`) VALUES ('29', '7', '7', '1', '2014-09-15 09:05:00', NULL, '2014-09-15 09:05:31', '2014-09-25 12:34:10', '393ee0fb-fa9f-4f11-b04d-1d64330dc77b');



--
-- Schema for table `di_entrydrafts`
--

DROP TABLE IF EXISTS `di_entrydrafts`;

CREATE TABLE `di_entrydrafts` (
  `id` int(11) NOT NULL AUTO_INCREMENT,
  `entryId` int(11) NOT NULL,
  `sectionId` int(11) NOT NULL,
  `creatorId` int(11) NOT NULL,
  `locale` char(12) COLLATE utf8_unicode_ci NOT NULL,
  `name` varchar(255) COLLATE utf8_unicode_ci NOT NULL,
  `notes` tinytext COLLATE utf8_unicode_ci,
  `data` mediumtext COLLATE utf8_unicode_ci NOT NULL,
  `dateCreated` datetime NOT NULL,
  `dateUpdated` datetime NOT NULL,
  `uid` char(36) COLLATE utf8_unicode_ci NOT NULL DEFAULT '0',
  PRIMARY KEY (`id`),
  KEY `di_entrydrafts_entryId_locale_idx` (`entryId`,`locale`),
  KEY `di_entrydrafts_sectionId_fk` (`sectionId`),
  KEY `di_entrydrafts_creatorId_fk` (`creatorId`),
  KEY `di_entrydrafts_locale_fk` (`locale`)
) ENGINE=InnoDB DEFAULT CHARSET=utf8 COLLATE=utf8_unicode_ci;

--
-- Schema for table `di_entrytypes`
--

DROP TABLE IF EXISTS `di_entrytypes`;

CREATE TABLE `di_entrytypes` (
  `id` int(11) NOT NULL AUTO_INCREMENT,
  `sectionId` int(11) NOT NULL,
  `fieldLayoutId` int(11) DEFAULT NULL,
  `name` varchar(255) COLLATE utf8_unicode_ci NOT NULL,
  `handle` varchar(255) COLLATE utf8_unicode_ci NOT NULL,
  `hasTitleField` tinyint(1) unsigned NOT NULL DEFAULT '1',
  `titleLabel` varchar(255) COLLATE utf8_unicode_ci DEFAULT 'Title',
  `titleFormat` varchar(255) COLLATE utf8_unicode_ci DEFAULT NULL,
  `sortOrder` tinyint(4) DEFAULT NULL,
  `dateCreated` datetime NOT NULL,
  `dateUpdated` datetime NOT NULL,
  `uid` char(36) COLLATE utf8_unicode_ci NOT NULL DEFAULT '0',
  PRIMARY KEY (`id`),
  UNIQUE KEY `di_entrytypes_name_sectionId_unq_idx` (`name`,`sectionId`),
  UNIQUE KEY `di_entrytypes_handle_sectionId_unq_idx` (`handle`,`sectionId`),
  KEY `di_entrytypes_sectionId_fk` (`sectionId`),
  KEY `di_entrytypes_fieldLayoutId_fk` (`fieldLayoutId`)
) ENGINE=InnoDB AUTO_INCREMENT=13 DEFAULT CHARSET=utf8 COLLATE=utf8_unicode_ci;

--
-- Data for table `di_entrytypes`
--

INSERT INTO `di_entrytypes` (`id`, `sectionId`, `fieldLayoutId`, `name`, `handle`, `hasTitleField`, `titleLabel`, `titleFormat`, `sortOrder`, `dateCreated`, `dateUpdated`, `uid`) VALUES ('1', '1', '318', 'Homepage', 'homepage', '0', NULL, '{section.name|raw}', NULL, '2014-09-04 11:28:59', '2014-09-23 15:54:56', '7dbd9cc0-1e81-4527-8c1e-0e05b2b2195a');
INSERT INTO `di_entrytypes` (`id`, `sectionId`, `fieldLayoutId`, `name`, `handle`, `hasTitleField`, `titleLabel`, `titleFormat`, `sortOrder`, `dateCreated`, `dateUpdated`, `uid`) VALUES ('2', '2', '380', 'News', 'news', '1', 'Title', NULL, NULL, '2014-09-04 11:28:59', '2014-09-25 12:50:11', '1627eadd-e11d-406c-9569-89a7f5d0d72d');
INSERT INTO `di_entrytypes` (`id`, `sectionId`, `fieldLayoutId`, `name`, `handle`, `hasTitleField`, `titleLabel`, `titleFormat`, `sortOrder`, `dateCreated`, `dateUpdated`, `uid`) VALUES ('5', '5', '277', 'Contact', 'contact', '0', NULL, '{section.name|raw}', NULL, '2014-09-08 13:06:50', '2014-09-18 13:27:51', 'aff72b04-7bad-4524-991f-c4b5a8d9943a');
INSERT INTO `di_entrytypes` (`id`, `sectionId`, `fieldLayoutId`, `name`, `handle`, `hasTitleField`, `titleLabel`, `titleFormat`, `sortOrder`, `dateCreated`, `dateUpdated`, `uid`) VALUES ('7', '7', '317', 'Ministry', 'ministry', '1', 'Title', NULL, NULL, '2014-09-15 09:04:16', '2014-09-23 14:03:25', '0b1dc7d8-3d42-4a7e-bd5e-6289383d318f');
INSERT INTO `di_entrytypes` (`id`, `sectionId`, `fieldLayoutId`, `name`, `handle`, `hasTitleField`, `titleLabel`, `titleFormat`, `sortOrder`, `dateCreated`, `dateUpdated`, `uid`) VALUES ('8', '8', '284', 'Event', 'event', '1', 'Title', NULL, NULL, '2014-09-15 10:16:09', '2014-09-22 09:07:17', 'e7e24523-9604-4758-8b80-4836bbb4444c');
INSERT INTO `di_entrytypes` (`id`, `sectionId`, `fieldLayoutId`, `name`, `handle`, `hasTitleField`, `titleLabel`, `titleFormat`, `sortOrder`, `dateCreated`, `dateUpdated`, `uid`) VALUES ('11', '10', '278', 'Product', 'product', '1', 'Title', NULL, NULL, '2014-09-17 09:15:52', '2014-09-18 14:08:04', 'ba6a882a-17ed-47bb-a1d3-08b306239f29');
INSERT INTO `di_entrytypes` (`id`, `sectionId`, `fieldLayoutId`, `name`, `handle`, `hasTitleField`, `titleLabel`, `titleFormat`, `sortOrder`, `dateCreated`, `dateUpdated`, `uid`) VALUES ('12', '11', '302', 'Articles', 'articles', '1', 'Title', NULL, NULL, '2014-09-17 09:44:52', '2014-09-22 16:07:53', '235fd903-96ed-4ff7-8b21-0df487295dec');



--
-- Schema for table `di_entryversions`
--

DROP TABLE IF EXISTS `di_entryversions`;

CREATE TABLE `di_entryversions` (
  `id` int(11) NOT NULL AUTO_INCREMENT,
  `entryId` int(11) NOT NULL,
  `sectionId` int(11) NOT NULL,
  `creatorId` int(11) DEFAULT NULL,
  `locale` char(12) COLLATE utf8_unicode_ci NOT NULL,
  `num` smallint(6) unsigned NOT NULL,
  `notes` tinytext COLLATE utf8_unicode_ci,
  `data` mediumtext COLLATE utf8_unicode_ci NOT NULL,
  `dateCreated` datetime NOT NULL,
  `dateUpdated` datetime NOT NULL,
  `uid` char(36) COLLATE utf8_unicode_ci NOT NULL DEFAULT '0',
  PRIMARY KEY (`id`),
  KEY `di_entryversions_entryId_locale_idx` (`entryId`,`locale`),
  KEY `di_entryversions_sectionId_fk` (`sectionId`),
  KEY `di_entryversions_creatorId_fk` (`creatorId`),
  KEY `di_entryversions_locale_fk` (`locale`)
) ENGINE=InnoDB AUTO_INCREMENT=301 DEFAULT CHARSET=utf8 COLLATE=utf8_unicode_ci;

--
-- Data for table `di_entryversions`
--

INSERT INTO `di_entryversions` (`id`, `entryId`, `sectionId`, `creatorId`, `locale`, `num`, `notes`, `data`, `dateCreated`, `dateUpdated`, `uid`) VALUES ('18', '29', '7', '1', 'en_gb', '1', '', '{\"typeId\":null,\"authorId\":\"1\",\"title\":\"Church\",\"slug\":\"church-1\",\"postDate\":1410771931,\"expiryDate\":null,\"enabled\":1,\"fields\":[]}', '2014-09-15 09:05:31', '2014-09-15 09:05:31', 'f7bba1b9-d832-4c37-97cd-8d9de648c606');
INSERT INTO `di_entryversions` (`id`, `entryId`, `sectionId`, `creatorId`, `locale`, `num`, `notes`, `data`, `dateCreated`, `dateUpdated`, `uid`) VALUES ('23', '29', '7', '1', 'en_gb', '2', '', '{\"typeId\":\"7\",\"authorId\":\"1\",\"title\":\"Church\",\"slug\":\"church-1\",\"postDate\":1410771900,\"expiryDate\":null,\"enabled\":1,\"fields\":{\"2\":\"\",\"14\":\"\",\"15\":\"\",\"1\":\"\",\"28\":\"\",\"16\":\"\",\"17\":\"poster\",\"26\":\"\",\"23\":\"\",\"3\":\"\"}}', '2014-09-15 09:10:20', '2014-09-15 09:10:20', '84edce87-2d55-4920-bcd1-d9dd40d63fc4');
INSERT INTO `di_entryversions` (`id`, `entryId`, `sectionId`, `creatorId`, `locale`, `num`, `notes`, `data`, `dateCreated`, `dateUpdated`, `uid`) VALUES ('24', '29', '7', '1', 'en_gb', '3', '', '{\"typeId\":\"7\",\"authorId\":\"1\",\"title\":\"Church\",\"slug\":\"church-1\",\"postDate\":1410771900,\"expiryDate\":null,\"enabled\":1,\"fields\":{\"2\":\"\",\"14\":\"\",\"15\":\"\",\"1\":\"\",\"28\":\"\",\"16\":\"\",\"17\":\"poster\",\"26\":\"\",\"23\":\"\",\"3\":\"\"}}', '2014-09-15 09:10:28', '2014-09-15 09:10:28', '4e1a2983-02a9-4bd3-8d61-2368eed2c6cf');
INSERT INTO `di_entryversions` (`id`, `entryId`, `sectionId`, `creatorId`, `locale`, `num`, `notes`, `data`, `dateCreated`, `dateUpdated`, `uid`) VALUES ('26', '29', '7', '1', 'en_gb', '4', '', '{\"typeId\":\"7\",\"authorId\":\"1\",\"title\":\"Church\",\"slug\":\"church\",\"postDate\":1410771900,\"expiryDate\":null,\"enabled\":1,\"fields\":{\"2\":\"\",\"14\":\"\",\"15\":\"\",\"1\":\"\",\"28\":\"\",\"16\":\"\",\"17\":\"poster\",\"26\":\"\",\"23\":\"\",\"3\":\"\"}}', '2014-09-15 09:17:40', '2014-09-15 09:17:40', '8d453e0d-c898-445f-b2f5-65f7f2670fd1');
INSERT INTO `di_entryversions` (`id`, `entryId`, `sectionId`, `creatorId`, `locale`, `num`, `notes`, `data`, `dateCreated`, `dateUpdated`, `uid`) VALUES ('29', '29', '7', '1', 'en_gb', '5', '', '{\"typeId\":\"7\",\"authorId\":\"1\",\"title\":\"Church\",\"slug\":\"church\",\"postDate\":1410771900,\"expiryDate\":null,\"enabled\":1,\"fields\":{\"2\":\"\",\"14\":\"\",\"15\":\"\",\"1\":\"\",\"28\":\"\",\"16\":\"\",\"17\":\"poster\",\"26\":\"\",\"23\":\"\",\"3\":\"\",\"29\":\"layout-church\"}}', '2014-09-15 09:38:16', '2014-09-15 09:38:16', 'cb682abe-194d-46d5-99c6-91c26384762c');
INSERT INTO `di_entryversions` (`id`, `entryId`, `sectionId`, `creatorId`, `locale`, `num`, `notes`, `data`, `dateCreated`, `dateUpdated`, `uid`) VALUES ('30', '29', '7', '1', 'en_gb', '6', '', '{\"typeId\":\"7\",\"authorId\":\"1\",\"title\":\"Church\",\"slug\":\"church\",\"postDate\":1410771900,\"expiryDate\":null,\"enabled\":1,\"fields\":{\"2\":\"\",\"14\":\"\",\"15\":\"\",\"1\":\"\",\"28\":\"\",\"16\":\"\",\"17\":\"poster\",\"26\":\"\",\"23\":\"\",\"3\":\"\",\"29\":\"_layout\"}}', '2014-09-15 09:53:55', '2014-09-15 09:53:55', '68c11b0a-5b7a-45ca-aa35-4cd237d9c679');
INSERT INTO `di_entryversions` (`id`, `entryId`, `sectionId`, `creatorId`, `locale`, `num`, `notes`, `data`, `dateCreated`, `dateUpdated`, `uid`) VALUES ('31', '29', '7', '1', 'en_gb', '7', '', '{\"typeId\":\"7\",\"authorId\":\"1\",\"title\":\"Church\",\"slug\":\"church\",\"postDate\":1410771900,\"expiryDate\":null,\"enabled\":1,\"fields\":{\"2\":\"\",\"14\":\"\",\"15\":\"\",\"1\":\"\",\"28\":\"\",\"16\":\"\",\"17\":\"poster\",\"26\":\"\",\"23\":\"\",\"3\":\"\",\"29\":\"_layout-church\"}}', '2014-09-15 09:54:01', '2014-09-15 09:54:01', 'ef0b932f-9eff-4907-9976-0dbd219fb1bb');
INSERT INTO `di_entryversions` (`id`, `entryId`, `sectionId`, `creatorId`, `locale`, `num`, `notes`, `data`, `dateCreated`, `dateUpdated`, `uid`) VALUES ('36', '22', '5', '1', 'en_gb', '1', '', '{\"typeId\":\"5\",\"authorId\":null,\"title\":\"Contact\",\"slug\":\"contact\",\"postDate\":1410181610,\"expiryDate\":null,\"enabled\":1,\"fields\":{\"14\":\"\",\"1\":\"Contact\",\"16\":[\"21\"],\"17\":\"poster\",\"23\":\"<p>Drop Inn Ministries, 171 Dobbin Rd,<br>Richhill\\r\\nCounty Armagh, UK, BT61 9LW<\\/p>\"}}', '2014-09-15 10:39:52', '2014-09-15 10:39:52', 'b2b233ea-530b-49b8-a6e3-2f5f253ae59b');
INSERT INTO `di_entryversions` (`id`, `entryId`, `sectionId`, `creatorId`, `locale`, `num`, `notes`, `data`, `dateCreated`, `dateUpdated`, `uid`) VALUES ('58', '3', '2', '1', 'en_gb', '1', '', '{\"typeId\":\"2\",\"authorId\":\"1\",\"title\":\"We just installed Craft!\",\"slug\":\"we-just-installed-craft\",\"postDate\":1409830080,\"expiryDate\":null,\"enabled\":1,\"fields\":{\"44\":\"\",\"2\":\"\",\"14\":\"<p>Kaleta and Thomas grow maize, beans, cassava and potatoes on their farm land. Receiving a joint land certificate has given them security and peace of mind. Thomas tells us \\\"By having the cert, I know the land is ours and I am free from worry for the future.\\\" Now they own the land, cultivate and provide food for their children.<\\/p>\",\"15\":[\"6\",\"7\"],\"1\":\"\",\"28\":\"\",\"16\":[\"5\"],\"17\":\"photo\",\"23\":\"\"}}', '2014-09-15 16:21:17', '2014-09-15 16:21:17', 'fb611580-22bc-4302-9716-3de655a3a507');
INSERT INTO `di_entryversions` (`id`, `entryId`, `sectionId`, `creatorId`, `locale`, `num`, `notes`, `data`, `dateCreated`, `dateUpdated`, `uid`) VALUES ('70', '22', '5', '1', 'en_gb', '2', '', '{\"typeId\":\"5\",\"authorId\":null,\"title\":\"Contact\",\"slug\":\"contact\",\"postDate\":1410181610,\"expiryDate\":null,\"enabled\":1,\"fields\":{\"14\":\"\",\"1\":\"Contact\",\"16\":\"\",\"17\":\"poster\",\"23\":\"<p>Drop Inn Ministries, 171 Dobbin Rd,<br>Richhill\\r\\nCounty Armagh, UK, BT61 9LW<\\/p>\"}}', '2014-09-16 11:10:21', '2014-09-16 11:10:21', '9ed0fcea-30d5-4dba-a697-7612ec372256');
INSERT INTO `di_entryversions` (`id`, `entryId`, `sectionId`, `creatorId`, `locale`, `num`, `notes`, `data`, `dateCreated`, `dateUpdated`, `uid`) VALUES ('110', '29', '7', '1', 'en_gb', '8', '', '{\"typeId\":\"7\",\"authorId\":\"1\",\"title\":\"Church\",\"slug\":\"church\",\"postDate\":1410771900,\"expiryDate\":null,\"enabled\":1,\"fields\":{\"2\":\"\",\"14\":\"\",\"15\":\"\",\"1\":\"\",\"35\":\"\",\"28\":\"\",\"16\":[\"28\"],\"17\":\"background\",\"26\":\"\",\"32\":\"\",\"34\":\"\",\"53\":\"\",\"33\":\"\",\"23\":\"\",\"29\":\"_layout-church\"}}', '2014-09-17 13:52:25', '2014-09-17 13:52:25', '50746453-6d47-4268-abdc-d60fb837d126');
INSERT INTO `di_entryversions` (`id`, `entryId`, `sectionId`, `creatorId`, `locale`, `num`, `notes`, `data`, `dateCreated`, `dateUpdated`, `uid`) VALUES ('117', '2', '1', '1', 'en_gb', '1', '', '{\"typeId\":\"1\",\"authorId\":null,\"title\":\"Homepage\",\"slug\":\"homepage\",\"postDate\":1409830139,\"expiryDate\":null,\"enabled\":1,\"fields\":{\"2\":\"\",\"14\":\"<p>We believe Christian fellowship is divinely brought about by God for the purpose of displaying and advancing His Kingdom on earth, as Christians love one another and submit to the lordship of Christ, they show a picture of the heavenly realities that are to come.<\\/p>\",\"1\":\"Sign up now for Child Sponsorship\",\"16\":[\"59\"],\"17\":\"fill\",\"26\":\"http:\\/\\/www.bbc.co.uk\",\"23\":\"\"}}', '2014-09-18 08:42:01', '2014-09-18 08:42:01', '7c617d3d-d807-476c-9114-7d0cd9284c45');
INSERT INTO `di_entryversions` (`id`, `entryId`, `sectionId`, `creatorId`, `locale`, `num`, `notes`, `data`, `dateCreated`, `dateUpdated`, `uid`) VALUES ('129', '29', '7', '1', 'en_gb', '9', '', '{\"typeId\":\"7\",\"authorId\":\"1\",\"title\":\"Church\",\"slug\":\"church\",\"postDate\":1410771900,\"expiryDate\":null,\"enabled\":1,\"fields\":{\"2\":\"\",\"14\":\"\",\"15\":\"\",\"62\":[\"60\"],\"1\":\"\",\"35\":\"\",\"28\":\"\",\"16\":[\"28\"],\"17\":\"background\",\"26\":\"\",\"32\":\"\",\"34\":\"\",\"53\":\"\",\"33\":\"\",\"23\":\"\",\"29\":\"_layout-church\"}}', '2014-09-18 11:01:16', '2014-09-18 11:01:16', '279dd4e3-0285-4711-b303-dba0bc03a2ca');
INSERT INTO `di_entryversions` (`id`, `entryId`, `sectionId`, `creatorId`, `locale`, `num`, `notes`, `data`, `dateCreated`, `dateUpdated`, `uid`) VALUES ('130', '29', '7', '1', 'en_gb', '10', '', '{\"typeId\":\"7\",\"authorId\":\"1\",\"title\":\"Church\",\"slug\":\"church\",\"postDate\":1410771900,\"expiryDate\":null,\"enabled\":1,\"fields\":{\"2\":\"\",\"14\":\"\",\"15\":\"\",\"62\":[\"60\"],\"1\":\"Church at Stonebridge\",\"35\":\"\",\"28\":\"\",\"16\":[\"28\"],\"17\":\"background\",\"26\":\"\",\"32\":\"\",\"34\":\"\",\"53\":\"\",\"33\":\"\",\"23\":\"\",\"29\":\"_layout-church\"}}', '2014-09-18 11:05:01', '2014-09-18 11:05:01', '245df0d1-8821-4ab4-9254-30f7033254e8');
INSERT INTO `di_entryversions` (`id`, `entryId`, `sectionId`, `creatorId`, `locale`, `num`, `notes`, `data`, `dateCreated`, `dateUpdated`, `uid`) VALUES ('131', '2', '1', '1', 'en_gb', '2', '', '{\"typeId\":\"1\",\"authorId\":null,\"title\":\"Homepage\",\"slug\":\"homepage\",\"postDate\":1409830139,\"expiryDate\":null,\"enabled\":1,\"fields\":{\"2\":\"\",\"14\":\"<p>We believe Christian fellowship is divinely brought about by God for the purpose of displaying and advancing His Kingdom on earth, as Christians love one another and submit to the lordship of Christ, they show a picture of the heavenly realities that are to come.<\\/p>\",\"62\":[\"61\"],\"1\":\"Sign up now for Child Sponsorship\",\"16\":[\"59\"],\"17\":\"fill\",\"26\":\"http:\\/\\/www.bbc.co.uk\",\"23\":\"\",\"29\":\"_layout\"}}', '2014-09-18 11:08:39', '2014-09-18 11:08:39', '1341af60-7043-4e45-81d6-e1c5eeadd2b0');
INSERT INTO `di_entryversions` (`id`, `entryId`, `sectionId`, `creatorId`, `locale`, `num`, `notes`, `data`, `dateCreated`, `dateUpdated`, `uid`) VALUES ('132', '2', '1', '1', 'en_gb', '3', '', '{\"typeId\":\"1\",\"authorId\":null,\"title\":\"Homepage\",\"slug\":\"homepage\",\"postDate\":1409830139,\"expiryDate\":null,\"enabled\":1,\"fields\":{\"2\":\"\",\"14\":\"<p>We believe Christian fellowship is divinely brought about by God for the purpose of displaying and advancing His Kingdom on earth, as Christians love one another and submit to the lordship of Christ, they show a picture of the heavenly realities that are to come.<\\/p>\",\"62\":\"\",\"1\":\"Sign up now for Child Sponsorship\",\"16\":[\"59\"],\"17\":\"fill\",\"26\":\"http:\\/\\/www.bbc.co.uk\",\"23\":\"\",\"29\":\"_layout\"}}', '2014-09-18 11:23:59', '2014-09-18 11:23:59', 'b0b58d60-08fe-4b2c-9107-07a4f84fffa0');
INSERT INTO `di_entryversions` (`id`, `entryId`, `sectionId`, `creatorId`, `locale`, `num`, `notes`, `data`, `dateCreated`, `dateUpdated`, `uid`) VALUES ('134', '2', '1', '1', 'en_gb', '4', '', '{\"typeId\":\"1\",\"authorId\":null,\"title\":\"Homepage\",\"slug\":\"homepage\",\"postDate\":1409830139,\"expiryDate\":null,\"enabled\":1,\"fields\":{\"2\":\"\",\"14\":\"<p>We believe Christian fellowship is divinely brought about by God for the purpose of displaying and advancing His Kingdom on earth, as Christians love one another and submit to the lordship of Christ, they show a picture of the heavenly realities that are to come.<\\/p>\",\"62\":[\"61\"],\"1\":\"Sign up now for Child Sponsorship\",\"16\":[\"59\"],\"17\":\"fill\",\"26\":\"http:\\/\\/www.bbc.co.uk\",\"23\":\"\",\"29\":\"_layout\"}}', '2014-09-18 11:41:35', '2014-09-18 11:41:35', '1c6e7f9c-d24c-424b-aa58-f16a4d21d961');
INSERT INTO `di_entryversions` (`id`, `entryId`, `sectionId`, `creatorId`, `locale`, `num`, `notes`, `data`, `dateCreated`, `dateUpdated`, `uid`) VALUES ('136', '2', '1', '1', 'en_gb', '5', '', '{\"typeId\":\"1\",\"authorId\":null,\"title\":\"Homepage\",\"slug\":\"homepage\",\"postDate\":1409830139,\"expiryDate\":null,\"enabled\":1,\"fields\":{\"2\":\"\",\"14\":\"<p>We believe Christian fellowship is divinely brought about by God for the purpose of displaying and advancing His Kingdom on earth, as Christians love one another and submit to the lordship of Christ, they show a picture of the heavenly realities that are to come.<\\/p>\",\"62\":[\"61\"],\"1\":\"Hope. Help. Healing\",\"16\":[\"59\"],\"17\":\"fill\",\"26\":\"http:\\/\\/www.bbc.co.uk\",\"23\":\"\",\"29\":\"_layout\"}}', '2014-09-18 11:48:16', '2014-09-18 11:48:16', '14644eb5-c2d8-4b16-a3cb-67df975463f9');
INSERT INTO `di_entryversions` (`id`, `entryId`, `sectionId`, `creatorId`, `locale`, `num`, `notes`, `data`, `dateCreated`, `dateUpdated`, `uid`) VALUES ('137', '2', '1', '1', 'en_gb', '6', '', '{\"typeId\":\"1\",\"authorId\":null,\"title\":\"Homepage\",\"slug\":\"homepage\",\"postDate\":1409830139,\"expiryDate\":null,\"enabled\":1,\"fields\":{\"2\":\"\",\"14\":\"<p>We believe Christian fellowship is divinely brought about by God for the purpose of displaying and advancing His Kingdom on earth, as Christians love one another and submit to the lordship of Christ, they show a picture of the heavenly realities that are to come.<\\/p>\",\"62\":[\"61\"],\"1\":\"Hope. Help. Healing\",\"16\":[\"59\"],\"17\":\"fill\",\"26\":\"\",\"23\":\"\",\"29\":\"_layout\"}}', '2014-09-18 11:48:36', '2014-09-18 11:48:36', '4b7af38c-22cc-4ab4-9471-360d72f5ab36');
INSERT INTO `di_entryversions` (`id`, `entryId`, `sectionId`, `creatorId`, `locale`, `num`, `notes`, `data`, `dateCreated`, `dateUpdated`, `uid`) VALUES ('138', '2', '1', '1', 'en_gb', '7', '', '{\"typeId\":\"1\",\"authorId\":null,\"title\":\"Homepage\",\"slug\":\"homepage\",\"postDate\":1409830139,\"expiryDate\":null,\"enabled\":1,\"fields\":{\"2\":\"\",\"14\":\"<p>We believe Christian fellowship is divinely brought about by God for the purpose of displaying and advancing His Kingdom on earth, as Christians love one another and submit to the lordship of Christ, they show a picture of the heavenly realities that are to come.<\\/p>\",\"62\":[\"61\"],\"1\":\"Hope. Help. Healing\",\"16\":[\"18\"],\"17\":\"fill\",\"26\":\"\",\"23\":\"\",\"29\":\"_layout\"}}', '2014-09-18 11:53:26', '2014-09-18 11:53:26', '8ed9c6ab-ffd3-4f16-8109-068c3d5b7308');
INSERT INTO `di_entryversions` (`id`, `entryId`, `sectionId`, `creatorId`, `locale`, `num`, `notes`, `data`, `dateCreated`, `dateUpdated`, `uid`) VALUES ('139', '29', '7', '1', 'en_gb', '11', '', '{\"typeId\":\"7\",\"authorId\":\"1\",\"title\":\"Church\",\"slug\":\"church\",\"postDate\":1410771900,\"expiryDate\":null,\"enabled\":1,\"fields\":{\"2\":\"\",\"14\":\"\",\"15\":\"\",\"62\":[\"60\"],\"1\":\"Church at Stonebridge\",\"35\":\"\",\"28\":\"\",\"16\":\"\",\"17\":\"background\",\"26\":\"\",\"32\":\"\",\"34\":\"\",\"63\":\"a4d103\",\"53\":\"\",\"33\":\"\",\"23\":\"\",\"29\":\"_layout-church\"}}', '2014-09-18 12:12:03', '2014-09-18 12:12:03', '3609c46e-329c-4ad9-9517-19058884ea15');
INSERT INTO `di_entryversions` (`id`, `entryId`, `sectionId`, `creatorId`, `locale`, `num`, `notes`, `data`, `dateCreated`, `dateUpdated`, `uid`) VALUES ('141', '29', '7', '1', 'en_gb', '12', '', '{\"typeId\":\"7\",\"authorId\":\"1\",\"title\":\"Church\",\"slug\":\"church\",\"postDate\":1410771900,\"expiryDate\":null,\"enabled\":1,\"fields\":{\"2\":\"\",\"14\":\"\",\"15\":\"\",\"62\":[\"60\"],\"1\":\"Church at Stonebridge\",\"35\":\"\",\"28\":\"\",\"16\":\"\",\"17\":\"background\",\"26\":\"\",\"32\":\"\",\"34\":\"\",\"63\":\"a4d103\",\"53\":\"\",\"33\":\"\",\"23\":\"\",\"29\":\"_layout-church\"}}', '2014-09-18 12:24:30', '2014-09-18 12:24:30', 'e5bca63a-cbe2-41ac-9d8d-a20368e6ccc1');
INSERT INTO `di_entryversions` (`id`, `entryId`, `sectionId`, `creatorId`, `locale`, `num`, `notes`, `data`, `dateCreated`, `dateUpdated`, `uid`) VALUES ('142', '29', '7', '1', 'en_gb', '13', '', '{\"typeId\":\"7\",\"authorId\":\"1\",\"title\":\"Church\",\"slug\":\"church\",\"postDate\":1410771900,\"expiryDate\":null,\"enabled\":1,\"fields\":{\"2\":\"\",\"14\":\"\",\"15\":\"\",\"62\":[\"60\"],\"1\":\"Church at Stonebridge\",\"35\":\"\",\"28\":\"\",\"16\":\"\",\"17\":\"poster\",\"26\":\"\",\"32\":\"\",\"34\":\"\",\"63\":\"a4d103\",\"53\":\"\",\"33\":\"\",\"23\":\"\",\"29\":\"_layout-church\"}}', '2014-09-18 12:24:42', '2014-09-18 12:24:42', 'c1c8833a-bdad-4d97-b97d-3c249cbae331');
INSERT INTO `di_entryversions` (`id`, `entryId`, `sectionId`, `creatorId`, `locale`, `num`, `notes`, `data`, `dateCreated`, `dateUpdated`, `uid`) VALUES ('143', '29', '7', '1', 'en_gb', '14', '', '{\"typeId\":\"7\",\"authorId\":\"1\",\"title\":\"Church\",\"slug\":\"church\",\"postDate\":1410771900,\"expiryDate\":null,\"enabled\":1,\"fields\":{\"2\":\"\",\"14\":\"\",\"15\":\"\",\"62\":[\"60\"],\"1\":\"Grace Community Church\",\"35\":\"\",\"28\":\"\",\"16\":\"\",\"17\":\"poster\",\"26\":\"\",\"32\":\"\",\"34\":\"\",\"63\":\"a4d103\",\"53\":\"\",\"33\":\"\",\"23\":\"\",\"29\":\"_layout-church\"}}', '2014-09-18 12:25:50', '2014-09-18 12:25:50', 'ce03c64c-dfbb-4be6-8b8d-347aeea21c7a');
INSERT INTO `di_entryversions` (`id`, `entryId`, `sectionId`, `creatorId`, `locale`, `num`, `notes`, `data`, `dateCreated`, `dateUpdated`, `uid`) VALUES ('144', '29', '7', '1', 'en_gb', '15', '', '{\"typeId\":\"7\",\"authorId\":\"1\",\"title\":\"Church\",\"slug\":\"church\",\"postDate\":1410771900,\"expiryDate\":null,\"enabled\":1,\"fields\":{\"2\":\"\",\"14\":\"\",\"15\":\"\",\"62\":[\"60\"],\"1\":\"Grace Community Church\",\"35\":\"\",\"28\":\"\",\"16\":\"\",\"17\":\"poster\",\"26\":\"\",\"32\":\"\",\"34\":\"\",\"63\":\"ff5400\",\"53\":\"\",\"33\":\"\",\"23\":\"\",\"29\":\"_layout-church\"}}', '2014-09-18 13:04:29', '2014-09-18 13:04:29', '828e4764-6273-4801-a2b3-78849246a26d');
INSERT INTO `di_entryversions` (`id`, `entryId`, `sectionId`, `creatorId`, `locale`, `num`, `notes`, `data`, `dateCreated`, `dateUpdated`, `uid`) VALUES ('145', '29', '7', '1', 'en_gb', '16', '', '{\"typeId\":\"7\",\"authorId\":\"1\",\"title\":\"Church\",\"slug\":\"church\",\"postDate\":1410771900,\"expiryDate\":null,\"enabled\":1,\"fields\":{\"2\":\"\",\"14\":\"\",\"15\":\"\",\"62\":[\"60\"],\"1\":\"Grace Community Church\",\"35\":\"\",\"28\":\"\",\"16\":\"\",\"17\":\"poster\",\"26\":\"\",\"32\":\"\",\"34\":\"\",\"63\":\"610065\",\"53\":\"\",\"33\":\"\",\"23\":\"\",\"29\":\"_layout-church\"}}', '2014-09-18 13:04:47', '2014-09-18 13:04:47', 'f316eb56-7671-423a-9c38-b38aba79435e');
INSERT INTO `di_entryversions` (`id`, `entryId`, `sectionId`, `creatorId`, `locale`, `num`, `notes`, `data`, `dateCreated`, `dateUpdated`, `uid`) VALUES ('146', '29', '7', '1', 'en_gb', '17', '', '{\"typeId\":\"7\",\"authorId\":\"1\",\"title\":\"Church\",\"slug\":\"church\",\"postDate\":1410771900,\"expiryDate\":null,\"enabled\":1,\"fields\":{\"2\":\"\",\"14\":\"\",\"15\":\"\",\"62\":[\"60\"],\"1\":\"Grace Community Church\",\"35\":\"\",\"28\":\"\",\"16\":\"\",\"17\":\"fill\",\"26\":\"\",\"32\":\"\",\"34\":\"\",\"63\":\"a4d103\",\"53\":\"\",\"33\":\"\",\"23\":\"\",\"29\":\"_layout-church\"}}', '2014-09-18 13:05:10', '2014-09-18 13:05:10', '48e71536-4772-4e20-86fc-da9663d2aa74');
INSERT INTO `di_entryversions` (`id`, `entryId`, `sectionId`, `creatorId`, `locale`, `num`, `notes`, `data`, `dateCreated`, `dateUpdated`, `uid`) VALUES ('148', '22', '5', '1', 'en_gb', '3', '', '{\"typeId\":\"5\",\"authorId\":null,\"title\":\"Contact\",\"slug\":\"contact\",\"postDate\":1410181610,\"expiryDate\":null,\"enabled\":1,\"fields\":{\"14\":\"\",\"62\":\"\",\"1\":\"Contact\",\"16\":[\"61\"],\"17\":\"poster\",\"63\":\"9c243e\",\"23\":\"<p>Drop Inn Ministries, 171 Dobbin Rd,<br>Richhill\\r\\nCounty Armagh, UK, BT61 9LW<\\/p>\",\"29\":\"_layout\"}}', '2014-09-18 13:12:22', '2014-09-18 13:12:22', '9154c9e7-1152-4528-b94d-5490bcb9522f');
INSERT INTO `di_entryversions` (`id`, `entryId`, `sectionId`, `creatorId`, `locale`, `num`, `notes`, `data`, `dateCreated`, `dateUpdated`, `uid`) VALUES ('149', '22', '5', '1', 'en_gb', '4', '', '{\"typeId\":\"5\",\"authorId\":null,\"title\":\"Contact\",\"slug\":\"contact\",\"postDate\":1410181610,\"expiryDate\":null,\"enabled\":1,\"fields\":{\"14\":\"\",\"62\":[\"61\"],\"1\":\"Contact\",\"16\":\"\",\"17\":\"poster\",\"63\":\"9c243e\",\"23\":\"<p>Drop Inn Ministries, 171 Dobbin Rd,<br>Richhill\\r\\nCounty Armagh, UK, BT61 9LW<\\/p>\",\"29\":\"_layout\"}}', '2014-09-18 13:12:43', '2014-09-18 13:12:43', '057583ca-3683-491e-b0f3-60914bee6319');
INSERT INTO `di_entryversions` (`id`, `entryId`, `sectionId`, `creatorId`, `locale`, `num`, `notes`, `data`, `dateCreated`, `dateUpdated`, `uid`) VALUES ('150', '22', '5', '1', 'en_gb', '5', '', '{\"typeId\":\"5\",\"authorId\":null,\"title\":\"Contact\",\"slug\":\"contact\",\"postDate\":1410181610,\"expiryDate\":null,\"enabled\":1,\"fields\":{\"14\":\"\",\"62\":[\"61\"],\"1\":\"Contact\",\"16\":\"\",\"17\":\"background\",\"63\":\"9c243e\",\"23\":\"<p>Drop Inn Ministries, 171 Dobbin Rd,<br>Richhill\\r\\nCounty Armagh, UK, BT61 9LW<\\/p>\",\"29\":\"_layout\"}}', '2014-09-18 13:14:46', '2014-09-18 13:14:46', '09b34f12-04d3-4e65-8f98-7ec672a3e110');
INSERT INTO `di_entryversions` (`id`, `entryId`, `sectionId`, `creatorId`, `locale`, `num`, `notes`, `data`, `dateCreated`, `dateUpdated`, `uid`) VALUES ('151', '22', '5', '1', 'en_gb', '6', '', '{\"typeId\":\"5\",\"authorId\":null,\"title\":\"Contact\",\"slug\":\"contact\",\"postDate\":1410181610,\"expiryDate\":null,\"enabled\":1,\"fields\":{\"14\":\"\",\"62\":[\"61\"],\"1\":\"Contact\",\"16\":\"\",\"17\":\"poster\",\"63\":\"9c243e\",\"23\":\"<p>Drop Inn Ministries, 171 Dobbin Rd,<br>Richhill\\r\\nCounty Armagh, UK, BT61 9LW<\\/p>\",\"29\":\"_layout\"}}', '2014-09-18 13:15:18', '2014-09-18 13:15:18', 'f82d7ab1-77ba-4890-bda0-7653176fe6fc');
INSERT INTO `di_entryversions` (`id`, `entryId`, `sectionId`, `creatorId`, `locale`, `num`, `notes`, `data`, `dateCreated`, `dateUpdated`, `uid`) VALUES ('157', '2', '1', '1', 'en_gb', '8', '', '{\"typeId\":\"1\",\"authorId\":null,\"title\":\"Homepage\",\"slug\":\"homepage\",\"postDate\":1409830139,\"expiryDate\":null,\"enabled\":1,\"fields\":{\"2\":\"\",\"14\":\"<p>We believe Christian fellowship is divinely brought about by God for the purpose of displaying and advancing His Kingdom on earth, as Christians love one another and submit to the lordship of Christ, they show a picture of the heavenly realities that are to come.<\\/p>\",\"62\":[\"61\"],\"1\":\"Bringing hope, help and healing to a hurting world\",\"16\":[\"18\"],\"17\":\"fill\",\"26\":\"\",\"23\":\"\",\"29\":\"_layout\"}}', '2014-09-18 14:02:13', '2014-09-18 14:02:13', '69d3a218-ac06-4eb0-905b-1391a26a5995');
INSERT INTO `di_entryversions` (`id`, `entryId`, `sectionId`, `creatorId`, `locale`, `num`, `notes`, `data`, `dateCreated`, `dateUpdated`, `uid`) VALUES ('175', '29', '7', '1', 'en_gb', '18', '', '{\"typeId\":\"7\",\"authorId\":\"1\",\"title\":\"Church\",\"slug\":\"church\",\"postDate\":1410771900,\"expiryDate\":null,\"enabled\":1,\"fields\":{\"2\":\"\",\"14\":\"\",\"15\":\"\",\"62\":[\"60\"],\"1\":\"Grace Community Church\",\"35\":\"\",\"28\":\"\",\"16\":\"\",\"17\":\"fill\",\"26\":\"\",\"32\":\"\",\"34\":\"\",\"63\":\"a4d103\",\"53\":\"\",\"64\":[\"30\"],\"33\":\"\",\"23\":\"\",\"29\":\"_layout-church\"}}', '2014-09-18 15:24:17', '2014-09-18 15:24:17', 'df37c8f7-9b51-4618-9f39-de60adfef9a6');
INSERT INTO `di_entryversions` (`id`, `entryId`, `sectionId`, `creatorId`, `locale`, `num`, `notes`, `data`, `dateCreated`, `dateUpdated`, `uid`) VALUES ('177', '3', '2', '1', 'en_gb', '2', '', '{\"typeId\":\"2\",\"authorId\":\"1\",\"title\":\"We just installed Craft!\",\"slug\":\"we-just-installed-craft\",\"postDate\":1409830080,\"expiryDate\":null,\"enabled\":1,\"fields\":{\"44\":\"\",\"2\":\"\",\"14\":\"<p>Kaleta and Thomas grow maize, beans, cassava and potatoes on their farm land. Receiving a joint land certificate has given them security and peace of mind. Thomas tells us \\\"By having the cert, I know the land is ours and I am free from worry for the future.\\\" Now they own the land, cultivate and provide food for their children.<\\/p>\",\"15\":[\"6\",\"7\"],\"62\":\"\",\"1\":\"\",\"28\":\"\",\"16\":[\"59\"],\"17\":\"photo\",\"32\":\"\",\"34\":\"\",\"63\":\"none\",\"23\":\"\",\"29\":\"_layout\"}}', '2014-09-18 16:08:14', '2014-09-18 16:08:14', '5368917a-e4cd-489b-a68b-0b4f843b4ff1');
INSERT INTO `di_entryversions` (`id`, `entryId`, `sectionId`, `creatorId`, `locale`, `num`, `notes`, `data`, `dateCreated`, `dateUpdated`, `uid`) VALUES ('217', '2', '1', '1', 'en_gb', '9', '', '{\"typeId\":\"1\",\"authorId\":null,\"title\":\"Homepage\",\"slug\":\"homepage\",\"postDate\":1409830139,\"expiryDate\":null,\"enabled\":1,\"fields\":{\"2\":\"\",\"14\":\"<p>We believe Christian fellowship is divinely brought about by God for the purpose of displaying and advancing His Kingdom on earth, as Christians love one another and submit to the lordship of Christ, they show a picture of the heavenly realities that are to come.<\\/p>\",\"62\":[\"61\"],\"1\":\" \",\"16\":[\"18\"],\"17\":\"fill\",\"26\":\"\",\"23\":\"<p>Bringing hope, help and healing<br>to a hurting world<\\/p>\",\"29\":\"_layout\"}}', '2014-09-22 11:47:45', '2014-09-22 11:47:45', '19bf0380-22f4-4bb1-b1e4-aace74a45e47');
INSERT INTO `di_entryversions` (`id`, `entryId`, `sectionId`, `creatorId`, `locale`, `num`, `notes`, `data`, `dateCreated`, `dateUpdated`, `uid`) VALUES ('218', '2', '1', '1', 'en_gb', '10', '', '{\"typeId\":\"1\",\"authorId\":null,\"title\":\"Homepage\",\"slug\":\"homepage\",\"postDate\":1409830139,\"expiryDate\":null,\"enabled\":1,\"fields\":{\"2\":\"\",\"14\":\"<p>We believe Christian fellowship is divinely brought about by God for the purpose of displaying and advancing His Kingdom on earth, as Christians love one another and submit to the lordship of Christ, they show a picture of the heavenly realities that are to come.<\\/p>\",\"62\":[\"61\"],\"1\":\" \",\"16\":[\"18\"],\"17\":\"fill\",\"26\":\"\",\"23\":\"<p>Bringing hope, help and healing<br>to a hurting world<\\/p>\",\"29\":\"_layout\"}}', '2014-09-22 11:51:16', '2014-09-22 11:51:16', 'b6f6c5ba-77b3-4af9-831d-c9176d982cf3');
INSERT INTO `di_entryversions` (`id`, `entryId`, `sectionId`, `creatorId`, `locale`, `num`, `notes`, `data`, `dateCreated`, `dateUpdated`, `uid`) VALUES ('219', '2', '1', '1', 'en_gb', '11', '', '{\"typeId\":\"1\",\"authorId\":null,\"title\":\"Homepage\",\"slug\":\"homepage\",\"postDate\":1409830139,\"expiryDate\":null,\"enabled\":1,\"fields\":{\"2\":\"\",\"14\":\"<p>We believe Christian fellowship is divinely brought about by God for the purpose of displaying and advancing His Kingdom on earth, as Christians love one another and submit to the lordship of Christ, they show a picture of the heavenly realities that are to come.<\\/p>\",\"62\":[\"61\"],\"1\":\"\",\"16\":[\"18\"],\"17\":\"fill\",\"26\":\"\",\"23\":\"<p>Bringing hope, help and healing<br>to a hurting world<\\/p>\",\"29\":\"_layout\"}}', '2014-09-22 12:08:49', '2014-09-22 12:08:49', '290474b7-3d19-4841-8afe-930245859b29');
INSERT INTO `di_entryversions` (`id`, `entryId`, `sectionId`, `creatorId`, `locale`, `num`, `notes`, `data`, `dateCreated`, `dateUpdated`, `uid`) VALUES ('250', '22', '5', '1', 'en_gb', '7', '', '{\"typeId\":\"5\",\"authorId\":null,\"title\":\"Contact\",\"slug\":\"contact\",\"postDate\":1410181610,\"expiryDate\":null,\"enabled\":1,\"fields\":{\"14\":\"\",\"62\":[\"61\"],\"1\":\"Contact\",\"16\":\"\",\"17\":\"none\",\"63\":\"9c243e\",\"23\":\"<p>Drop Inn Ministries, 171 Dobbin Rd,<br>Richhill\\r\\nCounty Armagh, UK, BT61 9LW<\\/p>\",\"29\":\"_layout\"}}', '2014-09-23 14:22:23', '2014-09-23 14:22:23', '10dec4a2-cf29-4833-88a3-b9e0a2007c64');
INSERT INTO `di_entryversions` (`id`, `entryId`, `sectionId`, `creatorId`, `locale`, `num`, `notes`, `data`, `dateCreated`, `dateUpdated`, `uid`) VALUES ('253', '29', '7', '1', 'en_gb', '19', '', '{\"typeId\":\"7\",\"authorId\":\"1\",\"title\":\"Church\",\"slug\":\"church\",\"postDate\":1410771900,\"expiryDate\":null,\"enabled\":1,\"fields\":{\"2\":\"\",\"14\":\"\",\"15\":\"\",\"62\":[\"60\"],\"1\":\"Grace Community Church\",\"35\":\"\",\"28\":\"\",\"16\":\"\",\"17\":\"fill\",\"26\":\"\",\"32\":\"\",\"34\":\"\",\"85\":\"\",\"63\":\"84A902\",\"53\":\"\",\"64\":[\"30\"],\"33\":\"\",\"23\":\"\",\"3\":\"\",\"29\":\"_layout-church\"}}', '2014-09-23 15:02:06', '2014-09-23 15:02:06', 'e7531c77-3b2a-475d-ae6c-2b2214e810fc');
INSERT INTO `di_entryversions` (`id`, `entryId`, `sectionId`, `creatorId`, `locale`, `num`, `notes`, `data`, `dateCreated`, `dateUpdated`, `uid`) VALUES ('254', '2', '1', '1', 'en_gb', '12', '', '{\"typeId\":\"1\",\"authorId\":null,\"title\":\"Homepage\",\"slug\":\"homepage\",\"postDate\":1409830139,\"expiryDate\":null,\"enabled\":1,\"fields\":{\"2\":\"\",\"14\":\"<p>We believe Christian fellowship is divinely brought about by God for the purpose of displaying and advancing His Kingdom on earth, as Christians love one another and submit to the lordship of Christ, they show a picture of the heavenly realities that are to come.<\\/p>\",\"62\":[\"61\"],\"1\":\"\",\"35\":{\"new1\":{\"type\":\"categoryIndex\",\"enabled\":\"1\",\"fields\":{\"sectionTitle\":\"\",\"sectionStyle\":\"divider\",\"entries\":[\"events\"],\"countryCategory\":\"\",\"locationCategory\":\"\",\"ministryCategory\":\"\",\"personCategory\":\"\",\"productCategory\":\"\",\"roleCategory\":\"\"}}},\"65\":\"\",\"16\":[\"18\"],\"17\":\"fill\",\"26\":\"\",\"85\":\"\",\"63\":\"none\",\"23\":\"<p>Bringing hope, help and healing<br>to a hurting world<\\/p>\",\"29\":\"_layout\"}}', '2014-09-23 16:12:20', '2014-09-23 16:12:20', 'c1f70bb4-7324-4f26-9606-17c470571046');
INSERT INTO `di_entryversions` (`id`, `entryId`, `sectionId`, `creatorId`, `locale`, `num`, `notes`, `data`, `dateCreated`, `dateUpdated`, `uid`) VALUES ('255', '2', '1', '1', 'en_gb', '13', '', '{\"typeId\":\"1\",\"authorId\":null,\"title\":\"Homepage\",\"slug\":\"homepage\",\"postDate\":1409830139,\"expiryDate\":null,\"enabled\":1,\"fields\":{\"2\":\"\",\"14\":\"<p>We believe Christian fellowship is divinely brought about by God for the purpose of displaying and advancing His Kingdom on earth, as Christians love one another and submit to the lordship of Christ, they show a picture of the heavenly realities that are to come.<\\/p>\",\"62\":[\"61\"],\"1\":\"\",\"35\":{\"107\":{\"type\":\"categoryIndex\",\"enabled\":\"1\",\"fields\":{\"sectionTitle\":\"\",\"sectionStyle\":\"divider\",\"entries\":[\"events\"],\"countryCategory\":\"\",\"locationCategory\":\"\",\"ministryCategory\":[\"42\"],\"personCategory\":\"\",\"productCategory\":\"\",\"roleCategory\":\"\"}}},\"65\":\"\",\"16\":[\"18\"],\"17\":\"fill\",\"26\":\"\",\"85\":\"\",\"63\":\"none\",\"23\":\"<p>Bringing hope, help and healing<br>to a hurting world<\\/p>\",\"29\":\"_layout\"}}', '2014-09-23 16:12:55', '2014-09-23 16:12:55', '64a938e9-d731-4a6c-8427-15bd6ff7b044');
INSERT INTO `di_entryversions` (`id`, `entryId`, `sectionId`, `creatorId`, `locale`, `num`, `notes`, `data`, `dateCreated`, `dateUpdated`, `uid`) VALUES ('256', '2', '1', '1', 'en_gb', '14', '', '{\"typeId\":\"1\",\"authorId\":null,\"title\":\"Homepage\",\"slug\":\"homepage\",\"postDate\":1409830139,\"expiryDate\":null,\"enabled\":1,\"fields\":{\"2\":\"\",\"14\":\"<p>We believe Christian fellowship is divinely brought about by God for the purpose of displaying and advancing His Kingdom on earth, as Christians love one another and submit to the lordship of Christ, they show a picture of the heavenly realities that are to come.<\\/p>\",\"62\":[\"61\"],\"1\":\"\",\"35\":{\"107\":{\"type\":\"categoryIndex\",\"enabled\":\"1\",\"fields\":{\"sectionTitle\":\"\",\"sectionStyle\":\"divider\",\"entries\":[\"events\"],\"countryCategory\":\"\",\"locationCategory\":\"\",\"ministryCategory\":[\"42\"],\"personCategory\":\"\",\"productCategory\":\"\",\"roleCategory\":\"\"}}},\"65\":\"\",\"16\":\"\",\"17\":\"fill\",\"26\":\"\",\"85\":\"\",\"63\":\"9c243e\",\"23\":\"<p>Bringing hope, help and healing<br>to a hurting world<\\/p>\",\"29\":\"_layout\"}}', '2014-09-23 16:14:08', '2014-09-23 16:14:08', 'd685b17b-fac6-420d-850f-aff78d6d6b03');
INSERT INTO `di_entryversions` (`id`, `entryId`, `sectionId`, `creatorId`, `locale`, `num`, `notes`, `data`, `dateCreated`, `dateUpdated`, `uid`) VALUES ('257', '2', '1', '1', 'en_gb', '15', '', '{\"typeId\":\"1\",\"authorId\":null,\"title\":\"Homepage\",\"slug\":\"homepage\",\"postDate\":1409830139,\"expiryDate\":null,\"enabled\":1,\"fields\":{\"2\":\"\",\"14\":\"<p>We believe Christian fellowship is divinely brought about by God for the purpose of displaying and advancing His Kingdom on earth, as Christians love one another and submit to the lordship of Christ, they show a picture of the heavenly realities that are to come.<\\/p>\",\"62\":[\"61\"],\"1\":\"\",\"35\":{\"107\":{\"type\":\"categoryIndex\",\"enabled\":\"1\",\"fields\":{\"sectionTitle\":\"\",\"sectionStyle\":\"divider\",\"entries\":[\"events\"],\"countryCategory\":\"\",\"locationCategory\":\"\",\"ministryCategory\":[\"38\",\"41\",\"42\"],\"personCategory\":\"\",\"productCategory\":\"\",\"roleCategory\":\"\"}}},\"65\":\"\",\"16\":\"\",\"17\":\"fill\",\"26\":\"\",\"85\":\"\",\"63\":\"9c243e\",\"23\":\"<p>Bringing hope, help and healing<br>to a hurting world<\\/p>\",\"29\":\"_layout\"}}', '2014-09-23 16:15:53', '2014-09-23 16:15:53', '8358e09f-fc94-494c-837e-3c8221765ce1');
INSERT INTO `di_entryversions` (`id`, `entryId`, `sectionId`, `creatorId`, `locale`, `num`, `notes`, `data`, `dateCreated`, `dateUpdated`, `uid`) VALUES ('258', '2', '1', '1', 'en_gb', '16', '', '{\"typeId\":\"1\",\"authorId\":null,\"title\":\"Homepage\",\"slug\":\"homepage\",\"postDate\":1409830139,\"expiryDate\":null,\"enabled\":1,\"fields\":{\"2\":\"\",\"14\":\"<p>We believe Christian fellowship is divinely brought about by God for the purpose of displaying and advancing His Kingdom on earth, as Christians love one another and submit to the lordship of Christ, they show a picture of the heavenly realities that are to come.<\\/p>\",\"62\":[\"61\"],\"1\":\"\",\"35\":{\"107\":{\"type\":\"categoryIndex\",\"enabled\":\"1\",\"fields\":{\"sectionTitle\":\"Coming Events\",\"sectionStyle\":\"shade\",\"entries\":[\"events\"],\"countryCategory\":\"\",\"locationCategory\":\"\",\"ministryCategory\":[\"38\",\"41\",\"42\"],\"personCategory\":\"\",\"productCategory\":\"\",\"roleCategory\":\"\"}}},\"65\":\"\",\"16\":\"\",\"17\":\"fill\",\"26\":\"\",\"85\":\"\",\"63\":\"9c243e\",\"23\":\"<p>Bringing hope, help and healing<br>to a hurting world<\\/p>\",\"29\":\"_layout\"}}', '2014-09-23 16:16:16', '2014-09-23 16:16:16', 'b63a2794-2e8d-47bb-a364-9583b5ab400f');
INSERT INTO `di_entryversions` (`id`, `entryId`, `sectionId`, `creatorId`, `locale`, `num`, `notes`, `data`, `dateCreated`, `dateUpdated`, `uid`) VALUES ('259', '2', '1', '1', 'en_gb', '17', '', '{\"typeId\":\"1\",\"authorId\":null,\"title\":\"Homepage\",\"slug\":\"homepage\",\"postDate\":1409830139,\"expiryDate\":null,\"enabled\":1,\"fields\":{\"2\":\"\",\"14\":\"<p>We believe Christian fellowship is divinely brought about by God for the purpose of displaying and advancing His Kingdom on earth, as Christians love one another and submit to the lordship of Christ, they show a picture of the heavenly realities that are to come.<\\/p>\",\"62\":[\"61\"],\"1\":\"\",\"35\":{\"107\":{\"type\":\"categoryIndex\",\"enabled\":\"1\",\"fields\":{\"sectionTitle\":\"Coming Events\",\"sectionStyle\":\"shade\",\"entries\":[\"events\"],\"countryCategory\":\"\",\"locationCategory\":\"\",\"ministryCategory\":[\"38\",\"41\",\"42\"],\"personCategory\":\"\",\"productCategory\":\"\",\"roleCategory\":\"\"}}},\"65\":\"\",\"16\":\"\",\"17\":\"poster\",\"26\":\"\",\"85\":\"\",\"63\":\"9c243e\",\"23\":\"<p>Bringing hope, help and healing<br>to a hurting world<\\/p>\",\"29\":\"_layout\"}}', '2014-09-23 16:16:43', '2014-09-23 16:16:43', 'e44ef7ba-3337-4662-97a1-30eb219a52b7');
INSERT INTO `di_entryversions` (`id`, `entryId`, `sectionId`, `creatorId`, `locale`, `num`, `notes`, `data`, `dateCreated`, `dateUpdated`, `uid`) VALUES ('260', '2', '1', '1', 'en_gb', '18', '', '{\"typeId\":\"1\",\"authorId\":null,\"title\":\"Homepage\",\"slug\":\"homepage\",\"postDate\":1409830139,\"expiryDate\":null,\"enabled\":1,\"fields\":{\"2\":\"\",\"14\":\"<p>We believe Christian fellowship is divinely brought about by God for the purpose of displaying and advancing His Kingdom on earth, as Christians love one another and submit to the lordship of Christ, they show a picture of the heavenly realities that are to come.<\\/p>\",\"62\":[\"61\"],\"1\":\"\",\"35\":{\"107\":{\"type\":\"categoryIndex\",\"enabled\":\"1\",\"fields\":{\"sectionTitle\":\"Coming Events\",\"sectionStyle\":\"\",\"entries\":[\"events\"],\"countryCategory\":\"\",\"locationCategory\":\"\",\"ministryCategory\":[\"38\",\"41\",\"42\"],\"personCategory\":\"\",\"productCategory\":\"\",\"roleCategory\":\"\"}}},\"65\":\"\",\"16\":\"\",\"17\":\"poster\",\"26\":\"\",\"85\":\"\",\"63\":\"9c243e\",\"23\":\"<p>Bringing hope, help and healing<br>to a hurting world<\\/p>\",\"29\":\"_layout\"}}', '2014-09-23 16:17:15', '2014-09-23 16:17:15', '88d3a8c7-8984-4014-8086-99956e5d89d8');
INSERT INTO `di_entryversions` (`id`, `entryId`, `sectionId`, `creatorId`, `locale`, `num`, `notes`, `data`, `dateCreated`, `dateUpdated`, `uid`) VALUES ('261', '2', '1', '1', 'en_gb', '19', '', '{\"typeId\":\"1\",\"authorId\":null,\"title\":\"Homepage\",\"slug\":\"homepage\",\"postDate\":1409830139,\"expiryDate\":null,\"enabled\":1,\"fields\":{\"2\":\"\",\"14\":\"<p>We believe Christian fellowship is divinely brought about by God for the purpose of displaying and advancing His Kingdom on earth, as Christians love one another and submit to the lordship of Christ, they show a picture of the heavenly realities that are to come.<\\/p>\",\"62\":[\"61\"],\"1\":\"\",\"35\":{\"107\":{\"type\":\"categoryIndex\",\"enabled\":\"1\",\"fields\":{\"sectionTitle\":\"Coming Events\",\"sectionStyle\":\"\",\"entries\":[\"events\"],\"countryCategory\":\"\",\"locationCategory\":\"\",\"ministryCategory\":[\"38\",\"41\",\"42\"],\"personCategory\":\"\",\"productCategory\":\"\",\"roleCategory\":\"\"}}},\"65\":\"\",\"16\":\"\",\"17\":\"poster\",\"26\":\"\",\"85\":\"\",\"63\":\"9c243e\",\"23\":\"<p>Bringing hope, help and healing<br>to a hurting world<\\/p>\",\"29\":\"_layout\"}}', '2014-09-23 16:17:36', '2014-09-23 16:17:36', 'ae0caebb-b05c-4bd9-a582-bc38ae381b97');
INSERT INTO `di_entryversions` (`id`, `entryId`, `sectionId`, `creatorId`, `locale`, `num`, `notes`, `data`, `dateCreated`, `dateUpdated`, `uid`) VALUES ('262', '2', '1', '1', 'en_gb', '20', '', '{\"typeId\":\"1\",\"authorId\":null,\"title\":\"Homepage\",\"slug\":\"homepage\",\"postDate\":1409830139,\"expiryDate\":null,\"enabled\":1,\"fields\":{\"2\":\"\",\"14\":\"<p>We believe Christian fellowship is divinely brought about by God for the purpose of displaying and advancing His Kingdom on earth, as Christians love one another and submit to the lordship of Christ, they show a picture of the heavenly realities that are to come.<\\/p>\",\"62\":[\"61\"],\"1\":\"\",\"35\":{\"107\":{\"type\":\"categoryIndex\",\"enabled\":\"1\",\"fields\":{\"sectionTitle\":\"Coming Events\",\"sectionStyle\":\"\",\"entries\":[\"events\"],\"countryCategory\":\"\",\"locationCategory\":\"\",\"ministryCategory\":[\"38\",\"41\",\"42\"],\"personCategory\":\"\",\"productCategory\":\"\",\"roleCategory\":\"\"}}},\"65\":\"\",\"16\":\"\",\"17\":\"poster\",\"26\":\"\",\"85\":\"\",\"63\":\"9c243e\",\"23\":\"<p>Bringing hope, help and healing<br>to a hurting world<\\/p>\",\"29\":\"_layout\"}}', '2014-09-23 16:18:36', '2014-09-23 16:18:36', 'd7a794bf-3445-453b-b81d-0628e2864e46');
INSERT INTO `di_entryversions` (`id`, `entryId`, `sectionId`, `creatorId`, `locale`, `num`, `notes`, `data`, `dateCreated`, `dateUpdated`, `uid`) VALUES ('263', '2', '1', '1', 'en_gb', '21', '', '{\"typeId\":\"1\",\"authorId\":null,\"title\":\"Homepage\",\"slug\":\"homepage\",\"postDate\":1409830139,\"expiryDate\":null,\"enabled\":1,\"fields\":{\"2\":\"\",\"14\":\"<p>We believe Christian fellowship is divinely brought about by God for the purpose of displaying and advancing His Kingdom on earth, as Christians love one another and submit to the lordship of Christ, they show a picture of the heavenly realities that are to come.<\\/p>\",\"62\":[\"61\"],\"1\":\"\",\"35\":{\"107\":{\"type\":\"categoryIndex\",\"enabled\":\"1\",\"fields\":{\"sectionTitle\":\"Coming Events\",\"sectionStyle\":\"tint\",\"entries\":[\"events\"],\"countryCategory\":\"\",\"locationCategory\":\"\",\"ministryCategory\":[\"38\",\"41\",\"42\"],\"personCategory\":\"\",\"productCategory\":\"\",\"roleCategory\":\"\"}}},\"65\":\"\",\"16\":\"\",\"17\":\"poster\",\"26\":\"\",\"85\":\"\",\"63\":\"9c243e\",\"23\":\"<p>Bringing hope, help and healing<br>to a hurting world<\\/p>\",\"29\":\"_layout\"}}', '2014-09-23 16:18:48', '2014-09-23 16:18:48', '5bf82f7c-c5bd-4ade-bef7-7240d53ad47f');
INSERT INTO `di_entryversions` (`id`, `entryId`, `sectionId`, `creatorId`, `locale`, `num`, `notes`, `data`, `dateCreated`, `dateUpdated`, `uid`) VALUES ('264', '2', '1', '1', 'en_gb', '22', '', '{\"typeId\":\"1\",\"authorId\":null,\"title\":\"Homepage\",\"slug\":\"homepage\",\"postDate\":1409830139,\"expiryDate\":null,\"enabled\":1,\"fields\":{\"2\":\"\",\"14\":\"<p>We believe Christian fellowship is divinely brought about by God for the purpose of displaying and advancing His Kingdom on earth, as Christians love one another and submit to the lordship of Christ, they show a picture of the heavenly realities that are to come.<\\/p>\",\"62\":[\"61\"],\"1\":\"\",\"35\":{\"107\":{\"type\":\"categoryIndex\",\"enabled\":\"1\",\"fields\":{\"sectionTitle\":\"Coming Events\",\"sectionStyle\":\"shade\",\"entries\":[\"events\"],\"countryCategory\":\"\",\"locationCategory\":\"\",\"ministryCategory\":[\"38\",\"41\",\"42\"],\"personCategory\":\"\",\"productCategory\":\"\",\"roleCategory\":\"\"}}},\"65\":\"\",\"16\":\"\",\"17\":\"poster\",\"26\":\"\",\"85\":\"\",\"63\":\"9c243e\",\"23\":\"<p>Bringing hope, help and healing<br>to a hurting world<\\/p>\",\"29\":\"_layout\"}}', '2014-09-23 16:19:04', '2014-09-23 16:19:04', '7ad99f25-a53f-41cc-83c1-e855ff400e13');
INSERT INTO `di_entryversions` (`id`, `entryId`, `sectionId`, `creatorId`, `locale`, `num`, `notes`, `data`, `dateCreated`, `dateUpdated`, `uid`) VALUES ('270', '2', '1', '1', 'en_gb', '23', '', '{\"typeId\":\"1\",\"authorId\":null,\"title\":\"Homepage\",\"slug\":\"homepage\",\"postDate\":1409830139,\"expiryDate\":null,\"enabled\":1,\"fields\":{\"2\":\"\",\"14\":\"<p>We believe Christian fellowship is divinely brought about by God for the purpose of displaying and advancing His Kingdom on earth, as Christians love one another and submit to the lordship of Christ, they show a picture of the heavenly realities that are to come.<\\/p>\",\"62\":[\"61\"],\"1\":\"\",\"35\":{\"107\":{\"type\":\"categoryIndex\",\"enabled\":\"1\",\"fields\":{\"sectionTitle\":\"Coming Events\",\"sectionStyle\":\"shade\",\"entries\":[\"events\"],\"countryCategory\":\"\",\"locationCategory\":\"\",\"ministryCategory\":[\"38\",\"41\",\"42\"],\"personCategory\":\"\",\"productCategory\":\"\",\"roleCategory\":\"\"}}},\"65\":\"\",\"16\":\"\",\"17\":\"background\",\"26\":\"\",\"85\":\"\",\"63\":\"9c243e\",\"23\":\"<p>Bringing hope, help and healing<br>to a hurting world<\\/p>\",\"29\":\"_layout\"}}', '2014-09-24 08:34:39', '2014-09-24 08:34:39', 'c0d2d147-4c52-47ae-a92a-e196e4fdddab');
INSERT INTO `di_entryversions` (`id`, `entryId`, `sectionId`, `creatorId`, `locale`, `num`, `notes`, `data`, `dateCreated`, `dateUpdated`, `uid`) VALUES ('271', '2', '1', '1', 'en_gb', '24', '', '{\"typeId\":\"1\",\"authorId\":null,\"title\":\"Homepage\",\"slug\":\"homepage\",\"postDate\":1409830139,\"expiryDate\":null,\"enabled\":1,\"fields\":{\"2\":\"\",\"14\":\"<p>We believe Christian fellowship is divinely brought about by God for the purpose of displaying and advancing His Kingdom on earth, as Christians love one another and submit to the lordship of Christ, they show a picture of the heavenly realities that are to come.<\\/p>\",\"62\":[\"61\"],\"1\":\"\",\"35\":{\"107\":{\"type\":\"categoryIndex\",\"enabled\":\"1\",\"fields\":{\"sectionTitle\":\"Coming Events\",\"sectionStyle\":\"shade\",\"entries\":[\"events\"],\"countryCategory\":\"\",\"locationCategory\":\"\",\"ministryCategory\":[\"38\",\"41\",\"42\"],\"personCategory\":\"\",\"productCategory\":\"\",\"roleCategory\":\"\"}}},\"65\":\"\",\"16\":\"\",\"17\":\"fill\",\"26\":\"\",\"85\":\"\",\"63\":\"9c243e\",\"23\":\"<p>Bringing hope, help and healing<br>to a hurting world<\\/p>\",\"29\":\"_layout\"}}', '2014-09-24 08:35:02', '2014-09-24 08:35:02', '8ff854ff-8400-4fcf-93ff-d983d243d0bf');
INSERT INTO `di_entryversions` (`id`, `entryId`, `sectionId`, `creatorId`, `locale`, `num`, `notes`, `data`, `dateCreated`, `dateUpdated`, `uid`) VALUES ('299', '29', '7', '1', 'en_gb', '20', '', '{\"typeId\":\"7\",\"authorId\":\"1\",\"title\":\"Church\",\"slug\":\"church\",\"postDate\":1410771900,\"expiryDate\":null,\"enabled\":1,\"fields\":{\"2\":\"\",\"14\":\"\",\"15\":\"\",\"62\":[\"60\"],\"1\":\"Grace Community Church\",\"35\":\"\",\"28\":\"\",\"16\":\"\",\"17\":\"fill\",\"26\":\"\",\"32\":\"\",\"34\":\"\",\"85\":\"\",\"63\":\"84A902\",\"53\":\"\",\"64\":\"\",\"33\":\"\",\"23\":\"\",\"3\":\"\",\"29\":\"_layout-church\"}}', '2014-09-25 12:34:10', '2014-09-25 12:34:10', '25a71be9-a010-4d5f-92c3-9d1bd420e76c');
INSERT INTO `di_entryversions` (`id`, `entryId`, `sectionId`, `creatorId`, `locale`, `num`, `notes`, `data`, `dateCreated`, `dateUpdated`, `uid`) VALUES ('300', '3', '2', '1', 'en_gb', '3', '', '{\"typeId\":\"2\",\"authorId\":\"1\",\"title\":\"We just installed Craft!\",\"slug\":\"we-just-installed-craft\",\"postDate\":1409830080,\"expiryDate\":null,\"enabled\":1,\"fields\":{\"2\":\"\",\"14\":\"<p>Kaleta and Thomas grow maize, beans, cassava and potatoes on their farm land. Receiving a joint land certificate has given them security and peace of mind. Thomas tells us \\\"By having the cert, I know the land is ours and I am free from worry for the future.\\\" Now they own the land, cultivate and provide food for their children.<\\/p>\",\"15\":\"\",\"62\":\"\",\"1\":\"\",\"35\":\"\",\"28\":\"\",\"16\":[\"21\"],\"17\":\"photo\",\"32\":\"\",\"34\":\"\",\"85\":\"\",\"63\":\"none\",\"23\":\"\",\"3\":\"\",\"29\":\"_layout\"}}', '2014-09-25 12:39:55', '2014-09-25 12:39:55', '127b245c-0934-4921-8b69-a96bbac34696');



--
-- Schema for table `di_fieldgroups`
--

DROP TABLE IF EXISTS `di_fieldgroups`;

CREATE TABLE `di_fieldgroups` (
  `id` int(11) NOT NULL AUTO_INCREMENT,
  `name` varchar(255) COLLATE utf8_unicode_ci NOT NULL,
  `dateCreated` datetime NOT NULL,
  `dateUpdated` datetime NOT NULL,
  `uid` char(36) COLLATE utf8_unicode_ci NOT NULL DEFAULT '0',
  PRIMARY KEY (`id`),
  UNIQUE KEY `di_fieldgroups_name_unq_idx` (`name`)
) ENGINE=InnoDB AUTO_INCREMENT=12 DEFAULT CHARSET=utf8 COLLATE=utf8_unicode_ci;

--
-- Data for table `di_fieldgroups`
--

INSERT INTO `di_fieldgroups` (`id`, `name`, `dateCreated`, `dateUpdated`, `uid`) VALUES ('1', 'Tags Categories', '2014-09-04 11:28:59', '2014-09-08 13:09:39', '4c2861d8-6b67-40ff-aac9-cdfcc239ac5d');
INSERT INTO `di_fieldgroups` (`id`, `name`, `dateCreated`, `dateUpdated`, `uid`) VALUES ('2', 'Article Body', '2014-09-08 12:59:30', '2014-09-08 13:09:55', '1b16e6e6-634d-43b4-b27c-71998cd50a6a');
INSERT INTO `di_fieldgroups` (`id`, `name`, `dateCreated`, `dateUpdated`, `uid`) VALUES ('3', 'Summary', '2014-09-08 13:07:49', '2014-09-08 13:07:49', '834f7ba8-573f-467c-8e71-ab9d35c35951');
INSERT INTO `di_fieldgroups` (`id`, `name`, `dateCreated`, `dateUpdated`, `uid`) VALUES ('4', 'Lead Image', '2014-09-08 13:08:39', '2014-09-08 13:08:39', '3dcd44e8-7f71-4319-8b80-6029cbd6a2df');
INSERT INTO `di_fieldgroups` (`id`, `name`, `dateCreated`, `dateUpdated`, `uid`) VALUES ('6', 'Event', '2014-09-15 10:17:16', '2014-09-15 10:17:16', '299d0516-a454-4528-bfe9-4c06915c916f');
INSERT INTO `di_fieldgroups` (`id`, `name`, `dateCreated`, `dateUpdated`, `uid`) VALUES ('7', 'Index', '2014-09-15 13:26:10', '2014-09-15 13:26:10', 'cf493c15-1cd4-41a7-bcad-a415bb31d383');
INSERT INTO `di_fieldgroups` (`id`, `name`, `dateCreated`, `dateUpdated`, `uid`) VALUES ('8', 'Location', '2014-09-16 15:58:39', '2014-09-16 15:58:39', 'ccd03553-abcd-402d-b8e2-485a105870d9');
INSERT INTO `di_fieldgroups` (`id`, `name`, `dateCreated`, `dateUpdated`, `uid`) VALUES ('9', 'Product', '2014-09-17 09:57:15', '2014-09-17 09:57:15', 'a5af3c2f-38e7-499f-b03a-ed7878c24b3e');
INSERT INTO `di_fieldgroups` (`id`, `name`, `dateCreated`, `dateUpdated`, `uid`) VALUES ('10', 'Name', '2014-09-25 10:27:11', '2014-09-25 10:27:11', '68b066ee-9bc1-45f9-b652-c26ae32944d5');
INSERT INTO `di_fieldgroups` (`id`, `name`, `dateCreated`, `dateUpdated`, `uid`) VALUES ('11', 'Page Options', '2014-09-25 10:28:35', '2014-09-25 10:28:35', '68343ffd-e6ac-4ca7-88e4-69ccf17cf115');



--
-- Schema for table `di_fieldlayoutfields`
--

DROP TABLE IF EXISTS `di_fieldlayoutfields`;

CREATE TABLE `di_fieldlayoutfields` (
  `id` int(11) NOT NULL AUTO_INCREMENT,
  `layoutId` int(11) NOT NULL,
  `tabId` int(11) DEFAULT NULL,
  `fieldId` int(11) NOT NULL,
  `required` tinyint(1) unsigned NOT NULL DEFAULT '0',
  `sortOrder` tinyint(4) DEFAULT NULL,
  `dateCreated` datetime NOT NULL,
  `dateUpdated` datetime NOT NULL,
  `uid` char(36) COLLATE utf8_unicode_ci NOT NULL DEFAULT '0',
  PRIMARY KEY (`id`),
  UNIQUE KEY `di_fieldlayoutfields_layoutId_fieldId_unq_idx` (`layoutId`,`fieldId`),
  KEY `di_fieldlayoutfields_sortOrder_idx` (`sortOrder`),
  KEY `di_fieldlayoutfields_tabId_fk` (`tabId`),
  KEY `di_fieldlayoutfields_fieldId_fk` (`fieldId`)
) ENGINE=InnoDB AUTO_INCREMENT=1816 DEFAULT CHARSET=utf8 COLLATE=utf8_unicode_ci;

--
-- Data for table `di_fieldlayoutfields`
--

INSERT INTO `di_fieldlayoutfields` (`id`, `layoutId`, `tabId`, `fieldId`, `required`, `sortOrder`, `dateCreated`, `dateUpdated`, `uid`) VALUES ('311', '109', '37', '14', '0', '1', '2014-09-15 08:19:11', '2014-09-15 08:19:11', '8b421ab9-b9e2-4b74-8265-330f78991f91');
INSERT INTO `di_fieldlayoutfields` (`id`, `layoutId`, `tabId`, `fieldId`, `required`, `sortOrder`, `dateCreated`, `dateUpdated`, `uid`) VALUES ('312', '109', '37', '1', '0', '2', '2014-09-15 08:19:11', '2014-09-15 08:19:11', '99c74bac-c82e-436c-ba18-94a1e9f5f647');
INSERT INTO `di_fieldlayoutfields` (`id`, `layoutId`, `tabId`, `fieldId`, `required`, `sortOrder`, `dateCreated`, `dateUpdated`, `uid`) VALUES ('313', '109', '37', '23', '0', '3', '2014-09-15 08:19:11', '2014-09-15 08:19:11', 'ed63fa3c-1f17-4f80-9106-1175c0758524');
INSERT INTO `di_fieldlayoutfields` (`id`, `layoutId`, `tabId`, `fieldId`, `required`, `sortOrder`, `dateCreated`, `dateUpdated`, `uid`) VALUES ('314', '109', '38', '2', '0', '1', '2014-09-15 08:19:11', '2014-09-15 08:19:11', '8144a6b1-b579-470b-83d7-f4de8933ddf5');
INSERT INTO `di_fieldlayoutfields` (`id`, `layoutId`, `tabId`, `fieldId`, `required`, `sortOrder`, `dateCreated`, `dateUpdated`, `uid`) VALUES ('315', '109', '38', '28', '0', '2', '2014-09-15 08:19:11', '2014-09-15 08:19:11', '0cd30222-6bd7-4933-8265-8846831cb007');
INSERT INTO `di_fieldlayoutfields` (`id`, `layoutId`, `tabId`, `fieldId`, `required`, `sortOrder`, `dateCreated`, `dateUpdated`, `uid`) VALUES ('316', '109', '39', '16', '0', '1', '2014-09-15 08:19:11', '2014-09-15 08:19:11', '6f5e9130-7caa-43fb-bb9c-7dd66777ad4d');
INSERT INTO `di_fieldlayoutfields` (`id`, `layoutId`, `tabId`, `fieldId`, `required`, `sortOrder`, `dateCreated`, `dateUpdated`, `uid`) VALUES ('317', '109', '39', '17', '0', '2', '2014-09-15 08:19:11', '2014-09-15 08:19:11', '4f2e079c-1c66-481c-871f-74430152791c');
INSERT INTO `di_fieldlayoutfields` (`id`, `layoutId`, `tabId`, `fieldId`, `required`, `sortOrder`, `dateCreated`, `dateUpdated`, `uid`) VALUES ('318', '109', '39', '26', '0', '3', '2014-09-15 08:19:11', '2014-09-15 08:19:11', '7e24b0b8-fcf1-4569-aea2-b3f54a9086e6');
INSERT INTO `di_fieldlayoutfields` (`id`, `layoutId`, `tabId`, `fieldId`, `required`, `sortOrder`, `dateCreated`, `dateUpdated`, `uid`) VALUES ('320', '109', '40', '3', '0', '2', '2014-09-15 08:19:11', '2014-09-15 08:19:11', '4d0f8c88-59b2-4076-b17c-aa5dcffb8f1c');
INSERT INTO `di_fieldlayoutfields` (`id`, `layoutId`, `tabId`, `fieldId`, `required`, `sortOrder`, `dateCreated`, `dateUpdated`, `uid`) VALUES ('337', '113', '47', '1', '0', '1', '2014-09-15 09:00:36', '2014-09-15 09:00:36', '125928e5-dedb-472e-8a1b-b9712a9fbaa8');
INSERT INTO `di_fieldlayoutfields` (`id`, `layoutId`, `tabId`, `fieldId`, `required`, `sortOrder`, `dateCreated`, `dateUpdated`, `uid`) VALUES ('338', '113', '47', '23', '0', '2', '2014-09-15 09:00:36', '2014-09-15 09:00:36', '404bc296-2aa8-4179-8a19-ca354cc567f7');
INSERT INTO `di_fieldlayoutfields` (`id`, `layoutId`, `tabId`, `fieldId`, `required`, `sortOrder`, `dateCreated`, `dateUpdated`, `uid`) VALUES ('339', '113', '47', '14', '0', '3', '2014-09-15 09:00:36', '2014-09-15 09:00:36', '8b52ee60-7d13-4dfd-8f23-4a482ced0bb4');
INSERT INTO `di_fieldlayoutfields` (`id`, `layoutId`, `tabId`, `fieldId`, `required`, `sortOrder`, `dateCreated`, `dateUpdated`, `uid`) VALUES ('340', '113', '48', '28', '0', '1', '2014-09-15 09:00:36', '2014-09-15 09:00:36', '6471a438-bd9d-4962-a692-8b8a623970bf');
INSERT INTO `di_fieldlayoutfields` (`id`, `layoutId`, `tabId`, `fieldId`, `required`, `sortOrder`, `dateCreated`, `dateUpdated`, `uid`) VALUES ('341', '113', '48', '2', '0', '2', '2014-09-15 09:00:36', '2014-09-15 09:00:36', '7d5cc7d3-22a2-4c17-a5ea-4b8edf967c28');
INSERT INTO `di_fieldlayoutfields` (`id`, `layoutId`, `tabId`, `fieldId`, `required`, `sortOrder`, `dateCreated`, `dateUpdated`, `uid`) VALUES ('342', '113', '49', '16', '0', '1', '2014-09-15 09:00:36', '2014-09-15 09:00:36', 'f89b5ee2-57d6-4e68-8050-f8bdab1c7026');
INSERT INTO `di_fieldlayoutfields` (`id`, `layoutId`, `tabId`, `fieldId`, `required`, `sortOrder`, `dateCreated`, `dateUpdated`, `uid`) VALUES ('343', '113', '49', '17', '0', '2', '2014-09-15 09:00:36', '2014-09-15 09:00:36', 'ad3fa471-b294-4bbe-8d57-d8a98666c460');
INSERT INTO `di_fieldlayoutfields` (`id`, `layoutId`, `tabId`, `fieldId`, `required`, `sortOrder`, `dateCreated`, `dateUpdated`, `uid`) VALUES ('344', '113', '49', '26', '0', '3', '2014-09-15 09:00:36', '2014-09-15 09:00:36', '6f0b58ff-3110-4929-82ba-688daead3c7d');
INSERT INTO `di_fieldlayoutfields` (`id`, `layoutId`, `tabId`, `fieldId`, `required`, `sortOrder`, `dateCreated`, `dateUpdated`, `uid`) VALUES ('426', '135', '72', '1', '0', '1', '2014-09-15 13:34:04', '2014-09-15 13:34:04', '5e03bd11-ed96-43a7-bde5-d416881bf0c0');
INSERT INTO `di_fieldlayoutfields` (`id`, `layoutId`, `tabId`, `fieldId`, `required`, `sortOrder`, `dateCreated`, `dateUpdated`, `uid`) VALUES ('427', '135', '72', '23', '0', '2', '2014-09-15 13:34:04', '2014-09-15 13:34:04', 'd80eb77f-0a4a-48b5-bb1c-85e5f87b1211');
INSERT INTO `di_fieldlayoutfields` (`id`, `layoutId`, `tabId`, `fieldId`, `required`, `sortOrder`, `dateCreated`, `dateUpdated`, `uid`) VALUES ('428', '135', '72', '14', '0', '3', '2014-09-15 13:34:04', '2014-09-15 13:34:04', '7e2be596-3c8f-4e33-99ac-fe1706dd068f');
INSERT INTO `di_fieldlayoutfields` (`id`, `layoutId`, `tabId`, `fieldId`, `required`, `sortOrder`, `dateCreated`, `dateUpdated`, `uid`) VALUES ('429', '135', '73', '2', '0', '1', '2014-09-15 13:34:04', '2014-09-15 13:34:04', 'b228de85-3a96-4f1c-8bc2-896d4b329005');
INSERT INTO `di_fieldlayoutfields` (`id`, `layoutId`, `tabId`, `fieldId`, `required`, `sortOrder`, `dateCreated`, `dateUpdated`, `uid`) VALUES ('430', '135', '73', '28', '0', '2', '2014-09-15 13:34:04', '2014-09-15 13:34:04', '076e1203-ada1-4ffe-9bda-6a4ed153f495');
INSERT INTO `di_fieldlayoutfields` (`id`, `layoutId`, `tabId`, `fieldId`, `required`, `sortOrder`, `dateCreated`, `dateUpdated`, `uid`) VALUES ('431', '135', '74', '16', '0', '1', '2014-09-15 13:34:04', '2014-09-15 13:34:04', 'e5b74d33-fd85-4c3a-a2a9-ecb5715f0a99');
INSERT INTO `di_fieldlayoutfields` (`id`, `layoutId`, `tabId`, `fieldId`, `required`, `sortOrder`, `dateCreated`, `dateUpdated`, `uid`) VALUES ('432', '135', '74', '17', '0', '2', '2014-09-15 13:34:04', '2014-09-15 13:34:04', '61b05f20-b383-4a57-9914-e9a6810117a3');
INSERT INTO `di_fieldlayoutfields` (`id`, `layoutId`, `tabId`, `fieldId`, `required`, `sortOrder`, `dateCreated`, `dateUpdated`, `uid`) VALUES ('433', '135', '74', '26', '0', '3', '2014-09-15 13:34:04', '2014-09-15 13:34:04', '5e47c7a3-7150-4411-ae26-32d3e8b70e85');
INSERT INTO `di_fieldlayoutfields` (`id`, `layoutId`, `tabId`, `fieldId`, `required`, `sortOrder`, `dateCreated`, `dateUpdated`, `uid`) VALUES ('438', '135', '75', '3', '0', '5', '2014-09-15 13:34:04', '2014-09-15 13:34:04', 'e8bae9c7-ee4d-4d1c-9be3-a3bf85fe1c92');
INSERT INTO `di_fieldlayoutfields` (`id`, `layoutId`, `tabId`, `fieldId`, `required`, `sortOrder`, `dateCreated`, `dateUpdated`, `uid`) VALUES ('439', '135', '76', '35', '0', '1', '2014-09-15 13:34:04', '2014-09-15 13:34:04', 'c78f0688-31b8-4e95-ae18-56a4b57ead85');
INSERT INTO `di_fieldlayoutfields` (`id`, `layoutId`, `tabId`, `fieldId`, `required`, `sortOrder`, `dateCreated`, `dateUpdated`, `uid`) VALUES ('477', '144', NULL, '1', '0', '1', '2014-09-15 14:45:34', '2014-09-15 14:45:34', '0866452b-7d8d-43f7-b28d-52fddf8d077e');
INSERT INTO `di_fieldlayoutfields` (`id`, `layoutId`, `tabId`, `fieldId`, `required`, `sortOrder`, `dateCreated`, `dateUpdated`, `uid`) VALUES ('478', '144', NULL, '14', '0', '2', '2014-09-15 14:45:34', '2014-09-15 14:45:34', '01a2341d-72e9-4cef-bf24-f531cfc68e0b');
INSERT INTO `di_fieldlayoutfields` (`id`, `layoutId`, `tabId`, `fieldId`, `required`, `sortOrder`, `dateCreated`, `dateUpdated`, `uid`) VALUES ('1103', '277', '155', '1', '0', '1', '2014-09-18 13:27:51', '2014-09-18 13:27:51', '4c976448-5466-42bd-b398-ced47cd29835');
INSERT INTO `di_fieldlayoutfields` (`id`, `layoutId`, `tabId`, `fieldId`, `required`, `sortOrder`, `dateCreated`, `dateUpdated`, `uid`) VALUES ('1104', '277', '155', '23', '0', '2', '2014-09-18 13:27:51', '2014-09-18 13:27:51', '2de2b088-e5e2-4d5f-87cf-7bf225510b47');
INSERT INTO `di_fieldlayoutfields` (`id`, `layoutId`, `tabId`, `fieldId`, `required`, `sortOrder`, `dateCreated`, `dateUpdated`, `uid`) VALUES ('1105', '277', '155', '14', '0', '3', '2014-09-18 13:27:51', '2014-09-18 13:27:51', '432c5143-0c0e-43b9-80a9-e772285fa138');
INSERT INTO `di_fieldlayoutfields` (`id`, `layoutId`, `tabId`, `fieldId`, `required`, `sortOrder`, `dateCreated`, `dateUpdated`, `uid`) VALUES ('1106', '277', '156', '16', '0', '1', '2014-09-18 13:27:51', '2014-09-18 13:27:51', '4443f361-b93b-46be-9f35-19c52f0c5649');
INSERT INTO `di_fieldlayoutfields` (`id`, `layoutId`, `tabId`, `fieldId`, `required`, `sortOrder`, `dateCreated`, `dateUpdated`, `uid`) VALUES ('1107', '277', '156', '17', '0', '2', '2014-09-18 13:27:51', '2014-09-18 13:27:51', 'dbf479f8-5728-4c11-a3e1-db6881b47afe');
INSERT INTO `di_fieldlayoutfields` (`id`, `layoutId`, `tabId`, `fieldId`, `required`, `sortOrder`, `dateCreated`, `dateUpdated`, `uid`) VALUES ('1108', '277', '156', '63', '0', '3', '2014-09-18 13:27:51', '2014-09-18 13:27:51', '24d0bc46-18db-4f70-a290-87f404c54d06');
INSERT INTO `di_fieldlayoutfields` (`id`, `layoutId`, `tabId`, `fieldId`, `required`, `sortOrder`, `dateCreated`, `dateUpdated`, `uid`) VALUES ('1109', '277', '156', '62', '0', '4', '2014-09-18 13:27:51', '2014-09-18 13:27:51', '62f972e3-dc23-445e-b39d-424c7cbc516f');
INSERT INTO `di_fieldlayoutfields` (`id`, `layoutId`, `tabId`, `fieldId`, `required`, `sortOrder`, `dateCreated`, `dateUpdated`, `uid`) VALUES ('1110', '277', '157', '29', '0', '1', '2014-09-18 13:27:51', '2014-09-18 13:27:51', '0d820f2c-2dd3-41f3-a25a-35becbbe1dc2');
INSERT INTO `di_fieldlayoutfields` (`id`, `layoutId`, `tabId`, `fieldId`, `required`, `sortOrder`, `dateCreated`, `dateUpdated`, `uid`) VALUES ('1111', '278', '158', '1', '0', '1', '2014-09-18 14:08:04', '2014-09-18 14:08:04', 'c75eb6d7-b507-4bfc-b3ec-df48da9b9099');
INSERT INTO `di_fieldlayoutfields` (`id`, `layoutId`, `tabId`, `fieldId`, `required`, `sortOrder`, `dateCreated`, `dateUpdated`, `uid`) VALUES ('1112', '278', '158', '23', '0', '2', '2014-09-18 14:08:04', '2014-09-18 14:08:04', 'bbe6ab69-ff95-4c86-b465-0a7019852b55');
INSERT INTO `di_fieldlayoutfields` (`id`, `layoutId`, `tabId`, `fieldId`, `required`, `sortOrder`, `dateCreated`, `dateUpdated`, `uid`) VALUES ('1113', '278', '158', '14', '0', '3', '2014-09-18 14:08:04', '2014-09-18 14:08:04', 'b9060adc-a5e9-4612-b902-e3cdce75d5c9');
INSERT INTO `di_fieldlayoutfields` (`id`, `layoutId`, `tabId`, `fieldId`, `required`, `sortOrder`, `dateCreated`, `dateUpdated`, `uid`) VALUES ('1114', '278', '158', '54', '0', '4', '2014-09-18 14:08:04', '2014-09-18 14:08:04', '7d8a05f8-10b9-48e0-b4c2-1f8a2f6f8dff');
INSERT INTO `di_fieldlayoutfields` (`id`, `layoutId`, `tabId`, `fieldId`, `required`, `sortOrder`, `dateCreated`, `dateUpdated`, `uid`) VALUES ('1116', '278', '159', '2', '0', '2', '2014-09-18 14:08:04', '2014-09-18 14:08:04', '89e4c0c9-30e9-4a0d-a77a-0cd2d984c936');
INSERT INTO `di_fieldlayoutfields` (`id`, `layoutId`, `tabId`, `fieldId`, `required`, `sortOrder`, `dateCreated`, `dateUpdated`, `uid`) VALUES ('1117', '278', '159', '28', '0', '3', '2014-09-18 14:08:04', '2014-09-18 14:08:04', '6d485e8e-f727-4bb7-9925-42892a37970b');
INSERT INTO `di_fieldlayoutfields` (`id`, `layoutId`, `tabId`, `fieldId`, `required`, `sortOrder`, `dateCreated`, `dateUpdated`, `uid`) VALUES ('1118', '278', '160', '16', '0', '1', '2014-09-18 14:08:04', '2014-09-18 14:08:04', '994ccb2f-894e-4155-9212-9bbf868cc216');
INSERT INTO `di_fieldlayoutfields` (`id`, `layoutId`, `tabId`, `fieldId`, `required`, `sortOrder`, `dateCreated`, `dateUpdated`, `uid`) VALUES ('1119', '278', '160', '17', '0', '2', '2014-09-18 14:08:04', '2014-09-18 14:08:04', 'dfa8ddb3-7118-42ec-a0e1-fbc8b49170fc');
INSERT INTO `di_fieldlayoutfields` (`id`, `layoutId`, `tabId`, `fieldId`, `required`, `sortOrder`, `dateCreated`, `dateUpdated`, `uid`) VALUES ('1120', '278', '160', '26', '0', '3', '2014-09-18 14:08:04', '2014-09-18 14:08:04', '52f0e9bc-3382-46b2-9f1c-a010fec3e560');
INSERT INTO `di_fieldlayoutfields` (`id`, `layoutId`, `tabId`, `fieldId`, `required`, `sortOrder`, `dateCreated`, `dateUpdated`, `uid`) VALUES ('1121', '278', '160', '63', '0', '4', '2014-09-18 14:08:04', '2014-09-18 14:08:04', 'f870bb58-743a-4b34-91a1-cf211dcb24f4');
INSERT INTO `di_fieldlayoutfields` (`id`, `layoutId`, `tabId`, `fieldId`, `required`, `sortOrder`, `dateCreated`, `dateUpdated`, `uid`) VALUES ('1122', '278', '160', '62', '0', '5', '2014-09-18 14:08:04', '2014-09-18 14:08:04', 'ebe39992-f0d2-46ba-8a8c-4031e524c39c');
INSERT INTO `di_fieldlayoutfields` (`id`, `layoutId`, `tabId`, `fieldId`, `required`, `sortOrder`, `dateCreated`, `dateUpdated`, `uid`) VALUES ('1128', '278', '161', '3', '0', '6', '2014-09-18 14:08:04', '2014-09-18 14:08:04', '544a7794-dcb8-40be-a432-864a0e4e6404');
INSERT INTO `di_fieldlayoutfields` (`id`, `layoutId`, `tabId`, `fieldId`, `required`, `sortOrder`, `dateCreated`, `dateUpdated`, `uid`) VALUES ('1129', '278', '162', '29', '0', '1', '2014-09-18 14:08:04', '2014-09-18 14:08:04', '12010605-392e-49b7-b58b-14adf80869b1');
INSERT INTO `di_fieldlayoutfields` (`id`, `layoutId`, `tabId`, `fieldId`, `required`, `sortOrder`, `dateCreated`, `dateUpdated`, `uid`) VALUES ('1183', '284', '173', '1', '0', '1', '2014-09-22 09:07:17', '2014-09-22 09:07:17', '5e9bbde0-4b92-484a-8a97-9d71254ab557');
INSERT INTO `di_fieldlayoutfields` (`id`, `layoutId`, `tabId`, `fieldId`, `required`, `sortOrder`, `dateCreated`, `dateUpdated`, `uid`) VALUES ('1184', '284', '173', '23', '0', '2', '2014-09-22 09:07:17', '2014-09-22 09:07:17', 'a08c87d1-bc2a-4a92-8d3c-a7ac2ac2944b');
INSERT INTO `di_fieldlayoutfields` (`id`, `layoutId`, `tabId`, `fieldId`, `required`, `sortOrder`, `dateCreated`, `dateUpdated`, `uid`) VALUES ('1185', '284', '173', '30', '0', '3', '2014-09-22 09:07:17', '2014-09-22 09:07:17', 'c9702771-59f3-48d7-a7e0-4b163f8c798b');
INSERT INTO `di_fieldlayoutfields` (`id`, `layoutId`, `tabId`, `fieldId`, `required`, `sortOrder`, `dateCreated`, `dateUpdated`, `uid`) VALUES ('1186', '284', '173', '31', '0', '4', '2014-09-22 09:07:17', '2014-09-22 09:07:17', 'c61e3f39-e3bf-4409-be8c-ad92a50ade33');
INSERT INTO `di_fieldlayoutfields` (`id`, `layoutId`, `tabId`, `fieldId`, `required`, `sortOrder`, `dateCreated`, `dateUpdated`, `uid`) VALUES ('1187', '284', '173', '47', '0', '5', '2014-09-22 09:07:17', '2014-09-22 09:07:17', '4bab0898-51dd-42f4-af4d-bc44e3031e36');
INSERT INTO `di_fieldlayoutfields` (`id`, `layoutId`, `tabId`, `fieldId`, `required`, `sortOrder`, `dateCreated`, `dateUpdated`, `uid`) VALUES ('1188', '284', '173', '14', '0', '6', '2014-09-22 09:07:17', '2014-09-22 09:07:17', 'bb59ca3b-53e7-4293-ae9d-a66937832e6b');
INSERT INTO `di_fieldlayoutfields` (`id`, `layoutId`, `tabId`, `fieldId`, `required`, `sortOrder`, `dateCreated`, `dateUpdated`, `uid`) VALUES ('1189', '284', '174', '2', '0', '1', '2014-09-22 09:07:17', '2014-09-22 09:07:17', '16134188-08e8-493e-ac3e-214a43e65b24');
INSERT INTO `di_fieldlayoutfields` (`id`, `layoutId`, `tabId`, `fieldId`, `required`, `sortOrder`, `dateCreated`, `dateUpdated`, `uid`) VALUES ('1190', '284', '174', '28', '0', '2', '2014-09-22 09:07:17', '2014-09-22 09:07:17', 'f6a8a35a-58df-479f-a951-5ebd61efdf59');
INSERT INTO `di_fieldlayoutfields` (`id`, `layoutId`, `tabId`, `fieldId`, `required`, `sortOrder`, `dateCreated`, `dateUpdated`, `uid`) VALUES ('1191', '284', '175', '63', '0', '1', '2014-09-22 09:07:17', '2014-09-22 09:07:17', '80e9cb9b-e69f-4301-8164-02e65b0e9fc7');
INSERT INTO `di_fieldlayoutfields` (`id`, `layoutId`, `tabId`, `fieldId`, `required`, `sortOrder`, `dateCreated`, `dateUpdated`, `uid`) VALUES ('1192', '284', '175', '16', '0', '2', '2014-09-22 09:07:17', '2014-09-22 09:07:17', 'f36c2ce5-6a14-416f-9e5f-108eb532de41');
INSERT INTO `di_fieldlayoutfields` (`id`, `layoutId`, `tabId`, `fieldId`, `required`, `sortOrder`, `dateCreated`, `dateUpdated`, `uid`) VALUES ('1193', '284', '175', '17', '0', '3', '2014-09-22 09:07:17', '2014-09-22 09:07:17', 'f7ffa272-0f1e-4949-9ec9-cae6c6df616a');
INSERT INTO `di_fieldlayoutfields` (`id`, `layoutId`, `tabId`, `fieldId`, `required`, `sortOrder`, `dateCreated`, `dateUpdated`, `uid`) VALUES ('1194', '284', '175', '26', '0', '4', '2014-09-22 09:07:17', '2014-09-22 09:07:17', '765b9850-0e99-435d-bffb-675766bab389');
INSERT INTO `di_fieldlayoutfields` (`id`, `layoutId`, `tabId`, `fieldId`, `required`, `sortOrder`, `dateCreated`, `dateUpdated`, `uid`) VALUES ('1195', '284', '175', '62', '0', '5', '2014-09-22 09:07:17', '2014-09-22 09:07:17', '1c840dc0-27e8-40fc-916e-1e1d4cac780a');
INSERT INTO `di_fieldlayoutfields` (`id`, `layoutId`, `tabId`, `fieldId`, `required`, `sortOrder`, `dateCreated`, `dateUpdated`, `uid`) VALUES ('1199', '284', '176', '3', '0', '4', '2014-09-22 09:07:17', '2014-09-22 09:07:17', 'd5e0683f-abf7-488b-8aaf-cc3f07891c94');
INSERT INTO `di_fieldlayoutfields` (`id`, `layoutId`, `tabId`, `fieldId`, `required`, `sortOrder`, `dateCreated`, `dateUpdated`, `uid`) VALUES ('1200', '284', '177', '29', '0', '1', '2014-09-22 09:07:17', '2014-09-22 09:07:17', '7b77447b-00c9-477e-8cbb-d93b652bceaf');
INSERT INTO `di_fieldlayoutfields` (`id`, `layoutId`, `tabId`, `fieldId`, `required`, `sortOrder`, `dateCreated`, `dateUpdated`, `uid`) VALUES ('1377', '302', '202', '64', '0', '1', '2014-09-22 16:07:53', '2014-09-22 16:07:53', '01111735-5754-41e3-a592-f9066e7bb905');
INSERT INTO `di_fieldlayoutfields` (`id`, `layoutId`, `tabId`, `fieldId`, `required`, `sortOrder`, `dateCreated`, `dateUpdated`, `uid`) VALUES ('1378', '302', '202', '1', '0', '2', '2014-09-22 16:07:53', '2014-09-22 16:07:53', '770ca8ff-52af-495e-96d0-89b81c3afb53');
INSERT INTO `di_fieldlayoutfields` (`id`, `layoutId`, `tabId`, `fieldId`, `required`, `sortOrder`, `dateCreated`, `dateUpdated`, `uid`) VALUES ('1379', '302', '202', '23', '0', '3', '2014-09-22 16:07:53', '2014-09-22 16:07:53', '8a1433d2-c06d-4c06-bb2e-5b826521d515');
INSERT INTO `di_fieldlayoutfields` (`id`, `layoutId`, `tabId`, `fieldId`, `required`, `sortOrder`, `dateCreated`, `dateUpdated`, `uid`) VALUES ('1380', '302', '202', '14', '0', '4', '2014-09-22 16:07:53', '2014-09-22 16:07:53', 'c61c2b31-8614-47c7-b275-c49e355e1ab0');
INSERT INTO `di_fieldlayoutfields` (`id`, `layoutId`, `tabId`, `fieldId`, `required`, `sortOrder`, `dateCreated`, `dateUpdated`, `uid`) VALUES ('1382', '302', '202', '29', '0', '6', '2014-09-22 16:07:53', '2014-09-22 16:07:53', 'b020311a-3a1d-4b70-9edd-b9f6388eaa19');
INSERT INTO `di_fieldlayoutfields` (`id`, `layoutId`, `tabId`, `fieldId`, `required`, `sortOrder`, `dateCreated`, `dateUpdated`, `uid`) VALUES ('1383', '302', '203', '28', '0', '1', '2014-09-22 16:07:53', '2014-09-22 16:07:53', 'fa292df2-e50f-4b52-8cd9-7c65886482ee');
INSERT INTO `di_fieldlayoutfields` (`id`, `layoutId`, `tabId`, `fieldId`, `required`, `sortOrder`, `dateCreated`, `dateUpdated`, `uid`) VALUES ('1384', '302', '203', '2', '0', '2', '2014-09-22 16:07:53', '2014-09-22 16:07:53', '4016b2f9-5186-4855-b6b0-fffec1cf570a');
INSERT INTO `di_fieldlayoutfields` (`id`, `layoutId`, `tabId`, `fieldId`, `required`, `sortOrder`, `dateCreated`, `dateUpdated`, `uid`) VALUES ('1385', '302', '203', '35', '0', '3', '2014-09-22 16:07:53', '2014-09-22 16:07:53', 'a6d37247-10d3-485a-bf2b-6d851cbfa9bb');
INSERT INTO `di_fieldlayoutfields` (`id`, `layoutId`, `tabId`, `fieldId`, `required`, `sortOrder`, `dateCreated`, `dateUpdated`, `uid`) VALUES ('1386', '302', '204', '63', '0', '1', '2014-09-22 16:07:53', '2014-09-22 16:07:53', 'aa2ff8f0-7086-4b2f-b1c3-c764ecf9fa5a');
INSERT INTO `di_fieldlayoutfields` (`id`, `layoutId`, `tabId`, `fieldId`, `required`, `sortOrder`, `dateCreated`, `dateUpdated`, `uid`) VALUES ('1387', '302', '204', '16', '0', '2', '2014-09-22 16:07:53', '2014-09-22 16:07:53', 'dab6a4d7-164c-40e8-84a3-443d27f128bc');
INSERT INTO `di_fieldlayoutfields` (`id`, `layoutId`, `tabId`, `fieldId`, `required`, `sortOrder`, `dateCreated`, `dateUpdated`, `uid`) VALUES ('1388', '302', '204', '17', '0', '3', '2014-09-22 16:07:53', '2014-09-22 16:07:53', '2bb1eb6e-0239-4c6c-93a5-6a842cd0f4b6');
INSERT INTO `di_fieldlayoutfields` (`id`, `layoutId`, `tabId`, `fieldId`, `required`, `sortOrder`, `dateCreated`, `dateUpdated`, `uid`) VALUES ('1389', '302', '204', '26', '0', '4', '2014-09-22 16:07:53', '2014-09-22 16:07:53', '95e4066f-b819-4536-9d67-3b63b3195c71');
INSERT INTO `di_fieldlayoutfields` (`id`, `layoutId`, `tabId`, `fieldId`, `required`, `sortOrder`, `dateCreated`, `dateUpdated`, `uid`) VALUES ('1390', '302', '204', '62', '0', '5', '2014-09-22 16:07:53', '2014-09-22 16:07:53', '54626d67-3e51-4c8e-b534-26deb0a6dd59');
INSERT INTO `di_fieldlayoutfields` (`id`, `layoutId`, `tabId`, `fieldId`, `required`, `sortOrder`, `dateCreated`, `dateUpdated`, `uid`) VALUES ('1396', '302', '205', '3', '0', '6', '2014-09-22 16:07:53', '2014-09-22 16:07:53', '2022f5cf-e6d0-49a4-bdc3-408b3cdd7592');
INSERT INTO `di_fieldlayoutfields` (`id`, `layoutId`, `tabId`, `fieldId`, `required`, `sortOrder`, `dateCreated`, `dateUpdated`, `uid`) VALUES ('1469', '317', '206', '64', '0', '1', '2014-09-23 14:03:25', '2014-09-23 14:03:25', '6e5ada2e-7119-4bb2-bab6-6caea0207301');
INSERT INTO `di_fieldlayoutfields` (`id`, `layoutId`, `tabId`, `fieldId`, `required`, `sortOrder`, `dateCreated`, `dateUpdated`, `uid`) VALUES ('1470', '317', '206', '1', '0', '2', '2014-09-23 14:03:25', '2014-09-23 14:03:25', 'f69390e6-ae81-4658-9aab-3c46fa7055f6');
INSERT INTO `di_fieldlayoutfields` (`id`, `layoutId`, `tabId`, `fieldId`, `required`, `sortOrder`, `dateCreated`, `dateUpdated`, `uid`) VALUES ('1471', '317', '206', '23', '0', '3', '2014-09-23 14:03:25', '2014-09-23 14:03:25', '9724b2c4-7d11-4c85-a0e0-931536d823c6');
INSERT INTO `di_fieldlayoutfields` (`id`, `layoutId`, `tabId`, `fieldId`, `required`, `sortOrder`, `dateCreated`, `dateUpdated`, `uid`) VALUES ('1472', '317', '206', '14', '0', '4', '2014-09-23 14:03:25', '2014-09-23 14:03:25', 'bd79577f-d1dd-4164-8e7d-34f1998b50a2');
INSERT INTO `di_fieldlayoutfields` (`id`, `layoutId`, `tabId`, `fieldId`, `required`, `sortOrder`, `dateCreated`, `dateUpdated`, `uid`) VALUES ('1473', '317', '206', '29', '0', '5', '2014-09-23 14:03:25', '2014-09-23 14:03:25', 'a4dd0525-4006-4d6b-9e50-0729613aaf26');
INSERT INTO `di_fieldlayoutfields` (`id`, `layoutId`, `tabId`, `fieldId`, `required`, `sortOrder`, `dateCreated`, `dateUpdated`, `uid`) VALUES ('1474', '317', '206', '85', '0', '6', '2014-09-23 14:03:25', '2014-09-23 14:03:25', '2c426a14-27a4-46fd-8ae1-47ce88062166');
INSERT INTO `di_fieldlayoutfields` (`id`, `layoutId`, `tabId`, `fieldId`, `required`, `sortOrder`, `dateCreated`, `dateUpdated`, `uid`) VALUES ('1475', '317', '207', '2', '0', '1', '2014-09-23 14:03:25', '2014-09-23 14:03:25', '3fea271e-fa3d-49c8-b8a8-99aac75a5075');
INSERT INTO `di_fieldlayoutfields` (`id`, `layoutId`, `tabId`, `fieldId`, `required`, `sortOrder`, `dateCreated`, `dateUpdated`, `uid`) VALUES ('1476', '317', '207', '28', '0', '2', '2014-09-23 14:03:25', '2014-09-23 14:03:25', '0393690b-eb00-4534-b62f-ed0225a5a1a7');
INSERT INTO `di_fieldlayoutfields` (`id`, `layoutId`, `tabId`, `fieldId`, `required`, `sortOrder`, `dateCreated`, `dateUpdated`, `uid`) VALUES ('1477', '317', '208', '63', '0', '1', '2014-09-23 14:03:25', '2014-09-23 14:03:25', '9d21ae66-c42f-4a2a-9418-9fb5980e0b7a');
INSERT INTO `di_fieldlayoutfields` (`id`, `layoutId`, `tabId`, `fieldId`, `required`, `sortOrder`, `dateCreated`, `dateUpdated`, `uid`) VALUES ('1478', '317', '208', '16', '0', '2', '2014-09-23 14:03:25', '2014-09-23 14:03:25', 'a2c4208e-3246-4251-9011-86509a94fb19');
INSERT INTO `di_fieldlayoutfields` (`id`, `layoutId`, `tabId`, `fieldId`, `required`, `sortOrder`, `dateCreated`, `dateUpdated`, `uid`) VALUES ('1479', '317', '208', '17', '0', '3', '2014-09-23 14:03:25', '2014-09-23 14:03:25', '173b8641-5273-4dcf-ad34-b73a0748ad0c');
INSERT INTO `di_fieldlayoutfields` (`id`, `layoutId`, `tabId`, `fieldId`, `required`, `sortOrder`, `dateCreated`, `dateUpdated`, `uid`) VALUES ('1480', '317', '208', '26', '0', '4', '2014-09-23 14:03:25', '2014-09-23 14:03:25', 'cbd28683-4ce0-4563-ab22-80ac55a5c2fc');
INSERT INTO `di_fieldlayoutfields` (`id`, `layoutId`, `tabId`, `fieldId`, `required`, `sortOrder`, `dateCreated`, `dateUpdated`, `uid`) VALUES ('1481', '317', '208', '62', '0', '5', '2014-09-23 14:03:25', '2014-09-23 14:03:25', '55d1eb9b-59a3-4abc-aba6-489b7795787f');
INSERT INTO `di_fieldlayoutfields` (`id`, `layoutId`, `tabId`, `fieldId`, `required`, `sortOrder`, `dateCreated`, `dateUpdated`, `uid`) VALUES ('1482', '317', '209', '35', '0', '1', '2014-09-23 14:03:25', '2014-09-23 14:03:25', '0f070cac-fda8-4646-8b63-5564db36f5c2');
INSERT INTO `di_fieldlayoutfields` (`id`, `layoutId`, `tabId`, `fieldId`, `required`, `sortOrder`, `dateCreated`, `dateUpdated`, `uid`) VALUES ('1488', '317', '210', '3', '0', '6', '2014-09-23 14:03:25', '2014-09-23 14:03:25', '88876536-c4f0-4fbe-a554-c6bd8246978f');
INSERT INTO `di_fieldlayoutfields` (`id`, `layoutId`, `tabId`, `fieldId`, `required`, `sortOrder`, `dateCreated`, `dateUpdated`, `uid`) VALUES ('1489', '318', '211', '14', '0', '1', '2014-09-23 15:54:56', '2014-09-23 15:54:56', '21200a82-fb6a-44c0-b930-da758ac860e4');
INSERT INTO `di_fieldlayoutfields` (`id`, `layoutId`, `tabId`, `fieldId`, `required`, `sortOrder`, `dateCreated`, `dateUpdated`, `uid`) VALUES ('1490', '318', '211', '1', '0', '2', '2014-09-23 15:54:56', '2014-09-23 15:54:56', '357b69a5-43bb-45a3-80b8-f9d80d1c9eec');
INSERT INTO `di_fieldlayoutfields` (`id`, `layoutId`, `tabId`, `fieldId`, `required`, `sortOrder`, `dateCreated`, `dateUpdated`, `uid`) VALUES ('1491', '318', '211', '23', '0', '3', '2014-09-23 15:54:56', '2014-09-23 15:54:56', '04ffcda2-45c5-4207-9e60-c7451b114b2d');
INSERT INTO `di_fieldlayoutfields` (`id`, `layoutId`, `tabId`, `fieldId`, `required`, `sortOrder`, `dateCreated`, `dateUpdated`, `uid`) VALUES ('1492', '318', '211', '85', '0', '4', '2014-09-23 15:54:56', '2014-09-23 15:54:56', '314ef408-8607-4d03-a431-341ea06b34be');
INSERT INTO `di_fieldlayoutfields` (`id`, `layoutId`, `tabId`, `fieldId`, `required`, `sortOrder`, `dateCreated`, `dateUpdated`, `uid`) VALUES ('1493', '318', '212', '2', '0', '1', '2014-09-23 15:54:56', '2014-09-23 15:54:56', '39ba6abd-c224-45fa-be49-dc3bc88d851d');
INSERT INTO `di_fieldlayoutfields` (`id`, `layoutId`, `tabId`, `fieldId`, `required`, `sortOrder`, `dateCreated`, `dateUpdated`, `uid`) VALUES ('1494', '318', '212', '35', '0', '2', '2014-09-23 15:54:56', '2014-09-23 15:54:56', '63218fb9-501a-40e9-818b-62127a294223');
INSERT INTO `di_fieldlayoutfields` (`id`, `layoutId`, `tabId`, `fieldId`, `required`, `sortOrder`, `dateCreated`, `dateUpdated`, `uid`) VALUES ('1495', '318', '212', '65', '0', '3', '2014-09-23 15:54:56', '2014-09-23 15:54:56', 'd4231b83-f667-4a35-812e-681c9912bf3c');
INSERT INTO `di_fieldlayoutfields` (`id`, `layoutId`, `tabId`, `fieldId`, `required`, `sortOrder`, `dateCreated`, `dateUpdated`, `uid`) VALUES ('1496', '318', '213', '63', '0', '1', '2014-09-23 15:54:56', '2014-09-23 15:54:56', 'ce519e3b-302d-44c6-83af-2b594f734c13');
INSERT INTO `di_fieldlayoutfields` (`id`, `layoutId`, `tabId`, `fieldId`, `required`, `sortOrder`, `dateCreated`, `dateUpdated`, `uid`) VALUES ('1497', '318', '213', '16', '0', '2', '2014-09-23 15:54:56', '2014-09-23 15:54:56', '864dbc71-9492-4055-9809-c710c56de126');
INSERT INTO `di_fieldlayoutfields` (`id`, `layoutId`, `tabId`, `fieldId`, `required`, `sortOrder`, `dateCreated`, `dateUpdated`, `uid`) VALUES ('1498', '318', '213', '17', '0', '3', '2014-09-23 15:54:56', '2014-09-23 15:54:56', '6d58e5f0-7bd8-4dbd-8991-25f9cfd17f94');
INSERT INTO `di_fieldlayoutfields` (`id`, `layoutId`, `tabId`, `fieldId`, `required`, `sortOrder`, `dateCreated`, `dateUpdated`, `uid`) VALUES ('1499', '318', '213', '26', '0', '4', '2014-09-23 15:54:56', '2014-09-23 15:54:56', '436bb9da-8577-4a9d-adc5-f2a3ecd1a55a');
INSERT INTO `di_fieldlayoutfields` (`id`, `layoutId`, `tabId`, `fieldId`, `required`, `sortOrder`, `dateCreated`, `dateUpdated`, `uid`) VALUES ('1500', '318', '213', '62', '0', '5', '2014-09-23 15:54:56', '2014-09-23 15:54:56', 'f00da55f-15c5-4264-aba7-7b31b54246ef');
INSERT INTO `di_fieldlayoutfields` (`id`, `layoutId`, `tabId`, `fieldId`, `required`, `sortOrder`, `dateCreated`, `dateUpdated`, `uid`) VALUES ('1501', '318', '214', '29', '0', '1', '2014-09-23 15:54:56', '2014-09-23 15:54:56', '34eab675-79e6-4ae3-b30b-17202409b455');
INSERT INTO `di_fieldlayoutfields` (`id`, `layoutId`, `tabId`, `fieldId`, `required`, `sortOrder`, `dateCreated`, `dateUpdated`, `uid`) VALUES ('1580', '329', NULL, '75', '0', '1', '2014-09-24 08:40:50', '2014-09-24 08:40:50', '894179b0-d787-4317-ab8c-322c3e6ea5ab');
INSERT INTO `di_fieldlayoutfields` (`id`, `layoutId`, `tabId`, `fieldId`, `required`, `sortOrder`, `dateCreated`, `dateUpdated`, `uid`) VALUES ('1581', '329', NULL, '76', '0', '2', '2014-09-24 08:40:50', '2014-09-24 08:40:50', 'd4c85d69-bd50-484d-8159-6d9e8a348407');
INSERT INTO `di_fieldlayoutfields` (`id`, `layoutId`, `tabId`, `fieldId`, `required`, `sortOrder`, `dateCreated`, `dateUpdated`, `uid`) VALUES ('1582', '329', NULL, '77', '0', '3', '2014-09-24 08:40:50', '2014-09-24 08:40:50', '9262ebdf-9a22-4e77-b058-d3d3111911b4');
INSERT INTO `di_fieldlayoutfields` (`id`, `layoutId`, `tabId`, `fieldId`, `required`, `sortOrder`, `dateCreated`, `dateUpdated`, `uid`) VALUES ('1583', '329', NULL, '78', '0', '4', '2014-09-24 08:40:50', '2014-09-24 08:40:50', 'c274fa54-7689-46ca-9fb7-90b22e96493f');
INSERT INTO `di_fieldlayoutfields` (`id`, `layoutId`, `tabId`, `fieldId`, `required`, `sortOrder`, `dateCreated`, `dateUpdated`, `uid`) VALUES ('1584', '329', NULL, '79', '0', '5', '2014-09-24 08:40:50', '2014-09-24 08:40:50', '97d4a473-aa8d-43b4-9a16-79ef1fd56901');
INSERT INTO `di_fieldlayoutfields` (`id`, `layoutId`, `tabId`, `fieldId`, `required`, `sortOrder`, `dateCreated`, `dateUpdated`, `uid`) VALUES ('1585', '329', NULL, '80', '0', '6', '2014-09-24 08:40:50', '2014-09-24 08:40:50', 'c6c1836f-c930-425c-9e48-4b54fb754d13');
INSERT INTO `di_fieldlayoutfields` (`id`, `layoutId`, `tabId`, `fieldId`, `required`, `sortOrder`, `dateCreated`, `dateUpdated`, `uid`) VALUES ('1586', '329', NULL, '81', '0', '7', '2014-09-24 08:40:50', '2014-09-24 08:40:50', '7c96cd26-6619-4fda-a0f2-8cc3e8ab9a8c');
INSERT INTO `di_fieldlayoutfields` (`id`, `layoutId`, `tabId`, `fieldId`, `required`, `sortOrder`, `dateCreated`, `dateUpdated`, `uid`) VALUES ('1587', '329', NULL, '82', '0', '8', '2014-09-24 08:40:50', '2014-09-24 08:40:50', 'e32fed4f-12df-4aff-8c02-cff312e41aad');
INSERT INTO `di_fieldlayoutfields` (`id`, `layoutId`, `tabId`, `fieldId`, `required`, `sortOrder`, `dateCreated`, `dateUpdated`, `uid`) VALUES ('1588', '329', NULL, '83', '0', '9', '2014-09-24 08:40:50', '2014-09-24 08:40:50', '02681cf4-8256-4c18-a471-30e06c61f4c0');
INSERT INTO `di_fieldlayoutfields` (`id`, `layoutId`, `tabId`, `fieldId`, `required`, `sortOrder`, `dateCreated`, `dateUpdated`, `uid`) VALUES ('1589', '330', NULL, '36', '0', '1', '2014-09-24 08:40:50', '2014-09-24 08:40:50', '267fde22-968e-46ad-9477-348d85719276');
INSERT INTO `di_fieldlayoutfields` (`id`, `layoutId`, `tabId`, `fieldId`, `required`, `sortOrder`, `dateCreated`, `dateUpdated`, `uid`) VALUES ('1590', '330', NULL, '45', '0', '2', '2014-09-24 08:40:50', '2014-09-24 08:40:50', '9cd24e34-c59b-48af-be56-bdfcaa2c4787');
INSERT INTO `di_fieldlayoutfields` (`id`, `layoutId`, `tabId`, `fieldId`, `required`, `sortOrder`, `dateCreated`, `dateUpdated`, `uid`) VALUES ('1591', '330', NULL, '37', '0', '3', '2014-09-24 08:40:50', '2014-09-24 08:40:50', '4184cd09-aac2-4d55-9852-e8363e45112a');
INSERT INTO `di_fieldlayoutfields` (`id`, `layoutId`, `tabId`, `fieldId`, `required`, `sortOrder`, `dateCreated`, `dateUpdated`, `uid`) VALUES ('1592', '330', NULL, '38', '0', '4', '2014-09-24 08:40:50', '2014-09-24 08:40:50', '4445d189-784a-4294-a315-4e90a7529fc6');
INSERT INTO `di_fieldlayoutfields` (`id`, `layoutId`, `tabId`, `fieldId`, `required`, `sortOrder`, `dateCreated`, `dateUpdated`, `uid`) VALUES ('1593', '330', NULL, '39', '0', '5', '2014-09-24 08:40:50', '2014-09-24 08:40:50', '26e95ee1-fb80-4013-87c0-47874774f80a');
INSERT INTO `di_fieldlayoutfields` (`id`, `layoutId`, `tabId`, `fieldId`, `required`, `sortOrder`, `dateCreated`, `dateUpdated`, `uid`) VALUES ('1594', '330', NULL, '40', '0', '6', '2014-09-24 08:40:50', '2014-09-24 08:40:50', 'c4c5831f-b975-41a8-bbba-30890f61b1c6');
INSERT INTO `di_fieldlayoutfields` (`id`, `layoutId`, `tabId`, `fieldId`, `required`, `sortOrder`, `dateCreated`, `dateUpdated`, `uid`) VALUES ('1595', '330', NULL, '84', '0', '7', '2014-09-24 08:40:50', '2014-09-24 08:40:50', '642bdd58-9952-4df1-a246-62cf843d0052');
INSERT INTO `di_fieldlayoutfields` (`id`, `layoutId`, `tabId`, `fieldId`, `required`, `sortOrder`, `dateCreated`, `dateUpdated`, `uid`) VALUES ('1596', '330', NULL, '55', '0', '8', '2014-09-24 08:40:50', '2014-09-24 08:40:50', 'a9243f82-ab25-4f7a-980b-63be2c554d85');
INSERT INTO `di_fieldlayoutfields` (`id`, `layoutId`, `tabId`, `fieldId`, `required`, `sortOrder`, `dateCreated`, `dateUpdated`, `uid`) VALUES ('1597', '330', NULL, '41', '0', '9', '2014-09-24 08:40:50', '2014-09-24 08:40:50', 'df20636f-1e72-4f4e-bc9c-27410855648b');
INSERT INTO `di_fieldlayoutfields` (`id`, `layoutId`, `tabId`, `fieldId`, `required`, `sortOrder`, `dateCreated`, `dateUpdated`, `uid`) VALUES ('1598', '331', NULL, '42', '0', '1', '2014-09-24 08:40:50', '2014-09-24 08:40:50', 'b43bc027-fad0-4bae-b785-2be97eb9f1a5');
INSERT INTO `di_fieldlayoutfields` (`id`, `layoutId`, `tabId`, `fieldId`, `required`, `sortOrder`, `dateCreated`, `dateUpdated`, `uid`) VALUES ('1599', '331', NULL, '46', '0', '2', '2014-09-24 08:40:50', '2014-09-24 08:40:50', 'e051dcb5-32df-4102-af32-d0610282ed02');
INSERT INTO `di_fieldlayoutfields` (`id`, `layoutId`, `tabId`, `fieldId`, `required`, `sortOrder`, `dateCreated`, `dateUpdated`, `uid`) VALUES ('1600', '331', NULL, '43', '0', '3', '2014-09-24 08:40:50', '2014-09-24 08:40:50', '1b07f29c-16ff-4213-9206-9137d898b2b0');
INSERT INTO `di_fieldlayoutfields` (`id`, `layoutId`, `tabId`, `fieldId`, `required`, `sortOrder`, `dateCreated`, `dateUpdated`, `uid`) VALUES ('1601', '332', NULL, '72', '0', '1', '2014-09-24 08:41:07', '2014-09-24 08:41:07', '43e9e033-c2f0-4c49-936e-a3a4df866dca');
INSERT INTO `di_fieldlayoutfields` (`id`, `layoutId`, `tabId`, `fieldId`, `required`, `sortOrder`, `dateCreated`, `dateUpdated`, `uid`) VALUES ('1602', '332', NULL, '73', '0', '2', '2014-09-24 08:41:07', '2014-09-24 08:41:07', '1addfb44-124c-46b5-a7ba-a3dc07d0829b');
INSERT INTO `di_fieldlayoutfields` (`id`, `layoutId`, `tabId`, `fieldId`, `required`, `sortOrder`, `dateCreated`, `dateUpdated`, `uid`) VALUES ('1603', '332', NULL, '74', '0', '3', '2014-09-24 08:41:07', '2014-09-24 08:41:07', '61009693-5025-43be-949f-ef5898c7a19e');
INSERT INTO `di_fieldlayoutfields` (`id`, `layoutId`, `tabId`, `fieldId`, `required`, `sortOrder`, `dateCreated`, `dateUpdated`, `uid`) VALUES ('1604', '333', NULL, '66', '0', '1', '2014-09-24 08:41:07', '2014-09-24 08:41:07', '0045f74a-7b44-4e03-9ccb-b68e24ed2247');
INSERT INTO `di_fieldlayoutfields` (`id`, `layoutId`, `tabId`, `fieldId`, `required`, `sortOrder`, `dateCreated`, `dateUpdated`, `uid`) VALUES ('1605', '333', NULL, '67', '0', '2', '2014-09-24 08:41:07', '2014-09-24 08:41:07', '3e6db7d4-04ad-4c2f-b531-c4bb1eab00ca');
INSERT INTO `di_fieldlayoutfields` (`id`, `layoutId`, `tabId`, `fieldId`, `required`, `sortOrder`, `dateCreated`, `dateUpdated`, `uid`) VALUES ('1606', '333', NULL, '68', '0', '3', '2014-09-24 08:41:07', '2014-09-24 08:41:07', 'ed52de26-1546-4bc9-a32f-fe0f079e18d7');
INSERT INTO `di_fieldlayoutfields` (`id`, `layoutId`, `tabId`, `fieldId`, `required`, `sortOrder`, `dateCreated`, `dateUpdated`, `uid`) VALUES ('1607', '334', NULL, '69', '0', '1', '2014-09-24 08:41:07', '2014-09-24 08:41:07', 'bf524ba7-f057-41da-9dfd-389df52c6af2');
INSERT INTO `di_fieldlayoutfields` (`id`, `layoutId`, `tabId`, `fieldId`, `required`, `sortOrder`, `dateCreated`, `dateUpdated`, `uid`) VALUES ('1608', '334', NULL, '70', '0', '2', '2014-09-24 08:41:07', '2014-09-24 08:41:07', '5a2356d3-2b18-49b9-b928-df3c5cbf0039');
INSERT INTO `di_fieldlayoutfields` (`id`, `layoutId`, `tabId`, `fieldId`, `required`, `sortOrder`, `dateCreated`, `dateUpdated`, `uid`) VALUES ('1609', '334', NULL, '71', '0', '3', '2014-09-24 08:41:07', '2014-09-24 08:41:07', 'e9752119-0233-4d95-b722-8679a7570015');
INSERT INTO `di_fieldlayoutfields` (`id`, `layoutId`, `tabId`, `fieldId`, `required`, `sortOrder`, `dateCreated`, `dateUpdated`, `uid`) VALUES ('1755', '369', NULL, '5', '0', '1', '2014-09-24 14:37:04', '2014-09-24 14:37:04', '645d02f0-f8c1-4b51-831e-20fe927c62c5');
INSERT INTO `di_fieldlayoutfields` (`id`, `layoutId`, `tabId`, `fieldId`, `required`, `sortOrder`, `dateCreated`, `dateUpdated`, `uid`) VALUES ('1756', '370', NULL, '6', '0', '1', '2014-09-24 14:37:04', '2014-09-24 14:37:04', '7216ab40-ecb3-4764-81f3-63c201db418a');
INSERT INTO `di_fieldlayoutfields` (`id`, `layoutId`, `tabId`, `fieldId`, `required`, `sortOrder`, `dateCreated`, `dateUpdated`, `uid`) VALUES ('1757', '370', NULL, '7', '0', '2', '2014-09-24 14:37:04', '2014-09-24 14:37:04', '1609d67f-e33a-49b4-8359-c71cae471689');
INSERT INTO `di_fieldlayoutfields` (`id`, `layoutId`, `tabId`, `fieldId`, `required`, `sortOrder`, `dateCreated`, `dateUpdated`, `uid`) VALUES ('1758', '370', NULL, '8', '0', '3', '2014-09-24 14:37:04', '2014-09-24 14:37:04', 'a155a91d-db03-4975-baf4-358b0b9cebeb');
INSERT INTO `di_fieldlayoutfields` (`id`, `layoutId`, `tabId`, `fieldId`, `required`, `sortOrder`, `dateCreated`, `dateUpdated`, `uid`) VALUES ('1759', '371', NULL, '9', '0', '1', '2014-09-24 14:37:04', '2014-09-24 14:37:04', '722b2b60-db03-4242-88b4-69880bc2e0a6');
INSERT INTO `di_fieldlayoutfields` (`id`, `layoutId`, `tabId`, `fieldId`, `required`, `sortOrder`, `dateCreated`, `dateUpdated`, `uid`) VALUES ('1760', '371', NULL, '10', '0', '2', '2014-09-24 14:37:04', '2014-09-24 14:37:04', '8373a22d-3eac-4192-8fa8-9a56d9f8ec56');
INSERT INTO `di_fieldlayoutfields` (`id`, `layoutId`, `tabId`, `fieldId`, `required`, `sortOrder`, `dateCreated`, `dateUpdated`, `uid`) VALUES ('1761', '372', NULL, '11', '0', '1', '2014-09-24 14:37:04', '2014-09-24 14:37:04', '045dddcc-7e38-4b30-a954-0b7278fcb16f');
INSERT INTO `di_fieldlayoutfields` (`id`, `layoutId`, `tabId`, `fieldId`, `required`, `sortOrder`, `dateCreated`, `dateUpdated`, `uid`) VALUES ('1762', '372', NULL, '12', '0', '2', '2014-09-24 14:37:04', '2014-09-24 14:37:04', '74749829-1761-44d5-8df7-94864d2d3519');
INSERT INTO `di_fieldlayoutfields` (`id`, `layoutId`, `tabId`, `fieldId`, `required`, `sortOrder`, `dateCreated`, `dateUpdated`, `uid`) VALUES ('1763', '372', NULL, '13', '0', '3', '2014-09-24 14:37:04', '2014-09-24 14:37:04', 'b1e56a1d-fab6-4580-bb6c-4982993acbbb');
INSERT INTO `di_fieldlayoutfields` (`id`, `layoutId`, `tabId`, `fieldId`, `required`, `sortOrder`, `dateCreated`, `dateUpdated`, `uid`) VALUES ('1764', '372', NULL, '18', '0', '4', '2014-09-24 14:37:04', '2014-09-24 14:37:04', '66324099-c1aa-485b-874c-cec386ab6a50');
INSERT INTO `di_fieldlayoutfields` (`id`, `layoutId`, `tabId`, `fieldId`, `required`, `sortOrder`, `dateCreated`, `dateUpdated`, `uid`) VALUES ('1765', '373', NULL, '19', '0', '1', '2014-09-24 14:37:04', '2014-09-24 14:37:04', '91fcf306-f18c-4cc4-8dfa-b67660c4552c');
INSERT INTO `di_fieldlayoutfields` (`id`, `layoutId`, `tabId`, `fieldId`, `required`, `sortOrder`, `dateCreated`, `dateUpdated`, `uid`) VALUES ('1766', '373', NULL, '20', '0', '2', '2014-09-24 14:37:04', '2014-09-24 14:37:04', 'a1b21485-a156-4bfb-b7b0-48b10f8e4385');
INSERT INTO `di_fieldlayoutfields` (`id`, `layoutId`, `tabId`, `fieldId`, `required`, `sortOrder`, `dateCreated`, `dateUpdated`, `uid`) VALUES ('1767', '373', NULL, '21', '0', '3', '2014-09-24 14:37:04', '2014-09-24 14:37:04', '510fb8f4-92ef-4900-971d-23c7676047d8');
INSERT INTO `di_fieldlayoutfields` (`id`, `layoutId`, `tabId`, `fieldId`, `required`, `sortOrder`, `dateCreated`, `dateUpdated`, `uid`) VALUES ('1768', '373', NULL, '22', '0', '4', '2014-09-24 14:37:04', '2014-09-24 14:37:04', '604e3364-0e7a-4e4e-a5bf-cb52ad667994');
INSERT INTO `di_fieldlayoutfields` (`id`, `layoutId`, `tabId`, `fieldId`, `required`, `sortOrder`, `dateCreated`, `dateUpdated`, `uid`) VALUES ('1769', '373', NULL, '94', '0', '5', '2014-09-24 14:37:04', '2014-09-24 14:37:04', '7be93123-bb43-4614-8172-cf00f689645f');
INSERT INTO `di_fieldlayoutfields` (`id`, `layoutId`, `tabId`, `fieldId`, `required`, `sortOrder`, `dateCreated`, `dateUpdated`, `uid`) VALUES ('1770', '373', NULL, '95', '0', '6', '2014-09-24 14:37:04', '2014-09-24 14:37:04', '9db8a0a7-190d-451a-ab7e-8ba7de83c9ec');
INSERT INTO `di_fieldlayoutfields` (`id`, `layoutId`, `tabId`, `fieldId`, `required`, `sortOrder`, `dateCreated`, `dateUpdated`, `uid`) VALUES ('1771', '374', NULL, '24', '0', '1', '2014-09-24 14:37:04', '2014-09-24 14:37:04', '9a28d091-a30c-4412-a66b-63afe19b884c');
INSERT INTO `di_fieldlayoutfields` (`id`, `layoutId`, `tabId`, `fieldId`, `required`, `sortOrder`, `dateCreated`, `dateUpdated`, `uid`) VALUES ('1772', '374', NULL, '25', '0', '2', '2014-09-24 14:37:04', '2014-09-24 14:37:04', '12957cda-bd26-4ad1-bceb-7dd09316ffd5');
INSERT INTO `di_fieldlayoutfields` (`id`, `layoutId`, `tabId`, `fieldId`, `required`, `sortOrder`, `dateCreated`, `dateUpdated`, `uid`) VALUES ('1773', '374', NULL, '27', '0', '3', '2014-09-24 14:37:04', '2014-09-24 14:37:04', 'af9ec186-25f3-4799-8807-14d470669871');
INSERT INTO `di_fieldlayoutfields` (`id`, `layoutId`, `tabId`, `fieldId`, `required`, `sortOrder`, `dateCreated`, `dateUpdated`, `uid`) VALUES ('1774', '375', NULL, '48', '0', '1', '2014-09-24 14:37:04', '2014-09-24 14:37:04', 'a98446ef-2246-4a08-bd39-2dc6719295c3');
INSERT INTO `di_fieldlayoutfields` (`id`, `layoutId`, `tabId`, `fieldId`, `required`, `sortOrder`, `dateCreated`, `dateUpdated`, `uid`) VALUES ('1775', '375', NULL, '49', '0', '2', '2014-09-24 14:37:04', '2014-09-24 14:37:04', '455780b3-bc90-48a1-87f9-50186f7225a8');
INSERT INTO `di_fieldlayoutfields` (`id`, `layoutId`, `tabId`, `fieldId`, `required`, `sortOrder`, `dateCreated`, `dateUpdated`, `uid`) VALUES ('1776', '376', NULL, '56', '0', '1', '2014-09-24 14:37:04', '2014-09-24 14:37:04', '6f189da6-104f-4487-a62c-e3dd37265cbc');
INSERT INTO `di_fieldlayoutfields` (`id`, `layoutId`, `tabId`, `fieldId`, `required`, `sortOrder`, `dateCreated`, `dateUpdated`, `uid`) VALUES ('1777', '376', NULL, '57', '0', '2', '2014-09-24 14:37:04', '2014-09-24 14:37:04', 'f96977d7-e11e-4980-a47c-b4b03b546cac');
INSERT INTO `di_fieldlayoutfields` (`id`, `layoutId`, `tabId`, `fieldId`, `required`, `sortOrder`, `dateCreated`, `dateUpdated`, `uid`) VALUES ('1778', '376', NULL, '58', '0', '3', '2014-09-24 14:37:04', '2014-09-24 14:37:04', 'd3818a4d-e8e3-4ffb-a4ad-6dd46f7154cc');
INSERT INTO `di_fieldlayoutfields` (`id`, `layoutId`, `tabId`, `fieldId`, `required`, `sortOrder`, `dateCreated`, `dateUpdated`, `uid`) VALUES ('1779', '377', NULL, '59', '0', '1', '2014-09-24 14:37:04', '2014-09-24 14:37:04', '3f524151-c324-490a-901e-fe4f6e378642');
INSERT INTO `di_fieldlayoutfields` (`id`, `layoutId`, `tabId`, `fieldId`, `required`, `sortOrder`, `dateCreated`, `dateUpdated`, `uid`) VALUES ('1780', '377', NULL, '60', '0', '2', '2014-09-24 14:37:04', '2014-09-24 14:37:04', '6d25c888-0985-4046-a905-0d4bcf085718');
INSERT INTO `di_fieldlayoutfields` (`id`, `layoutId`, `tabId`, `fieldId`, `required`, `sortOrder`, `dateCreated`, `dateUpdated`, `uid`) VALUES ('1781', '377', NULL, '61', '0', '3', '2014-09-24 14:37:04', '2014-09-24 14:37:04', 'bc718d04-8d68-40dd-9b4c-f13bb8d25ab8');
INSERT INTO `di_fieldlayoutfields` (`id`, `layoutId`, `tabId`, `fieldId`, `required`, `sortOrder`, `dateCreated`, `dateUpdated`, `uid`) VALUES ('1782', '378', NULL, '90', '0', '1', '2014-09-24 14:37:04', '2014-09-24 14:37:04', 'cd9efcce-c436-4f98-b77e-e08cb0d08b5d');
INSERT INTO `di_fieldlayoutfields` (`id`, `layoutId`, `tabId`, `fieldId`, `required`, `sortOrder`, `dateCreated`, `dateUpdated`, `uid`) VALUES ('1783', '378', NULL, '91', '0', '2', '2014-09-24 14:37:04', '2014-09-24 14:37:04', 'b81ee0ff-1f6f-4f1f-841b-701d658e12eb');
INSERT INTO `di_fieldlayoutfields` (`id`, `layoutId`, `tabId`, `fieldId`, `required`, `sortOrder`, `dateCreated`, `dateUpdated`, `uid`) VALUES ('1784', '378', NULL, '92', '0', '3', '2014-09-24 14:37:04', '2014-09-24 14:37:04', '039b0d41-7896-4a95-b5e4-7615dd6d0d5c');
INSERT INTO `di_fieldlayoutfields` (`id`, `layoutId`, `tabId`, `fieldId`, `required`, `sortOrder`, `dateCreated`, `dateUpdated`, `uid`) VALUES ('1802', '380', '220', '64', '0', '1', '2014-09-25 12:50:11', '2014-09-25 12:50:11', '06f4c494-afc8-4bfb-9567-0c549f274d7d');
INSERT INTO `di_fieldlayoutfields` (`id`, `layoutId`, `tabId`, `fieldId`, `required`, `sortOrder`, `dateCreated`, `dateUpdated`, `uid`) VALUES ('1803', '380', '220', '1', '0', '2', '2014-09-25 12:50:11', '2014-09-25 12:50:11', '48efd554-de97-4919-bb68-62938e60e769');
INSERT INTO `di_fieldlayoutfields` (`id`, `layoutId`, `tabId`, `fieldId`, `required`, `sortOrder`, `dateCreated`, `dateUpdated`, `uid`) VALUES ('1804', '380', '220', '23', '0', '3', '2014-09-25 12:50:11', '2014-09-25 12:50:11', '75e9d8e9-cd1f-4070-9da4-bbeff39d31ca');
INSERT INTO `di_fieldlayoutfields` (`id`, `layoutId`, `tabId`, `fieldId`, `required`, `sortOrder`, `dateCreated`, `dateUpdated`, `uid`) VALUES ('1805', '380', '220', '14', '0', '4', '2014-09-25 12:50:11', '2014-09-25 12:50:11', '6e0ce456-a16b-4def-a263-018e1df085cd');
INSERT INTO `di_fieldlayoutfields` (`id`, `layoutId`, `tabId`, `fieldId`, `required`, `sortOrder`, `dateCreated`, `dateUpdated`, `uid`) VALUES ('1806', '380', '220', '62', '0', '5', '2014-09-25 12:50:11', '2014-09-25 12:50:11', 'caed1219-4bec-4a4a-bdc5-db5739bd018e');
INSERT INTO `di_fieldlayoutfields` (`id`, `layoutId`, `tabId`, `fieldId`, `required`, `sortOrder`, `dateCreated`, `dateUpdated`, `uid`) VALUES ('1807', '380', '220', '16', '0', '6', '2014-09-25 12:50:11', '2014-09-25 12:50:11', '34194ba4-aa6f-4b09-bb7a-2ce2cbe3e40e');
INSERT INTO `di_fieldlayoutfields` (`id`, `layoutId`, `tabId`, `fieldId`, `required`, `sortOrder`, `dateCreated`, `dateUpdated`, `uid`) VALUES ('1808', '380', '221', '28', '0', '1', '2014-09-25 12:50:11', '2014-09-25 12:50:11', '98d54366-b2ed-497f-8158-bc887cda4cd2');
INSERT INTO `di_fieldlayoutfields` (`id`, `layoutId`, `tabId`, `fieldId`, `required`, `sortOrder`, `dateCreated`, `dateUpdated`, `uid`) VALUES ('1809', '380', '221', '2', '0', '2', '2014-09-25 12:50:11', '2014-09-25 12:50:11', 'f562a027-1e00-4d4c-861b-02c1d58fa113');
INSERT INTO `di_fieldlayoutfields` (`id`, `layoutId`, `tabId`, `fieldId`, `required`, `sortOrder`, `dateCreated`, `dateUpdated`, `uid`) VALUES ('1810', '380', '221', '35', '0', '3', '2014-09-25 12:50:11', '2014-09-25 12:50:11', 'cc319a95-dff6-4102-8135-c643ff2c986c');
INSERT INTO `di_fieldlayoutfields` (`id`, `layoutId`, `tabId`, `fieldId`, `required`, `sortOrder`, `dateCreated`, `dateUpdated`, `uid`) VALUES ('1811', '380', '222', '3', '0', '1', '2014-09-25 12:50:11', '2014-09-25 12:50:11', 'c1c9dc34-91cd-4729-b3f4-e260caad1244');
INSERT INTO `di_fieldlayoutfields` (`id`, `layoutId`, `tabId`, `fieldId`, `required`, `sortOrder`, `dateCreated`, `dateUpdated`, `uid`) VALUES ('1812', '380', '223', '29', '0', '1', '2014-09-25 12:50:11', '2014-09-25 12:50:11', '5203fbbb-ab83-4946-90d9-a6b0204d2495');
INSERT INTO `di_fieldlayoutfields` (`id`, `layoutId`, `tabId`, `fieldId`, `required`, `sortOrder`, `dateCreated`, `dateUpdated`, `uid`) VALUES ('1813', '380', '223', '85', '0', '2', '2014-09-25 12:50:11', '2014-09-25 12:50:11', '612fd782-6763-4ee5-b91b-1f55e402bef0');
INSERT INTO `di_fieldlayoutfields` (`id`, `layoutId`, `tabId`, `fieldId`, `required`, `sortOrder`, `dateCreated`, `dateUpdated`, `uid`) VALUES ('1814', '380', '223', '17', '0', '3', '2014-09-25 12:50:11', '2014-09-25 12:50:11', '1044f817-f733-4550-98a1-a3d86e699359');
INSERT INTO `di_fieldlayoutfields` (`id`, `layoutId`, `tabId`, `fieldId`, `required`, `sortOrder`, `dateCreated`, `dateUpdated`, `uid`) VALUES ('1815', '380', '223', '63', '0', '4', '2014-09-25 12:50:11', '2014-09-25 12:50:11', '1206e853-d7cd-4fe7-91e8-9c3c245501c5');



--
-- Schema for table `di_fieldlayouts`
--

DROP TABLE IF EXISTS `di_fieldlayouts`;

CREATE TABLE `di_fieldlayouts` (
  `id` int(11) NOT NULL AUTO_INCREMENT,
  `type` varchar(150) COLLATE utf8_unicode_ci NOT NULL,
  `dateCreated` datetime NOT NULL,
  `dateUpdated` datetime NOT NULL,
  `uid` char(36) COLLATE utf8_unicode_ci NOT NULL DEFAULT '0',
  PRIMARY KEY (`id`),
  KEY `di_fieldlayouts_type_idx` (`type`)
) ENGINE=InnoDB AUTO_INCREMENT=381 DEFAULT CHARSET=utf8 COLLATE=utf8_unicode_ci;

--
-- Data for table `di_fieldlayouts`
--

INSERT INTO `di_fieldlayouts` (`id`, `type`, `dateCreated`, `dateUpdated`, `uid`) VALUES ('63', 'Entry', '2014-09-08 08:39:54', '2014-09-08 08:39:54', '645484ff-a105-44d4-a3e5-f1423d446862');
INSERT INTO `di_fieldlayouts` (`id`, `type`, `dateCreated`, `dateUpdated`, `uid`) VALUES ('109', 'Entry', '2014-09-15 08:19:11', '2014-09-15 08:19:11', '3aa379d4-f924-4c65-beab-fff04a7983e4');
INSERT INTO `di_fieldlayouts` (`id`, `type`, `dateCreated`, `dateUpdated`, `uid`) VALUES ('110', 'Asset', '2014-09-15 08:28:22', '2014-09-15 08:28:22', '6515a5ec-7f9a-4d61-a015-79d70664eec1');
INSERT INTO `di_fieldlayouts` (`id`, `type`, `dateCreated`, `dateUpdated`, `uid`) VALUES ('113', 'Entry', '2014-09-15 09:00:35', '2014-09-15 09:00:35', '7b61e656-5d32-45b9-9208-ca0cd7fe970e');
INSERT INTO `di_fieldlayouts` (`id`, `type`, `dateCreated`, `dateUpdated`, `uid`) VALUES ('135', 'Entry', '2014-09-15 13:34:04', '2014-09-15 13:34:04', '09fc1c24-2869-44aa-97b2-8f4f7393d1f5');
INSERT INTO `di_fieldlayouts` (`id`, `type`, `dateCreated`, `dateUpdated`, `uid`) VALUES ('144', 'User', '2014-09-15 14:45:34', '2014-09-15 14:45:34', 'd7bb916e-d581-4cd2-9bce-ca2b496658d5');
INSERT INTO `di_fieldlayouts` (`id`, `type`, `dateCreated`, `dateUpdated`, `uid`) VALUES ('277', 'Entry', '2014-09-18 13:27:51', '2014-09-18 13:27:51', 'd95ab34e-cafe-4b7d-ab32-0dfa2414f6df');
INSERT INTO `di_fieldlayouts` (`id`, `type`, `dateCreated`, `dateUpdated`, `uid`) VALUES ('278', 'Entry', '2014-09-18 14:08:04', '2014-09-18 14:08:04', '08300230-4065-497b-8874-a989ec4f8f8c');
INSERT INTO `di_fieldlayouts` (`id`, `type`, `dateCreated`, `dateUpdated`, `uid`) VALUES ('284', 'Entry', '2014-09-22 09:07:17', '2014-09-22 09:07:17', 'd73c0e72-7cc1-4c7c-8e4f-172af6aa0b3a');
INSERT INTO `di_fieldlayouts` (`id`, `type`, `dateCreated`, `dateUpdated`, `uid`) VALUES ('302', 'Entry', '2014-09-22 16:07:53', '2014-09-22 16:07:53', '86577cea-9ae6-440c-b4a7-352c596fc5c4');
INSERT INTO `di_fieldlayouts` (`id`, `type`, `dateCreated`, `dateUpdated`, `uid`) VALUES ('310', 'Tag', '2014-09-23 11:30:43', '2014-09-23 11:30:43', 'acec4dbc-96fa-43fb-8a66-3a84f0923680');
INSERT INTO `di_fieldlayouts` (`id`, `type`, `dateCreated`, `dateUpdated`, `uid`) VALUES ('317', 'Entry', '2014-09-23 14:03:25', '2014-09-23 14:03:25', '36b15edd-51ce-469b-8329-6bd21f5d087e');
INSERT INTO `di_fieldlayouts` (`id`, `type`, `dateCreated`, `dateUpdated`, `uid`) VALUES ('318', 'Entry', '2014-09-23 15:54:56', '2014-09-23 15:54:56', 'd92d7d2a-d727-4413-bee0-1aeb14d61af8');
INSERT INTO `di_fieldlayouts` (`id`, `type`, `dateCreated`, `dateUpdated`, `uid`) VALUES ('329', 'MatrixBlock', '2014-09-24 08:40:50', '2014-09-24 08:40:50', '058bc512-124a-4fb4-8a0a-f42db86000a8');
INSERT INTO `di_fieldlayouts` (`id`, `type`, `dateCreated`, `dateUpdated`, `uid`) VALUES ('330', 'MatrixBlock', '2014-09-24 08:40:50', '2014-09-24 08:40:50', '472e06ce-6090-41dc-9fcf-1273a29e9bc1');
INSERT INTO `di_fieldlayouts` (`id`, `type`, `dateCreated`, `dateUpdated`, `uid`) VALUES ('331', 'MatrixBlock', '2014-09-24 08:40:50', '2014-09-24 08:40:50', 'd8ed8a2f-2be2-44cc-ada3-3c673b4bd3bf');
INSERT INTO `di_fieldlayouts` (`id`, `type`, `dateCreated`, `dateUpdated`, `uid`) VALUES ('332', 'MatrixBlock', '2014-09-24 08:41:07', '2014-09-24 08:41:07', 'e17e084c-c14b-4520-a77b-4fe7ddb90693');
INSERT INTO `di_fieldlayouts` (`id`, `type`, `dateCreated`, `dateUpdated`, `uid`) VALUES ('333', 'MatrixBlock', '2014-09-24 08:41:07', '2014-09-24 08:41:07', '88dd7faa-7d52-4a2f-932d-7941ab441fdf');
INSERT INTO `di_fieldlayouts` (`id`, `type`, `dateCreated`, `dateUpdated`, `uid`) VALUES ('334', 'MatrixBlock', '2014-09-24 08:41:07', '2014-09-24 08:41:07', '4bec6f7f-85e1-4f88-889a-190b72dcfe91');
INSERT INTO `di_fieldlayouts` (`id`, `type`, `dateCreated`, `dateUpdated`, `uid`) VALUES ('369', 'MatrixBlock', '2014-09-24 14:37:04', '2014-09-24 14:37:04', '6e92cdd4-927f-44a4-abf1-45769d76780c');
INSERT INTO `di_fieldlayouts` (`id`, `type`, `dateCreated`, `dateUpdated`, `uid`) VALUES ('370', 'MatrixBlock', '2014-09-24 14:37:04', '2014-09-24 14:37:04', '9ab4807f-1487-4f8f-86d5-146ec7f7336f');
INSERT INTO `di_fieldlayouts` (`id`, `type`, `dateCreated`, `dateUpdated`, `uid`) VALUES ('371', 'MatrixBlock', '2014-09-24 14:37:04', '2014-09-24 14:37:04', '1fae752d-f336-491e-98fb-3251f5eb522e');
INSERT INTO `di_fieldlayouts` (`id`, `type`, `dateCreated`, `dateUpdated`, `uid`) VALUES ('372', 'MatrixBlock', '2014-09-24 14:37:04', '2014-09-24 14:37:04', '7f6123eb-7161-4c5f-89ac-61a81390aac2');
INSERT INTO `di_fieldlayouts` (`id`, `type`, `dateCreated`, `dateUpdated`, `uid`) VALUES ('373', 'MatrixBlock', '2014-09-24 14:37:04', '2014-09-24 14:37:04', '93c494dc-a7b1-4eeb-bb30-8fd1def90c67');
INSERT INTO `di_fieldlayouts` (`id`, `type`, `dateCreated`, `dateUpdated`, `uid`) VALUES ('374', 'MatrixBlock', '2014-09-24 14:37:04', '2014-09-24 14:37:04', '048ee21a-e863-4bbf-b572-673b3b5ab7c7');
INSERT INTO `di_fieldlayouts` (`id`, `type`, `dateCreated`, `dateUpdated`, `uid`) VALUES ('375', 'MatrixBlock', '2014-09-24 14:37:04', '2014-09-24 14:37:04', '496824c2-04cb-4213-9506-adb93942764e');
INSERT INTO `di_fieldlayouts` (`id`, `type`, `dateCreated`, `dateUpdated`, `uid`) VALUES ('376', 'MatrixBlock', '2014-09-24 14:37:04', '2014-09-24 14:37:04', 'ffbc4ffa-1051-413a-859d-28c29eb00571');
INSERT INTO `di_fieldlayouts` (`id`, `type`, `dateCreated`, `dateUpdated`, `uid`) VALUES ('377', 'MatrixBlock', '2014-09-24 14:37:04', '2014-09-24 14:37:04', 'ceab2a30-cc50-4780-aa72-8b97cc2b5d8a');
INSERT INTO `di_fieldlayouts` (`id`, `type`, `dateCreated`, `dateUpdated`, `uid`) VALUES ('378', 'MatrixBlock', '2014-09-24 14:37:04', '2014-09-24 14:37:04', '30d13f1b-3075-4b89-a5a9-2a9201f03015');
INSERT INTO `di_fieldlayouts` (`id`, `type`, `dateCreated`, `dateUpdated`, `uid`) VALUES ('380', 'Entry', '2014-09-25 12:50:11', '2014-09-25 12:50:11', '12566f1e-875d-456f-a4fe-444e295c97b1');



--
-- Schema for table `di_fieldlayouttabs`
--

DROP TABLE IF EXISTS `di_fieldlayouttabs`;

CREATE TABLE `di_fieldlayouttabs` (
  `id` int(11) NOT NULL AUTO_INCREMENT,
  `layoutId` int(11) NOT NULL,
  `name` varchar(255) COLLATE utf8_unicode_ci NOT NULL,
  `sortOrder` tinyint(4) DEFAULT NULL,
  `dateCreated` datetime NOT NULL,
  `dateUpdated` datetime NOT NULL,
  `uid` char(36) COLLATE utf8_unicode_ci NOT NULL DEFAULT '0',
  PRIMARY KEY (`id`),
  KEY `di_fieldlayouttabs_sortOrder_idx` (`sortOrder`),
  KEY `di_fieldlayouttabs_layoutId_fk` (`layoutId`)
) ENGINE=InnoDB AUTO_INCREMENT=224 DEFAULT CHARSET=utf8 COLLATE=utf8_unicode_ci;

--
-- Data for table `di_fieldlayouttabs`
--

INSERT INTO `di_fieldlayouttabs` (`id`, `layoutId`, `name`, `sortOrder`, `dateCreated`, `dateUpdated`, `uid`) VALUES ('37', '109', 'Summary', '1', '2014-09-15 08:19:11', '2014-09-15 08:19:11', '2cecff7b-87af-4833-90c5-43681f7ad57d');
INSERT INTO `di_fieldlayouttabs` (`id`, `layoutId`, `name`, `sortOrder`, `dateCreated`, `dateUpdated`, `uid`) VALUES ('38', '109', 'Article Body', '2', '2014-09-15 08:19:11', '2014-09-15 08:19:11', '846ce88d-e333-4390-99ad-42e110025450');
INSERT INTO `di_fieldlayouttabs` (`id`, `layoutId`, `name`, `sortOrder`, `dateCreated`, `dateUpdated`, `uid`) VALUES ('39', '109', 'Lead Image', '3', '2014-09-15 08:19:11', '2014-09-15 08:19:11', 'c9571aa8-be5f-4b65-b6a6-275545d07249');
INSERT INTO `di_fieldlayouttabs` (`id`, `layoutId`, `name`, `sortOrder`, `dateCreated`, `dateUpdated`, `uid`) VALUES ('40', '109', 'Tags Categories', '4', '2014-09-15 08:19:11', '2014-09-15 08:19:11', 'd8e4475b-34ee-4732-a960-e4de01cee8b7');
INSERT INTO `di_fieldlayouttabs` (`id`, `layoutId`, `name`, `sortOrder`, `dateCreated`, `dateUpdated`, `uid`) VALUES ('47', '113', 'Summary', '1', '2014-09-15 09:00:36', '2014-09-15 09:00:36', 'b095720a-42c1-4a82-b0c5-d5202cbfb249');
INSERT INTO `di_fieldlayouttabs` (`id`, `layoutId`, `name`, `sortOrder`, `dateCreated`, `dateUpdated`, `uid`) VALUES ('48', '113', 'Article Body', '2', '2014-09-15 09:00:36', '2014-09-15 09:00:36', 'a465d5a6-14fc-4fed-ab88-41fc4164c0d4');
INSERT INTO `di_fieldlayouttabs` (`id`, `layoutId`, `name`, `sortOrder`, `dateCreated`, `dateUpdated`, `uid`) VALUES ('49', '113', 'Lead Image', '3', '2014-09-15 09:00:36', '2014-09-15 09:00:36', '5a236264-4e2e-42b5-a2b2-381656a0bdc6');
INSERT INTO `di_fieldlayouttabs` (`id`, `layoutId`, `name`, `sortOrder`, `dateCreated`, `dateUpdated`, `uid`) VALUES ('72', '135', 'Summary', '1', '2014-09-15 13:34:04', '2014-09-15 13:34:04', 'b8c9e637-5462-42fa-90ae-92a998642ee9');
INSERT INTO `di_fieldlayouttabs` (`id`, `layoutId`, `name`, `sortOrder`, `dateCreated`, `dateUpdated`, `uid`) VALUES ('73', '135', 'Article Body', '2', '2014-09-15 13:34:04', '2014-09-15 13:34:04', 'b6338ab6-718e-4056-8dfd-bf7bdad82ea1');
INSERT INTO `di_fieldlayouttabs` (`id`, `layoutId`, `name`, `sortOrder`, `dateCreated`, `dateUpdated`, `uid`) VALUES ('74', '135', 'Lead Image', '3', '2014-09-15 13:34:04', '2014-09-15 13:34:04', '19a65ed7-9257-445b-a902-8fd5f133fd29');
INSERT INTO `di_fieldlayouttabs` (`id`, `layoutId`, `name`, `sortOrder`, `dateCreated`, `dateUpdated`, `uid`) VALUES ('75', '135', 'Tags Categories', '4', '2014-09-15 13:34:04', '2014-09-15 13:34:04', 'ddd48f10-51ad-44cb-8807-335f360150ca');
INSERT INTO `di_fieldlayouttabs` (`id`, `layoutId`, `name`, `sortOrder`, `dateCreated`, `dateUpdated`, `uid`) VALUES ('76', '135', 'Index', '5', '2014-09-15 13:34:04', '2014-09-15 13:34:04', '90da233d-ea18-406b-8f66-83f0d1f77dd2');
INSERT INTO `di_fieldlayouttabs` (`id`, `layoutId`, `name`, `sortOrder`, `dateCreated`, `dateUpdated`, `uid`) VALUES ('155', '277', 'Summary', '1', '2014-09-18 13:27:51', '2014-09-18 13:27:51', 'b2fae98b-babe-495f-9e46-e5c3daa3bd56');
INSERT INTO `di_fieldlayouttabs` (`id`, `layoutId`, `name`, `sortOrder`, `dateCreated`, `dateUpdated`, `uid`) VALUES ('156', '277', 'Lead Image', '2', '2014-09-18 13:27:51', '2014-09-18 13:27:51', '2aca40ab-531c-476b-96b4-0031c4faa8bf');
INSERT INTO `di_fieldlayouttabs` (`id`, `layoutId`, `name`, `sortOrder`, `dateCreated`, `dateUpdated`, `uid`) VALUES ('157', '277', 'Theme', '3', '2014-09-18 13:27:51', '2014-09-18 13:27:51', '66368a5f-2c7b-4298-bb41-74ea8bb3a070');
INSERT INTO `di_fieldlayouttabs` (`id`, `layoutId`, `name`, `sortOrder`, `dateCreated`, `dateUpdated`, `uid`) VALUES ('158', '278', 'Summary', '1', '2014-09-18 14:08:04', '2014-09-18 14:08:04', '5f893085-8c38-4f1e-96aa-71c351054de4');
INSERT INTO `di_fieldlayouttabs` (`id`, `layoutId`, `name`, `sortOrder`, `dateCreated`, `dateUpdated`, `uid`) VALUES ('159', '278', 'Article Body', '2', '2014-09-18 14:08:04', '2014-09-18 14:08:04', 'b7b29e1b-a443-4148-9222-5cfcba599ca0');
INSERT INTO `di_fieldlayouttabs` (`id`, `layoutId`, `name`, `sortOrder`, `dateCreated`, `dateUpdated`, `uid`) VALUES ('160', '278', 'Lead Image', '3', '2014-09-18 14:08:04', '2014-09-18 14:08:04', 'a547c3b8-632d-4b44-b9a3-1e17bfc1da39');
INSERT INTO `di_fieldlayouttabs` (`id`, `layoutId`, `name`, `sortOrder`, `dateCreated`, `dateUpdated`, `uid`) VALUES ('161', '278', 'Tags Categories', '4', '2014-09-18 14:08:04', '2014-09-18 14:08:04', '2cb99d6c-28ad-459b-bf08-60862efb69fd');
INSERT INTO `di_fieldlayouttabs` (`id`, `layoutId`, `name`, `sortOrder`, `dateCreated`, `dateUpdated`, `uid`) VALUES ('162', '278', 'Theme', '5', '2014-09-18 14:08:04', '2014-09-18 14:08:04', 'b566e034-e5a2-4ac0-ae11-eafa6bd07fb2');
INSERT INTO `di_fieldlayouttabs` (`id`, `layoutId`, `name`, `sortOrder`, `dateCreated`, `dateUpdated`, `uid`) VALUES ('173', '284', 'Summary', '1', '2014-09-22 09:07:17', '2014-09-22 09:07:17', 'b664de1f-fc5f-406e-8ca7-928ec1cef0f5');
INSERT INTO `di_fieldlayouttabs` (`id`, `layoutId`, `name`, `sortOrder`, `dateCreated`, `dateUpdated`, `uid`) VALUES ('174', '284', 'Article Body', '2', '2014-09-22 09:07:17', '2014-09-22 09:07:17', '683924c7-5ae3-40e1-8a55-16354f4fcad5');
INSERT INTO `di_fieldlayouttabs` (`id`, `layoutId`, `name`, `sortOrder`, `dateCreated`, `dateUpdated`, `uid`) VALUES ('175', '284', 'Lead Image', '3', '2014-09-22 09:07:17', '2014-09-22 09:07:17', 'cd3c8d69-053a-4779-8ed7-d0691efe2157');
INSERT INTO `di_fieldlayouttabs` (`id`, `layoutId`, `name`, `sortOrder`, `dateCreated`, `dateUpdated`, `uid`) VALUES ('176', '284', 'Tags Categories', '4', '2014-09-22 09:07:17', '2014-09-22 09:07:17', 'ad2ed83b-379a-4d03-b52e-3aeb4a8fa40e');
INSERT INTO `di_fieldlayouttabs` (`id`, `layoutId`, `name`, `sortOrder`, `dateCreated`, `dateUpdated`, `uid`) VALUES ('177', '284', 'Theme', '5', '2014-09-22 09:07:17', '2014-09-22 09:07:17', '42ab12cf-da66-4015-bd74-3e5b34d4da4f');
INSERT INTO `di_fieldlayouttabs` (`id`, `layoutId`, `name`, `sortOrder`, `dateCreated`, `dateUpdated`, `uid`) VALUES ('202', '302', 'Summary', '1', '2014-09-22 16:07:53', '2014-09-22 16:07:53', '46268220-7c57-4462-9110-74bdc98f573a');
INSERT INTO `di_fieldlayouttabs` (`id`, `layoutId`, `name`, `sortOrder`, `dateCreated`, `dateUpdated`, `uid`) VALUES ('203', '302', 'Article Body', '2', '2014-09-22 16:07:53', '2014-09-22 16:07:53', '0c93cc63-410d-44c4-b6ae-50858c597b05');
INSERT INTO `di_fieldlayouttabs` (`id`, `layoutId`, `name`, `sortOrder`, `dateCreated`, `dateUpdated`, `uid`) VALUES ('204', '302', 'Lead Image', '3', '2014-09-22 16:07:53', '2014-09-22 16:07:53', '8c3f6d76-8f97-464b-bdd0-b179a713b1b2');
INSERT INTO `di_fieldlayouttabs` (`id`, `layoutId`, `name`, `sortOrder`, `dateCreated`, `dateUpdated`, `uid`) VALUES ('205', '302', 'Tags Categories', '4', '2014-09-22 16:07:53', '2014-09-22 16:07:53', 'b76ec5dc-0fe6-45b7-8478-0ca5e6f1800d');
INSERT INTO `di_fieldlayouttabs` (`id`, `layoutId`, `name`, `sortOrder`, `dateCreated`, `dateUpdated`, `uid`) VALUES ('206', '317', 'Summary', '1', '2014-09-23 14:03:25', '2014-09-23 14:03:25', '477642b1-eb5e-47b2-bb63-7779ff6de20b');
INSERT INTO `di_fieldlayouttabs` (`id`, `layoutId`, `name`, `sortOrder`, `dateCreated`, `dateUpdated`, `uid`) VALUES ('207', '317', 'Article Body', '2', '2014-09-23 14:03:25', '2014-09-23 14:03:25', '9b659c64-7b49-48f5-a945-09558f5f491b');
INSERT INTO `di_fieldlayouttabs` (`id`, `layoutId`, `name`, `sortOrder`, `dateCreated`, `dateUpdated`, `uid`) VALUES ('208', '317', 'Lead Image', '3', '2014-09-23 14:03:25', '2014-09-23 14:03:25', 'cc9dbccf-2287-4450-b4cc-9f3e09936afe');
INSERT INTO `di_fieldlayouttabs` (`id`, `layoutId`, `name`, `sortOrder`, `dateCreated`, `dateUpdated`, `uid`) VALUES ('209', '317', 'Index', '4', '2014-09-23 14:03:25', '2014-09-23 14:03:25', '18281e6e-52a2-490c-a799-06c139a652d2');
INSERT INTO `di_fieldlayouttabs` (`id`, `layoutId`, `name`, `sortOrder`, `dateCreated`, `dateUpdated`, `uid`) VALUES ('210', '317', 'Tags Categories', '5', '2014-09-23 14:03:25', '2014-09-23 14:03:25', 'e63a7ccb-db93-409a-aa75-f6629a837ad8');
INSERT INTO `di_fieldlayouttabs` (`id`, `layoutId`, `name`, `sortOrder`, `dateCreated`, `dateUpdated`, `uid`) VALUES ('211', '318', 'Summary', '1', '2014-09-23 15:54:56', '2014-09-23 15:54:56', '730d3c08-2676-488b-ac0c-864b2350252d');
INSERT INTO `di_fieldlayouttabs` (`id`, `layoutId`, `name`, `sortOrder`, `dateCreated`, `dateUpdated`, `uid`) VALUES ('212', '318', 'Article Body', '2', '2014-09-23 15:54:56', '2014-09-23 15:54:56', 'b97a0838-f01f-48c2-884f-7d639eda19e9');
INSERT INTO `di_fieldlayouttabs` (`id`, `layoutId`, `name`, `sortOrder`, `dateCreated`, `dateUpdated`, `uid`) VALUES ('213', '318', 'Lead Image', '3', '2014-09-23 15:54:56', '2014-09-23 15:54:56', '21e32e69-f660-4e67-9965-31859b179cdc');
INSERT INTO `di_fieldlayouttabs` (`id`, `layoutId`, `name`, `sortOrder`, `dateCreated`, `dateUpdated`, `uid`) VALUES ('214', '318', 'Theme', '4', '2014-09-23 15:54:56', '2014-09-23 15:54:56', '17bf26a4-a6fb-44f2-8849-ef7a18663b90');
INSERT INTO `di_fieldlayouttabs` (`id`, `layoutId`, `name`, `sortOrder`, `dateCreated`, `dateUpdated`, `uid`) VALUES ('220', '380', 'Summary', '1', '2014-09-25 12:50:11', '2014-09-25 12:50:11', '393b4b91-815c-4c0c-9e66-2db17effe073');
INSERT INTO `di_fieldlayouttabs` (`id`, `layoutId`, `name`, `sortOrder`, `dateCreated`, `dateUpdated`, `uid`) VALUES ('221', '380', 'Body', '2', '2014-09-25 12:50:11', '2014-09-25 12:50:11', 'f05c5152-c923-4f07-8ca9-62ea947abd23');
INSERT INTO `di_fieldlayouttabs` (`id`, `layoutId`, `name`, `sortOrder`, `dateCreated`, `dateUpdated`, `uid`) VALUES ('222', '380', 'Categories / Tags', '3', '2014-09-25 12:50:11', '2014-09-25 12:50:11', '55965eb1-69f8-49de-8f81-36da4bb275d2');
INSERT INTO `di_fieldlayouttabs` (`id`, `layoutId`, `name`, `sortOrder`, `dateCreated`, `dateUpdated`, `uid`) VALUES ('223', '380', 'Page Options', '4', '2014-09-25 12:50:11', '2014-09-25 12:50:11', '3c96fe13-7a4d-4f42-9b54-6468dfa9dd48');



--
-- Schema for table `di_fields`
--

DROP TABLE IF EXISTS `di_fields`;

CREATE TABLE `di_fields` (
  `id` int(11) NOT NULL AUTO_INCREMENT,
  `groupId` int(11) DEFAULT NULL,
  `name` varchar(255) COLLATE utf8_unicode_ci NOT NULL,
  `handle` varchar(58) COLLATE utf8_unicode_ci NOT NULL,
  `context` varchar(255) COLLATE utf8_unicode_ci NOT NULL DEFAULT 'global',
  `instructions` text COLLATE utf8_unicode_ci,
  `translatable` tinyint(1) unsigned NOT NULL DEFAULT '0',
  `type` varchar(150) COLLATE utf8_unicode_ci NOT NULL,
  `settings` text COLLATE utf8_unicode_ci,
  `dateCreated` datetime NOT NULL,
  `dateUpdated` datetime NOT NULL,
  `uid` char(36) COLLATE utf8_unicode_ci NOT NULL DEFAULT '0',
  PRIMARY KEY (`id`),
  UNIQUE KEY `di_fields_handle_context_unq_idx` (`handle`,`context`),
  KEY `di_fields_context_idx` (`context`),
  KEY `di_fields_groupId_fk` (`groupId`)
) ENGINE=InnoDB AUTO_INCREMENT=96 DEFAULT CHARSET=utf8 COLLATE=utf8_unicode_ci;

--
-- Data for table `di_fields`
--

INSERT INTO `di_fields` (`id`, `groupId`, `name`, `handle`, `context`, `instructions`, `translatable`, `type`, `settings`, `dateCreated`, `dateUpdated`, `uid`) VALUES ('1', '3', 'Heading', 'heading', 'global', '', '0', 'PlainText', '{\"placeholder\":\"\",\"maxLength\":\"\",\"multiline\":\"\",\"initialRows\":\"4\"}', '2014-09-04 11:28:59', '2014-09-08 13:08:01', '5f6f177a-079d-41ef-bfaf-3e4fdc9d6b93');
INSERT INTO `di_fields` (`id`, `groupId`, `name`, `handle`, `context`, `instructions`, `translatable`, `type`, `settings`, `dateCreated`, `dateUpdated`, `uid`) VALUES ('2', '2', 'Body', 'body', 'global', '', '0', 'Matrix', '{\"maxBlocks\":null}', '2014-09-04 11:28:59', '2014-09-24 14:37:04', '3be9ebcc-8a98-420b-9148-7913c96f512a');
INSERT INTO `di_fields` (`id`, `groupId`, `name`, `handle`, `context`, `instructions`, `translatable`, `type`, `settings`, `dateCreated`, `dateUpdated`, `uid`) VALUES ('3', '1', 'Tags', 'tags', 'global', '', '0', 'Tags', '{\"source\":\"taggroup:4\"}', '2014-09-04 11:28:59', '2014-09-23 11:31:31', '69aa2d41-c508-4131-b44b-0bc340a6ecbc');
INSERT INTO `di_fields` (`id`, `groupId`, `name`, `handle`, `context`, `instructions`, `translatable`, `type`, `settings`, `dateCreated`, `dateUpdated`, `uid`) VALUES ('5', NULL, 'Text', 'text', 'matrixBlockType:1', NULL, '0', 'RichText', '{\"configFile\":\"\",\"cleanupHtml\":\"1\",\"purifyHtml\":\"1\"}', '2014-09-04 14:21:28', '2014-09-24 14:37:04', 'b137b9f1-2b2d-410d-9f61-63370c7c03a8');
INSERT INTO `di_fields` (`id`, `groupId`, `name`, `handle`, `context`, `instructions`, `translatable`, `type`, `settings`, `dateCreated`, `dateUpdated`, `uid`) VALUES ('6', NULL, 'Image', 'image', 'matrixBlockType:2', NULL, '0', 'Assets', '{\"useSingleFolder\":\"\",\"sources\":\"*\",\"defaultUploadLocationSource\":\"1\",\"defaultUploadLocationSubpath\":\"images\\/content\\/\",\"singleUploadLocationSource\":\"1\",\"singleUploadLocationSubpath\":\"\",\"restrictFiles\":\"\",\"limit\":\"\"}', '2014-09-04 14:21:28', '2014-09-24 14:37:04', '3d0470c8-23c4-4698-8d7e-28cd8bf5825b');
INSERT INTO `di_fields` (`id`, `groupId`, `name`, `handle`, `context`, `instructions`, `translatable`, `type`, `settings`, `dateCreated`, `dateUpdated`, `uid`) VALUES ('7', NULL, 'Asset Placement', 'assetPlacement', 'matrixBlockType:2', NULL, '0', 'Dropdown', '{\"options\":[{\"label\":\"Inset\",\"value\":\"inset\",\"default\":\"\"},{\"label\":\"Inset Half\",\"value\":\"inset-half\",\"default\":\"\"},{\"label\":\"Margin\",\"value\":\"margin\",\"default\":\"\"},{\"label\":\"Full\",\"value\":\"full\",\"default\":\"\"}]}', '2014-09-04 14:21:28', '2014-09-24 14:37:04', '197d8ef0-59b0-44cf-897f-6a873b3726d8');
INSERT INTO `di_fields` (`id`, `groupId`, `name`, `handle`, `context`, `instructions`, `translatable`, `type`, `settings`, `dateCreated`, `dateUpdated`, `uid`) VALUES ('8', NULL, 'Image Caption', 'imageCaption', 'matrixBlockType:2', NULL, '0', 'RichText', '{\"configFile\":\"Simple.json\",\"cleanupHtml\":\"1\",\"purifyHtml\":\"1\"}', '2014-09-04 14:21:28', '2014-09-24 14:37:04', 'd113d39d-9cc2-4142-b632-1540afe8f32d');
INSERT INTO `di_fields` (`id`, `groupId`, `name`, `handle`, `context`, `instructions`, `translatable`, `type`, `settings`, `dateCreated`, `dateUpdated`, `uid`) VALUES ('9', NULL, 'Heading', 'heading', 'matrixBlockType:3', NULL, '0', 'PlainText', '{\"placeholder\":\"\",\"maxLength\":\"\",\"multiline\":\"\",\"initialRows\":\"4\"}', '2014-09-04 14:58:34', '2014-09-24 14:37:04', '96579c37-6d57-484e-80a5-8c327d0fe6f4');
INSERT INTO `di_fields` (`id`, `groupId`, `name`, `handle`, `context`, `instructions`, `translatable`, `type`, `settings`, `dateCreated`, `dateUpdated`, `uid`) VALUES ('10', NULL, 'HeadingType', 'headingType', 'matrixBlockType:3', NULL, '0', 'Dropdown', '{\"options\":[{\"label\":\"h2\",\"value\":\"h2\",\"default\":\"1\"},{\"label\":\"h3\",\"value\":\"h3\",\"default\":\"\"},{\"label\":\"h4\",\"value\":\"h4\",\"default\":\"\"}]}', '2014-09-04 14:58:34', '2014-09-24 14:37:04', '5dc13701-8ffc-42a2-8f7b-e82d5ba06f6a');
INSERT INTO `di_fields` (`id`, `groupId`, `name`, `handle`, `context`, `instructions`, `translatable`, `type`, `settings`, `dateCreated`, `dateUpdated`, `uid`) VALUES ('11', NULL, 'Quote', 'quote', 'matrixBlockType:4', NULL, '0', 'RichText', '{\"configFile\":\"Standard.json\",\"cleanupHtml\":\"1\",\"purifyHtml\":\"1\"}', '2014-09-04 14:58:34', '2014-09-24 14:37:04', '6cb3dcee-c8d4-493a-b079-d818bbc913f2');
INSERT INTO `di_fields` (`id`, `groupId`, `name`, `handle`, `context`, `instructions`, `translatable`, `type`, `settings`, `dateCreated`, `dateUpdated`, `uid`) VALUES ('12', NULL, 'Cite', 'cite', 'matrixBlockType:4', NULL, '0', 'PlainText', '{\"placeholder\":\"\",\"maxLength\":\"\",\"multiline\":\"\",\"initialRows\":\"4\"}', '2014-09-04 14:58:34', '2014-09-24 14:37:04', 'f7004da0-8ce0-46ef-a9d6-5cf2accc1b74');
INSERT INTO `di_fields` (`id`, `groupId`, `name`, `handle`, `context`, `instructions`, `translatable`, `type`, `settings`, `dateCreated`, `dateUpdated`, `uid`) VALUES ('13', NULL, 'Cite Link', 'citeLink', 'matrixBlockType:4', NULL, '0', 'PlainText', '{\"placeholder\":\"\",\"maxLength\":\"\",\"multiline\":\"\",\"initialRows\":\"4\"}', '2014-09-04 14:58:34', '2014-09-24 14:37:04', '570caca2-3c09-476c-867e-e13b846843bf');
INSERT INTO `di_fields` (`id`, `groupId`, `name`, `handle`, `context`, `instructions`, `translatable`, `type`, `settings`, `dateCreated`, `dateUpdated`, `uid`) VALUES ('14', '3', 'Brief', 'brief', 'global', '', '0', 'RichText', '{\"configFile\":\"Standard.json\",\"cleanupHtml\":\"1\",\"purifyHtml\":\"\"}', '2014-09-04 15:42:19', '2014-09-10 13:34:21', '4ad9d0d7-d9c2-4382-b8a9-113252fb34f7');
INSERT INTO `di_fields` (`id`, `groupId`, `name`, `handle`, `context`, `instructions`, `translatable`, `type`, `settings`, `dateCreated`, `dateUpdated`, `uid`) VALUES ('16', '3', 'Lead Image', 'leadImage', 'global', '', '0', 'Assets', '{\"useSingleFolder\":\"\",\"sources\":[\"folder:1\"],\"defaultUploadLocationSource\":\"1\",\"defaultUploadLocationSubpath\":\"images\\/content\",\"singleUploadLocationSource\":\"1\",\"singleUploadLocationSubpath\":\"\",\"restrictFiles\":\"\",\"limit\":\"5\"}', '2014-09-05 11:52:04', '2014-09-25 12:45:20', 'f237e599-005b-4cfc-b74f-2a018e56800d');
INSERT INTO `di_fields` (`id`, `groupId`, `name`, `handle`, `context`, `instructions`, `translatable`, `type`, `settings`, `dateCreated`, `dateUpdated`, `uid`) VALUES ('17', '4', 'Lead Image Format', 'leadImageFormat', 'global', '', '0', 'Dropdown', '{\"options\":[{\"label\":\"Poster\",\"value\":\"poster\",\"default\":\"1\"},{\"label\":\"Background\",\"value\":\"background\",\"default\":\"\"},{\"label\":\"Photo\",\"value\":\"photo\",\"default\":\"\"},{\"label\":\"Fill\",\"value\":\"fill\",\"default\":\"\"},{\"label\":\"None\",\"value\":\"none\",\"default\":\"\"}]}', '2014-09-05 13:10:50', '2014-09-22 16:03:16', '19860ca5-53c4-4f5a-b225-7b7d104b9393');
INSERT INTO `di_fields` (`id`, `groupId`, `name`, `handle`, `context`, `instructions`, `translatable`, `type`, `settings`, `dateCreated`, `dateUpdated`, `uid`) VALUES ('18', NULL, 'Asset Placement', 'assetPlacement', 'matrixBlockType:4', NULL, '0', 'Dropdown', '{\"options\":[{\"label\":\"Inset\",\"value\":\"inset\",\"default\":\"\"},{\"label\":\"Inset Half\",\"value\":\"inset-half\",\"default\":\"\"},{\"label\":\"Margin\",\"value\":\"margin\",\"default\":\"\"},{\"label\":\"Full\",\"value\":\"full\",\"default\":\"\"}]}', '2014-09-05 14:32:29', '2014-09-24 14:37:04', '10f36f87-bc46-4746-8adf-f9c656e949f6');
INSERT INTO `di_fields` (`id`, `groupId`, `name`, `handle`, `context`, `instructions`, `translatable`, `type`, `settings`, `dateCreated`, `dateUpdated`, `uid`) VALUES ('19', NULL, 'InfoTitle', 'infoTitle', 'matrixBlockType:5', NULL, '0', 'PlainText', '{\"placeholder\":\"\",\"maxLength\":\"\",\"multiline\":\"\",\"initialRows\":\"4\"}', '2014-09-05 14:32:29', '2014-09-24 14:37:04', '36c454f4-54fc-40d7-a1ce-8663087f67a4');
INSERT INTO `di_fields` (`id`, `groupId`, `name`, `handle`, `context`, `instructions`, `translatable`, `type`, `settings`, `dateCreated`, `dateUpdated`, `uid`) VALUES ('20', NULL, 'Info Brief', 'infoBrief', 'matrixBlockType:5', NULL, '0', 'RichText', '{\"configFile\":\"Standard.json\",\"cleanupHtml\":\"1\",\"purifyHtml\":\"1\"}', '2014-09-05 14:32:29', '2014-09-24 14:37:04', '9b2ab85e-c278-442f-9909-8ccc7c0f3ee0');
INSERT INTO `di_fields` (`id`, `groupId`, `name`, `handle`, `context`, `instructions`, `translatable`, `type`, `settings`, `dateCreated`, `dateUpdated`, `uid`) VALUES ('21', NULL, 'Info Table', 'infoTable', 'matrixBlockType:5', NULL, '0', 'Table', '{\"columns\":{\"col1\":{\"heading\":\"Label\",\"handle\":\"label\",\"width\":\"\",\"type\":\"singleline\"},\"col2\":{\"heading\":\"Detail 1\",\"handle\":\"detail1\",\"width\":\"\",\"type\":\"multiline\"},\"col3\":{\"heading\":\"Detail 2\",\"handle\":\"detail2\",\"width\":\"\",\"type\":\"multiline\"},\"col4\":{\"heading\":\"Detail 3\",\"handle\":\"detail3\",\"width\":\"\",\"type\":\"multiline\"}},\"defaults\":{\"row1\":{\"col1\":\"\",\"col2\":\"\",\"col3\":\"\",\"col4\":\"\"}}}', '2014-09-05 14:32:29', '2014-09-24 14:37:04', 'dbfb3837-2a00-4928-abb6-11303b5d5eca');
INSERT INTO `di_fields` (`id`, `groupId`, `name`, `handle`, `context`, `instructions`, `translatable`, `type`, `settings`, `dateCreated`, `dateUpdated`, `uid`) VALUES ('22', NULL, 'Asset Placement', 'assetPlacement', 'matrixBlockType:5', NULL, '0', 'Dropdown', '{\"options\":[{\"label\":\"Inset\",\"value\":\"inset\",\"default\":\"\"},{\"label\":\"Inset Half\",\"value\":\"inset-half\",\"default\":\"\"},{\"label\":\"Margin\",\"value\":\"margin\",\"default\":\"\"},{\"label\":\"Full\",\"value\":\"full\",\"default\":\"\"}]}', '2014-09-05 14:32:29', '2014-09-24 14:37:04', '799be267-fed0-40ce-ae91-12a2e9e91f46');
INSERT INTO `di_fields` (`id`, `groupId`, `name`, `handle`, `context`, `instructions`, `translatable`, `type`, `settings`, `dateCreated`, `dateUpdated`, `uid`) VALUES ('23', '3', 'Sub Heading', 'subheading', 'global', 'Introduce an article or subtitle the Heading', '0', 'RichText', '{\"configFile\":\"Standard.json\",\"cleanupHtml\":\"1\",\"purifyHtml\":\"1\"}', '2014-09-05 16:03:42', '2014-09-15 10:39:33', 'b1f60ab7-f3b2-4002-8e85-b9e170347391');
INSERT INTO `di_fields` (`id`, `groupId`, `name`, `handle`, `context`, `instructions`, `translatable`, `type`, `settings`, `dateCreated`, `dateUpdated`, `uid`) VALUES ('24', NULL, 'Embed Video', 'embedVideo', 'matrixBlockType:6', NULL, '0', 'Embedder', NULL, '2014-09-09 11:26:18', '2014-09-24 14:37:04', '5c898222-f10d-4378-b00f-e6961155a60f');
INSERT INTO `di_fields` (`id`, `groupId`, `name`, `handle`, `context`, `instructions`, `translatable`, `type`, `settings`, `dateCreated`, `dateUpdated`, `uid`) VALUES ('25', NULL, 'Asset Placement', 'assetPlacement', 'matrixBlockType:6', NULL, '0', 'Dropdown', '{\"options\":[{\"label\":\"Inset\",\"value\":\"inset\",\"default\":\"\"},{\"label\":\"Inset Half\",\"value\":\"inset-half\",\"default\":\"\"},{\"label\":\"Margin\",\"value\":\"margin\",\"default\":\"\"},{\"label\":\"Full\",\"value\":\"full\",\"default\":\"\"}]}', '2014-09-09 11:43:05', '2014-09-24 14:37:04', '8df9155d-df84-47b8-8940-423e80cf6c40');
INSERT INTO `di_fields` (`id`, `groupId`, `name`, `handle`, `context`, `instructions`, `translatable`, `type`, `settings`, `dateCreated`, `dateUpdated`, `uid`) VALUES ('26', '4', 'Lead Image Link', 'leadImageLink', 'global', '', '0', 'PlainText', '{\"placeholder\":\"\",\"maxLength\":\"\",\"multiline\":\"\",\"initialRows\":\"4\"}', '2014-09-10 13:34:05', '2014-09-10 13:34:05', 'eef420cc-0635-4538-a6c7-694a1c56f5fd');
INSERT INTO `di_fields` (`id`, `groupId`, `name`, `handle`, `context`, `instructions`, `translatable`, `type`, `settings`, `dateCreated`, `dateUpdated`, `uid`) VALUES ('27', NULL, 'Asset Caption', 'assetCaption', 'matrixBlockType:6', NULL, '0', 'RichText', '{\"configFile\":\"Simple.json\",\"cleanupHtml\":\"1\",\"purifyHtml\":\"1\"}', '2014-09-10 15:05:47', '2014-09-24 14:37:04', '61784b7c-e122-46bb-ad6c-2785966c39eb');
INSERT INTO `di_fields` (`id`, `groupId`, `name`, `handle`, `context`, `instructions`, `translatable`, `type`, `settings`, `dateCreated`, `dateUpdated`, `uid`) VALUES ('28', '2', 'Keep Brief', 'keepBrief', 'global', '', '0', 'Checkboxes', '{\"options\":[{\"label\":\"Keep Brief\",\"value\":\"1\",\"default\":\"\"}]}', '2014-09-10 15:32:48', '2014-09-10 15:32:48', 'b019ab26-3aac-4b9e-9127-a5ee27964d4d');
INSERT INTO `di_fields` (`id`, `groupId`, `name`, `handle`, `context`, `instructions`, `translatable`, `type`, `settings`, `dateCreated`, `dateUpdated`, `uid`) VALUES ('29', '11', 'Theme', 'theme', 'global', '', '0', 'Dropdown', '{\"options\":[{\"label\":\"Default\",\"value\":\"_layout\",\"default\":\"1\"},{\"label\":\"Church\",\"value\":\"_layout-church\",\"default\":\"\"},{\"label\":\"Tin House\",\"value\":\"_layout-tinhouse\",\"default\":\"\"}]}', '2014-09-15 09:35:33', '2014-09-25 12:46:03', '871048b1-a112-4a85-bf34-efc97a0b3db2');
INSERT INTO `di_fields` (`id`, `groupId`, `name`, `handle`, `context`, `instructions`, `translatable`, `type`, `settings`, `dateCreated`, `dateUpdated`, `uid`) VALUES ('30', '6', 'Start Date', 'startDate', 'global', '', '0', 'Date', '{\"minuteIncrement\":\"15\",\"showTime\":1,\"showDate\":1}', '2014-09-15 10:17:48', '2014-09-15 10:17:48', '908c7687-646c-4b8f-9273-299094d429c4');
INSERT INTO `di_fields` (`id`, `groupId`, `name`, `handle`, `context`, `instructions`, `translatable`, `type`, `settings`, `dateCreated`, `dateUpdated`, `uid`) VALUES ('31', '6', 'End Date', 'endDate', 'global', '', '0', 'Date', '{\"minuteIncrement\":\"15\",\"showTime\":1,\"showDate\":1}', '2014-09-15 10:18:04', '2014-09-15 10:18:04', 'c8af1823-fd1d-4982-ba12-72eb6016c28d');
INSERT INTO `di_fields` (`id`, `groupId`, `name`, `handle`, `context`, `instructions`, `translatable`, `type`, `settings`, `dateCreated`, `dateUpdated`, `uid`) VALUES ('35', '7', 'Index', 'index', 'global', '', '0', 'Matrix', '{\"maxBlocks\":null}', '2014-09-15 13:33:35', '2014-09-24 08:40:50', 'e8752691-83b8-450e-b478-84b918e9909a');
INSERT INTO `di_fields` (`id`, `groupId`, `name`, `handle`, `context`, `instructions`, `translatable`, `type`, `settings`, `dateCreated`, `dateUpdated`, `uid`) VALUES ('36', NULL, 'Section Title', 'sectionTitle', 'matrixBlockType:7', NULL, '0', 'PlainText', '{\"placeholder\":\"\",\"maxLength\":\"\",\"multiline\":\"\",\"initialRows\":\"4\"}', '2014-09-15 13:33:35', '2014-09-24 08:40:50', 'e3e2421f-c011-4f4a-9977-bc8aca25a9d1');
INSERT INTO `di_fields` (`id`, `groupId`, `name`, `handle`, `context`, `instructions`, `translatable`, `type`, `settings`, `dateCreated`, `dateUpdated`, `uid`) VALUES ('37', NULL, 'Entries', 'entries', 'matrixBlockType:7', NULL, '0', 'Checkboxes', '{\"options\":[{\"label\":\"News\",\"value\":\"news\",\"default\":\"\"},{\"label\":\"Events\",\"value\":\"events\",\"default\":\"\"},{\"label\":\"Products\",\"value\":\"products\",\"default\":\"\"},{\"label\":\"Article\",\"value\":\"articles\",\"default\":\"\"}]}', '2014-09-15 13:33:35', '2014-09-24 08:40:50', '98c014c4-99c6-468a-a49f-26300d2a63c5');
INSERT INTO `di_fields` (`id`, `groupId`, `name`, `handle`, `context`, `instructions`, `translatable`, `type`, `settings`, `dateCreated`, `dateUpdated`, `uid`) VALUES ('38', NULL, 'Country', 'countryCategory', 'matrixBlockType:7', NULL, '0', 'Categories', '{\"source\":\"group:1\",\"limit\":\"\"}', '2014-09-15 13:33:35', '2014-09-24 08:40:50', '16974d1d-79a6-41b6-9ada-0aeec09e9da9');
INSERT INTO `di_fields` (`id`, `groupId`, `name`, `handle`, `context`, `instructions`, `translatable`, `type`, `settings`, `dateCreated`, `dateUpdated`, `uid`) VALUES ('39', NULL, 'Location', 'locationCategory', 'matrixBlockType:7', NULL, '0', 'Categories', '{\"source\":\"group:3\",\"limit\":\"\"}', '2014-09-15 13:33:35', '2014-09-24 08:40:50', '05a100d9-e370-4fc5-b99c-9ea64214b546');
INSERT INTO `di_fields` (`id`, `groupId`, `name`, `handle`, `context`, `instructions`, `translatable`, `type`, `settings`, `dateCreated`, `dateUpdated`, `uid`) VALUES ('40', NULL, 'Ministry', 'ministryCategory', 'matrixBlockType:7', NULL, '0', 'Categories', '{\"source\":\"group:2\",\"limit\":\"\"}', '2014-09-15 13:33:35', '2014-09-24 08:40:50', 'b0121b46-5785-44f4-8a46-5fdebf0b5822');
INSERT INTO `di_fields` (`id`, `groupId`, `name`, `handle`, `context`, `instructions`, `translatable`, `type`, `settings`, `dateCreated`, `dateUpdated`, `uid`) VALUES ('41', NULL, 'Role', 'roleCategory', 'matrixBlockType:7', NULL, '0', 'Categories', '{\"source\":\"group:1\",\"limit\":\"\"}', '2014-09-15 13:33:35', '2014-09-24 08:40:50', '4d08ea38-117e-4041-abab-46b6af639f34');
INSERT INTO `di_fields` (`id`, `groupId`, `name`, `handle`, `context`, `instructions`, `translatable`, `type`, `settings`, `dateCreated`, `dateUpdated`, `uid`) VALUES ('42', NULL, 'Section TItle', 'sectionTitle', 'matrixBlockType:8', NULL, '0', 'PlainText', '{\"placeholder\":\"\",\"maxLength\":\"\",\"multiline\":\"\",\"initialRows\":\"4\"}', '2014-09-15 13:36:32', '2014-09-24 08:40:50', 'a4073295-06d1-400d-a30f-39a91cf39233');
INSERT INTO `di_fields` (`id`, `groupId`, `name`, `handle`, `context`, `instructions`, `translatable`, `type`, `settings`, `dateCreated`, `dateUpdated`, `uid`) VALUES ('43', NULL, 'Entries', 'entries', 'matrixBlockType:8', NULL, '0', 'Entries', '{\"sources\":\"*\",\"limit\":\"\"}', '2014-09-15 13:36:32', '2014-09-24 08:40:50', 'b90190d0-f5cd-43fa-898b-90efe7716f89');
INSERT INTO `di_fields` (`id`, `groupId`, `name`, `handle`, `context`, `instructions`, `translatable`, `type`, `settings`, `dateCreated`, `dateUpdated`, `uid`) VALUES ('45', NULL, 'Section Style', 'sectionStyle', 'matrixBlockType:7', NULL, '0', 'Dropdown', '{\"options\":[{\"label\":\"Divider\",\"value\":\"divider\",\"default\":\"\"},{\"label\":\"Shade\",\"value\":\"shade\",\"default\":\"\"},{\"label\":\"Tint\",\"value\":\"tint\",\"default\":\"\"},{\"label\":\"None\",\"value\":\"none\",\"default\":\"\"}]}', '2014-09-15 15:45:43', '2014-09-24 08:40:50', '89ea8a8d-de99-43a7-87bb-128dbc6be9ee');
INSERT INTO `di_fields` (`id`, `groupId`, `name`, `handle`, `context`, `instructions`, `translatable`, `type`, `settings`, `dateCreated`, `dateUpdated`, `uid`) VALUES ('46', NULL, 'Section Style', 'sectionStyle', 'matrixBlockType:8', NULL, '0', 'Dropdown', '{\"options\":[{\"label\":\"Divider\",\"value\":\"divider\",\"default\":\"1\"},{\"label\":\"Shade\",\"value\":\"shade\",\"default\":\"\"},{\"label\":\"Tint\",\"value\":\"tint\",\"default\":\"\"},{\"label\":\"None\",\"value\":\"none\",\"default\":\"\"}]}', '2014-09-15 15:45:43', '2014-09-24 08:40:50', '0a596da2-37a7-4ba8-bd3b-703e3298d4d2');
INSERT INTO `di_fields` (`id`, `groupId`, `name`, `handle`, `context`, `instructions`, `translatable`, `type`, `settings`, `dateCreated`, `dateUpdated`, `uid`) VALUES ('47', '6', 'All Day', 'allDay', 'global', '', '0', 'Checkboxes', '{\"options\":[{\"label\":\"All Day\",\"value\":\"allday\",\"default\":\"\"}]}', '2014-09-15 16:46:22', '2014-09-15 16:46:22', 'c3543d72-9bce-4f91-8baf-5d5468b7cdda');
INSERT INTO `di_fields` (`id`, `groupId`, `name`, `handle`, `context`, `instructions`, `translatable`, `type`, `settings`, `dateCreated`, `dateUpdated`, `uid`) VALUES ('48', NULL, 'Map', 'map', 'matrixBlockType:9', NULL, '0', 'GoogleMaps_GoogleMap', '{\"defaultMapCenter\":\"0,0\",\"defaultMapZoom\":\"10\",\"defaultMapWidth\":\"100%\",\"defaultMapHeight\":\"400px\",\"displayButtons\":[\"list\",\"refresh\",\"markers\"],\"addressFields\":\"\"}', '2014-09-16 14:45:54', '2014-09-24 14:37:04', 'b27641ac-fcb1-4604-bd10-15bc6d1083fe');
INSERT INTO `di_fields` (`id`, `groupId`, `name`, `handle`, `context`, `instructions`, `translatable`, `type`, `settings`, `dateCreated`, `dateUpdated`, `uid`) VALUES ('49', NULL, 'AssetPlacement', 'assetPlacement', 'matrixBlockType:9', NULL, '0', 'Dropdown', '{\"options\":[{\"label\":\"Inset\",\"value\":\"inset\",\"default\":\"\"},{\"label\":\"Full\",\"value\":\"full\",\"default\":\"\"}]}', '2014-09-16 14:45:54', '2014-09-24 14:37:04', 'b8a2e934-540e-478b-b42f-dad2a02e26d1');
INSERT INTO `di_fields` (`id`, `groupId`, `name`, `handle`, `context`, `instructions`, `translatable`, `type`, `settings`, `dateCreated`, `dateUpdated`, `uid`) VALUES ('50', '8', 'Address', 'address', 'global', '', '0', 'Table', '{\"columns\":{\"col1\":{\"heading\":\"Street Address\",\"handle\":\"streetAddress\",\"width\":\"\",\"type\":\"singleline\"},\"col2\":{\"heading\":\"Locality\",\"handle\":\"locality\",\"width\":\"\",\"type\":\"singleline\"},\"col3\":{\"heading\":\"Region\",\"handle\":\"region\",\"width\":\"\",\"type\":\"singleline\"},\"col4\":{\"heading\":\"Post Code\",\"handle\":\"postCode\",\"width\":\"\",\"type\":\"singleline\"},\"col5\":{\"heading\":\"Country\",\"handle\":\"country\",\"width\":\"\",\"type\":\"singleline\"},\"col6\":{\"heading\":\"Coords\",\"handle\":\"coords\",\"width\":\"\",\"type\":\"singleline\"}},\"defaults\":{\"row1\":{\"col1\":\"\",\"col2\":\"\",\"col3\":\"\",\"col4\":\"\",\"col5\":\"\",\"col6\":\"\"}}}', '2014-09-16 16:04:14', '2014-09-17 08:59:02', 'd6ebd219-631f-4819-9d96-8586d96d0560');
INSERT INTO `di_fields` (`id`, `groupId`, `name`, `handle`, `context`, `instructions`, `translatable`, `type`, `settings`, `dateCreated`, `dateUpdated`, `uid`) VALUES ('51', '8', 'Map', 'map', 'global', '', '0', 'GoogleMaps_GoogleMap', '{\"defaultMapCenter\":\"0,0\",\"defaultMapZoom\":\"10\",\"defaultMapWidth\":\"100%\",\"defaultMapHeight\":\"400px\",\"displayButtons\":[\"list\",\"refresh\",\"markers\",\"routes\",\"polygons\",\"polylines\"],\"addressFields\":\"\"}', '2014-09-16 16:05:52', '2014-09-16 16:05:52', '704391a4-e5db-4058-85f5-c21ffb24c8bc');
INSERT INTO `di_fields` (`id`, `groupId`, `name`, `handle`, `context`, `instructions`, `translatable`, `type`, `settings`, `dateCreated`, `dateUpdated`, `uid`) VALUES ('54', '9', 'Price Table', 'priceTable', 'global', '', '0', 'Table', '{\"columns\":{\"col1\":{\"heading\":\"Price Online\",\"handle\":\"priceOnline\",\"width\":\"\",\"type\":\"singleline\"},\"col2\":{\"heading\":\"Price Shop\",\"handle\":\"priceShop\",\"width\":\"\",\"type\":\"singleline\"},\"col7\":{\"heading\":\"Price Was\",\"handle\":\"priceWas\",\"width\":\"\",\"type\":\"singleline\"},\"col6\":{\"heading\":\"Currency\",\"handle\":\"currency\",\"width\":\"\",\"type\":\"singleline\"},\"col3\":{\"heading\":\"Variation\",\"handle\":\"variation\",\"width\":\"\",\"type\":\"singleline\"},\"col4\":{\"heading\":\"Buy Online\",\"handle\":\"buyOnline\",\"width\":\"\",\"type\":\"checkbox\"},\"col5\":{\"heading\":\"In Stock\",\"handle\":\"inStock\",\"width\":\"\",\"type\":\"checkbox\"}},\"defaults\":{\"row1\":{\"col1\":\"\",\"col2\":\"\",\"col7\":\"\",\"col6\":\"GBP\",\"col3\":\"\",\"col4\":\"1\",\"col5\":\"1\"}}}', '2014-09-17 10:03:13', '2014-09-17 10:20:48', '58306b7d-9400-4b97-b635-3011b7e4d03d');
INSERT INTO `di_fields` (`id`, `groupId`, `name`, `handle`, `context`, `instructions`, `translatable`, `type`, `settings`, `dateCreated`, `dateUpdated`, `uid`) VALUES ('55', NULL, 'Product', 'productCategory', 'matrixBlockType:7', NULL, '0', 'Categories', '{\"source\":\"group:5\",\"limit\":\"\"}', '2014-09-17 13:43:26', '2014-09-24 08:40:50', '54a79e31-8258-46ec-b7bc-e3eb67f5919e');
INSERT INTO `di_fields` (`id`, `groupId`, `name`, `handle`, `context`, `instructions`, `translatable`, `type`, `settings`, `dateCreated`, `dateUpdated`, `uid`) VALUES ('56', NULL, 'imageGallery', 'imageGallery', 'matrixBlockType:10', NULL, '0', 'Assets', '{\"useSingleFolder\":\"\",\"sources\":\"*\",\"defaultUploadLocationSource\":\"1\",\"defaultUploadLocationSubpath\":\"images\\/content\",\"singleUploadLocationSource\":\"1\",\"singleUploadLocationSubpath\":\"\",\"restrictFiles\":\"\",\"limit\":\"12\"}', '2014-09-17 16:26:34', '2014-09-24 14:37:04', '65041633-5a1c-4dbc-ad5a-38cd36295cee');
INSERT INTO `di_fields` (`id`, `groupId`, `name`, `handle`, `context`, `instructions`, `translatable`, `type`, `settings`, `dateCreated`, `dateUpdated`, `uid`) VALUES ('57', NULL, 'Gallery Caption', 'assetCaption', 'matrixBlockType:10', NULL, '0', 'PlainText', '{\"placeholder\":\"\",\"maxLength\":\"\",\"multiline\":\"\",\"initialRows\":\"4\"}', '2014-09-17 16:26:34', '2014-09-24 14:37:04', '92e96c11-ebb0-4cba-b7d6-3d23460c6f07');
INSERT INTO `di_fields` (`id`, `groupId`, `name`, `handle`, `context`, `instructions`, `translatable`, `type`, `settings`, `dateCreated`, `dateUpdated`, `uid`) VALUES ('58', NULL, 'assetPlacement', 'assetPlacement', 'matrixBlockType:10', NULL, '0', 'Dropdown', '{\"options\":[{\"label\":\"Inset\",\"value\":\"inset\",\"default\":\"\"},{\"label\":\"Full\",\"value\":\"full\",\"default\":\"\"}]}', '2014-09-17 16:26:34', '2014-09-24 14:37:04', '95198b73-de07-4c87-81d6-15d88eacb612');
INSERT INTO `di_fields` (`id`, `groupId`, `name`, `handle`, `context`, `instructions`, `translatable`, `type`, `settings`, `dateCreated`, `dateUpdated`, `uid`) VALUES ('59', NULL, 'Embed', 'embed', 'matrixBlockType:11', NULL, '0', 'PlainText', '{\"placeholder\":\"\",\"maxLength\":\"\",\"multiline\":\"\",\"initialRows\":\"4\"}', '2014-09-17 16:55:23', '2014-09-24 14:37:04', 'a637b2d8-1715-4204-aabb-b275651cf15c');
INSERT INTO `di_fields` (`id`, `groupId`, `name`, `handle`, `context`, `instructions`, `translatable`, `type`, `settings`, `dateCreated`, `dateUpdated`, `uid`) VALUES ('60', NULL, 'Asset Placement', 'assetPlacement', 'matrixBlockType:11', NULL, '0', 'Dropdown', '{\"options\":[{\"label\":\"Inset\",\"value\":\"inset\",\"default\":\"\"},{\"label\":\"Inset Half\",\"value\":\"inset-half\",\"default\":\"\"},{\"label\":\"Margin\",\"value\":\"margin\",\"default\":\"\"},{\"label\":\"Full\",\"value\":\"full\",\"default\":\"\"}]}', '2014-09-17 16:55:23', '2014-09-24 14:37:04', 'baa574bc-975e-4f5e-b60b-f5534588e212');
INSERT INTO `di_fields` (`id`, `groupId`, `name`, `handle`, `context`, `instructions`, `translatable`, `type`, `settings`, `dateCreated`, `dateUpdated`, `uid`) VALUES ('61', NULL, 'Asset Caption', 'assetCaption', 'matrixBlockType:11', NULL, '0', 'PlainText', '{\"placeholder\":\"\",\"maxLength\":\"\",\"multiline\":\"\",\"initialRows\":\"4\"}', '2014-09-17 16:55:23', '2014-09-24 14:37:04', 'f96ea8b8-54e2-4d32-af5a-761506a656b3');
INSERT INTO `di_fields` (`id`, `groupId`, `name`, `handle`, `context`, `instructions`, `translatable`, `type`, `settings`, `dateCreated`, `dateUpdated`, `uid`) VALUES ('62', '3', 'Emblem Image', 'emblemImage', 'global', '', '0', 'Assets', '{\"useSingleFolder\":\"\",\"sources\":\"*\",\"defaultUploadLocationSource\":\"1\",\"defaultUploadLocationSubpath\":\"images\\/emblem\",\"singleUploadLocationSource\":\"1\",\"singleUploadLocationSubpath\":\"\",\"restrictFiles\":\"1\",\"allowedKinds\":[\"image\"],\"limit\":\"\"}', '2014-09-18 10:48:26', '2014-09-25 12:45:33', '4e2487df-c37a-46fe-a2e3-92dd245cba06');
INSERT INTO `di_fields` (`id`, `groupId`, `name`, `handle`, `context`, `instructions`, `translatable`, `type`, `settings`, `dateCreated`, `dateUpdated`, `uid`) VALUES ('63', '11', 'Poster Color', 'posterColor', 'global', '', '0', 'Dropdown', '{\"options\":[{\"label\":\"None\",\"value\":\"none\",\"default\":\"1\"},{\"label\":\"Drop Inn Red\",\"value\":\"9c243e\",\"default\":\"\"},{\"label\":\"White\",\"value\":\"ffffff\",\"default\":\"\"},{\"label\":\"Church Green\",\"value\":\"84A902\",\"default\":\"\"},{\"label\":\"Church Purple\",\"value\":\"610065\",\"default\":\"\"},{\"label\":\"Church Orange\",\"value\":\"e88555\",\"default\":\"\"},{\"label\":\"Tin House Black\",\"value\":\"323137\",\"default\":\"\"},{\"label\":\"Tin House Grey\",\"value\":\"9b99a4\",\"default\":\"\"}]}', '2014-09-18 12:06:12', '2014-09-25 12:45:53', '3d8f522c-c38a-4c09-a238-15e6d80e00de');
INSERT INTO `di_fields` (`id`, `groupId`, `name`, `handle`, `context`, `instructions`, `translatable`, `type`, `settings`, `dateCreated`, `dateUpdated`, `uid`) VALUES ('64', '3', 'Redirect', 'redirect', 'global', '', '0', 'Entries', '{\"sources\":\"*\",\"limit\":\"1\"}', '2014-09-18 15:22:30', '2014-09-18 15:22:30', '4dc1d0d7-bf03-4358-8a2b-729d3c9e9cdd');
INSERT INTO `di_fields` (`id`, `groupId`, `name`, `handle`, `context`, `instructions`, `translatable`, `type`, `settings`, `dateCreated`, `dateUpdated`, `uid`) VALUES ('65', '7', 'Index Category', 'indexCategory', 'global', '', '0', 'Matrix', '{\"maxBlocks\":null}', '2014-09-22 14:42:27', '2014-09-24 08:41:06', '4547401b-5ef3-4810-8037-e65541016229');
INSERT INTO `di_fields` (`id`, `groupId`, `name`, `handle`, `context`, `instructions`, `translatable`, `type`, `settings`, `dateCreated`, `dateUpdated`, `uid`) VALUES ('66', NULL, 'Section Title', 'sectionTitle', 'matrixBlockType:12', NULL, '0', 'PlainText', '{\"placeholder\":\"\",\"maxLength\":\"\",\"multiline\":\"\",\"initialRows\":\"4\"}', '2014-09-22 14:42:27', '2014-09-24 08:41:07', '6ee6ff91-44e7-426e-83f6-09d9349b22f0');
INSERT INTO `di_fields` (`id`, `groupId`, `name`, `handle`, `context`, `instructions`, `translatable`, `type`, `settings`, `dateCreated`, `dateUpdated`, `uid`) VALUES ('67', NULL, 'Section Style', 'sectionStyle', 'matrixBlockType:12', NULL, '0', 'Dropdown', '{\"options\":[{\"label\":\"Divider\",\"value\":\"divider\",\"default\":\"\"},{\"label\":\"Shade\",\"value\":\"shade\",\"default\":\"\"},{\"label\":\"Tint\",\"value\":\"tint\",\"default\":\"\"},{\"label\":\"None\",\"value\":\"none\",\"default\":\"\"}]}', '2014-09-22 14:42:27', '2014-09-24 08:41:07', 'a5f6fb38-4774-46f7-b6ce-6d4831fd3ce9');
INSERT INTO `di_fields` (`id`, `groupId`, `name`, `handle`, `context`, `instructions`, `translatable`, `type`, `settings`, `dateCreated`, `dateUpdated`, `uid`) VALUES ('68', NULL, 'Entries', 'entries', 'matrixBlockType:12', NULL, '0', 'Checkboxes', '{\"options\":[{\"label\":\"Event\",\"value\":\"event\",\"default\":\"\"},{\"label\":\"News\",\"value\":\"news\",\"default\":\"\"},{\"label\":\"Ministries\",\"value\":\"ministries\",\"default\":\"\"},{\"label\":\"Product\",\"value\":\"product\",\"default\":\"\"}]}', '2014-09-22 14:42:27', '2014-09-24 08:41:07', '53308245-3328-4a49-990b-453118c49d3a');
INSERT INTO `di_fields` (`id`, `groupId`, `name`, `handle`, `context`, `instructions`, `translatable`, `type`, `settings`, `dateCreated`, `dateUpdated`, `uid`) VALUES ('69', NULL, 'Section Title', 'sectionTitle', 'matrixBlockType:13', NULL, '0', 'PlainText', '{\"placeholder\":\"\",\"maxLength\":\"\",\"multiline\":\"\",\"initialRows\":\"4\"}', '2014-09-22 14:42:27', '2014-09-24 08:41:07', 'fe133964-b178-401d-87e4-0757657789c1');
INSERT INTO `di_fields` (`id`, `groupId`, `name`, `handle`, `context`, `instructions`, `translatable`, `type`, `settings`, `dateCreated`, `dateUpdated`, `uid`) VALUES ('70', NULL, 'Section Style', 'sectionStyle', 'matrixBlockType:13', NULL, '0', 'Dropdown', '{\"options\":[{\"label\":\"Divider\",\"value\":\"divider\",\"default\":\"\"},{\"label\":\"Shade\",\"value\":\"shade\",\"default\":\"\"},{\"label\":\"Tint\",\"value\":\"tint\",\"default\":\"\"},{\"label\":\"None\",\"value\":\"none\",\"default\":\"\"}]}', '2014-09-22 14:42:27', '2014-09-24 08:41:07', '36a0df4a-187d-4d9e-94bf-3fc43dfe7ec3');
INSERT INTO `di_fields` (`id`, `groupId`, `name`, `handle`, `context`, `instructions`, `translatable`, `type`, `settings`, `dateCreated`, `dateUpdated`, `uid`) VALUES ('71', NULL, 'Entries', 'entries', 'matrixBlockType:13', NULL, '0', 'Entries', '{\"sources\":\"*\",\"limit\":\"\"}', '2014-09-22 14:42:27', '2014-09-24 08:41:07', '2295cc60-a64a-4444-8387-52119fe62ef1');
INSERT INTO `di_fields` (`id`, `groupId`, `name`, `handle`, `context`, `instructions`, `translatable`, `type`, `settings`, `dateCreated`, `dateUpdated`, `uid`) VALUES ('72', NULL, 'Section Title', 'sectionTitle', 'matrixBlockType:14', NULL, '0', 'PlainText', '{\"placeholder\":\"\",\"maxLength\":\"\",\"multiline\":\"\",\"initialRows\":\"4\"}', '2014-09-23 11:04:14', '2014-09-24 08:41:06', '837eb1ba-5a2d-4fc0-9942-624f4ac9826d');
INSERT INTO `di_fields` (`id`, `groupId`, `name`, `handle`, `context`, `instructions`, `translatable`, `type`, `settings`, `dateCreated`, `dateUpdated`, `uid`) VALUES ('73', NULL, 'Section Style', 'sectionStyle', 'matrixBlockType:14', NULL, '0', 'Dropdown', '{\"options\":[{\"label\":\"Divider\",\"value\":\"divider\",\"default\":\"\"},{\"label\":\"Shade\",\"value\":\"shade\",\"default\":\"\"},{\"label\":\"Tint\",\"value\":\"tint\",\"default\":\"\"},{\"label\":\"None\",\"value\":\"none\",\"default\":\"\"}]}', '2014-09-23 11:04:14', '2014-09-24 08:41:06', '5ed8ebdd-225e-4f84-9464-c51a116e1ce9');
INSERT INTO `di_fields` (`id`, `groupId`, `name`, `handle`, `context`, `instructions`, `translatable`, `type`, `settings`, `dateCreated`, `dateUpdated`, `uid`) VALUES ('74', NULL, 'Category', 'category', 'matrixBlockType:14', NULL, '0', 'Dropdown', '{\"options\":[{\"label\":\"Country\",\"value\":\"country\",\"default\":\"\"},{\"label\":\"Location\",\"value\":\"location\",\"default\":\"\"},{\"label\":\"Person\",\"value\":\"person\",\"default\":\"\"}]}', '2014-09-23 11:04:14', '2014-09-24 08:41:06', 'e5407188-8c29-4861-9f09-56f55b5102e3');
INSERT INTO `di_fields` (`id`, `groupId`, `name`, `handle`, `context`, `instructions`, `translatable`, `type`, `settings`, `dateCreated`, `dateUpdated`, `uid`) VALUES ('75', NULL, 'Section Title', 'sectionTitle', 'matrixBlockType:15', NULL, '0', 'PlainText', '{\"placeholder\":\"\",\"maxLength\":\"\",\"multiline\":\"\",\"initialRows\":\"4\"}', '2014-09-23 13:52:33', '2014-09-24 08:40:50', '42bf061a-9af4-4fc1-9692-89350f00a0fc');
INSERT INTO `di_fields` (`id`, `groupId`, `name`, `handle`, `context`, `instructions`, `translatable`, `type`, `settings`, `dateCreated`, `dateUpdated`, `uid`) VALUES ('76', NULL, 'Section Style', 'sectionStyle', 'matrixBlockType:15', NULL, '0', 'Dropdown', '{\"options\":[{\"label\":\"Divider\",\"value\":\"divider\",\"default\":\"\"},{\"label\":\"Shade\",\"value\":\"shade\",\"default\":\"\"},{\"label\":\"Tint\",\"value\":\"tint\",\"default\":\"\"},{\"label\":\"None\",\"value\":\"none\",\"default\":\"\"}]}', '2014-09-23 13:52:34', '2014-09-24 08:40:50', 'ae5d8949-f071-4d9e-9cc9-cb0f0d5333f1');
INSERT INTO `di_fields` (`id`, `groupId`, `name`, `handle`, `context`, `instructions`, `translatable`, `type`, `settings`, `dateCreated`, `dateUpdated`, `uid`) VALUES ('77', NULL, 'Category', 'category', 'matrixBlockType:15', NULL, '0', 'Dropdown', '{\"options\":[{\"label\":\"Country\",\"value\":\"country\",\"default\":\"\"},{\"label\":\"Location\",\"value\":\"location\",\"default\":\"\"},{\"label\":\"Person\",\"value\":\"person\",\"default\":\"\"}]}', '2014-09-23 13:52:34', '2014-09-24 08:40:50', '10e44f1b-5192-4985-a27d-d7b5271af5b0');
INSERT INTO `di_fields` (`id`, `groupId`, `name`, `handle`, `context`, `instructions`, `translatable`, `type`, `settings`, `dateCreated`, `dateUpdated`, `uid`) VALUES ('78', NULL, 'Country', 'countryCategory', 'matrixBlockType:15', NULL, '0', 'Categories', '{\"source\":\"group:1\",\"limit\":\"\"}', '2014-09-23 13:56:17', '2014-09-24 08:40:50', '0dd5d744-ddbc-477f-86a1-3a62b4b42c97');
INSERT INTO `di_fields` (`id`, `groupId`, `name`, `handle`, `context`, `instructions`, `translatable`, `type`, `settings`, `dateCreated`, `dateUpdated`, `uid`) VALUES ('79', NULL, 'Location', 'locationCategory', 'matrixBlockType:15', NULL, '0', 'Categories', '{\"source\":\"group:3\",\"limit\":\"\"}', '2014-09-23 13:56:17', '2014-09-24 08:40:50', '32c97ed1-1caf-4398-a7d3-733aa81aed5b');
INSERT INTO `di_fields` (`id`, `groupId`, `name`, `handle`, `context`, `instructions`, `translatable`, `type`, `settings`, `dateCreated`, `dateUpdated`, `uid`) VALUES ('80', NULL, 'Ministry', 'ministryCategory', 'matrixBlockType:15', NULL, '0', 'Categories', '{\"source\":\"group:2\",\"limit\":\"\"}', '2014-09-23 13:56:17', '2014-09-24 08:40:50', '07aec800-ba93-4a45-baf5-505159ee9aa0');
INSERT INTO `di_fields` (`id`, `groupId`, `name`, `handle`, `context`, `instructions`, `translatable`, `type`, `settings`, `dateCreated`, `dateUpdated`, `uid`) VALUES ('81', NULL, 'Person', 'personCategory', 'matrixBlockType:15', NULL, '0', 'Categories', '{\"source\":\"group:6\",\"limit\":\"\"}', '2014-09-23 13:56:17', '2014-09-24 08:40:50', '05c0c4cb-a525-4d8a-ae1b-3aa19934b2d9');
INSERT INTO `di_fields` (`id`, `groupId`, `name`, `handle`, `context`, `instructions`, `translatable`, `type`, `settings`, `dateCreated`, `dateUpdated`, `uid`) VALUES ('82', NULL, 'Product', 'productCategory', 'matrixBlockType:15', NULL, '0', 'Categories', '{\"source\":\"group:5\",\"limit\":\"\"}', '2014-09-23 13:56:17', '2014-09-24 08:40:50', '9de1d80c-a353-4942-92dc-9e17bc454eff');
INSERT INTO `di_fields` (`id`, `groupId`, `name`, `handle`, `context`, `instructions`, `translatable`, `type`, `settings`, `dateCreated`, `dateUpdated`, `uid`) VALUES ('83', NULL, 'Role', 'roleCategory', 'matrixBlockType:15', NULL, '0', 'Categories', '{\"source\":\"group:4\",\"limit\":\"\"}', '2014-09-23 13:56:17', '2014-09-24 08:40:50', 'fbd21d64-7477-4920-954f-262b41bacc94');
INSERT INTO `di_fields` (`id`, `groupId`, `name`, `handle`, `context`, `instructions`, `translatable`, `type`, `settings`, `dateCreated`, `dateUpdated`, `uid`) VALUES ('84', NULL, 'Person', 'personCategory', 'matrixBlockType:7', NULL, '0', 'Categories', '{\"source\":\"group:6\",\"limit\":\"\"}', '2014-09-23 13:56:17', '2014-09-24 08:40:50', '035aacae-9bff-44ce-8fd6-dc11706d4e00');
INSERT INTO `di_fields` (`id`, `groupId`, `name`, `handle`, `context`, `instructions`, `translatable`, `type`, `settings`, `dateCreated`, `dateUpdated`, `uid`) VALUES ('85', '11', 'Page Options', 'pageOptions', 'global', '', '0', 'Checkboxes', '{\"options\":[{\"label\":\"Show Address\",\"value\":\"showAddress\",\"default\":\"\"}]}', '2014-09-23 14:02:34', '2014-09-25 10:28:47', '957d357c-9ae2-4f09-9bb7-31264042a885');
INSERT INTO `di_fields` (`id`, `groupId`, `name`, `handle`, `context`, `instructions`, `translatable`, `type`, `settings`, `dateCreated`, `dateUpdated`, `uid`) VALUES ('86', '10', 'Forenames', 'forename', 'global', '', '0', 'PlainText', '{\"placeholder\":\"\",\"maxLength\":\"\",\"multiline\":\"\",\"initialRows\":\"4\"}', '2014-09-24 08:12:09', '2014-09-25 10:27:36', 'fa3e90e8-1974-489f-a0ba-a6c6a7065b3c');
INSERT INTO `di_fields` (`id`, `groupId`, `name`, `handle`, `context`, `instructions`, `translatable`, `type`, `settings`, `dateCreated`, `dateUpdated`, `uid`) VALUES ('87', '10', 'Surname', 'surname', 'global', '', '0', 'PlainText', '{\"placeholder\":\"\",\"maxLength\":\"\",\"multiline\":\"\",\"initialRows\":\"4\"}', '2014-09-24 08:12:17', '2014-09-25 10:27:58', 'a8a3e644-1177-444d-b21f-4a6c5b937e85');
INSERT INTO `di_fields` (`id`, `groupId`, `name`, `handle`, `context`, `instructions`, `translatable`, `type`, `settings`, `dateCreated`, `dateUpdated`, `uid`) VALUES ('88', '10', 'Name Prefix', 'namePrefix', 'global', '', '0', 'PlainText', '{\"placeholder\":\"\",\"maxLength\":\"\",\"multiline\":\"\",\"initialRows\":\"4\"}', '2014-09-24 08:12:34', '2014-09-25 10:27:25', 'f79edcac-5a92-4a97-ae7f-aea71b71a914');
INSERT INTO `di_fields` (`id`, `groupId`, `name`, `handle`, `context`, `instructions`, `translatable`, `type`, `settings`, `dateCreated`, `dateUpdated`, `uid`) VALUES ('89', '10', 'Name Suffix', 'nameSuffix', 'global', '', '0', 'PlainText', '{\"placeholder\":\"\",\"maxLength\":\"\",\"multiline\":\"\",\"initialRows\":\"4\"}', '2014-09-24 08:12:42', '2014-09-25 10:28:08', '6e668af7-3317-41c8-bf6b-4ce1f2f979b2');
INSERT INTO `di_fields` (`id`, `groupId`, `name`, `handle`, `context`, `instructions`, `translatable`, `type`, `settings`, `dateCreated`, `dateUpdated`, `uid`) VALUES ('90', NULL, 'Entry', 'entry', 'matrixBlockType:16', NULL, '0', 'Entries', '{\"sources\":\"*\",\"limit\":\"4\"}', '2014-09-24 10:59:16', '2014-09-24 14:37:04', 'abd57525-93bd-4ec5-94ad-22c2085d1028');
INSERT INTO `di_fields` (`id`, `groupId`, `name`, `handle`, `context`, `instructions`, `translatable`, `type`, `settings`, `dateCreated`, `dateUpdated`, `uid`) VALUES ('91', NULL, 'Asset Placement', 'assetPlacement', 'matrixBlockType:16', NULL, '0', 'Dropdown', '{\"options\":[{\"label\":\"Inset\",\"value\":\"inset\",\"default\":\"\"},{\"label\":\"Inset Half\",\"value\":\"inset-half\",\"default\":\"\"},{\"label\":\"Margin\",\"value\":\"margin\",\"default\":\"\"},{\"label\":\"Full\",\"value\":\"full\",\"default\":\"\"}]}', '2014-09-24 11:00:49', '2014-09-24 14:37:04', '01f4beb5-a38b-46a8-a32d-38afd43b9729');
INSERT INTO `di_fields` (`id`, `groupId`, `name`, `handle`, `context`, `instructions`, `translatable`, `type`, `settings`, `dateCreated`, `dateUpdated`, `uid`) VALUES ('92', NULL, 'Asset Caption', 'assetCaption', 'matrixBlockType:16', NULL, '0', 'PlainText', '{\"placeholder\":\"\",\"maxLength\":\"\",\"multiline\":\"\",\"initialRows\":\"4\"}', '2014-09-24 11:00:50', '2014-09-24 14:37:04', 'b0d9dce5-5418-4608-ae66-128d3b0b4320');
INSERT INTO `di_fields` (`id`, `groupId`, `name`, `handle`, `context`, `instructions`, `translatable`, `type`, `settings`, `dateCreated`, `dateUpdated`, `uid`) VALUES ('93', '2', 'Info Box', 'infoBox', 'global', '', '0', 'Table', '{\"columns\":{\"col1\":{\"heading\":\"Label\",\"handle\":\"label\",\"width\":\"\",\"type\":\"singleline\"},\"col2\":{\"heading\":\"Detail\",\"handle\":\"detail\",\"width\":\"\",\"type\":\"singleline\"},\"col3\":{\"heading\":\"Link\",\"handle\":\"link\",\"width\":\"\",\"type\":\"singleline\"}},\"defaults\":{\"row1\":{\"col1\":\"\",\"col2\":\"\",\"col3\":\"\"}}}', '2014-09-24 14:19:00', '2014-09-24 14:19:54', '200f79f6-5b7c-4a89-b5a0-00a6b88ffd51');
INSERT INTO `di_fields` (`id`, `groupId`, `name`, `handle`, `context`, `instructions`, `translatable`, `type`, `settings`, `dateCreated`, `dateUpdated`, `uid`) VALUES ('94', NULL, 'Country Info', 'countryInfo', 'matrixBlockType:5', NULL, '0', 'Categories', '{\"source\":\"group:1\",\"limit\":\"\"}', '2014-09-24 14:37:04', '2014-09-24 14:37:04', '22de549e-28b6-4185-88fa-d5151c3b458f');
INSERT INTO `di_fields` (`id`, `groupId`, `name`, `handle`, `context`, `instructions`, `translatable`, `type`, `settings`, `dateCreated`, `dateUpdated`, `uid`) VALUES ('95', NULL, 'Person Info', 'personInfo', 'matrixBlockType:5', NULL, '0', 'Categories', '{\"source\":\"group:6\",\"limit\":\"\"}', '2014-09-24 14:37:04', '2014-09-24 14:37:04', 'edf07c9d-6898-44c4-a41a-07370f7642f2');



--
-- Schema for table `di_globalsets`
--

DROP TABLE IF EXISTS `di_globalsets`;

CREATE TABLE `di_globalsets` (
  `id` int(11) NOT NULL,
  `name` varchar(255) COLLATE utf8_unicode_ci NOT NULL,
  `handle` varchar(255) COLLATE utf8_unicode_ci NOT NULL,
  `fieldLayoutId` int(10) DEFAULT NULL,
  `dateCreated` datetime NOT NULL,
  `dateUpdated` datetime NOT NULL,
  `uid` char(36) COLLATE utf8_unicode_ci NOT NULL DEFAULT '0',
  PRIMARY KEY (`id`),
  UNIQUE KEY `di_globalsets_name_unq_idx` (`name`),
  UNIQUE KEY `di_globalsets_handle_unq_idx` (`handle`),
  KEY `di_globalsets_fieldLayoutId_fk` (`fieldLayoutId`)
) ENGINE=InnoDB DEFAULT CHARSET=utf8 COLLATE=utf8_unicode_ci;

--
-- Schema for table `di_googlemaps_geocoder_cache`
--

DROP TABLE IF EXISTS `di_googlemaps_geocoder_cache`;

CREATE TABLE `di_googlemaps_geocoder_cache` (
  `id` int(11) NOT NULL AUTO_INCREMENT,
  `query` text COLLATE utf8_unicode_ci,
  `response` longtext COLLATE utf8_unicode_ci,
  `dateCreated` datetime NOT NULL,
  `dateUpdated` datetime NOT NULL,
  `uid` char(36) COLLATE utf8_unicode_ci NOT NULL DEFAULT '0',
  PRIMARY KEY (`id`)
) ENGINE=InnoDB DEFAULT CHARSET=utf8 COLLATE=utf8_unicode_ci;

--
-- Schema for table `di_googlemaps_locations`
--

DROP TABLE IF EXISTS `di_googlemaps_locations`;

CREATE TABLE `di_googlemaps_locations` (
  `id` int(11) NOT NULL AUTO_INCREMENT,
  `elementId` int(11) NOT NULL,
  `handle` varchar(255) COLLATE utf8_unicode_ci DEFAULT NULL,
  `address` text COLLATE utf8_unicode_ci,
  `addressComponents` text COLLATE utf8_unicode_ci,
  `title` text COLLATE utf8_unicode_ci,
  `content` text COLLATE utf8_unicode_ci,
  `icon` text COLLATE utf8_unicode_ci,
  `lat` decimal(12,8) DEFAULT NULL,
  `lng` decimal(12,8) DEFAULT NULL,
  `dateCreated` datetime NOT NULL,
  `dateUpdated` datetime NOT NULL,
  `uid` char(36) COLLATE utf8_unicode_ci NOT NULL DEFAULT '0',
  PRIMARY KEY (`id`),
  KEY `di_googlemaps_locations_elementId_fk` (`elementId`)
) ENGINE=InnoDB DEFAULT CHARSET=utf8 COLLATE=utf8_unicode_ci;

--
-- Schema for table `di_googlemaps_staticmaps`
--

DROP TABLE IF EXISTS `di_googlemaps_staticmaps`;

CREATE TABLE `di_googlemaps_staticmaps` (
  `id` int(11) NOT NULL AUTO_INCREMENT,
  `query` text COLLATE utf8_unicode_ci,
  `filename` varchar(255) COLLATE utf8_unicode_ci DEFAULT NULL,
  `dateCreated` datetime NOT NULL,
  `dateUpdated` datetime NOT NULL,
  `uid` char(36) COLLATE utf8_unicode_ci NOT NULL DEFAULT '0',
  PRIMARY KEY (`id`)
) ENGINE=InnoDB DEFAULT CHARSET=utf8 COLLATE=utf8_unicode_ci;

--
-- Schema for table `di_info`
--

DROP TABLE IF EXISTS `di_info`;

CREATE TABLE `di_info` (
  `id` int(11) NOT NULL AUTO_INCREMENT,
  `version` varchar(15) COLLATE utf8_unicode_ci NOT NULL,
  `build` int(11) unsigned NOT NULL,
  `schemaVersion` varchar(15) COLLATE utf8_unicode_ci NOT NULL,
  `releaseDate` datetime NOT NULL,
  `edition` tinyint(1) unsigned NOT NULL DEFAULT '0',
  `siteName` varchar(100) COLLATE utf8_unicode_ci NOT NULL,
  `siteUrl` varchar(255) COLLATE utf8_unicode_ci NOT NULL,
  `timezone` varchar(30) COLLATE utf8_unicode_ci DEFAULT NULL,
  `on` tinyint(1) unsigned NOT NULL DEFAULT '0',
  `maintenance` tinyint(1) unsigned NOT NULL DEFAULT '0',
  `track` varchar(40) COLLATE utf8_unicode_ci NOT NULL,
  `dateCreated` datetime NOT NULL,
  `dateUpdated` datetime NOT NULL,
  `uid` char(36) COLLATE utf8_unicode_ci NOT NULL DEFAULT '0',
  PRIMARY KEY (`id`)
) ENGINE=InnoDB AUTO_INCREMENT=2 DEFAULT CHARSET=utf8 COLLATE=utf8_unicode_ci;

--
-- Data for table `di_info`
--

INSERT INTO `di_info` (`id`, `version`, `build`, `schemaVersion`, `releaseDate`, `edition`, `siteName`, `siteUrl`, `timezone`, `on`, `maintenance`, `track`, `dateCreated`, `dateUpdated`, `uid`) VALUES ('1', '2.2', '2588', '2.2.1', '2014-09-24 00:30:44', '2', 'Drop Inn', 'http://ontherocks.dev', 'UTC', '1', '1', 'stable', '2014-09-04 11:28:57', '2014-09-29 13:29:08', '0b47734b-d5b5-4674-a015-56e8ab82458b');



--
-- Schema for table `di_locales`
--

DROP TABLE IF EXISTS `di_locales`;

CREATE TABLE `di_locales` (
  `locale` char(12) COLLATE utf8_unicode_ci NOT NULL,
  `sortOrder` tinyint(4) DEFAULT NULL,
  `dateCreated` datetime NOT NULL,
  `dateUpdated` datetime NOT NULL,
  `uid` char(36) COLLATE utf8_unicode_ci NOT NULL DEFAULT '0',
  PRIMARY KEY (`locale`),
  KEY `di_locales_sortOrder_idx` (`sortOrder`)
) ENGINE=InnoDB DEFAULT CHARSET=utf8 COLLATE=utf8_unicode_ci;

--
-- Data for table `di_locales`
--

INSERT INTO `di_locales` (`locale`, `sortOrder`, `dateCreated`, `dateUpdated`, `uid`) VALUES ('en_gb', '1', '2014-09-04 11:28:58', '2014-09-04 11:28:58', '8b240656-175f-4c15-bda4-8b3bc8b87525');



--
-- Schema for table `di_matrixblocks`
--

DROP TABLE IF EXISTS `di_matrixblocks`;

CREATE TABLE `di_matrixblocks` (
  `id` int(11) NOT NULL,
  `ownerId` int(11) NOT NULL,
  `fieldId` int(11) NOT NULL,
  `typeId` int(11) DEFAULT NULL,
  `sortOrder` tinyint(4) DEFAULT NULL,
  `ownerLocale` char(12) COLLATE utf8_unicode_ci DEFAULT NULL,
  `dateCreated` datetime NOT NULL,
  `dateUpdated` datetime NOT NULL,
  `uid` char(36) COLLATE utf8_unicode_ci NOT NULL DEFAULT '0',
  PRIMARY KEY (`id`),
  KEY `di_matrixblocks_ownerId_idx` (`ownerId`),
  KEY `di_matrixblocks_fieldId_idx` (`fieldId`),
  KEY `di_matrixblocks_typeId_idx` (`typeId`),
  KEY `di_matrixblocks_sortOrder_idx` (`sortOrder`),
  KEY `di_matrixblocks_ownerLocale_fk` (`ownerLocale`)
) ENGINE=InnoDB DEFAULT CHARSET=utf8 COLLATE=utf8_unicode_ci;

--
-- Data for table `di_matrixblocks`
--

INSERT INTO `di_matrixblocks` (`id`, `ownerId`, `fieldId`, `typeId`, `sortOrder`, `ownerLocale`, `dateCreated`, `dateUpdated`, `uid`) VALUES ('107', '2', '35', '7', '1', NULL, '2014-09-23 16:12:20', '2014-09-24 08:35:02', 'dedeabb5-8a4d-4882-b299-52ef44547faf');



--
-- Schema for table `di_matrixblocktypes`
--

DROP TABLE IF EXISTS `di_matrixblocktypes`;

CREATE TABLE `di_matrixblocktypes` (
  `id` int(11) NOT NULL AUTO_INCREMENT,
  `fieldId` int(11) NOT NULL,
  `fieldLayoutId` int(11) DEFAULT NULL,
  `name` varchar(255) COLLATE utf8_unicode_ci NOT NULL,
  `handle` varchar(255) COLLATE utf8_unicode_ci NOT NULL,
  `sortOrder` tinyint(4) DEFAULT NULL,
  `dateCreated` datetime NOT NULL,
  `dateUpdated` datetime NOT NULL,
  `uid` char(36) COLLATE utf8_unicode_ci NOT NULL DEFAULT '0',
  PRIMARY KEY (`id`),
  UNIQUE KEY `di_matrixblocktypes_name_fieldId_unq_idx` (`name`,`fieldId`),
  UNIQUE KEY `di_matrixblocktypes_handle_fieldId_unq_idx` (`handle`,`fieldId`),
  KEY `di_matrixblocktypes_fieldId_fk` (`fieldId`),
  KEY `di_matrixblocktypes_fieldLayoutId_fk` (`fieldLayoutId`)
) ENGINE=InnoDB AUTO_INCREMENT=17 DEFAULT CHARSET=utf8 COLLATE=utf8_unicode_ci;

--
-- Data for table `di_matrixblocktypes`
--

INSERT INTO `di_matrixblocktypes` (`id`, `fieldId`, `fieldLayoutId`, `name`, `handle`, `sortOrder`, `dateCreated`, `dateUpdated`, `uid`) VALUES ('1', '2', '369', 'Text', 'text', '1', '2014-09-04 14:21:28', '2014-09-24 14:37:04', '813b7beb-2417-4594-96d6-9eef06f0e750');
INSERT INTO `di_matrixblocktypes` (`id`, `fieldId`, `fieldLayoutId`, `name`, `handle`, `sortOrder`, `dateCreated`, `dateUpdated`, `uid`) VALUES ('2', '2', '370', 'Image', 'image', '2', '2014-09-04 14:21:28', '2014-09-24 14:37:04', 'bfe0879b-e640-4285-9e0f-e5c906cb0859');
INSERT INTO `di_matrixblocktypes` (`id`, `fieldId`, `fieldLayoutId`, `name`, `handle`, `sortOrder`, `dateCreated`, `dateUpdated`, `uid`) VALUES ('3', '2', '371', 'Heading', 'heading', '3', '2014-09-04 14:58:34', '2014-09-24 14:37:04', 'ab0997a8-0ca8-484c-b25d-bc16d6ffae10');
INSERT INTO `di_matrixblocktypes` (`id`, `fieldId`, `fieldLayoutId`, `name`, `handle`, `sortOrder`, `dateCreated`, `dateUpdated`, `uid`) VALUES ('4', '2', '372', 'Quote', 'quote', '4', '2014-09-04 14:58:34', '2014-09-24 14:37:04', '6c271878-c053-4a16-bc8d-07f13c02a1ad');
INSERT INTO `di_matrixblocktypes` (`id`, `fieldId`, `fieldLayoutId`, `name`, `handle`, `sortOrder`, `dateCreated`, `dateUpdated`, `uid`) VALUES ('5', '2', '373', 'Info Box', 'ibox', '5', '2014-09-05 14:32:29', '2014-09-24 14:37:04', '3abe5c19-1aee-44b9-bd49-fb5427b16321');
INSERT INTO `di_matrixblocktypes` (`id`, `fieldId`, `fieldLayoutId`, `name`, `handle`, `sortOrder`, `dateCreated`, `dateUpdated`, `uid`) VALUES ('6', '2', '374', 'Embed Video', 'embedVideo', '6', '2014-09-09 11:26:18', '2014-09-24 14:37:04', 'd9684a11-2ec0-4dee-80d7-0534c8630509');
INSERT INTO `di_matrixblocktypes` (`id`, `fieldId`, `fieldLayoutId`, `name`, `handle`, `sortOrder`, `dateCreated`, `dateUpdated`, `uid`) VALUES ('7', '35', '330', 'Category Index', 'categoryIndex', '2', '2014-09-15 13:33:35', '2014-09-24 08:40:50', 'a8f9ba1b-0611-43e0-9bb8-cd719140134e');
INSERT INTO `di_matrixblocktypes` (`id`, `fieldId`, `fieldLayoutId`, `name`, `handle`, `sortOrder`, `dateCreated`, `dateUpdated`, `uid`) VALUES ('8', '35', '331', 'Entry Index', 'entryIndex', '3', '2014-09-15 13:36:32', '2014-09-24 08:40:50', 'b7bc0f25-03d2-4d34-a14e-324a5fc54a89');
INSERT INTO `di_matrixblocktypes` (`id`, `fieldId`, `fieldLayoutId`, `name`, `handle`, `sortOrder`, `dateCreated`, `dateUpdated`, `uid`) VALUES ('9', '2', '375', 'Map', 'map', '7', '2014-09-16 14:45:54', '2014-09-24 14:37:04', '14edf27a-4b53-44d9-9900-0b9796c9f8fd');
INSERT INTO `di_matrixblocktypes` (`id`, `fieldId`, `fieldLayoutId`, `name`, `handle`, `sortOrder`, `dateCreated`, `dateUpdated`, `uid`) VALUES ('10', '2', '376', 'ImageGallery', 'imageGallery', '8', '2014-09-17 16:26:34', '2014-09-24 14:37:04', 'a1c23b17-e783-4919-a13c-27bbd4dd84a4');
INSERT INTO `di_matrixblocktypes` (`id`, `fieldId`, `fieldLayoutId`, `name`, `handle`, `sortOrder`, `dateCreated`, `dateUpdated`, `uid`) VALUES ('11', '2', '377', 'Embed', 'embed', '9', '2014-09-17 16:55:23', '2014-09-24 14:37:04', '9a259cd5-098f-4cd3-85ef-97206b3f0ad7');
INSERT INTO `di_matrixblocktypes` (`id`, `fieldId`, `fieldLayoutId`, `name`, `handle`, `sortOrder`, `dateCreated`, `dateUpdated`, `uid`) VALUES ('12', '65', '333', 'Category Index', 'categoryIndex', '2', '2014-09-22 14:42:27', '2014-09-24 08:41:07', 'e37aecfc-b55a-4e34-9a76-56565b22b9ed');
INSERT INTO `di_matrixblocktypes` (`id`, `fieldId`, `fieldLayoutId`, `name`, `handle`, `sortOrder`, `dateCreated`, `dateUpdated`, `uid`) VALUES ('13', '65', '334', 'Entry Index', 'entryIndex', '3', '2014-09-22 14:42:27', '2014-09-24 08:41:07', 'fdd268e8-ef5c-48b7-9eb0-b5d08d99024f');
INSERT INTO `di_matrixblocktypes` (`id`, `fieldId`, `fieldLayoutId`, `name`, `handle`, `sortOrder`, `dateCreated`, `dateUpdated`, `uid`) VALUES ('14', '65', '332', 'Category Items', 'categoryItems', '1', '2014-09-23 11:04:14', '2014-09-24 08:41:07', '39b600fe-d6ad-4dd9-aeec-845a9e94e249');
INSERT INTO `di_matrixblocktypes` (`id`, `fieldId`, `fieldLayoutId`, `name`, `handle`, `sortOrder`, `dateCreated`, `dateUpdated`, `uid`) VALUES ('15', '35', '329', 'Category Items', 'categoryItems', '1', '2014-09-23 13:52:33', '2014-09-24 08:40:50', 'f933befb-cc8b-498d-b040-fac623ea6915');
INSERT INTO `di_matrixblocktypes` (`id`, `fieldId`, `fieldLayoutId`, `name`, `handle`, `sortOrder`, `dateCreated`, `dateUpdated`, `uid`) VALUES ('16', '2', '378', 'Entry', 'entry', '10', '2014-09-24 10:59:16', '2014-09-24 14:37:04', 'dad21e4d-3a0e-45a0-9bd9-c79554232f4f');



--
-- Schema for table `di_matrixcontent_body`
--

DROP TABLE IF EXISTS `di_matrixcontent_body`;

CREATE TABLE `di_matrixcontent_body` (
  `id` int(11) NOT NULL AUTO_INCREMENT,
  `elementId` int(11) NOT NULL,
  `locale` char(12) COLLATE utf8_unicode_ci NOT NULL,
  `field_text_text` text COLLATE utf8_unicode_ci,
  `field_image_assetPlacement` varchar(255) COLLATE utf8_unicode_ci DEFAULT NULL,
  `field_image_imageCaption` text COLLATE utf8_unicode_ci,
  `field_heading_heading` text COLLATE utf8_unicode_ci,
  `field_heading_headingType` varchar(255) COLLATE utf8_unicode_ci DEFAULT 'h2',
  `field_quote_quote` text COLLATE utf8_unicode_ci,
  `field_quote_cite` text COLLATE utf8_unicode_ci,
  `field_quote_citeLink` text COLLATE utf8_unicode_ci,
  `field_quote_assetPlacement` varchar(255) COLLATE utf8_unicode_ci DEFAULT NULL,
  `field_ibox_infoTitle` text COLLATE utf8_unicode_ci,
  `field_ibox_infoBrief` text COLLATE utf8_unicode_ci,
  `field_ibox_infoTable` text COLLATE utf8_unicode_ci,
  `field_ibox_assetPlacement` varchar(255) COLLATE utf8_unicode_ci DEFAULT NULL,
  `field_embedVideo_embedVideo` varchar(255) COLLATE utf8_unicode_ci DEFAULT NULL,
  `field_embedVideo_assetPlacement` varchar(255) COLLATE utf8_unicode_ci DEFAULT NULL,
  `field_embedVideo_assetCaption` text COLLATE utf8_unicode_ci,
  `field_map_map` text COLLATE utf8_unicode_ci,
  `field_map_assetPlacement` varchar(255) COLLATE utf8_unicode_ci DEFAULT NULL,
  `field_imageGallery_assetCaption` text COLLATE utf8_unicode_ci,
  `field_imageGallery_assetPlacement` varchar(255) COLLATE utf8_unicode_ci DEFAULT NULL,
  `field_embed_embed` text COLLATE utf8_unicode_ci,
  `field_embed_assetPlacement` varchar(255) COLLATE utf8_unicode_ci DEFAULT NULL,
  `field_embed_assetCaption` text COLLATE utf8_unicode_ci,
  `field_entry_assetPlacement` varchar(255) COLLATE utf8_unicode_ci DEFAULT NULL,
  `field_entry_assetCaption` text COLLATE utf8_unicode_ci,
  `dateCreated` datetime NOT NULL,
  `dateUpdated` datetime NOT NULL,
  `uid` char(36) COLLATE utf8_unicode_ci NOT NULL DEFAULT '0',
  PRIMARY KEY (`id`),
  UNIQUE KEY `di_matrixcontent_body_elementId_locale_unq_idx` (`elementId`,`locale`),
  KEY `di_matrixcontent_body_locale_fk` (`locale`)
) ENGINE=InnoDB DEFAULT CHARSET=utf8 COLLATE=utf8_unicode_ci;

--
-- Schema for table `di_matrixcontent_index`
--

DROP TABLE IF EXISTS `di_matrixcontent_index`;

CREATE TABLE `di_matrixcontent_index` (
  `id` int(11) NOT NULL AUTO_INCREMENT,
  `elementId` int(11) NOT NULL,
  `locale` char(12) COLLATE utf8_unicode_ci NOT NULL,
  `field_categoryIndex_sectionTitle` text COLLATE utf8_unicode_ci,
  `field_categoryIndex_entries` text COLLATE utf8_unicode_ci,
  `field_entryIndex_sectionTitle` text COLLATE utf8_unicode_ci,
  `field_categoryIndex_sectionStyle` varchar(255) COLLATE utf8_unicode_ci DEFAULT NULL,
  `field_entryIndex_sectionStyle` varchar(255) COLLATE utf8_unicode_ci DEFAULT 'divider',
  `field_categoryItems_sectionTitle` text COLLATE utf8_unicode_ci,
  `field_categoryItems_sectionStyle` varchar(255) COLLATE utf8_unicode_ci DEFAULT NULL,
  `field_categoryItems_category` varchar(255) COLLATE utf8_unicode_ci DEFAULT NULL,
  `dateCreated` datetime NOT NULL,
  `dateUpdated` datetime NOT NULL,
  `uid` char(36) COLLATE utf8_unicode_ci NOT NULL DEFAULT '0',
  PRIMARY KEY (`id`),
  UNIQUE KEY `di_matrixcontent_index_elementId_locale_unq_idx` (`elementId`,`locale`),
  KEY `di_matrixcontent_index_locale_idx` (`locale`)
) ENGINE=InnoDB AUTO_INCREMENT=13 DEFAULT CHARSET=utf8 COLLATE=utf8_unicode_ci;

--
-- Data for table `di_matrixcontent_index`
--

INSERT INTO `di_matrixcontent_index` (`id`, `elementId`, `locale`, `field_categoryIndex_sectionTitle`, `field_categoryIndex_entries`, `field_entryIndex_sectionTitle`, `field_categoryIndex_sectionStyle`, `field_entryIndex_sectionStyle`, `field_categoryItems_sectionTitle`, `field_categoryItems_sectionStyle`, `field_categoryItems_category`, `dateCreated`, `dateUpdated`, `uid`) VALUES ('12', '107', 'en_gb', 'Coming Events', '[\"events\"]', NULL, 'shade', 'divider', NULL, NULL, NULL, '2014-09-23 16:12:20', '2014-09-24 08:35:02', '31c3d7e5-c276-4393-9c7b-34547c648119');



--
-- Schema for table `di_matrixcontent_indexcategory`
--

DROP TABLE IF EXISTS `di_matrixcontent_indexcategory`;

CREATE TABLE `di_matrixcontent_indexcategory` (
  `id` int(11) NOT NULL AUTO_INCREMENT,
  `elementId` int(11) NOT NULL,
  `locale` char(12) COLLATE utf8_unicode_ci NOT NULL,
  `field_categoryIndex_sectionTitle` text COLLATE utf8_unicode_ci,
  `field_categoryIndex_sectionStyle` varchar(255) COLLATE utf8_unicode_ci DEFAULT NULL,
  `field_categoryIndex_entries` text COLLATE utf8_unicode_ci,
  `field_entryIndex_sectionTitle` text COLLATE utf8_unicode_ci,
  `field_entryIndex_sectionStyle` varchar(255) COLLATE utf8_unicode_ci DEFAULT NULL,
  `field_categoryItems_sectionTitle` text COLLATE utf8_unicode_ci,
  `field_categoryItems_sectionStyle` varchar(255) COLLATE utf8_unicode_ci DEFAULT NULL,
  `field_categoryItems_category` varchar(255) COLLATE utf8_unicode_ci DEFAULT NULL,
  `dateCreated` datetime NOT NULL,
  `dateUpdated` datetime NOT NULL,
  `uid` char(36) COLLATE utf8_unicode_ci NOT NULL DEFAULT '0',
  PRIMARY KEY (`id`),
  UNIQUE KEY `di_matrixcontent_indexcategory_elementId_locale_unq_idx` (`elementId`,`locale`),
  KEY `di_matrixcontent_indexcategory_locale_fk` (`locale`)
) ENGINE=InnoDB DEFAULT CHARSET=utf8 COLLATE=utf8_unicode_ci;

--
-- Schema for table `di_migrations`
--

DROP TABLE IF EXISTS `di_migrations`;

CREATE TABLE `di_migrations` (
  `id` int(11) NOT NULL AUTO_INCREMENT,
  `pluginId` int(11) DEFAULT NULL,
  `version` varchar(255) COLLATE utf8_unicode_ci NOT NULL,
  `applyTime` datetime NOT NULL,
  `dateCreated` datetime NOT NULL,
  `dateUpdated` datetime NOT NULL,
  `uid` char(36) COLLATE utf8_unicode_ci NOT NULL DEFAULT '0',
  PRIMARY KEY (`id`),
  UNIQUE KEY `di_migrations_version_unq_idx` (`version`),
  KEY `di_migrations_pluginId_fk` (`pluginId`)
) ENGINE=InnoDB AUTO_INCREMENT=52 DEFAULT CHARSET=utf8 COLLATE=utf8_unicode_ci;

--
-- Data for table `di_migrations`
--

INSERT INTO `di_migrations` (`id`, `pluginId`, `version`, `applyTime`, `dateCreated`, `dateUpdated`, `uid`) VALUES ('1', NULL, 'm000000_000000_base', '2014-09-04 11:28:58', '2014-09-04 11:28:58', '2014-09-04 11:28:58', 'e53ed005-a470-42ce-ae5f-398d9caf8f4a');
INSERT INTO `di_migrations` (`id`, `pluginId`, `version`, `applyTime`, `dateCreated`, `dateUpdated`, `uid`) VALUES ('2', NULL, 'm131203_000000_allow_orphan_assets', '2014-09-04 11:28:58', '2014-09-04 11:28:58', '2014-09-04 11:28:58', 'e86c9cf8-8ba6-46d9-a066-9fa1f58d3fe6');
INSERT INTO `di_migrations` (`id`, `pluginId`, `version`, `applyTime`, `dateCreated`, `dateUpdated`, `uid`) VALUES ('3', NULL, 'm131212_000001_add_missing_fk_to_emailmessages', '2014-09-04 11:28:58', '2014-09-04 11:28:58', '2014-09-04 11:28:58', '0f5c94be-4518-49c5-8037-7397115ebbfe');
INSERT INTO `di_migrations` (`id`, `pluginId`, `version`, `applyTime`, `dateCreated`, `dateUpdated`, `uid`) VALUES ('4', NULL, 'm140123_000000_update_widget_sort_orders', '2014-09-04 11:28:58', '2014-09-04 11:28:58', '2014-09-04 11:28:58', '750306bf-ea43-420a-a7fe-d76233b1f4ec');
INSERT INTO `di_migrations` (`id`, `pluginId`, `version`, `applyTime`, `dateCreated`, `dateUpdated`, `uid`) VALUES ('5', NULL, 'm140212_000000_clean_up_structures', '2014-09-04 11:28:58', '2014-09-04 11:28:58', '2014-09-04 11:28:58', '49f0e4bb-317a-4611-8bf7-f08bfed38cd5');
INSERT INTO `di_migrations` (`id`, `pluginId`, `version`, `applyTime`, `dateCreated`, `dateUpdated`, `uid`) VALUES ('6', NULL, 'm140217_000000_add_missing_indexes', '2014-09-04 11:28:58', '2014-09-04 11:28:58', '2014-09-04 11:28:58', '66e00296-7bc5-419b-857b-a3f03239c37f');
INSERT INTO `di_migrations` (`id`, `pluginId`, `version`, `applyTime`, `dateCreated`, `dateUpdated`, `uid`) VALUES ('7', NULL, 'm140223_000000_add_missing_element_rows', '2014-09-04 11:28:58', '2014-09-04 11:28:58', '2014-09-04 11:28:58', 'b8cebaa5-3b8c-4d63-b28e-1a04bbebb7e5');
INSERT INTO `di_migrations` (`id`, `pluginId`, `version`, `applyTime`, `dateCreated`, `dateUpdated`, `uid`) VALUES ('8', NULL, 'm140325_000000_fix_matrix_settings', '2014-09-04 11:28:58', '2014-09-04 11:28:58', '2014-09-04 11:28:58', 'be0130f6-6037-4b6f-be02-842db510bccc');
INSERT INTO `di_migrations` (`id`, `pluginId`, `version`, `applyTime`, `dateCreated`, `dateUpdated`, `uid`) VALUES ('9', NULL, 'm140401_000000_assignUserPermissions_permission', '2014-09-04 11:28:58', '2014-09-04 11:28:58', '2014-09-04 11:28:58', 'a66e7495-997c-49dd-b69d-f975ecbd58ec');
INSERT INTO `di_migrations` (`id`, `pluginId`, `version`, `applyTime`, `dateCreated`, `dateUpdated`, `uid`) VALUES ('10', NULL, 'm140401_000000_delete_the_deleted_files', '2014-09-04 11:28:58', '2014-09-04 11:28:58', '2014-09-04 11:28:58', '633a0be4-e3fc-4f7e-b23e-b47e70868e45');
INSERT INTO `di_migrations` (`id`, `pluginId`, `version`, `applyTime`, `dateCreated`, `dateUpdated`, `uid`) VALUES ('11', NULL, 'm140401_000001_structures', '2014-09-04 11:28:58', '2014-09-04 11:28:58', '2014-09-04 11:28:58', 'b96982b1-bb70-4992-bd95-a3387d564f28');
INSERT INTO `di_migrations` (`id`, `pluginId`, `version`, `applyTime`, `dateCreated`, `dateUpdated`, `uid`) VALUES ('12', NULL, 'm140401_000002_elements_i18n_tweaks', '2014-09-04 11:28:58', '2014-09-04 11:28:58', '2014-09-04 11:28:58', '906affec-dc5e-4c0e-85ae-450c21c91d83');
INSERT INTO `di_migrations` (`id`, `pluginId`, `version`, `applyTime`, `dateCreated`, `dateUpdated`, `uid`) VALUES ('13', NULL, 'm140401_000003_tag_groups', '2014-09-04 11:28:58', '2014-09-04 11:28:58', '2014-09-04 11:28:58', '2ee48a23-6343-4224-990f-b4d3504b6a27');
INSERT INTO `di_migrations` (`id`, `pluginId`, `version`, `applyTime`, `dateCreated`, `dateUpdated`, `uid`) VALUES ('14', NULL, 'm140401_000004_add_unverifiedemail_column_to_users', '2014-09-04 11:28:58', '2014-09-04 11:28:58', '2014-09-04 11:28:58', 'e1c7088d-747a-4acf-b2cd-007ca3ddae49');
INSERT INTO `di_migrations` (`id`, `pluginId`, `version`, `applyTime`, `dateCreated`, `dateUpdated`, `uid`) VALUES ('15', NULL, 'm140401_000005_translatable_matrix_fields', '2014-09-04 11:28:58', '2014-09-04 11:28:58', '2014-09-04 11:28:58', 'bc80c1f5-a8c6-4c69-8c4b-983dfe2d26c7');
INSERT INTO `di_migrations` (`id`, `pluginId`, `version`, `applyTime`, `dateCreated`, `dateUpdated`, `uid`) VALUES ('16', NULL, 'm140401_000006_translatable_relation_fields', '2014-09-04 11:28:58', '2014-09-04 11:28:58', '2014-09-04 11:28:58', '1e5fc74c-2a5b-4996-a80b-19db1ba2e6f5');
INSERT INTO `di_migrations` (`id`, `pluginId`, `version`, `applyTime`, `dateCreated`, `dateUpdated`, `uid`) VALUES ('17', NULL, 'm140401_000007_add_enabledbydefault_column_to_sections_i18n', '2014-09-04 11:28:58', '2014-09-04 11:28:58', '2014-09-04 11:28:58', '9813c3db-256a-48e5-af6e-fc71f87debbd');
INSERT INTO `di_migrations` (`id`, `pluginId`, `version`, `applyTime`, `dateCreated`, `dateUpdated`, `uid`) VALUES ('18', NULL, 'm140401_000008_fullpath_to_path', '2014-09-04 11:28:58', '2014-09-04 11:28:58', '2014-09-04 11:28:58', '0fd42d16-0f6d-483f-a264-7bdf84529015');
INSERT INTO `di_migrations` (`id`, `pluginId`, `version`, `applyTime`, `dateCreated`, `dateUpdated`, `uid`) VALUES ('19', NULL, 'm140401_000009_asset_field_layouts', '2014-09-04 11:28:58', '2014-09-04 11:28:58', '2014-09-04 11:28:58', 'cef9a3ba-833d-4921-83f9-1f9ccf1edcf4');
INSERT INTO `di_migrations` (`id`, `pluginId`, `version`, `applyTime`, `dateCreated`, `dateUpdated`, `uid`) VALUES ('20', NULL, 'm140401_000010_no_section_default_author', '2014-09-04 11:28:58', '2014-09-04 11:28:58', '2014-09-04 11:28:58', 'fde07570-ebba-41e0-9cc7-99a9b46163d1');
INSERT INTO `di_migrations` (`id`, `pluginId`, `version`, `applyTime`, `dateCreated`, `dateUpdated`, `uid`) VALUES ('21', NULL, 'm140401_000011_categories', '2014-09-04 11:28:58', '2014-09-04 11:28:58', '2014-09-04 11:28:58', 'c19aa9cb-b170-4bf7-b552-218fad55be52');
INSERT INTO `di_migrations` (`id`, `pluginId`, `version`, `applyTime`, `dateCreated`, `dateUpdated`, `uid`) VALUES ('22', NULL, 'm140401_000012_templatecaches', '2014-09-04 11:28:58', '2014-09-04 11:28:58', '2014-09-04 11:28:58', 'e074573a-aa79-49e8-8cf5-67ebd2a1d8d3');
INSERT INTO `di_migrations` (`id`, `pluginId`, `version`, `applyTime`, `dateCreated`, `dateUpdated`, `uid`) VALUES ('23', NULL, 'm140401_000013_allow_temp_source_transforms', '2014-09-04 11:28:58', '2014-09-04 11:28:58', '2014-09-04 11:28:58', '8cb68f82-b548-46ac-b335-895331c362a3');
INSERT INTO `di_migrations` (`id`, `pluginId`, `version`, `applyTime`, `dateCreated`, `dateUpdated`, `uid`) VALUES ('24', NULL, 'm140401_000014_entry_title_formats', '2014-09-04 11:28:58', '2014-09-04 11:28:58', '2014-09-04 11:28:58', 'ad56cbb6-18c5-4567-844f-0a23a26b0125');
INSERT INTO `di_migrations` (`id`, `pluginId`, `version`, `applyTime`, `dateCreated`, `dateUpdated`, `uid`) VALUES ('25', NULL, 'm140401_000015_tasks', '2014-09-04 11:28:58', '2014-09-04 11:28:58', '2014-09-04 11:28:58', '31fcdf8a-e032-41cc-8195-970be478715d');
INSERT INTO `di_migrations` (`id`, `pluginId`, `version`, `applyTime`, `dateCreated`, `dateUpdated`, `uid`) VALUES ('26', NULL, 'm140401_000016_varchar_classes', '2014-09-04 11:28:58', '2014-09-04 11:28:58', '2014-09-04 11:28:58', '83cf0536-50e2-473f-80ed-74b11d665e12');
INSERT INTO `di_migrations` (`id`, `pluginId`, `version`, `applyTime`, `dateCreated`, `dateUpdated`, `uid`) VALUES ('27', NULL, 'm140401_000017_add_transform_quality', '2014-09-04 11:28:58', '2014-09-04 11:28:58', '2014-09-04 11:28:58', 'eba80518-2b4f-48d9-9bea-0b73b473615f');
INSERT INTO `di_migrations` (`id`, `pluginId`, `version`, `applyTime`, `dateCreated`, `dateUpdated`, `uid`) VALUES ('28', NULL, 'm140401_000018_locale_routes', '2014-09-04 11:28:58', '2014-09-04 11:28:58', '2014-09-04 11:28:58', 'b201fc9d-0929-47ec-8c54-813e9b794b59');
INSERT INTO `di_migrations` (`id`, `pluginId`, `version`, `applyTime`, `dateCreated`, `dateUpdated`, `uid`) VALUES ('29', NULL, 'm140401_000019_editions', '2014-09-04 11:28:58', '2014-09-04 11:28:58', '2014-09-04 11:28:58', 'd718a3df-36d5-4ad9-bed0-4c5ec70b16f4');
INSERT INTO `di_migrations` (`id`, `pluginId`, `version`, `applyTime`, `dateCreated`, `dateUpdated`, `uid`) VALUES ('30', NULL, 'm140401_000019_rackspace_auth_api', '2014-09-04 11:28:58', '2014-09-04 11:28:58', '2014-09-04 11:28:58', '8f483cd0-347b-4e4f-aa4f-7f259761b065');
INSERT INTO `di_migrations` (`id`, `pluginId`, `version`, `applyTime`, `dateCreated`, `dateUpdated`, `uid`) VALUES ('31', NULL, 'm140401_000020_deprecationerrors_table', '2014-09-04 11:28:58', '2014-09-04 11:28:58', '2014-09-04 11:28:58', '40e0be75-81d9-4de4-a2f6-742f947d48af');
INSERT INTO `di_migrations` (`id`, `pluginId`, `version`, `applyTime`, `dateCreated`, `dateUpdated`, `uid`) VALUES ('32', NULL, 'm140401_000021_client_user', '2014-09-04 11:28:58', '2014-09-04 11:28:58', '2014-09-04 11:28:58', 'ab46acd8-64a0-45b1-bf9f-0011686aad79');
INSERT INTO `di_migrations` (`id`, `pluginId`, `version`, `applyTime`, `dateCreated`, `dateUpdated`, `uid`) VALUES ('33', NULL, 'm140401_100000_resave_elements', '2014-09-04 11:28:58', '2014-09-04 11:28:58', '2014-09-04 11:28:58', '97eda141-3a78-4ebd-b768-d01c738ff13c');
INSERT INTO `di_migrations` (`id`, `pluginId`, `version`, `applyTime`, `dateCreated`, `dateUpdated`, `uid`) VALUES ('34', NULL, 'm140401_100002_delete_compiled_templates', '2014-09-04 11:28:58', '2014-09-04 11:28:58', '2014-09-04 11:28:58', 'ed25702e-47d5-490a-8927-37862fbe0d17');
INSERT INTO `di_migrations` (`id`, `pluginId`, `version`, `applyTime`, `dateCreated`, `dateUpdated`, `uid`) VALUES ('35', NULL, 'm140403_000000_allow_orphan_assets_again', '2014-09-04 11:28:58', '2014-09-04 11:28:58', '2014-09-04 11:28:58', 'e7c0fcc1-b6bc-4297-8988-5827cc930c16');
INSERT INTO `di_migrations` (`id`, `pluginId`, `version`, `applyTime`, `dateCreated`, `dateUpdated`, `uid`) VALUES ('36', NULL, 'm140508_000000_fix_disabled_matrix_blocks', '2014-09-04 11:28:58', '2014-09-04 11:28:58', '2014-09-04 11:28:58', '7e5ef53f-3e4d-466d-85e5-20c2992189b5');
INSERT INTO `di_migrations` (`id`, `pluginId`, `version`, `applyTime`, `dateCreated`, `dateUpdated`, `uid`) VALUES ('37', NULL, 'm140520_000000_add_id_column_to_templatecachecriteria', '2014-09-04 11:28:58', '2014-09-04 11:28:58', '2014-09-04 11:28:58', '90f0183e-83bc-421e-b5f5-3b223cc758f0');
INSERT INTO `di_migrations` (`id`, `pluginId`, `version`, `applyTime`, `dateCreated`, `dateUpdated`, `uid`) VALUES ('38', NULL, 'm140603_000000_draft_names', '2014-09-04 11:28:58', '2014-09-04 11:28:58', '2014-09-04 11:28:58', '974357f4-c653-4153-a0b6-84de83cfc5ad');
INSERT INTO `di_migrations` (`id`, `pluginId`, `version`, `applyTime`, `dateCreated`, `dateUpdated`, `uid`) VALUES ('39', NULL, 'm140603_000001_draft_notes', '2014-09-04 11:28:58', '2014-09-04 11:28:58', '2014-09-04 11:28:58', '6d9b0487-a8a8-4779-8805-325afc713da9');
INSERT INTO `di_migrations` (`id`, `pluginId`, `version`, `applyTime`, `dateCreated`, `dateUpdated`, `uid`) VALUES ('40', NULL, 'm140603_000002_version_nums', '2014-09-04 11:28:58', '2014-09-04 11:28:58', '2014-09-04 11:28:58', '9672ede6-ac7e-489d-a813-d6442f2b1cc9');
INSERT INTO `di_migrations` (`id`, `pluginId`, `version`, `applyTime`, `dateCreated`, `dateUpdated`, `uid`) VALUES ('41', NULL, 'm140603_000003_version_toggling', '2014-09-04 11:28:58', '2014-09-04 11:28:58', '2014-09-04 11:28:58', '5e479fba-bb12-40c2-9ac5-1731751c9a96');
INSERT INTO `di_migrations` (`id`, `pluginId`, `version`, `applyTime`, `dateCreated`, `dateUpdated`, `uid`) VALUES ('42', NULL, 'm140603_000004_tokens', '2014-09-04 11:28:58', '2014-09-04 11:28:58', '2014-09-04 11:28:58', '3a9ff939-ce2e-4b7c-a074-8472271f0087');
INSERT INTO `di_migrations` (`id`, `pluginId`, `version`, `applyTime`, `dateCreated`, `dateUpdated`, `uid`) VALUES ('43', NULL, 'm140603_000005_asset_sources', '2014-09-04 11:28:58', '2014-09-04 11:28:58', '2014-09-04 11:28:58', 'fd99ac1d-e8e9-4d1e-abd2-cdc4e93f2e8b');
INSERT INTO `di_migrations` (`id`, `pluginId`, `version`, `applyTime`, `dateCreated`, `dateUpdated`, `uid`) VALUES ('44', NULL, 'm140716_000001_allow_temp_source_transforms_again', '2014-09-04 11:28:58', '2014-09-04 11:28:58', '2014-09-04 11:28:58', '0d157fef-96e5-4910-bc85-48fc98b59e0e');
INSERT INTO `di_migrations` (`id`, `pluginId`, `version`, `applyTime`, `dateCreated`, `dateUpdated`, `uid`) VALUES ('45', NULL, 'm140730_000001_add_filename_and_format_to_transformindex', '2014-09-04 11:28:58', '2014-09-04 11:28:58', '2014-09-04 11:28:58', '775b453c-2c5f-48f5-88d5-ef129dd87e4c');
INSERT INTO `di_migrations` (`id`, `pluginId`, `version`, `applyTime`, `dateCreated`, `dateUpdated`, `uid`) VALUES ('46', NULL, 'm140731_000001_resave_elements_with_assets_in_temp_sources', '2014-09-04 11:28:58', '2014-09-04 11:28:58', '2014-09-04 11:28:58', 'c9d28477-f41d-4531-b71e-69918222a534');
INSERT INTO `di_migrations` (`id`, `pluginId`, `version`, `applyTime`, `dateCreated`, `dateUpdated`, `uid`) VALUES ('47', NULL, 'm140815_000001_add_format_to_transforms', '2014-09-04 11:28:58', '2014-09-04 11:28:58', '2014-09-04 11:28:58', 'cce90f26-e011-4776-9933-fbd22b9b5fa1');
INSERT INTO `di_migrations` (`id`, `pluginId`, `version`, `applyTime`, `dateCreated`, `dateUpdated`, `uid`) VALUES ('48', NULL, 'm140822_000001_allow_more_than_128_items_per_field', '2014-09-04 11:28:58', '2014-09-04 11:28:58', '2014-09-04 11:28:58', 'dd7b2933-1716-4ff0-ad3c-6784abcad239');
INSERT INTO `di_migrations` (`id`, `pluginId`, `version`, `applyTime`, `dateCreated`, `dateUpdated`, `uid`) VALUES ('49', NULL, 'm140829_000001_single_title_formats', '2014-09-04 11:28:58', '2014-09-04 11:28:58', '2014-09-04 11:28:58', '8ca01d70-c3e9-4636-a67d-3f8736f19eee');
INSERT INTO `di_migrations` (`id`, `pluginId`, `version`, `applyTime`, `dateCreated`, `dateUpdated`, `uid`) VALUES ('50', NULL, 'm140831_000001_extended_cache_keys', '2014-09-04 11:28:58', '2014-09-04 11:28:58', '2014-09-04 11:28:58', 'a5d57ca3-d583-4f2a-be36-db5e3f5653c1');
INSERT INTO `di_migrations` (`id`, `pluginId`, `version`, `applyTime`, `dateCreated`, `dateUpdated`, `uid`) VALUES ('51', NULL, 'm140922_000001_delete_orphaned_matrix_blocks', '2014-09-24 11:15:08', '2014-09-24 11:15:08', '2014-09-24 11:15:08', '887c481d-c6c0-4759-abc3-4e11e87f9a2e');



--
-- Schema for table `di_plugins`
--

DROP TABLE IF EXISTS `di_plugins`;

CREATE TABLE `di_plugins` (
  `id` int(11) NOT NULL AUTO_INCREMENT,
  `class` varchar(150) COLLATE utf8_unicode_ci NOT NULL,
  `version` char(15) COLLATE utf8_unicode_ci NOT NULL,
  `enabled` tinyint(1) unsigned NOT NULL DEFAULT '0',
  `settings` text COLLATE utf8_unicode_ci,
  `installDate` datetime NOT NULL,
  `dateCreated` datetime NOT NULL,
  `dateUpdated` datetime NOT NULL,
  `uid` char(36) COLLATE utf8_unicode_ci NOT NULL DEFAULT '0',
  PRIMARY KEY (`id`)
) ENGINE=InnoDB AUTO_INCREMENT=6 DEFAULT CHARSET=utf8 COLLATE=utf8_unicode_ci;

--
-- Data for table `di_plugins`
--

INSERT INTO `di_plugins` (`id`, `class`, `version`, `enabled`, `settings`, `installDate`, `dateCreated`, `dateUpdated`, `uid`) VALUES ('1', 'Embedder', '0.9.0', '1', NULL, '2014-09-09 11:25:04', '2014-09-09 11:25:04', '2014-09-09 11:25:04', 'c29215a5-0fcf-403b-9f0c-ff7700481611');
INSERT INTO `di_plugins` (`id`, `class`, `version`, `enabled`, `settings`, `installDate`, `dateCreated`, `dateUpdated`, `uid`) VALUES ('2', 'ContactForm', '1.4', '1', '{\"toEmail\":\"pwoods@gcdtech.com\",\"prependSender\":\"On behalf of\",\"prependSubject\":\"New message from Drop Inn\",\"allowAttachments\":\"\",\"honeypotField\":\"Favourite Colour\"}', '2014-09-09 15:44:21', '2014-09-09 15:44:21', '2014-09-09 16:07:21', '9938fbdf-9c54-4dd9-9079-e7e8b460653f');
INSERT INTO `di_plugins` (`id`, `class`, `version`, `enabled`, `settings`, `installDate`, `dateCreated`, `dateUpdated`, `uid`) VALUES ('3', 'GoogleMaps', '0.7.1', '1', NULL, '2014-09-16 14:44:34', '2014-09-16 14:44:34', '2014-09-16 14:44:34', '099b1581-b5f0-429c-916c-2829dc76d242');
INSERT INTO `di_plugins` (`id`, `class`, `version`, `enabled`, `settings`, `installDate`, `dateCreated`, `dateUpdated`, `uid`) VALUES ('4', 'Nicetime', '1.0', '1', NULL, '2014-09-24 11:04:02', '2014-09-24 11:04:02', '2014-09-24 11:04:02', '37137471-c72b-465c-b0d3-c211aed1c6d2');
INSERT INTO `di_plugins` (`id`, `class`, `version`, `enabled`, `settings`, `installDate`, `dateCreated`, `dateUpdated`, `uid`) VALUES ('5', 'Typogrify', '1.0', '1', NULL, '2014-09-25 09:51:22', '2014-09-25 09:51:22', '2014-09-25 09:51:22', '10464523-07e5-464b-b752-8cf493d5a556');



--
-- Schema for table `di_rackspaceaccess`
--

DROP TABLE IF EXISTS `di_rackspaceaccess`;

CREATE TABLE `di_rackspaceaccess` (
  `id` int(11) NOT NULL AUTO_INCREMENT,
  `connectionKey` varchar(255) COLLATE utf8_unicode_ci NOT NULL,
  `token` varchar(255) COLLATE utf8_unicode_ci NOT NULL,
  `storageUrl` varchar(255) COLLATE utf8_unicode_ci NOT NULL,
  `cdnUrl` varchar(255) COLLATE utf8_unicode_ci NOT NULL,
  `dateCreated` datetime NOT NULL,
  `dateUpdated` datetime NOT NULL,
  `uid` char(36) COLLATE utf8_unicode_ci NOT NULL DEFAULT '0',
  PRIMARY KEY (`id`),
  UNIQUE KEY `di_rackspaceaccess_connectionKey_unq_idx` (`connectionKey`)
) ENGINE=InnoDB DEFAULT CHARSET=utf8 COLLATE=utf8_unicode_ci;

--
-- Schema for table `di_relations`
--

DROP TABLE IF EXISTS `di_relations`;

CREATE TABLE `di_relations` (
  `id` int(11) NOT NULL AUTO_INCREMENT,
  `fieldId` int(11) NOT NULL,
  `sourceId` int(11) NOT NULL,
  `sourceLocale` char(12) COLLATE utf8_unicode_ci DEFAULT NULL,
  `targetId` int(11) NOT NULL,
  `sortOrder` smallint(6) DEFAULT NULL,
  `dateCreated` datetime NOT NULL,
  `dateUpdated` datetime NOT NULL,
  `uid` char(36) COLLATE utf8_unicode_ci NOT NULL DEFAULT '0',
  PRIMARY KEY (`id`),
  UNIQUE KEY `di_relations_fieldId_sourceId_sourceLocale_targetId_unq_idx` (`fieldId`,`sourceId`,`sourceLocale`,`targetId`),
  KEY `di_relations_sourceId_fk` (`sourceId`),
  KEY `di_relations_sourceLocale_fk` (`sourceLocale`),
  KEY `di_relations_targetId_fk` (`targetId`)
) ENGINE=InnoDB AUTO_INCREMENT=1569 DEFAULT CHARSET=utf8 COLLATE=utf8_unicode_ci;

--
-- Data for table `di_relations`
--

INSERT INTO `di_relations` (`id`, `fieldId`, `sourceId`, `sourceLocale`, `targetId`, `sortOrder`, `dateCreated`, `dateUpdated`, `uid`) VALUES ('1148', '62', '22', NULL, '61', '1', '2014-09-23 14:22:23', '2014-09-23 14:22:23', '08e60e08-1415-4a96-b92b-d49c0027cac5');
INSERT INTO `di_relations` (`id`, `fieldId`, `sourceId`, `sourceLocale`, `targetId`, `sortOrder`, `dateCreated`, `dateUpdated`, `uid`) VALUES ('1241', '62', '2', NULL, '61', '1', '2014-09-24 08:35:02', '2014-09-24 08:35:02', '6e74d867-d229-4c07-b9aa-f13c4f99e1c0');
INSERT INTO `di_relations` (`id`, `fieldId`, `sourceId`, `sourceLocale`, `targetId`, `sortOrder`, `dateCreated`, `dateUpdated`, `uid`) VALUES ('1567', '62', '29', NULL, '60', '1', '2014-09-25 12:34:10', '2014-09-25 12:34:10', '1449fa14-8178-4586-b000-68c0f267c7eb');
INSERT INTO `di_relations` (`id`, `fieldId`, `sourceId`, `sourceLocale`, `targetId`, `sortOrder`, `dateCreated`, `dateUpdated`, `uid`) VALUES ('1568', '16', '3', NULL, '21', '1', '2014-09-25 12:39:55', '2014-09-25 12:39:55', 'b7919a1d-dda9-43d9-90dd-5af569e33abb');



--
-- Schema for table `di_routes`
--

DROP TABLE IF EXISTS `di_routes`;

CREATE TABLE `di_routes` (
  `id` int(11) NOT NULL AUTO_INCREMENT,
  `locale` char(12) COLLATE utf8_unicode_ci DEFAULT NULL,
  `urlParts` varchar(255) COLLATE utf8_unicode_ci NOT NULL,
  `urlPattern` varchar(255) COLLATE utf8_unicode_ci NOT NULL,
  `template` varchar(255) COLLATE utf8_unicode_ci NOT NULL,
  `sortOrder` tinyint(4) DEFAULT NULL,
  `dateCreated` datetime NOT NULL,
  `dateUpdated` datetime NOT NULL,
  `uid` char(36) COLLATE utf8_unicode_ci NOT NULL DEFAULT '0',
  PRIMARY KEY (`id`),
  UNIQUE KEY `di_routes_urlPattern_unq_idx` (`urlPattern`),
  KEY `di_routes_locale_idx` (`locale`)
) ENGINE=InnoDB AUTO_INCREMENT=2 DEFAULT CHARSET=utf8 COLLATE=utf8_unicode_ci;

--
-- Data for table `di_routes`
--

INSERT INTO `di_routes` (`id`, `locale`, `urlParts`, `urlPattern`, `template`, `sortOrder`, `dateCreated`, `dateUpdated`, `uid`) VALUES ('1', NULL, '[\"countries\\/\",[\"page\",\"\\\\d+\"]]', 'countries\\/(?P<page>\\d+)', 'news/index', '1', '2014-09-08 14:05:17', '2014-09-08 14:09:32', 'c35da06c-997a-4da4-8ea0-4d8a2aaa4861');



--
-- Schema for table `di_searchindex`
--

DROP TABLE IF EXISTS `di_searchindex`;

CREATE TABLE `di_searchindex` (
  `elementId` int(11) NOT NULL,
  `attribute` varchar(25) COLLATE utf8_unicode_ci NOT NULL,
  `fieldId` int(11) NOT NULL,
  `locale` char(12) COLLATE utf8_unicode_ci NOT NULL,
  `keywords` text COLLATE utf8_unicode_ci NOT NULL,
  PRIMARY KEY (`elementId`,`attribute`,`fieldId`,`locale`),
  FULLTEXT KEY `di_searchindex_keywords_idx` (`keywords`)
) ENGINE=MyISAM DEFAULT CHARSET=utf8 COLLATE=utf8_unicode_ci;

--
-- Data for table `di_searchindex`
--

INSERT INTO `di_searchindex` (`elementId`, `attribute`, `fieldId`, `locale`, `keywords`) VALUES ('1', 'username', '0', 'en_gb', ' pwoods ');
INSERT INTO `di_searchindex` (`elementId`, `attribute`, `fieldId`, `locale`, `keywords`) VALUES ('1', 'firstname', '0', 'en_gb', ' paul ');
INSERT INTO `di_searchindex` (`elementId`, `attribute`, `fieldId`, `locale`, `keywords`) VALUES ('1', 'lastname', '0', 'en_gb', ' woods ');
INSERT INTO `di_searchindex` (`elementId`, `attribute`, `fieldId`, `locale`, `keywords`) VALUES ('1', 'fullname', '0', 'en_gb', ' paul woods ');
INSERT INTO `di_searchindex` (`elementId`, `attribute`, `fieldId`, `locale`, `keywords`) VALUES ('1', 'email', '0', 'en_gb', ' pwoods gcdtech com ');
INSERT INTO `di_searchindex` (`elementId`, `attribute`, `fieldId`, `locale`, `keywords`) VALUES ('1', 'slug', '0', 'en_gb', '');
INSERT INTO `di_searchindex` (`elementId`, `attribute`, `fieldId`, `locale`, `keywords`) VALUES ('2', 'field', '1', 'en_gb', '');
INSERT INTO `di_searchindex` (`elementId`, `attribute`, `fieldId`, `locale`, `keywords`) VALUES ('2', 'field', '2', 'en_gb', '');
INSERT INTO `di_searchindex` (`elementId`, `attribute`, `fieldId`, `locale`, `keywords`) VALUES ('17', 'field', '5', 'en_gb', ' asdasd ');
INSERT INTO `di_searchindex` (`elementId`, `attribute`, `fieldId`, `locale`, `keywords`) VALUES ('17', 'slug', '0', 'en_gb', '');
INSERT INTO `di_searchindex` (`elementId`, `attribute`, `fieldId`, `locale`, `keywords`) VALUES ('18', 'filename', '0', 'en_gb', ' forest hills hut 2745 jpg ');
INSERT INTO `di_searchindex` (`elementId`, `attribute`, `fieldId`, `locale`, `keywords`) VALUES ('18', 'extension', '0', 'en_gb', ' jpg ');
INSERT INTO `di_searchindex` (`elementId`, `attribute`, `fieldId`, `locale`, `keywords`) VALUES ('18', 'kind', '0', 'en_gb', ' image ');
INSERT INTO `di_searchindex` (`elementId`, `attribute`, `fieldId`, `locale`, `keywords`) VALUES ('18', 'slug', '0', 'en_gb', ' forest hills hut 2745 ');
INSERT INTO `di_searchindex` (`elementId`, `attribute`, `fieldId`, `locale`, `keywords`) VALUES ('18', 'title', '0', 'en_gb', ' forest hills hut 2745 ');
INSERT INTO `di_searchindex` (`elementId`, `attribute`, `fieldId`, `locale`, `keywords`) VALUES ('2', 'slug', '0', 'en_gb', ' homepage ');
INSERT INTO `di_searchindex` (`elementId`, `attribute`, `fieldId`, `locale`, `keywords`) VALUES ('2', 'title', '0', 'en_gb', ' homepage ');
INSERT INTO `di_searchindex` (`elementId`, `attribute`, `fieldId`, `locale`, `keywords`) VALUES ('3', 'field', '2', 'en_gb', '');
INSERT INTO `di_searchindex` (`elementId`, `attribute`, `fieldId`, `locale`, `keywords`) VALUES ('3', 'field', '15', 'en_gb', '');
INSERT INTO `di_searchindex` (`elementId`, `attribute`, `fieldId`, `locale`, `keywords`) VALUES ('3', 'field', '23', 'en_gb', '');
INSERT INTO `di_searchindex` (`elementId`, `attribute`, `fieldId`, `locale`, `keywords`) VALUES ('3', 'field', '14', 'en_gb', ' kaleta and thomas grow maize beans cassava and potatoes on their farm land receiving a joint land certificate has given them security and peace of mind thomas tells us by having the cert i know the land is ours and i am free from worry for the future now they own the land cultivate and provide food for their children ');
INSERT INTO `di_searchindex` (`elementId`, `attribute`, `fieldId`, `locale`, `keywords`) VALUES ('3', 'field', '16', 'en_gb', ' tree ');
INSERT INTO `di_searchindex` (`elementId`, `attribute`, `fieldId`, `locale`, `keywords`) VALUES ('3', 'field', '17', 'en_gb', ' photo ');
INSERT INTO `di_searchindex` (`elementId`, `attribute`, `fieldId`, `locale`, `keywords`) VALUES ('3', 'field', '3', 'en_gb', '');
INSERT INTO `di_searchindex` (`elementId`, `attribute`, `fieldId`, `locale`, `keywords`) VALUES ('3', 'slug', '0', 'en_gb', ' we just installed craft ');
INSERT INTO `di_searchindex` (`elementId`, `attribute`, `fieldId`, `locale`, `keywords`) VALUES ('3', 'title', '0', 'en_gb', ' we just installed craft ');
INSERT INTO `di_searchindex` (`elementId`, `attribute`, `fieldId`, `locale`, `keywords`) VALUES ('4', 'field', '2', 'en_gb', ' full african girl sad phasellus diam odio venenatis et ultrices id condimentum vitae leo inset look at this burkina faso landscape coffee beans1 forest hills hut 2745 tree margin burkina faso statistics burkina faso experts are divided over whether apple should respond to claims that its new iphone 6 handsets are prone to becoming bent when carried in trouser pockets several members of the public have posted photos to the macrumors site that appear to show the problem a reporter for the geek com news site also reported his phone had warped other mobiles have bent in the past and it is not yet clear if the new iphones aluminium shells make them particularly vulnerable even so the claims have been reported across tech blogs as well as mainstream media including the independent the washington post india today and the sydney morning herald twitter users have also posted thousands of comments about the claims using the hashtag bentgate the bbc has contacted apple but the firm has yet to provide any comment one industry watcher said the company should investigate the complaints and issue a statement as soon as possible i think initially they should acknowledge the situation said jasdeep badyal an analyst from the telecoms consultancy ccs insight then the second step will be to take action by providing cases or replacements he added that even if it emerged that there had been a faulty batch or there was only a minor risk of damage the firm should still issue a statement to make this clear but chris green principal technology analyst at the advisory service davies murphy group thought that apple should take a different tack this is not an issue that apple or other phone companies need to be compelled to respond to or fix if anything this is a reflection of how people have started to use devices beyond what they were designed for he said even the most recent smartphones are not designed to be put in trouser pockets front or back where they are going to be under the most chassis strain and this just illustrates the fact that the public s desire for manufacturers to strive for ever thinner and lighter devices means that we are getting ever more fragile devices just casually sticking a 700 smartphone in your pocket is an increasingly reckless thing to do serious issue apple is marketing both the iphone 6 and the larger iphone 6 plus as the thinnest smartphones it has released with both models less than 0 3in 0 76cm thick some iphone owners have posted comments to the company s own website about the earlier modelsbecoming misshapen and the cult of mac news site notes that owners of samsung blackberry and other handsets have also reported instances of bent devices nam commodo pulvinar risus sed fermentum h2 cras eu sem sit amet lacus tristique aliquet nam commodo pulvinar risus sed fermentum etiam consectetur ex ut aliquet semper nisl elit tempor leo sit amet feugiat eros leo ac mauris phasellus maximus semper ante ac tristique odio quisque at porta est id fringilla neque vestibulum eleifend ipsum vel iaculis tristique duis venenatis metus id gravida semper sed auctor blandit mauris phasellus sollicitudin fringilla est vitae gravida suspendisse potentis k kk  nam commodo pulvinar risus sed fermentum full http vimeo com 85111964 inset bob smith http bbc co uk quisque tempus sapien eget ipsum viverra sodales suspendisse sollicitudin orci neque ac facilisis felis laoreet vitae donec at posuere sapien in vulputate nulla quisque tempus sapien eget ipsum viverra sodales suspendisse sollicitudin orci neque ac facilisis felis laoreet vitae donec at posuere sapien in vulputate nulla praesent neque diam sodales non convallis at ultrices at ex ut sagittis enim sit amet ex mattis non sodales orci pharetra interdum et malesuada fames ac ante ipsum primis in faucibus maecenas posuere urna at lacus vehicula cursus morbi lacinia dolor nec lobortis auctor lectus magna sodales elit sed rhoncus elit justo quis elit cras at tortor elit morbi faucibus est leo ullamcorper semper augue lacinia non curabitur eu tincidunt libero ');
INSERT INTO `di_searchindex` (`elementId`, `attribute`, `fieldId`, `locale`, `keywords`) VALUES ('4', 'field', '3', 'en_gb', '');
INSERT INTO `di_searchindex` (`elementId`, `attribute`, `fieldId`, `locale`, `keywords`) VALUES ('4', 'slug', '0', 'en_gb', ' pride v humility ');
INSERT INTO `di_searchindex` (`elementId`, `attribute`, `fieldId`, `locale`, `keywords`) VALUES ('4', 'title', '0', 'en_gb', ' pride v humility ');
INSERT INTO `di_searchindex` (`elementId`, `attribute`, `fieldId`, `locale`, `keywords`) VALUES ('5', 'filename', '0', 'en_gb', ' 36522 tabby kitten white background jpg ');
INSERT INTO `di_searchindex` (`elementId`, `attribute`, `fieldId`, `locale`, `keywords`) VALUES ('5', 'extension', '0', 'en_gb', ' jpg ');
INSERT INTO `di_searchindex` (`elementId`, `attribute`, `fieldId`, `locale`, `keywords`) VALUES ('5', 'kind', '0', 'en_gb', ' image ');
INSERT INTO `di_searchindex` (`elementId`, `attribute`, `fieldId`, `locale`, `keywords`) VALUES ('5', 'slug', '0', 'en_gb', ' 36522 tabby kitten white background ');
INSERT INTO `di_searchindex` (`elementId`, `attribute`, `fieldId`, `locale`, `keywords`) VALUES ('5', 'title', '0', 'en_gb', ' 36522 tabby kitten white background ');
INSERT INTO `di_searchindex` (`elementId`, `attribute`, `fieldId`, `locale`, `keywords`) VALUES ('6', 'slug', '0', 'en_gb', ' burkina faso ');
INSERT INTO `di_searchindex` (`elementId`, `attribute`, `fieldId`, `locale`, `keywords`) VALUES ('6', 'title', '0', 'en_gb', ' burkina faso ');
INSERT INTO `di_searchindex` (`elementId`, `attribute`, `fieldId`, `locale`, `keywords`) VALUES ('7', 'slug', '0', 'en_gb', ' ukraine ');
INSERT INTO `di_searchindex` (`elementId`, `attribute`, `fieldId`, `locale`, `keywords`) VALUES ('7', 'title', '0', 'en_gb', ' ukraine ');
INSERT INTO `di_searchindex` (`elementId`, `attribute`, `fieldId`, `locale`, `keywords`) VALUES ('4', 'field', '1', 'en_gb', ' bent iphone claims put apple under pressure to respond ');
INSERT INTO `di_searchindex` (`elementId`, `attribute`, `fieldId`, `locale`, `keywords`) VALUES ('4', 'field', '4', 'en_gb', '');
INSERT INTO `di_searchindex` (`elementId`, `attribute`, `fieldId`, `locale`, `keywords`) VALUES ('8', 'name', '0', 'en_gb', ' burkina faso ');
INSERT INTO `di_searchindex` (`elementId`, `attribute`, `fieldId`, `locale`, `keywords`) VALUES ('8', 'slug', '0', 'en_gb', '');
INSERT INTO `di_searchindex` (`elementId`, `attribute`, `fieldId`, `locale`, `keywords`) VALUES ('11', 'field', '7', 'en_gb', ' full ');
INSERT INTO `di_searchindex` (`elementId`, `attribute`, `fieldId`, `locale`, `keywords`) VALUES ('9', 'field', '5', 'en_gb', ' experts are divided over whether apple should respond to claims that its new iphone 6 handsets are prone to becoming bent when carried in trouser pockets several members of the public have posted photos to the macrumors site that appear to show the problem a reporter for the geek com news site also reported his phone had warped other mobiles have bent in the past and it is not yet clear if the new iphones aluminium shells make them particularly vulnerable even so the claims have been reported across tech blogs as well as mainstream media including the independent the washington post india today and the sydney morning herald twitter users have also posted thousands of comments about the claims using the hashtag bentgate the bbc has contacted apple but the firm has yet to provide any comment one industry watcher said the company should investigate the complaints and issue a statement as soon as possible i think initially they should acknowledge the situation said jasdeep badyal an analyst from the telecoms consultancy ccs insight then the second step will be to take action by providing cases or replacements he added that even if it emerged that there had been a faulty batch or there was only a minor risk of damage the firm should still issue a statement to make this clear but chris green principal technology analyst at the advisory service davies murphy group thought that apple should take a different tack this is not an issue that apple or other phone companies need to be compelled to respond to or fix if anything this is a reflection of how people have started to use devices beyond what they were designed for he said even the most recent smartphones are not designed to be put in trouser pockets front or back where they are going to be under the most chassis strain and this just illustrates the fact that the public s desire for manufacturers to strive for ever thinner and lighter devices means that we are getting ever more fragile devices just casually sticking a 700 smartphone in your pocket is an increasingly reckless thing to do serious issue apple is marketing both the iphone 6 and the larger iphone 6 plus as the thinnest smartphones it has released with both models less than 0 3in 0 76cm thick some iphone owners have posted comments to the company s own website about the earlier modelsbecoming misshapen and the cult of mac news site notes that owners of samsung blackberry and other handsets have also reported instances of bent devices ');
INSERT INTO `di_searchindex` (`elementId`, `attribute`, `fieldId`, `locale`, `keywords`) VALUES ('9', 'slug', '0', 'en_gb', '');
INSERT INTO `di_searchindex` (`elementId`, `attribute`, `fieldId`, `locale`, `keywords`) VALUES ('10', 'field', '6', 'en_gb', ' 36522 tabby kitten white background ');
INSERT INTO `di_searchindex` (`elementId`, `attribute`, `fieldId`, `locale`, `keywords`) VALUES ('10', 'field', '7', 'en_gb', ' inset ');
INSERT INTO `di_searchindex` (`elementId`, `attribute`, `fieldId`, `locale`, `keywords`) VALUES ('10', 'field', '8', 'en_gb', ' blah blah ');
INSERT INTO `di_searchindex` (`elementId`, `attribute`, `fieldId`, `locale`, `keywords`) VALUES ('10', 'slug', '0', 'en_gb', '');
INSERT INTO `di_searchindex` (`elementId`, `attribute`, `fieldId`, `locale`, `keywords`) VALUES ('11', 'field', '6', 'en_gb', ' african girl sad ');
INSERT INTO `di_searchindex` (`elementId`, `attribute`, `fieldId`, `locale`, `keywords`) VALUES ('11', 'field', '8', 'en_gb', ' phasellus diam odio venenatis et ultrices id condimentum vitae leo ');
INSERT INTO `di_searchindex` (`elementId`, `attribute`, `fieldId`, `locale`, `keywords`) VALUES ('11', 'slug', '0', 'en_gb', '');
INSERT INTO `di_searchindex` (`elementId`, `attribute`, `fieldId`, `locale`, `keywords`) VALUES ('12', 'field', '9', 'en_gb', ' a kitten ');
INSERT INTO `di_searchindex` (`elementId`, `attribute`, `fieldId`, `locale`, `keywords`) VALUES ('12', 'field', '10', 'en_gb', ' h2 ');
INSERT INTO `di_searchindex` (`elementId`, `attribute`, `fieldId`, `locale`, `keywords`) VALUES ('12', 'slug', '0', 'en_gb', '');
INSERT INTO `di_searchindex` (`elementId`, `attribute`, `fieldId`, `locale`, `keywords`) VALUES ('13', 'field', '11', 'en_gb', ' quisque tempus sapien eget ipsum viverra sodales suspendisse sollicitudin orci neque ac facilisis felis laoreet vitae donec at posuere sapien in vulputate nulla ');
INSERT INTO `di_searchindex` (`elementId`, `attribute`, `fieldId`, `locale`, `keywords`) VALUES ('13', 'field', '12', 'en_gb', ' bob smith ');
INSERT INTO `di_searchindex` (`elementId`, `attribute`, `fieldId`, `locale`, `keywords`) VALUES ('13', 'field', '13', 'en_gb', ' http bbc co uk ');
INSERT INTO `di_searchindex` (`elementId`, `attribute`, `fieldId`, `locale`, `keywords`) VALUES ('13', 'slug', '0', 'en_gb', '');
INSERT INTO `di_searchindex` (`elementId`, `attribute`, `fieldId`, `locale`, `keywords`) VALUES ('4', 'field', '14', 'en_gb', ' bent iphone claims put apple under pressure to respond ');
INSERT INTO `di_searchindex` (`elementId`, `attribute`, `fieldId`, `locale`, `keywords`) VALUES ('4', 'field', '15', 'en_gb', ' burkina faso ');
INSERT INTO `di_searchindex` (`elementId`, `attribute`, `fieldId`, `locale`, `keywords`) VALUES ('4', 'field', '16', 'en_gb', ' tree ');
INSERT INTO `di_searchindex` (`elementId`, `attribute`, `fieldId`, `locale`, `keywords`) VALUES ('4', 'field', '17', 'en_gb', ' poster ');
INSERT INTO `di_searchindex` (`elementId`, `attribute`, `fieldId`, `locale`, `keywords`) VALUES ('14', 'field', '5', 'en_gb', ' cras eu sem sit amet lacus tristique aliquet nam commodo pulvinar risus sed fermentum etiam consectetur ex ut aliquet semper nisl elit tempor leo sit amet feugiat eros leo ac mauris phasellus maximus semper ante ac tristique odio quisque at porta est id fringilla neque vestibulum eleifend ipsum vel iaculis tristique duis venenatis metus id gravida semper sed auctor blandit mauris phasellus sollicitudin fringilla est vitae gravida suspendisse potentis k kk  ');
INSERT INTO `di_searchindex` (`elementId`, `attribute`, `fieldId`, `locale`, `keywords`) VALUES ('16', 'field', '5', 'en_gb', ' quisque tempus sapien eget ipsum viverra sodales suspendisse sollicitudin orci neque ac facilisis felis laoreet vitae donec at posuere sapien in vulputate nulla praesent neque diam sodales non convallis at ultrices at ex ut sagittis enim sit amet ex mattis non sodales orci pharetra interdum et malesuada fames ac ante ipsum primis in faucibus maecenas posuere urna at lacus vehicula cursus morbi lacinia dolor nec lobortis auctor lectus magna sodales elit sed rhoncus elit justo quis elit cras at tortor elit morbi faucibus est leo ullamcorper semper augue lacinia non curabitur eu tincidunt libero ');
INSERT INTO `di_searchindex` (`elementId`, `attribute`, `fieldId`, `locale`, `keywords`) VALUES ('14', 'slug', '0', 'en_gb', '');
INSERT INTO `di_searchindex` (`elementId`, `attribute`, `fieldId`, `locale`, `keywords`) VALUES ('15', 'field', '19', 'en_gb', ' burkina faso ');
INSERT INTO `di_searchindex` (`elementId`, `attribute`, `fieldId`, `locale`, `keywords`) VALUES ('15', 'field', '20', 'en_gb', ' statistics ');
INSERT INTO `di_searchindex` (`elementId`, `attribute`, `fieldId`, `locale`, `keywords`) VALUES ('15', 'field', '21', 'en_gb', '');
INSERT INTO `di_searchindex` (`elementId`, `attribute`, `fieldId`, `locale`, `keywords`) VALUES ('15', 'field', '22', 'en_gb', ' margin ');
INSERT INTO `di_searchindex` (`elementId`, `attribute`, `fieldId`, `locale`, `keywords`) VALUES ('15', 'slug', '0', 'en_gb', '');
INSERT INTO `di_searchindex` (`elementId`, `attribute`, `fieldId`, `locale`, `keywords`) VALUES ('13', 'field', '18', 'en_gb', ' inset ');
INSERT INTO `di_searchindex` (`elementId`, `attribute`, `fieldId`, `locale`, `keywords`) VALUES ('16', 'slug', '0', 'en_gb', '');
INSERT INTO `di_searchindex` (`elementId`, `attribute`, `fieldId`, `locale`, `keywords`) VALUES ('2', 'field', '16', 'en_gb', '');
INSERT INTO `di_searchindex` (`elementId`, `attribute`, `fieldId`, `locale`, `keywords`) VALUES ('2', 'field', '17', 'en_gb', ' fill ');
INSERT INTO `di_searchindex` (`elementId`, `attribute`, `fieldId`, `locale`, `keywords`) VALUES ('2', 'field', '14', 'en_gb', ' we believe christian fellowship is divinely brought about by god for the purpose of displaying and advancing his kingdom on earth as christians love one another and submit to the lordship of christ they show a picture of the heavenly realities that are to come ');
INSERT INTO `di_searchindex` (`elementId`, `attribute`, `fieldId`, `locale`, `keywords`) VALUES ('19', 'slug', '0', 'en_gb', ' shops ');
INSERT INTO `di_searchindex` (`elementId`, `attribute`, `fieldId`, `locale`, `keywords`) VALUES ('19', 'title', '0', 'en_gb', ' shops ');
INSERT INTO `di_searchindex` (`elementId`, `attribute`, `fieldId`, `locale`, `keywords`) VALUES ('20', 'field', '1', 'en_gb', ' shop at stonebridge ');
INSERT INTO `di_searchindex` (`elementId`, `attribute`, `fieldId`, `locale`, `keywords`) VALUES ('20', 'field', '16', 'en_gb', ' church ');
INSERT INTO `di_searchindex` (`elementId`, `attribute`, `fieldId`, `locale`, `keywords`) VALUES ('20', 'field', '17', 'en_gb', ' poster ');
INSERT INTO `di_searchindex` (`elementId`, `attribute`, `fieldId`, `locale`, `keywords`) VALUES ('20', 'field', '23', 'en_gb', ' 171 dobbin rd richhill county armagh bt61 9lw ');
INSERT INTO `di_searchindex` (`elementId`, `attribute`, `fieldId`, `locale`, `keywords`) VALUES ('20', 'field', '14', 'en_gb', '');
INSERT INTO `di_searchindex` (`elementId`, `attribute`, `fieldId`, `locale`, `keywords`) VALUES ('20', 'slug', '0', 'en_gb', ' stonebridge ');
INSERT INTO `di_searchindex` (`elementId`, `attribute`, `fieldId`, `locale`, `keywords`) VALUES ('20', 'title', '0', 'en_gb', ' shops ');
INSERT INTO `di_searchindex` (`elementId`, `attribute`, `fieldId`, `locale`, `keywords`) VALUES ('21', 'filename', '0', 'en_gb', ' tree jpg ');
INSERT INTO `di_searchindex` (`elementId`, `attribute`, `fieldId`, `locale`, `keywords`) VALUES ('4', 'field', '23', 'en_gb', ' experts are divided over whether apple should respond to claims that its new iphone 6 handsets are prone to becoming bent when carried in trouser pockets ');
INSERT INTO `di_searchindex` (`elementId`, `attribute`, `fieldId`, `locale`, `keywords`) VALUES ('21', 'extension', '0', 'en_gb', ' jpg ');
INSERT INTO `di_searchindex` (`elementId`, `attribute`, `fieldId`, `locale`, `keywords`) VALUES ('21', 'kind', '0', 'en_gb', ' image ');
INSERT INTO `di_searchindex` (`elementId`, `attribute`, `fieldId`, `locale`, `keywords`) VALUES ('21', 'slug', '0', 'en_gb', ' tree ');
INSERT INTO `di_searchindex` (`elementId`, `attribute`, `fieldId`, `locale`, `keywords`) VALUES ('21', 'title', '0', 'en_gb', ' tree ');
INSERT INTO `di_searchindex` (`elementId`, `attribute`, `fieldId`, `locale`, `keywords`) VALUES ('22', 'field', '1', 'en_gb', ' contact ');
INSERT INTO `di_searchindex` (`elementId`, `attribute`, `fieldId`, `locale`, `keywords`) VALUES ('22', 'field', '16', 'en_gb', '');
INSERT INTO `di_searchindex` (`elementId`, `attribute`, `fieldId`, `locale`, `keywords`) VALUES ('22', 'field', '17', 'en_gb', ' none ');
INSERT INTO `di_searchindex` (`elementId`, `attribute`, `fieldId`, `locale`, `keywords`) VALUES ('22', 'field', '23', 'en_gb', ' drop inn ministries 171 dobbin rd richhill county armagh uk bt61 9lw ');
INSERT INTO `di_searchindex` (`elementId`, `attribute`, `fieldId`, `locale`, `keywords`) VALUES ('22', 'field', '14', 'en_gb', '');
INSERT INTO `di_searchindex` (`elementId`, `attribute`, `fieldId`, `locale`, `keywords`) VALUES ('22', 'slug', '0', 'en_gb', ' contact ');
INSERT INTO `di_searchindex` (`elementId`, `attribute`, `fieldId`, `locale`, `keywords`) VALUES ('22', 'title', '0', 'en_gb', ' contact ');
INSERT INTO `di_searchindex` (`elementId`, `attribute`, `fieldId`, `locale`, `keywords`) VALUES ('46', 'field', '48', 'en_gb', ' 1 11 church street portadown craigavon craigavon bt62 1hl uk ');
INSERT INTO `di_searchindex` (`elementId`, `attribute`, `fieldId`, `locale`, `keywords`) VALUES ('3', 'field', '1', 'en_gb', '');
INSERT INTO `di_searchindex` (`elementId`, `attribute`, `fieldId`, `locale`, `keywords`) VALUES ('23', 'field', '25', 'en_gb', ' full ');
INSERT INTO `di_searchindex` (`elementId`, `attribute`, `fieldId`, `locale`, `keywords`) VALUES ('23', 'field', '24', 'en_gb', ' http vimeo com 85111964 ');
INSERT INTO `di_searchindex` (`elementId`, `attribute`, `fieldId`, `locale`, `keywords`) VALUES ('23', 'slug', '0', 'en_gb', '');
INSERT INTO `di_searchindex` (`elementId`, `attribute`, `fieldId`, `locale`, `keywords`) VALUES ('6', 'field', '1', 'en_gb', '');
INSERT INTO `di_searchindex` (`elementId`, `attribute`, `fieldId`, `locale`, `keywords`) VALUES ('24', 'field', '9', 'en_gb', ' nam commodo pulvinar risus sed fermentum ');
INSERT INTO `di_searchindex` (`elementId`, `attribute`, `fieldId`, `locale`, `keywords`) VALUES ('24', 'field', '10', 'en_gb', ' h2 ');
INSERT INTO `di_searchindex` (`elementId`, `attribute`, `fieldId`, `locale`, `keywords`) VALUES ('24', 'slug', '0', 'en_gb', '');
INSERT INTO `di_searchindex` (`elementId`, `attribute`, `fieldId`, `locale`, `keywords`) VALUES ('6', 'field', '23', 'en_gb', ' a landlocked country in africa ');
INSERT INTO `di_searchindex` (`elementId`, `attribute`, `fieldId`, `locale`, `keywords`) VALUES ('6', 'field', '14', 'en_gb', ' lorem ipsum dolor sit amet consectetur adipiscing elit sed do eiusmod tempor incididunt ut labore et dolore magna aliqua ut enim ad minim veniam quis nostrud exercitation ullamco laboris nisi ut aliquip ex ea commodo consequat duis aute irure dolor in reprehenderit in voluptate velit esse cillum dolore eu fugiat nulla pariatur excepteur sint occaecat cupidatat non proident sunt in culpa qui officia deserunt mollit anim id est laborum ');
INSERT INTO `di_searchindex` (`elementId`, `attribute`, `fieldId`, `locale`, `keywords`) VALUES ('6', 'field', '16', 'en_gb', ' burkina faso landscape ');
INSERT INTO `di_searchindex` (`elementId`, `attribute`, `fieldId`, `locale`, `keywords`) VALUES ('6', 'field', '17', 'en_gb', ' background ');
INSERT INTO `di_searchindex` (`elementId`, `attribute`, `fieldId`, `locale`, `keywords`) VALUES ('25', 'filename', '0', 'en_gb', ' burkina faso landscape jpg ');
INSERT INTO `di_searchindex` (`elementId`, `attribute`, `fieldId`, `locale`, `keywords`) VALUES ('25', 'extension', '0', 'en_gb', ' jpg ');
INSERT INTO `di_searchindex` (`elementId`, `attribute`, `fieldId`, `locale`, `keywords`) VALUES ('25', 'kind', '0', 'en_gb', ' image ');
INSERT INTO `di_searchindex` (`elementId`, `attribute`, `fieldId`, `locale`, `keywords`) VALUES ('25', 'slug', '0', 'en_gb', ' burkina faso landscape ');
INSERT INTO `di_searchindex` (`elementId`, `attribute`, `fieldId`, `locale`, `keywords`) VALUES ('25', 'title', '0', 'en_gb', ' burkina faso landscape ');
INSERT INTO `di_searchindex` (`elementId`, `attribute`, `fieldId`, `locale`, `keywords`) VALUES ('4', 'field', '85', 'en_gb', '');
INSERT INTO `di_searchindex` (`elementId`, `attribute`, `fieldId`, `locale`, `keywords`) VALUES ('7', 'field', '1', 'en_gb', '');
INSERT INTO `di_searchindex` (`elementId`, `attribute`, `fieldId`, `locale`, `keywords`) VALUES ('7', 'field', '23', 'en_gb', ' a land of possibilities ');
INSERT INTO `di_searchindex` (`elementId`, `attribute`, `fieldId`, `locale`, `keywords`) VALUES ('7', 'field', '14', 'en_gb', ' ukraine is a country in eastern europe it has an area of 603 628 km making it the largest country entirely within europe ');
INSERT INTO `di_searchindex` (`elementId`, `attribute`, `fieldId`, `locale`, `keywords`) VALUES ('7', 'field', '16', 'en_gb', ' forest hills hut 2745 ');
INSERT INTO `di_searchindex` (`elementId`, `attribute`, `fieldId`, `locale`, `keywords`) VALUES ('7', 'field', '17', 'en_gb', ' background ');
INSERT INTO `di_searchindex` (`elementId`, `attribute`, `fieldId`, `locale`, `keywords`) VALUES ('7', 'field', '2', 'en_gb', '');
INSERT INTO `di_searchindex` (`elementId`, `attribute`, `fieldId`, `locale`, `keywords`) VALUES ('7', 'field', '3', 'en_gb', '');
INSERT INTO `di_searchindex` (`elementId`, `attribute`, `fieldId`, `locale`, `keywords`) VALUES ('67', 'filename', '0', 'en_gb', ' dropinn_1 png ');
INSERT INTO `di_searchindex` (`elementId`, `attribute`, `fieldId`, `locale`, `keywords`) VALUES ('23', 'field', '27', 'en_gb', ' nam commodo pulvinar risus sed fermentum ');
INSERT INTO `di_searchindex` (`elementId`, `attribute`, `fieldId`, `locale`, `keywords`) VALUES ('2', 'field', '23', 'en_gb', ' bringing hope help and healingto a hurting world ');
INSERT INTO `di_searchindex` (`elementId`, `attribute`, `fieldId`, `locale`, `keywords`) VALUES ('2', 'field', '26', 'en_gb', '');
INSERT INTO `di_searchindex` (`elementId`, `attribute`, `fieldId`, `locale`, `keywords`) VALUES ('4', 'field', '28', 'en_gb', '');
INSERT INTO `di_searchindex` (`elementId`, `attribute`, `fieldId`, `locale`, `keywords`) VALUES ('3', 'field', '28', 'en_gb', '');
INSERT INTO `di_searchindex` (`elementId`, `attribute`, `fieldId`, `locale`, `keywords`) VALUES ('26', 'slug', '0', 'en_gb', ' church ');
INSERT INTO `di_searchindex` (`elementId`, `attribute`, `fieldId`, `locale`, `keywords`) VALUES ('26', 'title', '0', 'en_gb', ' church ');
INSERT INTO `di_searchindex` (`elementId`, `attribute`, `fieldId`, `locale`, `keywords`) VALUES ('26', 'field', '16', 'en_gb', ' church ');
INSERT INTO `di_searchindex` (`elementId`, `attribute`, `fieldId`, `locale`, `keywords`) VALUES ('26', 'field', '2', 'en_gb', ' full morning worship sunday 11 00am morning worship sunday 11 00am evening service 1st 3rd sunday of each month 6 30pm evening service 1st 3rd sunday of each month 6 30pm prayer breakfast monday 7 00am prayer breakfast monday 7 00am midweek cell wednesday 7 30pm midweek cell wednesday 7 30pm ');
INSERT INTO `di_searchindex` (`elementId`, `attribute`, `fieldId`, `locale`, `keywords`) VALUES ('26', 'field', '14', 'en_gb', '');
INSERT INTO `di_searchindex` (`elementId`, `attribute`, `fieldId`, `locale`, `keywords`) VALUES ('26', 'field', '15', 'en_gb', '');
INSERT INTO `di_searchindex` (`elementId`, `attribute`, `fieldId`, `locale`, `keywords`) VALUES ('26', 'field', '17', 'en_gb', ' poster ');
INSERT INTO `di_searchindex` (`elementId`, `attribute`, `fieldId`, `locale`, `keywords`) VALUES ('26', 'field', '1', 'en_gb', ' weekly schedule ');
INSERT INTO `di_searchindex` (`elementId`, `attribute`, `fieldId`, `locale`, `keywords`) VALUES ('26', 'field', '3', 'en_gb', '');
INSERT INTO `di_searchindex` (`elementId`, `attribute`, `fieldId`, `locale`, `keywords`) VALUES ('26', 'field', '28', 'en_gb', '');
INSERT INTO `di_searchindex` (`elementId`, `attribute`, `fieldId`, `locale`, `keywords`) VALUES ('26', 'field', '23', 'en_gb', ' keep an eye on our twitter and facebook page for updates ');
INSERT INTO `di_searchindex` (`elementId`, `attribute`, `fieldId`, `locale`, `keywords`) VALUES ('26', 'field', '26', 'en_gb', '');
INSERT INTO `di_searchindex` (`elementId`, `attribute`, `fieldId`, `locale`, `keywords`) VALUES ('27', 'field', '19', 'en_gb', '');
INSERT INTO `di_searchindex` (`elementId`, `attribute`, `fieldId`, `locale`, `keywords`) VALUES ('27', 'field', '20', 'en_gb', '');
INSERT INTO `di_searchindex` (`elementId`, `attribute`, `fieldId`, `locale`, `keywords`) VALUES ('27', 'field', '21', 'en_gb', ' morning worship sunday 11 00am morning worship sunday 11 00am evening service 1st 3rd sunday of each month 6 30pm evening service 1st 3rd sunday of each month 6 30pm prayer breakfast monday 7 00am prayer breakfast monday 7 00am midweek cell wednesday 7 30pm midweek cell wednesday 7 30pm ');
INSERT INTO `di_searchindex` (`elementId`, `attribute`, `fieldId`, `locale`, `keywords`) VALUES ('27', 'field', '22', 'en_gb', ' full ');
INSERT INTO `di_searchindex` (`elementId`, `attribute`, `fieldId`, `locale`, `keywords`) VALUES ('27', 'slug', '0', 'en_gb', '');
INSERT INTO `di_searchindex` (`elementId`, `attribute`, `fieldId`, `locale`, `keywords`) VALUES ('28', 'filename', '0', 'en_gb', ' church jpg ');
INSERT INTO `di_searchindex` (`elementId`, `attribute`, `fieldId`, `locale`, `keywords`) VALUES ('28', 'extension', '0', 'en_gb', ' jpg ');
INSERT INTO `di_searchindex` (`elementId`, `attribute`, `fieldId`, `locale`, `keywords`) VALUES ('28', 'kind', '0', 'en_gb', ' image ');
INSERT INTO `di_searchindex` (`elementId`, `attribute`, `fieldId`, `locale`, `keywords`) VALUES ('28', 'slug', '0', 'en_gb', ' church ');
INSERT INTO `di_searchindex` (`elementId`, `attribute`, `fieldId`, `locale`, `keywords`) VALUES ('28', 'title', '0', 'en_gb', ' church ');
INSERT INTO `di_searchindex` (`elementId`, `attribute`, `fieldId`, `locale`, `keywords`) VALUES ('20', 'field', '28', 'en_gb', '');
INSERT INTO `di_searchindex` (`elementId`, `attribute`, `fieldId`, `locale`, `keywords`) VALUES ('20', 'field', '2', 'en_gb', '');
INSERT INTO `di_searchindex` (`elementId`, `attribute`, `fieldId`, `locale`, `keywords`) VALUES ('20', 'field', '26', 'en_gb', '');
INSERT INTO `di_searchindex` (`elementId`, `attribute`, `fieldId`, `locale`, `keywords`) VALUES ('29', 'slug', '0', 'en_gb', ' church ');
INSERT INTO `di_searchindex` (`elementId`, `attribute`, `fieldId`, `locale`, `keywords`) VALUES ('29', 'title', '0', 'en_gb', ' church ');
INSERT INTO `di_searchindex` (`elementId`, `attribute`, `fieldId`, `locale`, `keywords`) VALUES ('30', 'slug', '0', 'en_gb', ' grace community ');
INSERT INTO `di_searchindex` (`elementId`, `attribute`, `fieldId`, `locale`, `keywords`) VALUES ('30', 'title', '0', 'en_gb', ' grace community ');
INSERT INTO `di_searchindex` (`elementId`, `attribute`, `fieldId`, `locale`, `keywords`) VALUES ('31', 'slug', '0', 'en_gb', ' schedule ');
INSERT INTO `di_searchindex` (`elementId`, `attribute`, `fieldId`, `locale`, `keywords`) VALUES ('31', 'title', '0', 'en_gb', ' schedule ');
INSERT INTO `di_searchindex` (`elementId`, `attribute`, `fieldId`, `locale`, `keywords`) VALUES ('32', 'field', '1', 'en_gb', ' weekly schedule ');
INSERT INTO `di_searchindex` (`elementId`, `attribute`, `fieldId`, `locale`, `keywords`) VALUES ('32', 'field', '16', 'en_gb', '');
INSERT INTO `di_searchindex` (`elementId`, `attribute`, `fieldId`, `locale`, `keywords`) VALUES ('32', 'field', '15', 'en_gb', '');
INSERT INTO `di_searchindex` (`elementId`, `attribute`, `fieldId`, `locale`, `keywords`) VALUES ('32', 'field', '2', 'en_gb', ' full morning worship sundays 11 00am morning worship sundays 11 00am evening service 1st and 3rd sunday 6 30pm evening service 1st and 3rd sunday 6 30pm prayer breakfast mondays 7 00am prayer breakfast mondays 7 00am midweek cell wednesdays 7 30pm midweek cell wednesdays 7 30pm ');
INSERT INTO `di_searchindex` (`elementId`, `attribute`, `fieldId`, `locale`, `keywords`) VALUES ('32', 'field', '3', 'en_gb', '');
INSERT INTO `di_searchindex` (`elementId`, `attribute`, `fieldId`, `locale`, `keywords`) VALUES ('32', 'field', '17', 'en_gb', ' photo ');
INSERT INTO `di_searchindex` (`elementId`, `attribute`, `fieldId`, `locale`, `keywords`) VALUES ('32', 'field', '23', 'en_gb', ' keep an eye on our twitter and facebook page for updates ');
INSERT INTO `di_searchindex` (`elementId`, `attribute`, `fieldId`, `locale`, `keywords`) VALUES ('32', 'field', '28', 'en_gb', '');
INSERT INTO `di_searchindex` (`elementId`, `attribute`, `fieldId`, `locale`, `keywords`) VALUES ('32', 'field', '14', 'en_gb', '');
INSERT INTO `di_searchindex` (`elementId`, `attribute`, `fieldId`, `locale`, `keywords`) VALUES ('32', 'field', '26', 'en_gb', '');
INSERT INTO `di_searchindex` (`elementId`, `attribute`, `fieldId`, `locale`, `keywords`) VALUES ('32', 'slug', '0', 'en_gb', ' schedule ');
INSERT INTO `di_searchindex` (`elementId`, `attribute`, `fieldId`, `locale`, `keywords`) VALUES ('32', 'title', '0', 'en_gb', ' schedule ');
INSERT INTO `di_searchindex` (`elementId`, `attribute`, `fieldId`, `locale`, `keywords`) VALUES ('33', 'field', '19', 'en_gb', '');
INSERT INTO `di_searchindex` (`elementId`, `attribute`, `fieldId`, `locale`, `keywords`) VALUES ('33', 'field', '20', 'en_gb', '');
INSERT INTO `di_searchindex` (`elementId`, `attribute`, `fieldId`, `locale`, `keywords`) VALUES ('33', 'field', '21', 'en_gb', ' morning worship sundays 11 00am morning worship sundays 11 00am evening service 1st and 3rd sunday 6 30pm evening service 1st and 3rd sunday 6 30pm prayer breakfast mondays 7 00am prayer breakfast mondays 7 00am midweek cell wednesdays 7 30pm midweek cell wednesdays 7 30pm ');
INSERT INTO `di_searchindex` (`elementId`, `attribute`, `fieldId`, `locale`, `keywords`) VALUES ('33', 'field', '22', 'en_gb', ' full ');
INSERT INTO `di_searchindex` (`elementId`, `attribute`, `fieldId`, `locale`, `keywords`) VALUES ('33', 'slug', '0', 'en_gb', '');
INSERT INTO `di_searchindex` (`elementId`, `attribute`, `fieldId`, `locale`, `keywords`) VALUES ('29', 'field', '1', 'en_gb', ' grace community church ');
INSERT INTO `di_searchindex` (`elementId`, `attribute`, `fieldId`, `locale`, `keywords`) VALUES ('29', 'field', '16', 'en_gb', '');
INSERT INTO `di_searchindex` (`elementId`, `attribute`, `fieldId`, `locale`, `keywords`) VALUES ('29', 'field', '15', 'en_gb', '');
INSERT INTO `di_searchindex` (`elementId`, `attribute`, `fieldId`, `locale`, `keywords`) VALUES ('29', 'field', '2', 'en_gb', '');
INSERT INTO `di_searchindex` (`elementId`, `attribute`, `fieldId`, `locale`, `keywords`) VALUES ('29', 'field', '3', 'en_gb', '');
INSERT INTO `di_searchindex` (`elementId`, `attribute`, `fieldId`, `locale`, `keywords`) VALUES ('29', 'field', '17', 'en_gb', ' fill ');
INSERT INTO `di_searchindex` (`elementId`, `attribute`, `fieldId`, `locale`, `keywords`) VALUES ('29', 'field', '23', 'en_gb', '');
INSERT INTO `di_searchindex` (`elementId`, `attribute`, `fieldId`, `locale`, `keywords`) VALUES ('29', 'field', '28', 'en_gb', '');
INSERT INTO `di_searchindex` (`elementId`, `attribute`, `fieldId`, `locale`, `keywords`) VALUES ('29', 'field', '14', 'en_gb', '');
INSERT INTO `di_searchindex` (`elementId`, `attribute`, `fieldId`, `locale`, `keywords`) VALUES ('29', 'field', '26', 'en_gb', '');
INSERT INTO `di_searchindex` (`elementId`, `attribute`, `fieldId`, `locale`, `keywords`) VALUES ('30', 'field', '1', 'en_gb', ' grace community church ');
INSERT INTO `di_searchindex` (`elementId`, `attribute`, `fieldId`, `locale`, `keywords`) VALUES ('30', 'field', '16', 'en_gb', '');
INSERT INTO `di_searchindex` (`elementId`, `attribute`, `fieldId`, `locale`, `keywords`) VALUES ('30', 'field', '15', 'en_gb', '');
INSERT INTO `di_searchindex` (`elementId`, `attribute`, `fieldId`, `locale`, `keywords`) VALUES ('30', 'field', '2', 'en_gb', '');
INSERT INTO `di_searchindex` (`elementId`, `attribute`, `fieldId`, `locale`, `keywords`) VALUES ('30', 'field', '3', 'en_gb', '');
INSERT INTO `di_searchindex` (`elementId`, `attribute`, `fieldId`, `locale`, `keywords`) VALUES ('30', 'field', '17', 'en_gb', ' poster ');
INSERT INTO `di_searchindex` (`elementId`, `attribute`, `fieldId`, `locale`, `keywords`) VALUES ('30', 'field', '23', 'en_gb', ' everybody welcome ');
INSERT INTO `di_searchindex` (`elementId`, `attribute`, `fieldId`, `locale`, `keywords`) VALUES ('30', 'field', '28', 'en_gb', '');
INSERT INTO `di_searchindex` (`elementId`, `attribute`, `fieldId`, `locale`, `keywords`) VALUES ('30', 'field', '14', 'en_gb', '');
INSERT INTO `di_searchindex` (`elementId`, `attribute`, `fieldId`, `locale`, `keywords`) VALUES ('30', 'field', '26', 'en_gb', '');
INSERT INTO `di_searchindex` (`elementId`, `attribute`, `fieldId`, `locale`, `keywords`) VALUES ('29', 'field', '29', 'en_gb', ' _layout church ');
INSERT INTO `di_searchindex` (`elementId`, `attribute`, `fieldId`, `locale`, `keywords`) VALUES ('32', 'field', '29', 'en_gb', ' _layout church ');
INSERT INTO `di_searchindex` (`elementId`, `attribute`, `fieldId`, `locale`, `keywords`) VALUES ('30', 'field', '29', 'en_gb', ' _layout church ');
INSERT INTO `di_searchindex` (`elementId`, `attribute`, `fieldId`, `locale`, `keywords`) VALUES ('34', 'field', '1', 'en_gb', '');
INSERT INTO `di_searchindex` (`elementId`, `attribute`, `fieldId`, `locale`, `keywords`) VALUES ('34', 'field', '2', 'en_gb', '');
INSERT INTO `di_searchindex` (`elementId`, `attribute`, `fieldId`, `locale`, `keywords`) VALUES ('34', 'field', '29', 'en_gb', ' _layout ');
INSERT INTO `di_searchindex` (`elementId`, `attribute`, `fieldId`, `locale`, `keywords`) VALUES ('34', 'field', '15', 'en_gb', '');
INSERT INTO `di_searchindex` (`elementId`, `attribute`, `fieldId`, `locale`, `keywords`) VALUES ('34', 'field', '16', 'en_gb', '');
INSERT INTO `di_searchindex` (`elementId`, `attribute`, `fieldId`, `locale`, `keywords`) VALUES ('34', 'field', '28', 'en_gb', '');
INSERT INTO `di_searchindex` (`elementId`, `attribute`, `fieldId`, `locale`, `keywords`) VALUES ('34', 'field', '23', 'en_gb', ' live music at tin house coffee ');
INSERT INTO `di_searchindex` (`elementId`, `attribute`, `fieldId`, `locale`, `keywords`) VALUES ('34', 'field', '17', 'en_gb', ' photo ');
INSERT INTO `di_searchindex` (`elementId`, `attribute`, `fieldId`, `locale`, `keywords`) VALUES ('34', 'field', '3', 'en_gb', '');
INSERT INTO `di_searchindex` (`elementId`, `attribute`, `fieldId`, `locale`, `keywords`) VALUES ('34', 'field', '26', 'en_gb', '');
INSERT INTO `di_searchindex` (`elementId`, `attribute`, `fieldId`, `locale`, `keywords`) VALUES ('34', 'field', '30', 'en_gb', ' 2014 09 19 ');
INSERT INTO `di_searchindex` (`elementId`, `attribute`, `fieldId`, `locale`, `keywords`) VALUES ('34', 'field', '31', 'en_gb', ' 2014 09 19 ');
INSERT INTO `di_searchindex` (`elementId`, `attribute`, `fieldId`, `locale`, `keywords`) VALUES ('34', 'field', '14', 'en_gb', '');
INSERT INTO `di_searchindex` (`elementId`, `attribute`, `fieldId`, `locale`, `keywords`) VALUES ('34', 'slug', '0', 'en_gb', ' acoustic night ');
INSERT INTO `di_searchindex` (`elementId`, `attribute`, `fieldId`, `locale`, `keywords`) VALUES ('34', 'title', '0', 'en_gb', ' acoustic night ');
INSERT INTO `di_searchindex` (`elementId`, `attribute`, `fieldId`, `locale`, `keywords`) VALUES ('36', 'field', '1', 'en_gb', '');
INSERT INTO `di_searchindex` (`elementId`, `attribute`, `fieldId`, `locale`, `keywords`) VALUES ('36', 'field', '2', 'en_gb', '');
INSERT INTO `di_searchindex` (`elementId`, `attribute`, `fieldId`, `locale`, `keywords`) VALUES ('36', 'field', '29', 'en_gb', ' _layout tinhouse ');
INSERT INTO `di_searchindex` (`elementId`, `attribute`, `fieldId`, `locale`, `keywords`) VALUES ('36', 'field', '15', 'en_gb', '');
INSERT INTO `di_searchindex` (`elementId`, `attribute`, `fieldId`, `locale`, `keywords`) VALUES ('36', 'field', '16', 'en_gb', ' tree ');
INSERT INTO `di_searchindex` (`elementId`, `attribute`, `fieldId`, `locale`, `keywords`) VALUES ('36', 'field', '28', 'en_gb', ' 1 ');
INSERT INTO `di_searchindex` (`elementId`, `attribute`, `fieldId`, `locale`, `keywords`) VALUES ('36', 'field', '23', 'en_gb', ' live at tin house coffee ');
INSERT INTO `di_searchindex` (`elementId`, `attribute`, `fieldId`, `locale`, `keywords`) VALUES ('36', 'field', '17', 'en_gb', ' poster ');
INSERT INTO `di_searchindex` (`elementId`, `attribute`, `fieldId`, `locale`, `keywords`) VALUES ('36', 'field', '3', 'en_gb', '');
INSERT INTO `di_searchindex` (`elementId`, `attribute`, `fieldId`, `locale`, `keywords`) VALUES ('36', 'field', '26', 'en_gb', '');
INSERT INTO `di_searchindex` (`elementId`, `attribute`, `fieldId`, `locale`, `keywords`) VALUES ('36', 'field', '30', 'en_gb', ' 2014 09 19 ');
INSERT INTO `di_searchindex` (`elementId`, `attribute`, `fieldId`, `locale`, `keywords`) VALUES ('36', 'field', '31', 'en_gb', ' 2014 09 19 ');
INSERT INTO `di_searchindex` (`elementId`, `attribute`, `fieldId`, `locale`, `keywords`) VALUES ('36', 'field', '14', 'en_gb', ' in poor communities children often die before they reach the age of five and malaria and malnutrition are some of the leading causes this gift could provide training to 80 community health workers in burundi to prevent and treat children with illnesses and help to save their lives community health workers are a vital part of the community as they treat sick children in their local village quickly which can be vital in saving the life of a child suffering from malnutrition or malaria ');
INSERT INTO `di_searchindex` (`elementId`, `attribute`, `fieldId`, `locale`, `keywords`) VALUES ('36', 'slug', '0', 'en_gb', ' acoustic night ');
INSERT INTO `di_searchindex` (`elementId`, `attribute`, `fieldId`, `locale`, `keywords`) VALUES ('36', 'title', '0', 'en_gb', ' acoustic night ');
INSERT INTO `di_searchindex` (`elementId`, `attribute`, `fieldId`, `locale`, `keywords`) VALUES ('37', 'slug', '0', 'en_gb', ' tin house ');
INSERT INTO `di_searchindex` (`elementId`, `attribute`, `fieldId`, `locale`, `keywords`) VALUES ('37', 'title', '0', 'en_gb', ' tin house portadown ');
INSERT INTO `di_searchindex` (`elementId`, `attribute`, `fieldId`, `locale`, `keywords`) VALUES ('38', 'slug', '0', 'en_gb', ' tin house ');
INSERT INTO `di_searchindex` (`elementId`, `attribute`, `fieldId`, `locale`, `keywords`) VALUES ('38', 'title', '0', 'en_gb', ' tin house ');
INSERT INTO `di_searchindex` (`elementId`, `attribute`, `fieldId`, `locale`, `keywords`) VALUES ('39', 'slug', '0', 'en_gb', ' ronnie dawson ');
INSERT INTO `di_searchindex` (`elementId`, `attribute`, `fieldId`, `locale`, `keywords`) VALUES ('39', 'title', '0', 'en_gb', ' ronnie dawson ');
INSERT INTO `di_searchindex` (`elementId`, `attribute`, `fieldId`, `locale`, `keywords`) VALUES ('40', 'slug', '0', 'en_gb', ' director ');
INSERT INTO `di_searchindex` (`elementId`, `attribute`, `fieldId`, `locale`, `keywords`) VALUES ('40', 'title', '0', 'en_gb', ' director ');
INSERT INTO `di_searchindex` (`elementId`, `attribute`, `fieldId`, `locale`, `keywords`) VALUES ('41', 'slug', '0', 'en_gb', ' ministries ');
INSERT INTO `di_searchindex` (`elementId`, `attribute`, `fieldId`, `locale`, `keywords`) VALUES ('41', 'title', '0', 'en_gb', ' drop inn ministries ');
INSERT INTO `di_searchindex` (`elementId`, `attribute`, `fieldId`, `locale`, `keywords`) VALUES ('42', 'slug', '0', 'en_gb', ' church ');
INSERT INTO `di_searchindex` (`elementId`, `attribute`, `fieldId`, `locale`, `keywords`) VALUES ('42', 'title', '0', 'en_gb', ' grace community church ');
INSERT INTO `di_searchindex` (`elementId`, `attribute`, `fieldId`, `locale`, `keywords`) VALUES ('40', 'field', '15', 'en_gb', '');
INSERT INTO `di_searchindex` (`elementId`, `attribute`, `fieldId`, `locale`, `keywords`) VALUES ('40', 'field', '32', 'en_gb', '');
INSERT INTO `di_searchindex` (`elementId`, `attribute`, `fieldId`, `locale`, `keywords`) VALUES ('40', 'field', '34', 'en_gb', '');
INSERT INTO `di_searchindex` (`elementId`, `attribute`, `fieldId`, `locale`, `keywords`) VALUES ('89', 'field', '15', 'en_gb', '');
INSERT INTO `di_searchindex` (`elementId`, `attribute`, `fieldId`, `locale`, `keywords`) VALUES ('39', 'field', '1', 'en_gb', ' ronnie dawson ');
INSERT INTO `di_searchindex` (`elementId`, `attribute`, `fieldId`, `locale`, `keywords`) VALUES ('39', 'field', '2', 'en_gb', ' full telephone 028 3833 1234 telephone 028 3833 1234 twitter ronniedawson twitter ronniedawson ');
INSERT INTO `di_searchindex` (`elementId`, `attribute`, `fieldId`, `locale`, `keywords`) VALUES ('39', 'field', '15', 'en_gb', ' burkina faso ');
INSERT INTO `di_searchindex` (`elementId`, `attribute`, `fieldId`, `locale`, `keywords`) VALUES ('39', 'field', '16', 'en_gb', ' 36522 tabby kitten white background ');
INSERT INTO `di_searchindex` (`elementId`, `attribute`, `fieldId`, `locale`, `keywords`) VALUES ('39', 'field', '32', 'en_gb', '');
INSERT INTO `di_searchindex` (`elementId`, `attribute`, `fieldId`, `locale`, `keywords`) VALUES ('39', 'field', '28', 'en_gb', ' 1 ');
INSERT INTO `di_searchindex` (`elementId`, `attribute`, `fieldId`, `locale`, `keywords`) VALUES ('39', 'field', '23', 'en_gb', ' director drop inn ministries ');
INSERT INTO `di_searchindex` (`elementId`, `attribute`, `fieldId`, `locale`, `keywords`) VALUES ('39', 'field', '17', 'en_gb', ' poster ');
INSERT INTO `di_searchindex` (`elementId`, `attribute`, `fieldId`, `locale`, `keywords`) VALUES ('39', 'field', '26', 'en_gb', '');
INSERT INTO `di_searchindex` (`elementId`, `attribute`, `fieldId`, `locale`, `keywords`) VALUES ('39', 'field', '14', 'en_gb', ' lorem ipsum dolor sit amet consectetur adipiscing elit sed do eiusmod tempor incididunt ut labore et dolore magna aliqua ut enim ad minim veniam quis nostrud exercitation ullamco laboris nisi ut aliquip ex ea commodo consequat duis aute irure dolor in reprehenderit in voluptate velit esse cillum dolore eu fugiat nulla pariatur excepteur sint occaecat cupidatat non proident sunt in culpa qui officia deserunt mollit anim id est laborum ');
INSERT INTO `di_searchindex` (`elementId`, `attribute`, `fieldId`, `locale`, `keywords`) VALUES ('39', 'field', '34', 'en_gb', ' ministries ');
INSERT INTO `di_searchindex` (`elementId`, `attribute`, `fieldId`, `locale`, `keywords`) VALUES ('39', 'field', '33', 'en_gb', ' director ');
INSERT INTO `di_searchindex` (`elementId`, `attribute`, `fieldId`, `locale`, `keywords`) VALUES ('39', 'field', '3', 'en_gb', '');
INSERT INTO `di_searchindex` (`elementId`, `attribute`, `fieldId`, `locale`, `keywords`) VALUES ('39', 'field', '35', 'en_gb', ' ukraine news shade latest news in ukraine contact shade you might also like ');
INSERT INTO `di_searchindex` (`elementId`, `attribute`, `fieldId`, `locale`, `keywords`) VALUES ('43', 'field', '36', 'en_gb', ' latest news in ukraine ');
INSERT INTO `di_searchindex` (`elementId`, `attribute`, `fieldId`, `locale`, `keywords`) VALUES ('43', 'field', '37', 'en_gb', ' news ');
INSERT INTO `di_searchindex` (`elementId`, `attribute`, `fieldId`, `locale`, `keywords`) VALUES ('43', 'field', '38', 'en_gb', ' ukraine ');
INSERT INTO `di_searchindex` (`elementId`, `attribute`, `fieldId`, `locale`, `keywords`) VALUES ('43', 'field', '39', 'en_gb', '');
INSERT INTO `di_searchindex` (`elementId`, `attribute`, `fieldId`, `locale`, `keywords`) VALUES ('43', 'field', '40', 'en_gb', '');
INSERT INTO `di_searchindex` (`elementId`, `attribute`, `fieldId`, `locale`, `keywords`) VALUES ('43', 'field', '41', 'en_gb', '');
INSERT INTO `di_searchindex` (`elementId`, `attribute`, `fieldId`, `locale`, `keywords`) VALUES ('43', 'slug', '0', 'en_gb', '');
INSERT INTO `di_searchindex` (`elementId`, `attribute`, `fieldId`, `locale`, `keywords`) VALUES ('4', 'field', '44', 'en_gb', ' david mcbride ');
INSERT INTO `di_searchindex` (`elementId`, `attribute`, `fieldId`, `locale`, `keywords`) VALUES ('44', 'field', '42', 'en_gb', ' you might also like ');
INSERT INTO `di_searchindex` (`elementId`, `attribute`, `fieldId`, `locale`, `keywords`) VALUES ('44', 'field', '43', 'en_gb', ' contact ');
INSERT INTO `di_searchindex` (`elementId`, `attribute`, `fieldId`, `locale`, `keywords`) VALUES ('44', 'slug', '0', 'en_gb', '');
INSERT INTO `di_searchindex` (`elementId`, `attribute`, `fieldId`, `locale`, `keywords`) VALUES ('43', 'field', '45', 'en_gb', ' shade ');
INSERT INTO `di_searchindex` (`elementId`, `attribute`, `fieldId`, `locale`, `keywords`) VALUES ('44', 'field', '46', 'en_gb', ' shade ');
INSERT INTO `di_searchindex` (`elementId`, `attribute`, `fieldId`, `locale`, `keywords`) VALUES ('3', 'field', '44', 'en_gb', '');
INSERT INTO `di_searchindex` (`elementId`, `attribute`, `fieldId`, `locale`, `keywords`) VALUES ('36', 'field', '32', 'en_gb', ' tin house portadown ');
INSERT INTO `di_searchindex` (`elementId`, `attribute`, `fieldId`, `locale`, `keywords`) VALUES ('36', 'field', '34', 'en_gb', ' tin house ');
INSERT INTO `di_searchindex` (`elementId`, `attribute`, `fieldId`, `locale`, `keywords`) VALUES ('36', 'field', '47', 'en_gb', '');
INSERT INTO `di_searchindex` (`elementId`, `attribute`, `fieldId`, `locale`, `keywords`) VALUES ('45', 'field', '9', 'en_gb', ' location tin house coffee portadown ');
INSERT INTO `di_searchindex` (`elementId`, `attribute`, `fieldId`, `locale`, `keywords`) VALUES ('45', 'field', '10', 'en_gb', ' h2 ');
INSERT INTO `di_searchindex` (`elementId`, `attribute`, `fieldId`, `locale`, `keywords`) VALUES ('45', 'slug', '0', 'en_gb', '');
INSERT INTO `di_searchindex` (`elementId`, `attribute`, `fieldId`, `locale`, `keywords`) VALUES ('46', 'field', '49', 'en_gb', ' full ');
INSERT INTO `di_searchindex` (`elementId`, `attribute`, `fieldId`, `locale`, `keywords`) VALUES ('46', 'slug', '0', 'en_gb', '');
INSERT INTO `di_searchindex` (`elementId`, `attribute`, `fieldId`, `locale`, `keywords`) VALUES ('47', 'field', '48', 'en_gb', ' 4 breagh lane portadown craigavon craigavon bt63 5lu uk ');
INSERT INTO `di_searchindex` (`elementId`, `attribute`, `fieldId`, `locale`, `keywords`) VALUES ('37', 'field', '23', 'en_gb', '');
INSERT INTO `di_searchindex` (`elementId`, `attribute`, `fieldId`, `locale`, `keywords`) VALUES ('37', 'field', '14', 'en_gb', '');
INSERT INTO `di_searchindex` (`elementId`, `attribute`, `fieldId`, `locale`, `keywords`) VALUES ('37', 'field', '16', 'en_gb', '');
INSERT INTO `di_searchindex` (`elementId`, `attribute`, `fieldId`, `locale`, `keywords`) VALUES ('37', 'field', '50', 'en_gb', ' 16a church street portadown armagh bt62 3ln united kingdom 16a church street portadown armagh bt62 3ln united kingdom ');
INSERT INTO `di_searchindex` (`elementId`, `attribute`, `fieldId`, `locale`, `keywords`) VALUES ('37', 'field', '34', 'en_gb', ' tin house ');
INSERT INTO `di_searchindex` (`elementId`, `attribute`, `fieldId`, `locale`, `keywords`) VALUES ('37', 'field', '15', 'en_gb', '');
INSERT INTO `di_searchindex` (`elementId`, `attribute`, `fieldId`, `locale`, `keywords`) VALUES ('47', 'field', '49', 'en_gb', ' inset ');
INSERT INTO `di_searchindex` (`elementId`, `attribute`, `fieldId`, `locale`, `keywords`) VALUES ('47', 'slug', '0', 'en_gb', '');
INSERT INTO `di_searchindex` (`elementId`, `attribute`, `fieldId`, `locale`, `keywords`) VALUES ('50', 'field', '29', 'en_gb', ' _layout tinhouse ');
INSERT INTO `di_searchindex` (`elementId`, `attribute`, `fieldId`, `locale`, `keywords`) VALUES ('48', 'slug', '0', 'en_gb', ' kenya roast ');
INSERT INTO `di_searchindex` (`elementId`, `attribute`, `fieldId`, `locale`, `keywords`) VALUES ('48', 'title', '0', 'en_gb', ' kenya roast ');
INSERT INTO `di_searchindex` (`elementId`, `attribute`, `fieldId`, `locale`, `keywords`) VALUES ('48', 'field', '44', 'en_gb', '');
INSERT INTO `di_searchindex` (`elementId`, `attribute`, `fieldId`, `locale`, `keywords`) VALUES ('48', 'field', '29', 'en_gb', ' _layout tinhouse ');
INSERT INTO `di_searchindex` (`elementId`, `attribute`, `fieldId`, `locale`, `keywords`) VALUES ('48', 'field', '14', 'en_gb', ' and big awash with a full bodied juiciness that makes it instantly recognizable to its many many fans these qualities are all true of our kenya coffee you can recognize kenya through its tell tale citrus flavours grapefruit most often but sometimes lemon and sometimes tart orange there s a sparkle to this coffee a bright acidity that makes it so refreshing to drink in fact it s a terrific iced coffee on a hot summer day ');
INSERT INTO `di_searchindex` (`elementId`, `attribute`, `fieldId`, `locale`, `keywords`) VALUES ('48', 'field', '15', 'en_gb', '');
INSERT INTO `di_searchindex` (`elementId`, `attribute`, `fieldId`, `locale`, `keywords`) VALUES ('48', 'field', '16', 'en_gb', ' coffee beans1 ');
INSERT INTO `di_searchindex` (`elementId`, `attribute`, `fieldId`, `locale`, `keywords`) VALUES ('48', 'field', '32', 'en_gb', ' tin house portadown ');
INSERT INTO `di_searchindex` (`elementId`, `attribute`, `fieldId`, `locale`, `keywords`) VALUES ('48', 'field', '1', 'en_gb', '');
INSERT INTO `di_searchindex` (`elementId`, `attribute`, `fieldId`, `locale`, `keywords`) VALUES ('48', 'field', '17', 'en_gb', ' photo ');
INSERT INTO `di_searchindex` (`elementId`, `attribute`, `fieldId`, `locale`, `keywords`) VALUES ('48', 'field', '2', 'en_gb', '');
INSERT INTO `di_searchindex` (`elementId`, `attribute`, `fieldId`, `locale`, `keywords`) VALUES ('48', 'field', '26', 'en_gb', '');
INSERT INTO `di_searchindex` (`elementId`, `attribute`, `fieldId`, `locale`, `keywords`) VALUES ('48', 'field', '28', 'en_gb', '');
INSERT INTO `di_searchindex` (`elementId`, `attribute`, `fieldId`, `locale`, `keywords`) VALUES ('48', 'field', '34', 'en_gb', ' tin house ');
INSERT INTO `di_searchindex` (`elementId`, `attribute`, `fieldId`, `locale`, `keywords`) VALUES ('48', 'field', '23', 'en_gb', ' light and fruity ');
INSERT INTO `di_searchindex` (`elementId`, `attribute`, `fieldId`, `locale`, `keywords`) VALUES ('48', 'field', '33', 'en_gb', '');
INSERT INTO `di_searchindex` (`elementId`, `attribute`, `fieldId`, `locale`, `keywords`) VALUES ('48', 'field', '3', 'en_gb', '');
INSERT INTO `di_searchindex` (`elementId`, `attribute`, `fieldId`, `locale`, `keywords`) VALUES ('49', 'field', '1', 'en_gb', '');
INSERT INTO `di_searchindex` (`elementId`, `attribute`, `fieldId`, `locale`, `keywords`) VALUES ('49', 'field', '23', 'en_gb', '');
INSERT INTO `di_searchindex` (`elementId`, `attribute`, `fieldId`, `locale`, `keywords`) VALUES ('49', 'field', '14', 'en_gb', '');
INSERT INTO `di_searchindex` (`elementId`, `attribute`, `fieldId`, `locale`, `keywords`) VALUES ('49', 'field', '16', 'en_gb', '');
INSERT INTO `di_searchindex` (`elementId`, `attribute`, `fieldId`, `locale`, `keywords`) VALUES ('49', 'field', '17', 'en_gb', '');
INSERT INTO `di_searchindex` (`elementId`, `attribute`, `fieldId`, `locale`, `keywords`) VALUES ('49', 'field', '34', 'en_gb', '');
INSERT INTO `di_searchindex` (`elementId`, `attribute`, `fieldId`, `locale`, `keywords`) VALUES ('49', 'field', '32', 'en_gb', '');
INSERT INTO `di_searchindex` (`elementId`, `attribute`, `fieldId`, `locale`, `keywords`) VALUES ('49', 'field', '3', 'en_gb', '');
INSERT INTO `di_searchindex` (`elementId`, `attribute`, `fieldId`, `locale`, `keywords`) VALUES ('49', 'slug', '0', 'en_gb', '');
INSERT INTO `di_searchindex` (`elementId`, `attribute`, `fieldId`, `locale`, `keywords`) VALUES ('49', 'title', '0', 'en_gb', ' food and drink ');
INSERT INTO `di_searchindex` (`elementId`, `attribute`, `fieldId`, `locale`, `keywords`) VALUES ('50', 'field', '1', 'en_gb', '');
INSERT INTO `di_searchindex` (`elementId`, `attribute`, `fieldId`, `locale`, `keywords`) VALUES ('50', 'field', '23', 'en_gb', ' coffee from around the world ');
INSERT INTO `di_searchindex` (`elementId`, `attribute`, `fieldId`, `locale`, `keywords`) VALUES ('50', 'field', '14', 'en_gb', '');
INSERT INTO `di_searchindex` (`elementId`, `attribute`, `fieldId`, `locale`, `keywords`) VALUES ('50', 'field', '16', 'en_gb', ' coffee beans1 ');
INSERT INTO `di_searchindex` (`elementId`, `attribute`, `fieldId`, `locale`, `keywords`) VALUES ('50', 'field', '17', 'en_gb', ' poster ');
INSERT INTO `di_searchindex` (`elementId`, `attribute`, `fieldId`, `locale`, `keywords`) VALUES ('50', 'field', '34', 'en_gb', ' tin house ');
INSERT INTO `di_searchindex` (`elementId`, `attribute`, `fieldId`, `locale`, `keywords`) VALUES ('50', 'field', '32', 'en_gb', ' tin house portadown ');
INSERT INTO `di_searchindex` (`elementId`, `attribute`, `fieldId`, `locale`, `keywords`) VALUES ('50', 'field', '3', 'en_gb', '');
INSERT INTO `di_searchindex` (`elementId`, `attribute`, `fieldId`, `locale`, `keywords`) VALUES ('50', 'slug', '0', 'en_gb', ' coffee ');
INSERT INTO `di_searchindex` (`elementId`, `attribute`, `fieldId`, `locale`, `keywords`) VALUES ('50', 'title', '0', 'en_gb', ' coffee ');
INSERT INTO `di_searchindex` (`elementId`, `attribute`, `fieldId`, `locale`, `keywords`) VALUES ('48', 'field', '53', 'en_gb', ' food and drink coffee ');
INSERT INTO `di_searchindex` (`elementId`, `attribute`, `fieldId`, `locale`, `keywords`) VALUES ('51', 'filename', '0', 'en_gb', ' coffee beans1 jpg ');
INSERT INTO `di_searchindex` (`elementId`, `attribute`, `fieldId`, `locale`, `keywords`) VALUES ('51', 'extension', '0', 'en_gb', ' jpg ');
INSERT INTO `di_searchindex` (`elementId`, `attribute`, `fieldId`, `locale`, `keywords`) VALUES ('51', 'kind', '0', 'en_gb', ' image ');
INSERT INTO `di_searchindex` (`elementId`, `attribute`, `fieldId`, `locale`, `keywords`) VALUES ('51', 'slug', '0', 'en_gb', ' coffee beans1 ');
INSERT INTO `di_searchindex` (`elementId`, `attribute`, `fieldId`, `locale`, `keywords`) VALUES ('51', 'title', '0', 'en_gb', ' coffee beans1 ');
INSERT INTO `di_searchindex` (`elementId`, `attribute`, `fieldId`, `locale`, `keywords`) VALUES ('52', 'filename', '0', 'en_gb', ' coffee beans1 jpg ');
INSERT INTO `di_searchindex` (`elementId`, `attribute`, `fieldId`, `locale`, `keywords`) VALUES ('52', 'extension', '0', 'en_gb', ' jpg ');
INSERT INTO `di_searchindex` (`elementId`, `attribute`, `fieldId`, `locale`, `keywords`) VALUES ('52', 'kind', '0', 'en_gb', ' image ');
INSERT INTO `di_searchindex` (`elementId`, `attribute`, `fieldId`, `locale`, `keywords`) VALUES ('52', 'slug', '0', 'en_gb', '');
INSERT INTO `di_searchindex` (`elementId`, `attribute`, `fieldId`, `locale`, `keywords`) VALUES ('52', 'title', '0', 'en_gb', ' coffee beans1 ');
INSERT INTO `di_searchindex` (`elementId`, `attribute`, `fieldId`, `locale`, `keywords`) VALUES ('48', 'field', '54', 'en_gb', ' 3 50 3 40 4 00 beans 1 1 3 50 3 40 4 00 beans 1 1 3 50 3 40 4 00 ground 1 3 50 3 40 4 00 ground 1 ');
INSERT INTO `di_searchindex` (`elementId`, `attribute`, `fieldId`, `locale`, `keywords`) VALUES ('53', 'field', '1', 'en_gb', '');
INSERT INTO `di_searchindex` (`elementId`, `attribute`, `fieldId`, `locale`, `keywords`) VALUES ('53', 'field', '16', 'en_gb', '');
INSERT INTO `di_searchindex` (`elementId`, `attribute`, `fieldId`, `locale`, `keywords`) VALUES ('53', 'field', '44', 'en_gb', '');
INSERT INTO `di_searchindex` (`elementId`, `attribute`, `fieldId`, `locale`, `keywords`) VALUES ('53', 'field', '53', 'en_gb', ' food and drink coffee ');
INSERT INTO `di_searchindex` (`elementId`, `attribute`, `fieldId`, `locale`, `keywords`) VALUES ('53', 'field', '29', 'en_gb', ' _layout tinhouse ');
INSERT INTO `di_searchindex` (`elementId`, `attribute`, `fieldId`, `locale`, `keywords`) VALUES ('53', 'field', '15', 'en_gb', '');
INSERT INTO `di_searchindex` (`elementId`, `attribute`, `fieldId`, `locale`, `keywords`) VALUES ('53', 'field', '2', 'en_gb', '');
INSERT INTO `di_searchindex` (`elementId`, `attribute`, `fieldId`, `locale`, `keywords`) VALUES ('53', 'field', '17', 'en_gb', ' poster ');
INSERT INTO `di_searchindex` (`elementId`, `attribute`, `fieldId`, `locale`, `keywords`) VALUES ('53', 'field', '23', 'en_gb', '');
INSERT INTO `di_searchindex` (`elementId`, `attribute`, `fieldId`, `locale`, `keywords`) VALUES ('53', 'field', '32', 'en_gb', '');
INSERT INTO `di_searchindex` (`elementId`, `attribute`, `fieldId`, `locale`, `keywords`) VALUES ('53', 'field', '28', 'en_gb', '');
INSERT INTO `di_searchindex` (`elementId`, `attribute`, `fieldId`, `locale`, `keywords`) VALUES ('53', 'field', '26', 'en_gb', '');
INSERT INTO `di_searchindex` (`elementId`, `attribute`, `fieldId`, `locale`, `keywords`) VALUES ('53', 'field', '14', 'en_gb', ' and big awash with a full bodied juiciness that makes it instantly recognizable to its many many fans these qualities are all true of our kenya coffee you can recognize kenya through its tell tale citrus flavours grapefruit most often but sometimes lemon and sometimes tart orange there s a sparkle to this coffee a bright acidity that makes it so refreshing to drink in fact it s a terrific iced coffee on a hot summer day ');
INSERT INTO `di_searchindex` (`elementId`, `attribute`, `fieldId`, `locale`, `keywords`) VALUES ('53', 'field', '34', 'en_gb', '');
INSERT INTO `di_searchindex` (`elementId`, `attribute`, `fieldId`, `locale`, `keywords`) VALUES ('53', 'field', '54', 'en_gb', ' 3 50 gbp 1 1 3 50 gbp 1 1 ');
INSERT INTO `di_searchindex` (`elementId`, `attribute`, `fieldId`, `locale`, `keywords`) VALUES ('53', 'field', '33', 'en_gb', '');
INSERT INTO `di_searchindex` (`elementId`, `attribute`, `fieldId`, `locale`, `keywords`) VALUES ('53', 'field', '3', 'en_gb', '');
INSERT INTO `di_searchindex` (`elementId`, `attribute`, `fieldId`, `locale`, `keywords`) VALUES ('53', 'slug', '0', 'en_gb', ' rwanda roast ');
INSERT INTO `di_searchindex` (`elementId`, `attribute`, `fieldId`, `locale`, `keywords`) VALUES ('53', 'title', '0', 'en_gb', ' rwanda roast ');
INSERT INTO `di_searchindex` (`elementId`, `attribute`, `fieldId`, `locale`, `keywords`) VALUES ('37', 'field', '29', 'en_gb', ' _layout tinhouse ');
INSERT INTO `di_searchindex` (`elementId`, `attribute`, `fieldId`, `locale`, `keywords`) VALUES ('54', 'field', '1', 'en_gb', ' tin house coffee ');
INSERT INTO `di_searchindex` (`elementId`, `attribute`, `fieldId`, `locale`, `keywords`) VALUES ('54', 'field', '16', 'en_gb', '');
INSERT INTO `di_searchindex` (`elementId`, `attribute`, `fieldId`, `locale`, `keywords`) VALUES ('54', 'field', '15', 'en_gb', '');
INSERT INTO `di_searchindex` (`elementId`, `attribute`, `fieldId`, `locale`, `keywords`) VALUES ('54', 'field', '2', 'en_gb', '');
INSERT INTO `di_searchindex` (`elementId`, `attribute`, `fieldId`, `locale`, `keywords`) VALUES ('54', 'field', '3', 'en_gb', '');
INSERT INTO `di_searchindex` (`elementId`, `attribute`, `fieldId`, `locale`, `keywords`) VALUES ('54', 'field', '17', 'en_gb', ' background ');
INSERT INTO `di_searchindex` (`elementId`, `attribute`, `fieldId`, `locale`, `keywords`) VALUES ('54', 'field', '23', 'en_gb', '');
INSERT INTO `di_searchindex` (`elementId`, `attribute`, `fieldId`, `locale`, `keywords`) VALUES ('54', 'field', '28', 'en_gb', '');
INSERT INTO `di_searchindex` (`elementId`, `attribute`, `fieldId`, `locale`, `keywords`) VALUES ('54', 'field', '14', 'en_gb', ' a cosy coffee shop in the centre of portadown serving the best coffee in town courtesy of ristretto coffee and delicious teas milkshakes as well as tasty sandwiches cakes buns you name it we re open monday to saturday with late opening on friday check out our menu ');
INSERT INTO `di_searchindex` (`elementId`, `attribute`, `fieldId`, `locale`, `keywords`) VALUES ('54', 'field', '26', 'en_gb', '');
INSERT INTO `di_searchindex` (`elementId`, `attribute`, `fieldId`, `locale`, `keywords`) VALUES ('54', 'field', '29', 'en_gb', ' _layout tinhouse ');
INSERT INTO `di_searchindex` (`elementId`, `attribute`, `fieldId`, `locale`, `keywords`) VALUES ('54', 'slug', '0', 'en_gb', ' tin house ');
INSERT INTO `di_searchindex` (`elementId`, `attribute`, `fieldId`, `locale`, `keywords`) VALUES ('54', 'title', '0', 'en_gb', ' tin house ');
INSERT INTO `di_searchindex` (`elementId`, `attribute`, `fieldId`, `locale`, `keywords`) VALUES ('54', 'field', '35', 'en_gb', ' news events tin house divider what s happening at tin house products tin house food and drink coffee divider coffee ');
INSERT INTO `di_searchindex` (`elementId`, `attribute`, `fieldId`, `locale`, `keywords`) VALUES ('54', 'field', '32', 'en_gb', ' tin house portadown ');
INSERT INTO `di_searchindex` (`elementId`, `attribute`, `fieldId`, `locale`, `keywords`) VALUES ('54', 'field', '34', 'en_gb', '');
INSERT INTO `di_searchindex` (`elementId`, `attribute`, `fieldId`, `locale`, `keywords`) VALUES ('54', 'field', '53', 'en_gb', '');
INSERT INTO `di_searchindex` (`elementId`, `attribute`, `fieldId`, `locale`, `keywords`) VALUES ('54', 'field', '33', 'en_gb', '');
INSERT INTO `di_searchindex` (`elementId`, `attribute`, `fieldId`, `locale`, `keywords`) VALUES ('55', 'field', '36', 'en_gb', ' coffee ');
INSERT INTO `di_searchindex` (`elementId`, `attribute`, `fieldId`, `locale`, `keywords`) VALUES ('55', 'field', '45', 'en_gb', ' divider ');
INSERT INTO `di_searchindex` (`elementId`, `attribute`, `fieldId`, `locale`, `keywords`) VALUES ('55', 'field', '37', 'en_gb', ' products ');
INSERT INTO `di_searchindex` (`elementId`, `attribute`, `fieldId`, `locale`, `keywords`) VALUES ('55', 'field', '38', 'en_gb', '');
INSERT INTO `di_searchindex` (`elementId`, `attribute`, `fieldId`, `locale`, `keywords`) VALUES ('55', 'field', '39', 'en_gb', '');
INSERT INTO `di_searchindex` (`elementId`, `attribute`, `fieldId`, `locale`, `keywords`) VALUES ('55', 'field', '40', 'en_gb', ' tin house ');
INSERT INTO `di_searchindex` (`elementId`, `attribute`, `fieldId`, `locale`, `keywords`) VALUES ('55', 'field', '41', 'en_gb', '');
INSERT INTO `di_searchindex` (`elementId`, `attribute`, `fieldId`, `locale`, `keywords`) VALUES ('55', 'field', '55', 'en_gb', ' food and drink coffee ');
INSERT INTO `di_searchindex` (`elementId`, `attribute`, `fieldId`, `locale`, `keywords`) VALUES ('55', 'slug', '0', 'en_gb', '');
INSERT INTO `di_searchindex` (`elementId`, `attribute`, `fieldId`, `locale`, `keywords`) VALUES ('29', 'field', '35', 'en_gb', '');
INSERT INTO `di_searchindex` (`elementId`, `attribute`, `fieldId`, `locale`, `keywords`) VALUES ('29', 'field', '32', 'en_gb', '');
INSERT INTO `di_searchindex` (`elementId`, `attribute`, `fieldId`, `locale`, `keywords`) VALUES ('29', 'field', '34', 'en_gb', '');
INSERT INTO `di_searchindex` (`elementId`, `attribute`, `fieldId`, `locale`, `keywords`) VALUES ('29', 'field', '53', 'en_gb', '');
INSERT INTO `di_searchindex` (`elementId`, `attribute`, `fieldId`, `locale`, `keywords`) VALUES ('29', 'field', '33', 'en_gb', '');
INSERT INTO `di_searchindex` (`elementId`, `attribute`, `fieldId`, `locale`, `keywords`) VALUES ('30', 'field', '35', 'en_gb', ' events grace community church church divider upcoming events news articles grace community church church divider interesting reads ');
INSERT INTO `di_searchindex` (`elementId`, `attribute`, `fieldId`, `locale`, `keywords`) VALUES ('30', 'field', '32', 'en_gb', ' grace community church ');
INSERT INTO `di_searchindex` (`elementId`, `attribute`, `fieldId`, `locale`, `keywords`) VALUES ('30', 'field', '34', 'en_gb', ' church ');
INSERT INTO `di_searchindex` (`elementId`, `attribute`, `fieldId`, `locale`, `keywords`) VALUES ('30', 'field', '53', 'en_gb', '');
INSERT INTO `di_searchindex` (`elementId`, `attribute`, `fieldId`, `locale`, `keywords`) VALUES ('30', 'field', '33', 'en_gb', '');
INSERT INTO `di_searchindex` (`elementId`, `attribute`, `fieldId`, `locale`, `keywords`) VALUES ('32', 'field', '35', 'en_gb', '');
INSERT INTO `di_searchindex` (`elementId`, `attribute`, `fieldId`, `locale`, `keywords`) VALUES ('32', 'field', '32', 'en_gb', '');
INSERT INTO `di_searchindex` (`elementId`, `attribute`, `fieldId`, `locale`, `keywords`) VALUES ('32', 'field', '34', 'en_gb', '');
INSERT INTO `di_searchindex` (`elementId`, `attribute`, `fieldId`, `locale`, `keywords`) VALUES ('32', 'field', '53', 'en_gb', '');
INSERT INTO `di_searchindex` (`elementId`, `attribute`, `fieldId`, `locale`, `keywords`) VALUES ('32', 'field', '33', 'en_gb', '');
INSERT INTO `di_searchindex` (`elementId`, `attribute`, `fieldId`, `locale`, `keywords`) VALUES ('56', 'field', '36', 'en_gb', ' what s happening at tin house ');
INSERT INTO `di_searchindex` (`elementId`, `attribute`, `fieldId`, `locale`, `keywords`) VALUES ('56', 'field', '45', 'en_gb', ' divider ');
INSERT INTO `di_searchindex` (`elementId`, `attribute`, `fieldId`, `locale`, `keywords`) VALUES ('56', 'field', '37', 'en_gb', ' news events ');
INSERT INTO `di_searchindex` (`elementId`, `attribute`, `fieldId`, `locale`, `keywords`) VALUES ('56', 'field', '38', 'en_gb', '');
INSERT INTO `di_searchindex` (`elementId`, `attribute`, `fieldId`, `locale`, `keywords`) VALUES ('56', 'field', '39', 'en_gb', '');
INSERT INTO `di_searchindex` (`elementId`, `attribute`, `fieldId`, `locale`, `keywords`) VALUES ('56', 'field', '40', 'en_gb', ' tin house ');
INSERT INTO `di_searchindex` (`elementId`, `attribute`, `fieldId`, `locale`, `keywords`) VALUES ('56', 'field', '41', 'en_gb', '');
INSERT INTO `di_searchindex` (`elementId`, `attribute`, `fieldId`, `locale`, `keywords`) VALUES ('56', 'field', '55', 'en_gb', '');
INSERT INTO `di_searchindex` (`elementId`, `attribute`, `fieldId`, `locale`, `keywords`) VALUES ('56', 'slug', '0', 'en_gb', '');
INSERT INTO `di_searchindex` (`elementId`, `attribute`, `fieldId`, `locale`, `keywords`) VALUES ('66', 'filename', '0', 'en_gb', ' dropinn_1 png ');
INSERT INTO `di_searchindex` (`elementId`, `attribute`, `fieldId`, `locale`, `keywords`) VALUES ('54', 'field', '63', 'en_gb', ' 323137 ');
INSERT INTO `di_searchindex` (`elementId`, `attribute`, `fieldId`, `locale`, `keywords`) VALUES ('32', 'field', '63', 'en_gb', ' none ');
INSERT INTO `di_searchindex` (`elementId`, `attribute`, `fieldId`, `locale`, `keywords`) VALUES ('6', 'field', '2', 'en_gb', '');
INSERT INTO `di_searchindex` (`elementId`, `attribute`, `fieldId`, `locale`, `keywords`) VALUES ('6', 'field', '3', 'en_gb', '');
INSERT INTO `di_searchindex` (`elementId`, `attribute`, `fieldId`, `locale`, `keywords`) VALUES ('57', 'field', '56', 'en_gb', ' burkina faso landscape coffee beans1 forest hills hut 2745 tree ');
INSERT INTO `di_searchindex` (`elementId`, `attribute`, `fieldId`, `locale`, `keywords`) VALUES ('57', 'field', '57', 'en_gb', ' look at this ');
INSERT INTO `di_searchindex` (`elementId`, `attribute`, `fieldId`, `locale`, `keywords`) VALUES ('57', 'field', '58', 'en_gb', ' inset ');
INSERT INTO `di_searchindex` (`elementId`, `attribute`, `fieldId`, `locale`, `keywords`) VALUES ('57', 'slug', '0', 'en_gb', '');
INSERT INTO `di_searchindex` (`elementId`, `attribute`, `fieldId`, `locale`, `keywords`) VALUES ('58', 'field', '59', 'en_gb', '');
INSERT INTO `di_searchindex` (`elementId`, `attribute`, `fieldId`, `locale`, `keywords`) VALUES ('58', 'field', '60', 'en_gb', ' full ');
INSERT INTO `di_searchindex` (`elementId`, `attribute`, `fieldId`, `locale`, `keywords`) VALUES ('58', 'field', '61', 'en_gb', ' listen ');
INSERT INTO `di_searchindex` (`elementId`, `attribute`, `fieldId`, `locale`, `keywords`) VALUES ('58', 'slug', '0', 'en_gb', '');
INSERT INTO `di_searchindex` (`elementId`, `attribute`, `fieldId`, `locale`, `keywords`) VALUES ('59', 'filename', '0', 'en_gb', ' african girl sad jpg ');
INSERT INTO `di_searchindex` (`elementId`, `attribute`, `fieldId`, `locale`, `keywords`) VALUES ('59', 'extension', '0', 'en_gb', ' jpg ');
INSERT INTO `di_searchindex` (`elementId`, `attribute`, `fieldId`, `locale`, `keywords`) VALUES ('59', 'kind', '0', 'en_gb', ' image ');
INSERT INTO `di_searchindex` (`elementId`, `attribute`, `fieldId`, `locale`, `keywords`) VALUES ('59', 'slug', '0', 'en_gb', '');
INSERT INTO `di_searchindex` (`elementId`, `attribute`, `fieldId`, `locale`, `keywords`) VALUES ('59', 'title', '0', 'en_gb', ' african girl sad ');
INSERT INTO `di_searchindex` (`elementId`, `attribute`, `fieldId`, `locale`, `keywords`) VALUES ('15', 'field', '94', 'en_gb', ' burkina faso ');
INSERT INTO `di_searchindex` (`elementId`, `attribute`, `fieldId`, `locale`, `keywords`) VALUES ('15', 'field', '95', 'en_gb', '');
INSERT INTO `di_searchindex` (`elementId`, `attribute`, `fieldId`, `locale`, `keywords`) VALUES ('4', 'field', '29', 'en_gb', ' _layout ');
INSERT INTO `di_searchindex` (`elementId`, `attribute`, `fieldId`, `locale`, `keywords`) VALUES ('4', 'field', '32', 'en_gb', '');
INSERT INTO `di_searchindex` (`elementId`, `attribute`, `fieldId`, `locale`, `keywords`) VALUES ('4', 'field', '34', 'en_gb', ' grace community church ');
INSERT INTO `di_searchindex` (`elementId`, `attribute`, `fieldId`, `locale`, `keywords`) VALUES ('60', 'filename', '0', 'en_gb', ' church png ');
INSERT INTO `di_searchindex` (`elementId`, `attribute`, `fieldId`, `locale`, `keywords`) VALUES ('60', 'extension', '0', 'en_gb', ' png ');
INSERT INTO `di_searchindex` (`elementId`, `attribute`, `fieldId`, `locale`, `keywords`) VALUES ('60', 'kind', '0', 'en_gb', ' image ');
INSERT INTO `di_searchindex` (`elementId`, `attribute`, `fieldId`, `locale`, `keywords`) VALUES ('60', 'slug', '0', 'en_gb', ' church ');
INSERT INTO `di_searchindex` (`elementId`, `attribute`, `fieldId`, `locale`, `keywords`) VALUES ('60', 'title', '0', 'en_gb', ' church ');
INSERT INTO `di_searchindex` (`elementId`, `attribute`, `fieldId`, `locale`, `keywords`) VALUES ('4', 'field', '62', 'en_gb', '');
INSERT INTO `di_searchindex` (`elementId`, `attribute`, `fieldId`, `locale`, `keywords`) VALUES ('29', 'field', '62', 'en_gb', ' church ');
INSERT INTO `di_searchindex` (`elementId`, `attribute`, `fieldId`, `locale`, `keywords`) VALUES ('61', 'filename', '0', 'en_gb', ' dropinn png ');
INSERT INTO `di_searchindex` (`elementId`, `attribute`, `fieldId`, `locale`, `keywords`) VALUES ('61', 'extension', '0', 'en_gb', ' png ');
INSERT INTO `di_searchindex` (`elementId`, `attribute`, `fieldId`, `locale`, `keywords`) VALUES ('61', 'kind', '0', 'en_gb', ' image ');
INSERT INTO `di_searchindex` (`elementId`, `attribute`, `fieldId`, `locale`, `keywords`) VALUES ('61', 'slug', '0', 'en_gb', ' dropinn ');
INSERT INTO `di_searchindex` (`elementId`, `attribute`, `fieldId`, `locale`, `keywords`) VALUES ('61', 'title', '0', 'en_gb', ' dropinn ');
INSERT INTO `di_searchindex` (`elementId`, `attribute`, `fieldId`, `locale`, `keywords`) VALUES ('2', 'field', '29', 'en_gb', ' _layout ');
INSERT INTO `di_searchindex` (`elementId`, `attribute`, `fieldId`, `locale`, `keywords`) VALUES ('2', 'field', '62', 'en_gb', ' dropinn ');
INSERT INTO `di_searchindex` (`elementId`, `attribute`, `fieldId`, `locale`, `keywords`) VALUES ('62', 'filename', '0', 'en_gb', ' dropinn_1 png ');
INSERT INTO `di_searchindex` (`elementId`, `attribute`, `fieldId`, `locale`, `keywords`) VALUES ('62', 'extension', '0', 'en_gb', ' png ');
INSERT INTO `di_searchindex` (`elementId`, `attribute`, `fieldId`, `locale`, `keywords`) VALUES ('62', 'kind', '0', 'en_gb', ' image ');
INSERT INTO `di_searchindex` (`elementId`, `attribute`, `fieldId`, `locale`, `keywords`) VALUES ('62', 'slug', '0', 'en_gb', '');
INSERT INTO `di_searchindex` (`elementId`, `attribute`, `fieldId`, `locale`, `keywords`) VALUES ('62', 'title', '0', 'en_gb', ' dropinn 1 ');
INSERT INTO `di_searchindex` (`elementId`, `attribute`, `fieldId`, `locale`, `keywords`) VALUES ('63', 'filename', '0', 'en_gb', ' dropinn_1 png ');
INSERT INTO `di_searchindex` (`elementId`, `attribute`, `fieldId`, `locale`, `keywords`) VALUES ('63', 'extension', '0', 'en_gb', ' png ');
INSERT INTO `di_searchindex` (`elementId`, `attribute`, `fieldId`, `locale`, `keywords`) VALUES ('63', 'kind', '0', 'en_gb', ' image ');
INSERT INTO `di_searchindex` (`elementId`, `attribute`, `fieldId`, `locale`, `keywords`) VALUES ('63', 'slug', '0', 'en_gb', '');
INSERT INTO `di_searchindex` (`elementId`, `attribute`, `fieldId`, `locale`, `keywords`) VALUES ('63', 'title', '0', 'en_gb', ' dropinn 1 ');
INSERT INTO `di_searchindex` (`elementId`, `attribute`, `fieldId`, `locale`, `keywords`) VALUES ('64', 'filename', '0', 'en_gb', ' dropinn_1 png ');
INSERT INTO `di_searchindex` (`elementId`, `attribute`, `fieldId`, `locale`, `keywords`) VALUES ('64', 'extension', '0', 'en_gb', ' png ');
INSERT INTO `di_searchindex` (`elementId`, `attribute`, `fieldId`, `locale`, `keywords`) VALUES ('64', 'kind', '0', 'en_gb', ' image ');
INSERT INTO `di_searchindex` (`elementId`, `attribute`, `fieldId`, `locale`, `keywords`) VALUES ('64', 'slug', '0', 'en_gb', '');
INSERT INTO `di_searchindex` (`elementId`, `attribute`, `fieldId`, `locale`, `keywords`) VALUES ('64', 'title', '0', 'en_gb', ' dropinn 1 ');
INSERT INTO `di_searchindex` (`elementId`, `attribute`, `fieldId`, `locale`, `keywords`) VALUES ('65', 'filename', '0', 'en_gb', ' tinhouse png ');
INSERT INTO `di_searchindex` (`elementId`, `attribute`, `fieldId`, `locale`, `keywords`) VALUES ('65', 'extension', '0', 'en_gb', ' png ');
INSERT INTO `di_searchindex` (`elementId`, `attribute`, `fieldId`, `locale`, `keywords`) VALUES ('65', 'kind', '0', 'en_gb', ' image ');
INSERT INTO `di_searchindex` (`elementId`, `attribute`, `fieldId`, `locale`, `keywords`) VALUES ('65', 'slug', '0', 'en_gb', '');
INSERT INTO `di_searchindex` (`elementId`, `attribute`, `fieldId`, `locale`, `keywords`) VALUES ('65', 'title', '0', 'en_gb', ' tinhouse ');
INSERT INTO `di_searchindex` (`elementId`, `attribute`, `fieldId`, `locale`, `keywords`) VALUES ('54', 'field', '62', 'en_gb', ' tinhouse ');
INSERT INTO `di_searchindex` (`elementId`, `attribute`, `fieldId`, `locale`, `keywords`) VALUES ('66', 'extension', '0', 'en_gb', ' png ');
INSERT INTO `di_searchindex` (`elementId`, `attribute`, `fieldId`, `locale`, `keywords`) VALUES ('66', 'kind', '0', 'en_gb', ' image ');
INSERT INTO `di_searchindex` (`elementId`, `attribute`, `fieldId`, `locale`, `keywords`) VALUES ('66', 'slug', '0', 'en_gb', '');
INSERT INTO `di_searchindex` (`elementId`, `attribute`, `fieldId`, `locale`, `keywords`) VALUES ('66', 'title', '0', 'en_gb', ' dropinn 1 ');
INSERT INTO `di_searchindex` (`elementId`, `attribute`, `fieldId`, `locale`, `keywords`) VALUES ('67', 'extension', '0', 'en_gb', ' png ');
INSERT INTO `di_searchindex` (`elementId`, `attribute`, `fieldId`, `locale`, `keywords`) VALUES ('67', 'kind', '0', 'en_gb', ' image ');
INSERT INTO `di_searchindex` (`elementId`, `attribute`, `fieldId`, `locale`, `keywords`) VALUES ('67', 'slug', '0', 'en_gb', '');
INSERT INTO `di_searchindex` (`elementId`, `attribute`, `fieldId`, `locale`, `keywords`) VALUES ('67', 'title', '0', 'en_gb', ' dropinn 1 ');
INSERT INTO `di_searchindex` (`elementId`, `attribute`, `fieldId`, `locale`, `keywords`) VALUES ('29', 'field', '63', 'en_gb', ' 84a902 ');
INSERT INTO `di_searchindex` (`elementId`, `attribute`, `fieldId`, `locale`, `keywords`) VALUES ('68', 'filename', '0', 'en_gb', ' church_1 png ');
INSERT INTO `di_searchindex` (`elementId`, `attribute`, `fieldId`, `locale`, `keywords`) VALUES ('68', 'extension', '0', 'en_gb', ' png ');
INSERT INTO `di_searchindex` (`elementId`, `attribute`, `fieldId`, `locale`, `keywords`) VALUES ('68', 'kind', '0', 'en_gb', ' image ');
INSERT INTO `di_searchindex` (`elementId`, `attribute`, `fieldId`, `locale`, `keywords`) VALUES ('68', 'slug', '0', 'en_gb', '');
INSERT INTO `di_searchindex` (`elementId`, `attribute`, `fieldId`, `locale`, `keywords`) VALUES ('68', 'title', '0', 'en_gb', ' church 1 ');
INSERT INTO `di_searchindex` (`elementId`, `attribute`, `fieldId`, `locale`, `keywords`) VALUES ('32', 'field', '62', 'en_gb', '');
INSERT INTO `di_searchindex` (`elementId`, `attribute`, `fieldId`, `locale`, `keywords`) VALUES ('22', 'field', '29', 'en_gb', ' _layout ');
INSERT INTO `di_searchindex` (`elementId`, `attribute`, `fieldId`, `locale`, `keywords`) VALUES ('22', 'field', '62', 'en_gb', ' dropinn ');
INSERT INTO `di_searchindex` (`elementId`, `attribute`, `fieldId`, `locale`, `keywords`) VALUES ('22', 'field', '63', 'en_gb', ' 9c243e ');
INSERT INTO `di_searchindex` (`elementId`, `attribute`, `fieldId`, `locale`, `keywords`) VALUES ('69', 'filename', '0', 'en_gb', ' dropinn_1 png ');
INSERT INTO `di_searchindex` (`elementId`, `attribute`, `fieldId`, `locale`, `keywords`) VALUES ('69', 'extension', '0', 'en_gb', ' png ');
INSERT INTO `di_searchindex` (`elementId`, `attribute`, `fieldId`, `locale`, `keywords`) VALUES ('69', 'kind', '0', 'en_gb', ' image ');
INSERT INTO `di_searchindex` (`elementId`, `attribute`, `fieldId`, `locale`, `keywords`) VALUES ('69', 'slug', '0', 'en_gb', '');
INSERT INTO `di_searchindex` (`elementId`, `attribute`, `fieldId`, `locale`, `keywords`) VALUES ('69', 'title', '0', 'en_gb', ' dropinn 1 ');
INSERT INTO `di_searchindex` (`elementId`, `attribute`, `fieldId`, `locale`, `keywords`) VALUES ('70', 'filename', '0', 'en_gb', ' church w60pc png ');
INSERT INTO `di_searchindex` (`elementId`, `attribute`, `fieldId`, `locale`, `keywords`) VALUES ('70', 'extension', '0', 'en_gb', ' png ');
INSERT INTO `di_searchindex` (`elementId`, `attribute`, `fieldId`, `locale`, `keywords`) VALUES ('70', 'kind', '0', 'en_gb', ' image ');
INSERT INTO `di_searchindex` (`elementId`, `attribute`, `fieldId`, `locale`, `keywords`) VALUES ('70', 'slug', '0', 'en_gb', '');
INSERT INTO `di_searchindex` (`elementId`, `attribute`, `fieldId`, `locale`, `keywords`) VALUES ('70', 'title', '0', 'en_gb', ' church w60pc ');
INSERT INTO `di_searchindex` (`elementId`, `attribute`, `fieldId`, `locale`, `keywords`) VALUES ('4', 'field', '63', 'en_gb', ' 610065 ');
INSERT INTO `di_searchindex` (`elementId`, `attribute`, `fieldId`, `locale`, `keywords`) VALUES ('71', 'filename', '0', 'en_gb', ' church pridevhumility png ');
INSERT INTO `di_searchindex` (`elementId`, `attribute`, `fieldId`, `locale`, `keywords`) VALUES ('71', 'extension', '0', 'en_gb', ' png ');
INSERT INTO `di_searchindex` (`elementId`, `attribute`, `fieldId`, `locale`, `keywords`) VALUES ('71', 'kind', '0', 'en_gb', ' image ');
INSERT INTO `di_searchindex` (`elementId`, `attribute`, `fieldId`, `locale`, `keywords`) VALUES ('71', 'slug', '0', 'en_gb', ' church pridevhumility ');
INSERT INTO `di_searchindex` (`elementId`, `attribute`, `fieldId`, `locale`, `keywords`) VALUES ('71', 'title', '0', 'en_gb', ' church pridevhumility ');
INSERT INTO `di_searchindex` (`elementId`, `attribute`, `fieldId`, `locale`, `keywords`) VALUES ('3', 'field', '85', 'en_gb', '');
INSERT INTO `di_searchindex` (`elementId`, `attribute`, `fieldId`, `locale`, `keywords`) VALUES ('72', 'filename', '0', 'en_gb', ' church pridevhumility_1 png ');
INSERT INTO `di_searchindex` (`elementId`, `attribute`, `fieldId`, `locale`, `keywords`) VALUES ('72', 'extension', '0', 'en_gb', ' png ');
INSERT INTO `di_searchindex` (`elementId`, `attribute`, `fieldId`, `locale`, `keywords`) VALUES ('72', 'kind', '0', 'en_gb', ' image ');
INSERT INTO `di_searchindex` (`elementId`, `attribute`, `fieldId`, `locale`, `keywords`) VALUES ('72', 'slug', '0', 'en_gb', '');
INSERT INTO `di_searchindex` (`elementId`, `attribute`, `fieldId`, `locale`, `keywords`) VALUES ('72', 'title', '0', 'en_gb', ' church pridevhumility 1 ');
INSERT INTO `di_searchindex` (`elementId`, `attribute`, `fieldId`, `locale`, `keywords`) VALUES ('73', 'filename', '0', 'en_gb', ' church pridevhumility_1 png ');
INSERT INTO `di_searchindex` (`elementId`, `attribute`, `fieldId`, `locale`, `keywords`) VALUES ('73', 'extension', '0', 'en_gb', ' png ');
INSERT INTO `di_searchindex` (`elementId`, `attribute`, `fieldId`, `locale`, `keywords`) VALUES ('73', 'kind', '0', 'en_gb', ' image ');
INSERT INTO `di_searchindex` (`elementId`, `attribute`, `fieldId`, `locale`, `keywords`) VALUES ('73', 'slug', '0', 'en_gb', '');
INSERT INTO `di_searchindex` (`elementId`, `attribute`, `fieldId`, `locale`, `keywords`) VALUES ('73', 'title', '0', 'en_gb', ' church pridevhumility 1 ');
INSERT INTO `di_searchindex` (`elementId`, `attribute`, `fieldId`, `locale`, `keywords`) VALUES ('74', 'filename', '0', 'en_gb', ' dropinn_1 png ');
INSERT INTO `di_searchindex` (`elementId`, `attribute`, `fieldId`, `locale`, `keywords`) VALUES ('74', 'extension', '0', 'en_gb', ' png ');
INSERT INTO `di_searchindex` (`elementId`, `attribute`, `fieldId`, `locale`, `keywords`) VALUES ('74', 'kind', '0', 'en_gb', ' image ');
INSERT INTO `di_searchindex` (`elementId`, `attribute`, `fieldId`, `locale`, `keywords`) VALUES ('74', 'slug', '0', 'en_gb', '');
INSERT INTO `di_searchindex` (`elementId`, `attribute`, `fieldId`, `locale`, `keywords`) VALUES ('74', 'title', '0', 'en_gb', ' dropinn 1 ');
INSERT INTO `di_searchindex` (`elementId`, `attribute`, `fieldId`, `locale`, `keywords`) VALUES ('48', 'field', '63', 'en_gb', ' 9b99a4 ');
INSERT INTO `di_searchindex` (`elementId`, `attribute`, `fieldId`, `locale`, `keywords`) VALUES ('48', 'field', '62', 'en_gb', '');
INSERT INTO `di_searchindex` (`elementId`, `attribute`, `fieldId`, `locale`, `keywords`) VALUES ('53', 'field', '63', 'en_gb', ' 9b99a4 ');
INSERT INTO `di_searchindex` (`elementId`, `attribute`, `fieldId`, `locale`, `keywords`) VALUES ('53', 'field', '62', 'en_gb', ' tinhouse ');
INSERT INTO `di_searchindex` (`elementId`, `attribute`, `fieldId`, `locale`, `keywords`) VALUES ('75', 'field', '1', 'en_gb', '');
INSERT INTO `di_searchindex` (`elementId`, `attribute`, `fieldId`, `locale`, `keywords`) VALUES ('75', 'field', '16', 'en_gb', ' church ');
INSERT INTO `di_searchindex` (`elementId`, `attribute`, `fieldId`, `locale`, `keywords`) VALUES ('75', 'field', '15', 'en_gb', '');
INSERT INTO `di_searchindex` (`elementId`, `attribute`, `fieldId`, `locale`, `keywords`) VALUES ('75', 'field', '2', 'en_gb', '');
INSERT INTO `di_searchindex` (`elementId`, `attribute`, `fieldId`, `locale`, `keywords`) VALUES ('75', 'field', '29', 'en_gb', ' _layout church ');
INSERT INTO `di_searchindex` (`elementId`, `attribute`, `fieldId`, `locale`, `keywords`) VALUES ('75', 'field', '32', 'en_gb', ' grace community church ');
INSERT INTO `di_searchindex` (`elementId`, `attribute`, `fieldId`, `locale`, `keywords`) VALUES ('75', 'field', '17', 'en_gb', ' poster ');
INSERT INTO `di_searchindex` (`elementId`, `attribute`, `fieldId`, `locale`, `keywords`) VALUES ('75', 'field', '23', 'en_gb', ' pride v humility ');
INSERT INTO `di_searchindex` (`elementId`, `attribute`, `fieldId`, `locale`, `keywords`) VALUES ('75', 'field', '28', 'en_gb', '');
INSERT INTO `di_searchindex` (`elementId`, `attribute`, `fieldId`, `locale`, `keywords`) VALUES ('75', 'field', '34', 'en_gb', ' church ');
INSERT INTO `di_searchindex` (`elementId`, `attribute`, `fieldId`, `locale`, `keywords`) VALUES ('75', 'field', '30', 'en_gb', ' 2014 09 21 ');
INSERT INTO `di_searchindex` (`elementId`, `attribute`, `fieldId`, `locale`, `keywords`) VALUES ('75', 'field', '26', 'en_gb', '');
INSERT INTO `di_searchindex` (`elementId`, `attribute`, `fieldId`, `locale`, `keywords`) VALUES ('75', 'field', '31', 'en_gb', ' 2014 09 21 ');
INSERT INTO `di_searchindex` (`elementId`, `attribute`, `fieldId`, `locale`, `keywords`) VALUES ('75', 'field', '3', 'en_gb', '');
INSERT INTO `di_searchindex` (`elementId`, `attribute`, `fieldId`, `locale`, `keywords`) VALUES ('75', 'field', '47', 'en_gb', '');
INSERT INTO `di_searchindex` (`elementId`, `attribute`, `fieldId`, `locale`, `keywords`) VALUES ('75', 'field', '14', 'en_gb', ' pastor neil dawson concludes the mini series on pride v humility ');
INSERT INTO `di_searchindex` (`elementId`, `attribute`, `fieldId`, `locale`, `keywords`) VALUES ('75', 'slug', '0', 'en_gb', ' morning worship ');
INSERT INTO `di_searchindex` (`elementId`, `attribute`, `fieldId`, `locale`, `keywords`) VALUES ('75', 'title', '0', 'en_gb', ' morning worship ');
INSERT INTO `di_searchindex` (`elementId`, `attribute`, `fieldId`, `locale`, `keywords`) VALUES ('76', 'field', '23', 'en_gb', '');
INSERT INTO `di_searchindex` (`elementId`, `attribute`, `fieldId`, `locale`, `keywords`) VALUES ('76', 'field', '14', 'en_gb', '');
INSERT INTO `di_searchindex` (`elementId`, `attribute`, `fieldId`, `locale`, `keywords`) VALUES ('76', 'field', '16', 'en_gb', ' church ');
INSERT INTO `di_searchindex` (`elementId`, `attribute`, `fieldId`, `locale`, `keywords`) VALUES ('76', 'field', '50', 'en_gb', ' 171 dobbin rd richhill armagh bt61 9lw 171 dobbin rd richhill armagh bt61 9lw ');
INSERT INTO `di_searchindex` (`elementId`, `attribute`, `fieldId`, `locale`, `keywords`) VALUES ('76', 'field', '34', 'en_gb', ' church ');
INSERT INTO `di_searchindex` (`elementId`, `attribute`, `fieldId`, `locale`, `keywords`) VALUES ('76', 'field', '15', 'en_gb', '');
INSERT INTO `di_searchindex` (`elementId`, `attribute`, `fieldId`, `locale`, `keywords`) VALUES ('76', 'field', '29', 'en_gb', ' _layout church ');
INSERT INTO `di_searchindex` (`elementId`, `attribute`, `fieldId`, `locale`, `keywords`) VALUES ('76', 'slug', '0', 'en_gb', ' grace community church ');
INSERT INTO `di_searchindex` (`elementId`, `attribute`, `fieldId`, `locale`, `keywords`) VALUES ('76', 'title', '0', 'en_gb', ' grace community church ');
INSERT INTO `di_searchindex` (`elementId`, `attribute`, `fieldId`, `locale`, `keywords`) VALUES ('76', 'field', '63', 'en_gb', ' none ');
INSERT INTO `di_searchindex` (`elementId`, `attribute`, `fieldId`, `locale`, `keywords`) VALUES ('76', 'field', '17', 'en_gb', ' poster ');
INSERT INTO `di_searchindex` (`elementId`, `attribute`, `fieldId`, `locale`, `keywords`) VALUES ('30', 'field', '63', 'en_gb', ' 84a902 ');
INSERT INTO `di_searchindex` (`elementId`, `attribute`, `fieldId`, `locale`, `keywords`) VALUES ('30', 'field', '62', 'en_gb', ' church ');
INSERT INTO `di_searchindex` (`elementId`, `attribute`, `fieldId`, `locale`, `keywords`) VALUES ('77', 'field', '36', 'en_gb', ' upcoming events ');
INSERT INTO `di_searchindex` (`elementId`, `attribute`, `fieldId`, `locale`, `keywords`) VALUES ('77', 'field', '45', 'en_gb', '');
INSERT INTO `di_searchindex` (`elementId`, `attribute`, `fieldId`, `locale`, `keywords`) VALUES ('77', 'field', '37', 'en_gb', ' events ');
INSERT INTO `di_searchindex` (`elementId`, `attribute`, `fieldId`, `locale`, `keywords`) VALUES ('77', 'field', '38', 'en_gb', '');
INSERT INTO `di_searchindex` (`elementId`, `attribute`, `fieldId`, `locale`, `keywords`) VALUES ('77', 'field', '39', 'en_gb', ' grace community church ');
INSERT INTO `di_searchindex` (`elementId`, `attribute`, `fieldId`, `locale`, `keywords`) VALUES ('77', 'field', '40', 'en_gb', ' church ');
INSERT INTO `di_searchindex` (`elementId`, `attribute`, `fieldId`, `locale`, `keywords`) VALUES ('77', 'field', '41', 'en_gb', '');
INSERT INTO `di_searchindex` (`elementId`, `attribute`, `fieldId`, `locale`, `keywords`) VALUES ('77', 'field', '55', 'en_gb', '');
INSERT INTO `di_searchindex` (`elementId`, `attribute`, `fieldId`, `locale`, `keywords`) VALUES ('77', 'slug', '0', 'en_gb', '');
INSERT INTO `di_searchindex` (`elementId`, `attribute`, `fieldId`, `locale`, `keywords`) VALUES ('29', 'field', '64', 'en_gb', '');
INSERT INTO `di_searchindex` (`elementId`, `attribute`, `fieldId`, `locale`, `keywords`) VALUES ('42', 'field', '64', 'en_gb', ' church ');
INSERT INTO `di_searchindex` (`elementId`, `attribute`, `fieldId`, `locale`, `keywords`) VALUES ('42', 'field', '14', 'en_gb', '');
INSERT INTO `di_searchindex` (`elementId`, `attribute`, `fieldId`, `locale`, `keywords`) VALUES ('42', 'field', '16', 'en_gb', '');
INSERT INTO `di_searchindex` (`elementId`, `attribute`, `fieldId`, `locale`, `keywords`) VALUES ('42', 'field', '15', 'en_gb', '');
INSERT INTO `di_searchindex` (`elementId`, `attribute`, `fieldId`, `locale`, `keywords`) VALUES ('42', 'field', '32', 'en_gb', '');
INSERT INTO `di_searchindex` (`elementId`, `attribute`, `fieldId`, `locale`, `keywords`) VALUES ('30', 'field', '64', 'en_gb', '');
INSERT INTO `di_searchindex` (`elementId`, `attribute`, `fieldId`, `locale`, `keywords`) VALUES ('3', 'field', '29', 'en_gb', ' _layout ');
INSERT INTO `di_searchindex` (`elementId`, `attribute`, `fieldId`, `locale`, `keywords`) VALUES ('3', 'field', '32', 'en_gb', '');
INSERT INTO `di_searchindex` (`elementId`, `attribute`, `fieldId`, `locale`, `keywords`) VALUES ('3', 'field', '63', 'en_gb', ' none ');
INSERT INTO `di_searchindex` (`elementId`, `attribute`, `fieldId`, `locale`, `keywords`) VALUES ('3', 'field', '34', 'en_gb', '');
INSERT INTO `di_searchindex` (`elementId`, `attribute`, `fieldId`, `locale`, `keywords`) VALUES ('3', 'field', '62', 'en_gb', '');
INSERT INTO `di_searchindex` (`elementId`, `attribute`, `fieldId`, `locale`, `keywords`) VALUES ('37', 'field', '63', 'en_gb', ' none ');
INSERT INTO `di_searchindex` (`elementId`, `attribute`, `fieldId`, `locale`, `keywords`) VALUES ('37', 'field', '17', 'en_gb', ' poster ');
INSERT INTO `di_searchindex` (`elementId`, `attribute`, `fieldId`, `locale`, `keywords`) VALUES ('38', 'field', '64', 'en_gb', ' tin house ');
INSERT INTO `di_searchindex` (`elementId`, `attribute`, `fieldId`, `locale`, `keywords`) VALUES ('38', 'field', '14', 'en_gb', '');
INSERT INTO `di_searchindex` (`elementId`, `attribute`, `fieldId`, `locale`, `keywords`) VALUES ('38', 'field', '16', 'en_gb', '');
INSERT INTO `di_searchindex` (`elementId`, `attribute`, `fieldId`, `locale`, `keywords`) VALUES ('38', 'field', '15', 'en_gb', '');
INSERT INTO `di_searchindex` (`elementId`, `attribute`, `fieldId`, `locale`, `keywords`) VALUES ('38', 'field', '32', 'en_gb', '');
INSERT INTO `di_searchindex` (`elementId`, `attribute`, `fieldId`, `locale`, `keywords`) VALUES ('54', 'field', '64', 'en_gb', '');
INSERT INTO `di_searchindex` (`elementId`, `attribute`, `fieldId`, `locale`, `keywords`) VALUES ('78', 'field', '64', 'en_gb', '');
INSERT INTO `di_searchindex` (`elementId`, `attribute`, `fieldId`, `locale`, `keywords`) VALUES ('78', 'field', '2', 'en_gb', ' coffees h2 inset coffee beans1 regularlargeamericano 1 50 1 80espresso 1 00 1 20 teas h2   regular large americano 1 50 1 80 espresso 1 00 1 20 ');
INSERT INTO `di_searchindex` (`elementId`, `attribute`, `fieldId`, `locale`, `keywords`) VALUES ('78', 'field', '63', 'en_gb', ' 323137 ');
INSERT INTO `di_searchindex` (`elementId`, `attribute`, `fieldId`, `locale`, `keywords`) VALUES ('78', 'field', '35', 'en_gb', '');
INSERT INTO `di_searchindex` (`elementId`, `attribute`, `fieldId`, `locale`, `keywords`) VALUES ('78', 'field', '15', 'en_gb', '');
INSERT INTO `di_searchindex` (`elementId`, `attribute`, `fieldId`, `locale`, `keywords`) VALUES ('78', 'field', '32', 'en_gb', '');
INSERT INTO `di_searchindex` (`elementId`, `attribute`, `fieldId`, `locale`, `keywords`) VALUES ('78', 'field', '28', 'en_gb', '');
INSERT INTO `di_searchindex` (`elementId`, `attribute`, `fieldId`, `locale`, `keywords`) VALUES ('78', 'field', '1', 'en_gb', ' tin house menu ');
INSERT INTO `di_searchindex` (`elementId`, `attribute`, `fieldId`, `locale`, `keywords`) VALUES ('78', 'field', '16', 'en_gb', '');
INSERT INTO `di_searchindex` (`elementId`, `attribute`, `fieldId`, `locale`, `keywords`) VALUES ('78', 'field', '34', 'en_gb', '');
INSERT INTO `di_searchindex` (`elementId`, `attribute`, `fieldId`, `locale`, `keywords`) VALUES ('78', 'field', '17', 'en_gb', ' none ');
INSERT INTO `di_searchindex` (`elementId`, `attribute`, `fieldId`, `locale`, `keywords`) VALUES ('78', 'field', '23', 'en_gb', ' a selection ');
INSERT INTO `di_searchindex` (`elementId`, `attribute`, `fieldId`, `locale`, `keywords`) VALUES ('78', 'field', '26', 'en_gb', '');
INSERT INTO `di_searchindex` (`elementId`, `attribute`, `fieldId`, `locale`, `keywords`) VALUES ('78', 'field', '14', 'en_gb', ' check out the range of beverages and food profits go towards drop inn s humanitarian work ');
INSERT INTO `di_searchindex` (`elementId`, `attribute`, `fieldId`, `locale`, `keywords`) VALUES ('78', 'field', '53', 'en_gb', '');
INSERT INTO `di_searchindex` (`elementId`, `attribute`, `fieldId`, `locale`, `keywords`) VALUES ('78', 'field', '29', 'en_gb', ' _layout tinhouse ');
INSERT INTO `di_searchindex` (`elementId`, `attribute`, `fieldId`, `locale`, `keywords`) VALUES ('78', 'field', '33', 'en_gb', '');
INSERT INTO `di_searchindex` (`elementId`, `attribute`, `fieldId`, `locale`, `keywords`) VALUES ('78', 'field', '62', 'en_gb', ' tinhouse ');
INSERT INTO `di_searchindex` (`elementId`, `attribute`, `fieldId`, `locale`, `keywords`) VALUES ('78', 'field', '3', 'en_gb', '');
INSERT INTO `di_searchindex` (`elementId`, `attribute`, `fieldId`, `locale`, `keywords`) VALUES ('78', 'slug', '0', 'en_gb', ' menu ');
INSERT INTO `di_searchindex` (`elementId`, `attribute`, `fieldId`, `locale`, `keywords`) VALUES ('78', 'title', '0', 'en_gb', ' menu ');
INSERT INTO `di_searchindex` (`elementId`, `attribute`, `fieldId`, `locale`, `keywords`) VALUES ('79', 'field', '9', 'en_gb', ' coffees ');
INSERT INTO `di_searchindex` (`elementId`, `attribute`, `fieldId`, `locale`, `keywords`) VALUES ('79', 'field', '10', 'en_gb', ' h2 ');
INSERT INTO `di_searchindex` (`elementId`, `attribute`, `fieldId`, `locale`, `keywords`) VALUES ('79', 'slug', '0', 'en_gb', '');
INSERT INTO `di_searchindex` (`elementId`, `attribute`, `fieldId`, `locale`, `keywords`) VALUES ('80', 'field', '5', 'en_gb', ' regularlargeamericano 1 50 1 80espresso 1 00 1 20 ');
INSERT INTO `di_searchindex` (`elementId`, `attribute`, `fieldId`, `locale`, `keywords`) VALUES ('80', 'slug', '0', 'en_gb', '');
INSERT INTO `di_searchindex` (`elementId`, `attribute`, `fieldId`, `locale`, `keywords`) VALUES ('81', 'field', '6', 'en_gb', ' coffee beans1 ');
INSERT INTO `di_searchindex` (`elementId`, `attribute`, `fieldId`, `locale`, `keywords`) VALUES ('81', 'field', '7', 'en_gb', ' inset ');
INSERT INTO `di_searchindex` (`elementId`, `attribute`, `fieldId`, `locale`, `keywords`) VALUES ('81', 'field', '8', 'en_gb', '');
INSERT INTO `di_searchindex` (`elementId`, `attribute`, `fieldId`, `locale`, `keywords`) VALUES ('81', 'slug', '0', 'en_gb', '');
INSERT INTO `di_searchindex` (`elementId`, `attribute`, `fieldId`, `locale`, `keywords`) VALUES ('82', 'field', '9', 'en_gb', ' teas ');
INSERT INTO `di_searchindex` (`elementId`, `attribute`, `fieldId`, `locale`, `keywords`) VALUES ('82', 'field', '10', 'en_gb', ' h2 ');
INSERT INTO `di_searchindex` (`elementId`, `attribute`, `fieldId`, `locale`, `keywords`) VALUES ('82', 'slug', '0', 'en_gb', '');
INSERT INTO `di_searchindex` (`elementId`, `attribute`, `fieldId`, `locale`, `keywords`) VALUES ('83', 'field', '5', 'en_gb', '   regular large americano 1 50 1 80 espresso 1 00 1 20 ');
INSERT INTO `di_searchindex` (`elementId`, `attribute`, `fieldId`, `locale`, `keywords`) VALUES ('83', 'slug', '0', 'en_gb', '');
INSERT INTO `di_searchindex` (`elementId`, `attribute`, `fieldId`, `locale`, `keywords`) VALUES ('86', 'field', '64', 'en_gb', '');
INSERT INTO `di_searchindex` (`elementId`, `attribute`, `fieldId`, `locale`, `keywords`) VALUES ('54', 'field', '85', 'en_gb', '');
INSERT INTO `di_searchindex` (`elementId`, `attribute`, `fieldId`, `locale`, `keywords`) VALUES ('84', 'filename', '0', 'en_gb', ' dropinn_1 png ');
INSERT INTO `di_searchindex` (`elementId`, `attribute`, `fieldId`, `locale`, `keywords`) VALUES ('84', 'extension', '0', 'en_gb', ' png ');
INSERT INTO `di_searchindex` (`elementId`, `attribute`, `fieldId`, `locale`, `keywords`) VALUES ('84', 'kind', '0', 'en_gb', ' image ');
INSERT INTO `di_searchindex` (`elementId`, `attribute`, `fieldId`, `locale`, `keywords`) VALUES ('84', 'slug', '0', 'en_gb', '');
INSERT INTO `di_searchindex` (`elementId`, `attribute`, `fieldId`, `locale`, `keywords`) VALUES ('84', 'title', '0', 'en_gb', ' dropinn 1 ');
INSERT INTO `di_searchindex` (`elementId`, `attribute`, `fieldId`, `locale`, `keywords`) VALUES ('43', 'field', '55', 'en_gb', '');
INSERT INTO `di_searchindex` (`elementId`, `attribute`, `fieldId`, `locale`, `keywords`) VALUES ('85', 'field', '19', 'en_gb', '');
INSERT INTO `di_searchindex` (`elementId`, `attribute`, `fieldId`, `locale`, `keywords`) VALUES ('85', 'field', '20', 'en_gb', '');
INSERT INTO `di_searchindex` (`elementId`, `attribute`, `fieldId`, `locale`, `keywords`) VALUES ('85', 'field', '21', 'en_gb', ' telephone 028 3833 1234 telephone 028 3833 1234 twitter ronniedawson twitter ronniedawson ');
INSERT INTO `di_searchindex` (`elementId`, `attribute`, `fieldId`, `locale`, `keywords`) VALUES ('85', 'field', '22', 'en_gb', ' full ');
INSERT INTO `di_searchindex` (`elementId`, `attribute`, `fieldId`, `locale`, `keywords`) VALUES ('85', 'slug', '0', 'en_gb', '');
INSERT INTO `di_searchindex` (`elementId`, `attribute`, `fieldId`, `locale`, `keywords`) VALUES ('86', 'field', '2', 'en_gb', '');
INSERT INTO `di_searchindex` (`elementId`, `attribute`, `fieldId`, `locale`, `keywords`) VALUES ('86', 'field', '63', 'en_gb', ' none ');
INSERT INTO `di_searchindex` (`elementId`, `attribute`, `fieldId`, `locale`, `keywords`) VALUES ('86', 'field', '35', 'en_gb', ' person neil dawson none pastor person neil dawson neville garland none elders ');
INSERT INTO `di_searchindex` (`elementId`, `attribute`, `fieldId`, `locale`, `keywords`) VALUES ('86', 'field', '15', 'en_gb', '');
INSERT INTO `di_searchindex` (`elementId`, `attribute`, `fieldId`, `locale`, `keywords`) VALUES ('86', 'field', '32', 'en_gb', ' grace community church ');
INSERT INTO `di_searchindex` (`elementId`, `attribute`, `fieldId`, `locale`, `keywords`) VALUES ('86', 'field', '28', 'en_gb', '');
INSERT INTO `di_searchindex` (`elementId`, `attribute`, `fieldId`, `locale`, `keywords`) VALUES ('86', 'field', '1', 'en_gb', '');
INSERT INTO `di_searchindex` (`elementId`, `attribute`, `fieldId`, `locale`, `keywords`) VALUES ('86', 'field', '16', 'en_gb', '');
INSERT INTO `di_searchindex` (`elementId`, `attribute`, `fieldId`, `locale`, `keywords`) VALUES ('86', 'field', '34', 'en_gb', ' church ');
INSERT INTO `di_searchindex` (`elementId`, `attribute`, `fieldId`, `locale`, `keywords`) VALUES ('86', 'field', '17', 'en_gb', ' poster ');
INSERT INTO `di_searchindex` (`elementId`, `attribute`, `fieldId`, `locale`, `keywords`) VALUES ('86', 'field', '23', 'en_gb', ' everyone has a role to play ');
INSERT INTO `di_searchindex` (`elementId`, `attribute`, `fieldId`, `locale`, `keywords`) VALUES ('86', 'field', '26', 'en_gb', '');
INSERT INTO `di_searchindex` (`elementId`, `attribute`, `fieldId`, `locale`, `keywords`) VALUES ('86', 'field', '14', 'en_gb', '');
INSERT INTO `di_searchindex` (`elementId`, `attribute`, `fieldId`, `locale`, `keywords`) VALUES ('86', 'field', '53', 'en_gb', '');
INSERT INTO `di_searchindex` (`elementId`, `attribute`, `fieldId`, `locale`, `keywords`) VALUES ('86', 'field', '29', 'en_gb', ' _layout church ');
INSERT INTO `di_searchindex` (`elementId`, `attribute`, `fieldId`, `locale`, `keywords`) VALUES ('86', 'field', '33', 'en_gb', '');
INSERT INTO `di_searchindex` (`elementId`, `attribute`, `fieldId`, `locale`, `keywords`) VALUES ('86', 'field', '62', 'en_gb', '');
INSERT INTO `di_searchindex` (`elementId`, `attribute`, `fieldId`, `locale`, `keywords`) VALUES ('86', 'field', '3', 'en_gb', '');
INSERT INTO `di_searchindex` (`elementId`, `attribute`, `fieldId`, `locale`, `keywords`) VALUES ('86', 'slug', '0', 'en_gb', ' people ');
INSERT INTO `di_searchindex` (`elementId`, `attribute`, `fieldId`, `locale`, `keywords`) VALUES ('86', 'title', '0', 'en_gb', ' people ');
INSERT INTO `di_searchindex` (`elementId`, `attribute`, `fieldId`, `locale`, `keywords`) VALUES ('87', 'field', '36', 'en_gb', ' pastor ');
INSERT INTO `di_searchindex` (`elementId`, `attribute`, `fieldId`, `locale`, `keywords`) VALUES ('87', 'field', '45', 'en_gb', '');
INSERT INTO `di_searchindex` (`elementId`, `attribute`, `fieldId`, `locale`, `keywords`) VALUES ('87', 'field', '37', 'en_gb', ' people ');
INSERT INTO `di_searchindex` (`elementId`, `attribute`, `fieldId`, `locale`, `keywords`) VALUES ('87', 'field', '38', 'en_gb', '');
INSERT INTO `di_searchindex` (`elementId`, `attribute`, `fieldId`, `locale`, `keywords`) VALUES ('87', 'field', '39', 'en_gb', '');
INSERT INTO `di_searchindex` (`elementId`, `attribute`, `fieldId`, `locale`, `keywords`) VALUES ('87', 'field', '40', 'en_gb', '');
INSERT INTO `di_searchindex` (`elementId`, `attribute`, `fieldId`, `locale`, `keywords`) VALUES ('87', 'field', '41', 'en_gb', ' burkina faso ');
INSERT INTO `di_searchindex` (`elementId`, `attribute`, `fieldId`, `locale`, `keywords`) VALUES ('87', 'field', '55', 'en_gb', '');
INSERT INTO `di_searchindex` (`elementId`, `attribute`, `fieldId`, `locale`, `keywords`) VALUES ('87', 'slug', '0', 'en_gb', '');
INSERT INTO `di_searchindex` (`elementId`, `attribute`, `fieldId`, `locale`, `keywords`) VALUES ('75', 'field', '63', 'en_gb', ' none ');
INSERT INTO `di_searchindex` (`elementId`, `attribute`, `fieldId`, `locale`, `keywords`) VALUES ('75', 'field', '62', 'en_gb', ' church pridevhumility ');
INSERT INTO `di_searchindex` (`elementId`, `attribute`, `fieldId`, `locale`, `keywords`) VALUES ('88', 'field', '1', 'en_gb', '');
INSERT INTO `di_searchindex` (`elementId`, `attribute`, `fieldId`, `locale`, `keywords`) VALUES ('88', 'field', '35', 'en_gb', '');
INSERT INTO `di_searchindex` (`elementId`, `attribute`, `fieldId`, `locale`, `keywords`) VALUES ('88', 'field', '16', 'en_gb', '');
INSERT INTO `di_searchindex` (`elementId`, `attribute`, `fieldId`, `locale`, `keywords`) VALUES ('88', 'field', '15', 'en_gb', '');
INSERT INTO `di_searchindex` (`elementId`, `attribute`, `fieldId`, `locale`, `keywords`) VALUES ('88', 'field', '2', 'en_gb', '');
INSERT INTO `di_searchindex` (`elementId`, `attribute`, `fieldId`, `locale`, `keywords`) VALUES ('88', 'field', '23', 'en_gb', ' manager tin house ');
INSERT INTO `di_searchindex` (`elementId`, `attribute`, `fieldId`, `locale`, `keywords`) VALUES ('88', 'field', '32', 'en_gb', '');
INSERT INTO `di_searchindex` (`elementId`, `attribute`, `fieldId`, `locale`, `keywords`) VALUES ('88', 'field', '28', 'en_gb', '');
INSERT INTO `di_searchindex` (`elementId`, `attribute`, `fieldId`, `locale`, `keywords`) VALUES ('88', 'field', '17', 'en_gb', ' photo ');
INSERT INTO `di_searchindex` (`elementId`, `attribute`, `fieldId`, `locale`, `keywords`) VALUES ('88', 'field', '26', 'en_gb', '');
INSERT INTO `di_searchindex` (`elementId`, `attribute`, `fieldId`, `locale`, `keywords`) VALUES ('88', 'field', '34', 'en_gb', ' tin house ');
INSERT INTO `di_searchindex` (`elementId`, `attribute`, `fieldId`, `locale`, `keywords`) VALUES ('88', 'field', '14', 'en_gb', '');
INSERT INTO `di_searchindex` (`elementId`, `attribute`, `fieldId`, `locale`, `keywords`) VALUES ('88', 'field', '33', 'en_gb', ' manager ');
INSERT INTO `di_searchindex` (`elementId`, `attribute`, `fieldId`, `locale`, `keywords`) VALUES ('88', 'field', '3', 'en_gb', '');
INSERT INTO `di_searchindex` (`elementId`, `attribute`, `fieldId`, `locale`, `keywords`) VALUES ('88', 'slug', '0', 'en_gb', ' david mcbride ');
INSERT INTO `di_searchindex` (`elementId`, `attribute`, `fieldId`, `locale`, `keywords`) VALUES ('88', 'title', '0', 'en_gb', ' david mcbride ');
INSERT INTO `di_searchindex` (`elementId`, `attribute`, `fieldId`, `locale`, `keywords`) VALUES ('89', 'field', '32', 'en_gb', '');
INSERT INTO `di_searchindex` (`elementId`, `attribute`, `fieldId`, `locale`, `keywords`) VALUES ('89', 'field', '34', 'en_gb', '');
INSERT INTO `di_searchindex` (`elementId`, `attribute`, `fieldId`, `locale`, `keywords`) VALUES ('89', 'slug', '0', 'en_gb', '');
INSERT INTO `di_searchindex` (`elementId`, `attribute`, `fieldId`, `locale`, `keywords`) VALUES ('89', 'title', '0', 'en_gb', ' manager ');
INSERT INTO `di_searchindex` (`elementId`, `attribute`, `fieldId`, `locale`, `keywords`) VALUES ('90', 'field', '15', 'en_gb', '');
INSERT INTO `di_searchindex` (`elementId`, `attribute`, `fieldId`, `locale`, `keywords`) VALUES ('90', 'field', '32', 'en_gb', '');
INSERT INTO `di_searchindex` (`elementId`, `attribute`, `fieldId`, `locale`, `keywords`) VALUES ('90', 'field', '34', 'en_gb', '');
INSERT INTO `di_searchindex` (`elementId`, `attribute`, `fieldId`, `locale`, `keywords`) VALUES ('90', 'slug', '0', 'en_gb', '');
INSERT INTO `di_searchindex` (`elementId`, `attribute`, `fieldId`, `locale`, `keywords`) VALUES ('90', 'title', '0', 'en_gb', ' volunteer ');
INSERT INTO `di_searchindex` (`elementId`, `attribute`, `fieldId`, `locale`, `keywords`) VALUES ('91', 'field', '15', 'en_gb', '');
INSERT INTO `di_searchindex` (`elementId`, `attribute`, `fieldId`, `locale`, `keywords`) VALUES ('91', 'field', '32', 'en_gb', '');
INSERT INTO `di_searchindex` (`elementId`, `attribute`, `fieldId`, `locale`, `keywords`) VALUES ('91', 'field', '34', 'en_gb', '');
INSERT INTO `di_searchindex` (`elementId`, `attribute`, `fieldId`, `locale`, `keywords`) VALUES ('91', 'slug', '0', 'en_gb', '');
INSERT INTO `di_searchindex` (`elementId`, `attribute`, `fieldId`, `locale`, `keywords`) VALUES ('91', 'title', '0', 'en_gb', ' pastor ');
INSERT INTO `di_searchindex` (`elementId`, `attribute`, `fieldId`, `locale`, `keywords`) VALUES ('93', 'field', '65', 'en_gb', ' news shade articles by davy ');
INSERT INTO `di_searchindex` (`elementId`, `attribute`, `fieldId`, `locale`, `keywords`) VALUES ('92', 'field', '36', 'en_gb', ' articles by david ');
INSERT INTO `di_searchindex` (`elementId`, `attribute`, `fieldId`, `locale`, `keywords`) VALUES ('92', 'field', '45', 'en_gb', ' divider ');
INSERT INTO `di_searchindex` (`elementId`, `attribute`, `fieldId`, `locale`, `keywords`) VALUES ('92', 'field', '37', 'en_gb', ' news ');
INSERT INTO `di_searchindex` (`elementId`, `attribute`, `fieldId`, `locale`, `keywords`) VALUES ('92', 'field', '38', 'en_gb', '');
INSERT INTO `di_searchindex` (`elementId`, `attribute`, `fieldId`, `locale`, `keywords`) VALUES ('92', 'field', '39', 'en_gb', '');
INSERT INTO `di_searchindex` (`elementId`, `attribute`, `fieldId`, `locale`, `keywords`) VALUES ('92', 'field', '40', 'en_gb', '');
INSERT INTO `di_searchindex` (`elementId`, `attribute`, `fieldId`, `locale`, `keywords`) VALUES ('92', 'field', '41', 'en_gb', '');
INSERT INTO `di_searchindex` (`elementId`, `attribute`, `fieldId`, `locale`, `keywords`) VALUES ('92', 'field', '55', 'en_gb', '');
INSERT INTO `di_searchindex` (`elementId`, `attribute`, `fieldId`, `locale`, `keywords`) VALUES ('92', 'slug', '0', 'en_gb', '');
INSERT INTO `di_searchindex` (`elementId`, `attribute`, `fieldId`, `locale`, `keywords`) VALUES ('93', 'slug', '0', 'en_gb', ' david mcbride ');
INSERT INTO `di_searchindex` (`elementId`, `attribute`, `fieldId`, `locale`, `keywords`) VALUES ('93', 'title', '0', 'en_gb', ' david mcbride ');
INSERT INTO `di_searchindex` (`elementId`, `attribute`, `fieldId`, `locale`, `keywords`) VALUES ('93', 'field', '64', 'en_gb', '');
INSERT INTO `di_searchindex` (`elementId`, `attribute`, `fieldId`, `locale`, `keywords`) VALUES ('93', 'field', '1', 'en_gb', '');
INSERT INTO `di_searchindex` (`elementId`, `attribute`, `fieldId`, `locale`, `keywords`) VALUES ('93', 'field', '23', 'en_gb', ' manager tin house coffee ');
INSERT INTO `di_searchindex` (`elementId`, `attribute`, `fieldId`, `locale`, `keywords`) VALUES ('93', 'field', '14', 'en_gb', ' northern ireland remains the happiest part of the uk the office for national statistics ons has said the five happiest places in its wellbeing survey were antrim fermanagh omagh and dungannon in northern ireland and babergh suffolk the least happy areas were barrow in furness in cumbria dartford in kent torridge in devon maldon in essex and south ribble in lancashire londoners reported lower than average ratings for personal wellbeing ');
INSERT INTO `di_searchindex` (`elementId`, `attribute`, `fieldId`, `locale`, `keywords`) VALUES ('93', 'field', '2', 'en_gb', '');
INSERT INTO `di_searchindex` (`elementId`, `attribute`, `fieldId`, `locale`, `keywords`) VALUES ('93', 'field', '16', 'en_gb', ' profile pic ');
INSERT INTO `di_searchindex` (`elementId`, `attribute`, `fieldId`, `locale`, `keywords`) VALUES ('93', 'field', '35', 'en_gb', ' news tin house divider articles by david ');
INSERT INTO `di_searchindex` (`elementId`, `attribute`, `fieldId`, `locale`, `keywords`) VALUES ('93', 'field', '15', 'en_gb', ' burkina faso ');
INSERT INTO `di_searchindex` (`elementId`, `attribute`, `fieldId`, `locale`, `keywords`) VALUES ('93', 'field', '32', 'en_gb', '');
INSERT INTO `di_searchindex` (`elementId`, `attribute`, `fieldId`, `locale`, `keywords`) VALUES ('93', 'field', '34', 'en_gb', '');
INSERT INTO `di_searchindex` (`elementId`, `attribute`, `fieldId`, `locale`, `keywords`) VALUES ('93', 'field', '33', 'en_gb', '');
INSERT INTO `di_searchindex` (`elementId`, `attribute`, `fieldId`, `locale`, `keywords`) VALUES ('93', 'field', '3', 'en_gb', '');
INSERT INTO `di_searchindex` (`elementId`, `attribute`, `fieldId`, `locale`, `keywords`) VALUES ('94', 'field', '36', 'en_gb', ' articles by david ');
INSERT INTO `di_searchindex` (`elementId`, `attribute`, `fieldId`, `locale`, `keywords`) VALUES ('94', 'field', '45', 'en_gb', ' divider ');
INSERT INTO `di_searchindex` (`elementId`, `attribute`, `fieldId`, `locale`, `keywords`) VALUES ('94', 'field', '37', 'en_gb', ' news ');
INSERT INTO `di_searchindex` (`elementId`, `attribute`, `fieldId`, `locale`, `keywords`) VALUES ('94', 'field', '38', 'en_gb', '');
INSERT INTO `di_searchindex` (`elementId`, `attribute`, `fieldId`, `locale`, `keywords`) VALUES ('94', 'field', '39', 'en_gb', '');
INSERT INTO `di_searchindex` (`elementId`, `attribute`, `fieldId`, `locale`, `keywords`) VALUES ('94', 'field', '40', 'en_gb', ' tin house ');
INSERT INTO `di_searchindex` (`elementId`, `attribute`, `fieldId`, `locale`, `keywords`) VALUES ('94', 'field', '41', 'en_gb', '');
INSERT INTO `di_searchindex` (`elementId`, `attribute`, `fieldId`, `locale`, `keywords`) VALUES ('94', 'field', '55', 'en_gb', '');
INSERT INTO `di_searchindex` (`elementId`, `attribute`, `fieldId`, `locale`, `keywords`) VALUES ('94', 'slug', '0', 'en_gb', '');
INSERT INTO `di_searchindex` (`elementId`, `attribute`, `fieldId`, `locale`, `keywords`) VALUES ('95', 'field', '66', 'en_gb', ' articles by davy ');
INSERT INTO `di_searchindex` (`elementId`, `attribute`, `fieldId`, `locale`, `keywords`) VALUES ('95', 'field', '67', 'en_gb', ' shade ');
INSERT INTO `di_searchindex` (`elementId`, `attribute`, `fieldId`, `locale`, `keywords`) VALUES ('95', 'field', '68', 'en_gb', ' news ');
INSERT INTO `di_searchindex` (`elementId`, `attribute`, `fieldId`, `locale`, `keywords`) VALUES ('95', 'slug', '0', 'en_gb', '');
INSERT INTO `di_searchindex` (`elementId`, `attribute`, `fieldId`, `locale`, `keywords`) VALUES ('96', 'field', '1', 'en_gb', '');
INSERT INTO `di_searchindex` (`elementId`, `attribute`, `fieldId`, `locale`, `keywords`) VALUES ('96', 'field', '16', 'en_gb', '');
INSERT INTO `di_searchindex` (`elementId`, `attribute`, `fieldId`, `locale`, `keywords`) VALUES ('96', 'field', '15', 'en_gb', '');
INSERT INTO `di_searchindex` (`elementId`, `attribute`, `fieldId`, `locale`, `keywords`) VALUES ('96', 'field', '44', 'en_gb', ' neil dawson ');
INSERT INTO `di_searchindex` (`elementId`, `attribute`, `fieldId`, `locale`, `keywords`) VALUES ('96', 'field', '29', 'en_gb', ' _layout church ');
INSERT INTO `di_searchindex` (`elementId`, `attribute`, `fieldId`, `locale`, `keywords`) VALUES ('96', 'field', '2', 'en_gb', ' over the past few days we have been spoilt with some great weather over the last few nights i have found myself outside in the stillness celebrating creation communicating with our father i have been reminded of one of the verses we shared on sunday morning from psalm 24 the earth is the lord s and everything in it it was one of the 5 points we looked at on how we live with the single mindedness that the bible speaks about often richard foster calls it the discipline of simplicity with the idea that everything hinges on maintaining first things first seek first the kingdom foster goes on to say the person who does not seek the kingdom first does not seek it all so now that we have got to thursday i wanted to remind myself and you of those ideas we spoke about on sunday morning to help us out buy things for their usefulness not their status reject anything that is producing an addiction in you develop a habit of giving things away develop a deeper appreciation for creation ultimately dismiss anything that distracts you from seeking first the kingdom of god luke 12v27 34 i m praying your week is going well i can t help but maintain that god is stirring his people and we are living in exciting times and i believe if we seek his kingdom first we can be a part of what he is doing and is going to do ');
INSERT INTO `di_searchindex` (`elementId`, `attribute`, `fieldId`, `locale`, `keywords`) VALUES ('96', 'field', '17', 'en_gb', ' photo ');
INSERT INTO `di_searchindex` (`elementId`, `attribute`, `fieldId`, `locale`, `keywords`) VALUES ('96', 'field', '23', 'en_gb', ' from sunday s talk ');
INSERT INTO `di_searchindex` (`elementId`, `attribute`, `fieldId`, `locale`, `keywords`) VALUES ('96', 'field', '32', 'en_gb', ' grace community church ');
INSERT INTO `di_searchindex` (`elementId`, `attribute`, `fieldId`, `locale`, `keywords`) VALUES ('96', 'field', '34', 'en_gb', ' church ');
INSERT INTO `di_searchindex` (`elementId`, `attribute`, `fieldId`, `locale`, `keywords`) VALUES ('96', 'field', '28', 'en_gb', '');
INSERT INTO `di_searchindex` (`elementId`, `attribute`, `fieldId`, `locale`, `keywords`) VALUES ('96', 'field', '26', 'en_gb', '');
INSERT INTO `di_searchindex` (`elementId`, `attribute`, `fieldId`, `locale`, `keywords`) VALUES ('96', 'field', '14', 'en_gb', ' over the past few days we have been spoilt with some great weather over the last few nights i have found myself outside in the stillness celebrating creation communicating with our father i have been reminded of one of the verses we shared on sunday morning from psalm 24 the earth is the lord s and everything in it it was one of the 5 points we looked at on how we live with the single mindedness that the bible speaks about often richard foster calls it the discipline of simplicity with the idea that everything hinges on maintaining first things first seek first the kingdom foster goes on to say the person who does not seek the kingdom first does not seek it all ');
INSERT INTO `di_searchindex` (`elementId`, `attribute`, `fieldId`, `locale`, `keywords`) VALUES ('96', 'field', '53', 'en_gb', '');
INSERT INTO `di_searchindex` (`elementId`, `attribute`, `fieldId`, `locale`, `keywords`) VALUES ('96', 'field', '33', 'en_gb', '');
INSERT INTO `di_searchindex` (`elementId`, `attribute`, `fieldId`, `locale`, `keywords`) VALUES ('96', 'field', '3', 'en_gb', ' kingdom luke luke 12 ');
INSERT INTO `di_searchindex` (`elementId`, `attribute`, `fieldId`, `locale`, `keywords`) VALUES ('96', 'slug', '0', 'en_gb', ' simplicity ');
INSERT INTO `di_searchindex` (`elementId`, `attribute`, `fieldId`, `locale`, `keywords`) VALUES ('96', 'title', '0', 'en_gb', ' simplicity ');
INSERT INTO `di_searchindex` (`elementId`, `attribute`, `fieldId`, `locale`, `keywords`) VALUES ('97', 'field', '5', 'en_gb', ' over the past few days we have been spoilt with some great weather over the last few nights i have found myself outside in the stillness celebrating creation communicating with our father i have been reminded of one of the verses we shared on sunday morning from psalm 24 the earth is the lord s and everything in it it was one of the 5 points we looked at on how we live with the single mindedness that the bible speaks about often richard foster calls it the discipline of simplicity with the idea that everything hinges on maintaining first things first seek first the kingdom foster goes on to say the person who does not seek the kingdom first does not seek it all so now that we have got to thursday i wanted to remind myself and you of those ideas we spoke about on sunday morning to help us out buy things for their usefulness not their status reject anything that is producing an addiction in you develop a habit of giving things away develop a deeper appreciation for creation ultimately dismiss anything that distracts you from seeking first the kingdom of god luke 12v27 34 i m praying your week is going well i can t help but maintain that god is stirring his people and we are living in exciting times and i believe if we seek his kingdom first we can be a part of what he is doing and is going to do ');
INSERT INTO `di_searchindex` (`elementId`, `attribute`, `fieldId`, `locale`, `keywords`) VALUES ('97', 'slug', '0', 'en_gb', '');
INSERT INTO `di_searchindex` (`elementId`, `attribute`, `fieldId`, `locale`, `keywords`) VALUES ('98', 'field', '36', 'en_gb', ' interesting reads ');
INSERT INTO `di_searchindex` (`elementId`, `attribute`, `fieldId`, `locale`, `keywords`) VALUES ('98', 'field', '45', 'en_gb', ' divider ');
INSERT INTO `di_searchindex` (`elementId`, `attribute`, `fieldId`, `locale`, `keywords`) VALUES ('98', 'field', '37', 'en_gb', ' news articles ');
INSERT INTO `di_searchindex` (`elementId`, `attribute`, `fieldId`, `locale`, `keywords`) VALUES ('98', 'field', '38', 'en_gb', '');
INSERT INTO `di_searchindex` (`elementId`, `attribute`, `fieldId`, `locale`, `keywords`) VALUES ('98', 'field', '39', 'en_gb', ' grace community church ');
INSERT INTO `di_searchindex` (`elementId`, `attribute`, `fieldId`, `locale`, `keywords`) VALUES ('98', 'field', '40', 'en_gb', ' church ');
INSERT INTO `di_searchindex` (`elementId`, `attribute`, `fieldId`, `locale`, `keywords`) VALUES ('98', 'field', '41', 'en_gb', '');
INSERT INTO `di_searchindex` (`elementId`, `attribute`, `fieldId`, `locale`, `keywords`) VALUES ('98', 'field', '55', 'en_gb', '');
INSERT INTO `di_searchindex` (`elementId`, `attribute`, `fieldId`, `locale`, `keywords`) VALUES ('98', 'slug', '0', 'en_gb', '');
INSERT INTO `di_searchindex` (`elementId`, `attribute`, `fieldId`, `locale`, `keywords`) VALUES ('96', 'field', '64', 'en_gb', '');
INSERT INTO `di_searchindex` (`elementId`, `attribute`, `fieldId`, `locale`, `keywords`) VALUES ('96', 'field', '63', 'en_gb', ' 84a902 ');
INSERT INTO `di_searchindex` (`elementId`, `attribute`, `fieldId`, `locale`, `keywords`) VALUES ('96', 'field', '35', 'en_gb', '');
INSERT INTO `di_searchindex` (`elementId`, `attribute`, `fieldId`, `locale`, `keywords`) VALUES ('96', 'field', '62', 'en_gb', '');
INSERT INTO `di_searchindex` (`elementId`, `attribute`, `fieldId`, `locale`, `keywords`) VALUES ('99', 'field', '64', 'en_gb', '');
INSERT INTO `di_searchindex` (`elementId`, `attribute`, `fieldId`, `locale`, `keywords`) VALUES ('99', 'field', '1', 'en_gb', '');
INSERT INTO `di_searchindex` (`elementId`, `attribute`, `fieldId`, `locale`, `keywords`) VALUES ('99', 'field', '23', 'en_gb', ' pastor grace community church ');
INSERT INTO `di_searchindex` (`elementId`, `attribute`, `fieldId`, `locale`, `keywords`) VALUES ('99', 'field', '14', 'en_gb', '');
INSERT INTO `di_searchindex` (`elementId`, `attribute`, `fieldId`, `locale`, `keywords`) VALUES ('99', 'field', '2', 'en_gb', '');
INSERT INTO `di_searchindex` (`elementId`, `attribute`, `fieldId`, `locale`, `keywords`) VALUES ('99', 'field', '16', 'en_gb', '');
INSERT INTO `di_searchindex` (`elementId`, `attribute`, `fieldId`, `locale`, `keywords`) VALUES ('99', 'field', '65', 'en_gb', '');
INSERT INTO `di_searchindex` (`elementId`, `attribute`, `fieldId`, `locale`, `keywords`) VALUES ('99', 'field', '15', 'en_gb', ' burkina faso ');
INSERT INTO `di_searchindex` (`elementId`, `attribute`, `fieldId`, `locale`, `keywords`) VALUES ('99', 'field', '32', 'en_gb', ' grace community church ');
INSERT INTO `di_searchindex` (`elementId`, `attribute`, `fieldId`, `locale`, `keywords`) VALUES ('99', 'field', '34', 'en_gb', ' church ');
INSERT INTO `di_searchindex` (`elementId`, `attribute`, `fieldId`, `locale`, `keywords`) VALUES ('99', 'field', '33', 'en_gb', ' pastor elder ');
INSERT INTO `di_searchindex` (`elementId`, `attribute`, `fieldId`, `locale`, `keywords`) VALUES ('99', 'field', '3', 'en_gb', '');
INSERT INTO `di_searchindex` (`elementId`, `attribute`, `fieldId`, `locale`, `keywords`) VALUES ('99', 'slug', '0', 'en_gb', ' neil dawson ');
INSERT INTO `di_searchindex` (`elementId`, `attribute`, `fieldId`, `locale`, `keywords`) VALUES ('99', 'title', '0', 'en_gb', ' neil dawson ');
INSERT INTO `di_searchindex` (`elementId`, `attribute`, `fieldId`, `locale`, `keywords`) VALUES ('4', 'field', '35', 'en_gb', ' news events tin house divider see also ');
INSERT INTO `di_searchindex` (`elementId`, `attribute`, `fieldId`, `locale`, `keywords`) VALUES ('100', 'field', '36', 'en_gb', ' see also ');
INSERT INTO `di_searchindex` (`elementId`, `attribute`, `fieldId`, `locale`, `keywords`) VALUES ('100', 'field', '45', 'en_gb', ' divider ');
INSERT INTO `di_searchindex` (`elementId`, `attribute`, `fieldId`, `locale`, `keywords`) VALUES ('100', 'field', '37', 'en_gb', ' news events ');
INSERT INTO `di_searchindex` (`elementId`, `attribute`, `fieldId`, `locale`, `keywords`) VALUES ('100', 'field', '38', 'en_gb', '');
INSERT INTO `di_searchindex` (`elementId`, `attribute`, `fieldId`, `locale`, `keywords`) VALUES ('100', 'field', '39', 'en_gb', '');
INSERT INTO `di_searchindex` (`elementId`, `attribute`, `fieldId`, `locale`, `keywords`) VALUES ('100', 'field', '40', 'en_gb', ' tin house ');
INSERT INTO `di_searchindex` (`elementId`, `attribute`, `fieldId`, `locale`, `keywords`) VALUES ('100', 'field', '41', 'en_gb', '');
INSERT INTO `di_searchindex` (`elementId`, `attribute`, `fieldId`, `locale`, `keywords`) VALUES ('100', 'field', '55', 'en_gb', '');
INSERT INTO `di_searchindex` (`elementId`, `attribute`, `fieldId`, `locale`, `keywords`) VALUES ('100', 'slug', '0', 'en_gb', '');
INSERT INTO `di_searchindex` (`elementId`, `attribute`, `fieldId`, `locale`, `keywords`) VALUES ('36', 'field', '63', 'en_gb', ' none ');
INSERT INTO `di_searchindex` (`elementId`, `attribute`, `fieldId`, `locale`, `keywords`) VALUES ('36', 'field', '62', 'en_gb', '');
INSERT INTO `di_searchindex` (`elementId`, `attribute`, `fieldId`, `locale`, `keywords`) VALUES ('6', 'field', '64', 'en_gb', '');
INSERT INTO `di_searchindex` (`elementId`, `attribute`, `fieldId`, `locale`, `keywords`) VALUES ('6', 'field', '65', 'en_gb', ' person divider key people ');
INSERT INTO `di_searchindex` (`elementId`, `attribute`, `fieldId`, `locale`, `keywords`) VALUES ('6', 'field', '34', 'en_gb', '');
INSERT INTO `di_searchindex` (`elementId`, `attribute`, `fieldId`, `locale`, `keywords`) VALUES ('6', 'field', '29', 'en_gb', ' _layout ');
INSERT INTO `di_searchindex` (`elementId`, `attribute`, `fieldId`, `locale`, `keywords`) VALUES ('101', 'field', '72', 'en_gb', ' key people ');
INSERT INTO `di_searchindex` (`elementId`, `attribute`, `fieldId`, `locale`, `keywords`) VALUES ('101', 'field', '73', 'en_gb', ' divider ');
INSERT INTO `di_searchindex` (`elementId`, `attribute`, `fieldId`, `locale`, `keywords`) VALUES ('101', 'field', '74', 'en_gb', ' person ');
INSERT INTO `di_searchindex` (`elementId`, `attribute`, `fieldId`, `locale`, `keywords`) VALUES ('101', 'slug', '0', 'en_gb', '');
INSERT INTO `di_searchindex` (`elementId`, `attribute`, `fieldId`, `locale`, `keywords`) VALUES ('102', 'name', '0', 'en_gb', ' kingdom ');
INSERT INTO `di_searchindex` (`elementId`, `attribute`, `fieldId`, `locale`, `keywords`) VALUES ('102', 'slug', '0', 'en_gb', '');
INSERT INTO `di_searchindex` (`elementId`, `attribute`, `fieldId`, `locale`, `keywords`) VALUES ('103', 'name', '0', 'en_gb', ' luke ');
INSERT INTO `di_searchindex` (`elementId`, `attribute`, `fieldId`, `locale`, `keywords`) VALUES ('103', 'slug', '0', 'en_gb', '');
INSERT INTO `di_searchindex` (`elementId`, `attribute`, `fieldId`, `locale`, `keywords`) VALUES ('104', 'name', '0', 'en_gb', ' luke 12 ');
INSERT INTO `di_searchindex` (`elementId`, `attribute`, `fieldId`, `locale`, `keywords`) VALUES ('104', 'slug', '0', 'en_gb', '');
INSERT INTO `di_searchindex` (`elementId`, `attribute`, `fieldId`, `locale`, `keywords`) VALUES ('105', 'name', '0', 'en_gb', ' cake ');
INSERT INTO `di_searchindex` (`elementId`, `attribute`, `fieldId`, `locale`, `keywords`) VALUES ('105', 'slug', '0', 'en_gb', '');
INSERT INTO `di_searchindex` (`elementId`, `attribute`, `fieldId`, `locale`, `keywords`) VALUES ('29', 'field', '85', 'en_gb', '');
INSERT INTO `di_searchindex` (`elementId`, `attribute`, `fieldId`, `locale`, `keywords`) VALUES ('106', 'field', '75', 'en_gb', ' pastor ');
INSERT INTO `di_searchindex` (`elementId`, `attribute`, `fieldId`, `locale`, `keywords`) VALUES ('106', 'field', '76', 'en_gb', ' none ');
INSERT INTO `di_searchindex` (`elementId`, `attribute`, `fieldId`, `locale`, `keywords`) VALUES ('106', 'field', '77', 'en_gb', ' person ');
INSERT INTO `di_searchindex` (`elementId`, `attribute`, `fieldId`, `locale`, `keywords`) VALUES ('106', 'field', '78', 'en_gb', '');
INSERT INTO `di_searchindex` (`elementId`, `attribute`, `fieldId`, `locale`, `keywords`) VALUES ('106', 'field', '79', 'en_gb', '');
INSERT INTO `di_searchindex` (`elementId`, `attribute`, `fieldId`, `locale`, `keywords`) VALUES ('106', 'field', '80', 'en_gb', ' church ');
INSERT INTO `di_searchindex` (`elementId`, `attribute`, `fieldId`, `locale`, `keywords`) VALUES ('106', 'field', '81', 'en_gb', ' neil dawson ');
INSERT INTO `di_searchindex` (`elementId`, `attribute`, `fieldId`, `locale`, `keywords`) VALUES ('106', 'field', '82', 'en_gb', '');
INSERT INTO `di_searchindex` (`elementId`, `attribute`, `fieldId`, `locale`, `keywords`) VALUES ('106', 'field', '83', 'en_gb', '');
INSERT INTO `di_searchindex` (`elementId`, `attribute`, `fieldId`, `locale`, `keywords`) VALUES ('106', 'slug', '0', 'en_gb', '');
INSERT INTO `di_searchindex` (`elementId`, `attribute`, `fieldId`, `locale`, `keywords`) VALUES ('30', 'field', '85', 'en_gb', ' showaddress ');
INSERT INTO `di_searchindex` (`elementId`, `attribute`, `fieldId`, `locale`, `keywords`) VALUES ('77', 'field', '84', 'en_gb', '');
INSERT INTO `di_searchindex` (`elementId`, `attribute`, `fieldId`, `locale`, `keywords`) VALUES ('98', 'field', '84', 'en_gb', '');
INSERT INTO `di_searchindex` (`elementId`, `attribute`, `fieldId`, `locale`, `keywords`) VALUES ('2', 'field', '63', 'en_gb', ' 9c243e ');
INSERT INTO `di_searchindex` (`elementId`, `attribute`, `fieldId`, `locale`, `keywords`) VALUES ('2', 'field', '35', 'en_gb', ' events tin house ministries church shade coming events ');
INSERT INTO `di_searchindex` (`elementId`, `attribute`, `fieldId`, `locale`, `keywords`) VALUES ('2', 'field', '65', 'en_gb', '');
INSERT INTO `di_searchindex` (`elementId`, `attribute`, `fieldId`, `locale`, `keywords`) VALUES ('2', 'field', '85', 'en_gb', '');
INSERT INTO `di_searchindex` (`elementId`, `attribute`, `fieldId`, `locale`, `keywords`) VALUES ('107', 'field', '36', 'en_gb', ' coming events ');
INSERT INTO `di_searchindex` (`elementId`, `attribute`, `fieldId`, `locale`, `keywords`) VALUES ('107', 'field', '45', 'en_gb', ' shade ');
INSERT INTO `di_searchindex` (`elementId`, `attribute`, `fieldId`, `locale`, `keywords`) VALUES ('107', 'field', '37', 'en_gb', ' events ');
INSERT INTO `di_searchindex` (`elementId`, `attribute`, `fieldId`, `locale`, `keywords`) VALUES ('107', 'field', '38', 'en_gb', '');
INSERT INTO `di_searchindex` (`elementId`, `attribute`, `fieldId`, `locale`, `keywords`) VALUES ('107', 'field', '39', 'en_gb', '');
INSERT INTO `di_searchindex` (`elementId`, `attribute`, `fieldId`, `locale`, `keywords`) VALUES ('107', 'field', '40', 'en_gb', ' tin house ministries church ');
INSERT INTO `di_searchindex` (`elementId`, `attribute`, `fieldId`, `locale`, `keywords`) VALUES ('107', 'field', '84', 'en_gb', '');
INSERT INTO `di_searchindex` (`elementId`, `attribute`, `fieldId`, `locale`, `keywords`) VALUES ('107', 'field', '55', 'en_gb', '');
INSERT INTO `di_searchindex` (`elementId`, `attribute`, `fieldId`, `locale`, `keywords`) VALUES ('107', 'field', '41', 'en_gb', '');
INSERT INTO `di_searchindex` (`elementId`, `attribute`, `fieldId`, `locale`, `keywords`) VALUES ('107', 'slug', '0', 'en_gb', '');
INSERT INTO `di_searchindex` (`elementId`, `attribute`, `fieldId`, `locale`, `keywords`) VALUES ('99', 'field', '88', 'en_gb', '');
INSERT INTO `di_searchindex` (`elementId`, `attribute`, `fieldId`, `locale`, `keywords`) VALUES ('99', 'field', '86', 'en_gb', ' neil ');
INSERT INTO `di_searchindex` (`elementId`, `attribute`, `fieldId`, `locale`, `keywords`) VALUES ('99', 'field', '87', 'en_gb', ' dawson ');
INSERT INTO `di_searchindex` (`elementId`, `attribute`, `fieldId`, `locale`, `keywords`) VALUES ('99', 'field', '89', 'en_gb', '');
INSERT INTO `di_searchindex` (`elementId`, `attribute`, `fieldId`, `locale`, `keywords`) VALUES ('56', 'field', '84', 'en_gb', '');
INSERT INTO `di_searchindex` (`elementId`, `attribute`, `fieldId`, `locale`, `keywords`) VALUES ('55', 'field', '84', 'en_gb', '');
INSERT INTO `di_searchindex` (`elementId`, `attribute`, `fieldId`, `locale`, `keywords`) VALUES ('86', 'field', '85', 'en_gb', '');
INSERT INTO `di_searchindex` (`elementId`, `attribute`, `fieldId`, `locale`, `keywords`) VALUES ('108', 'field', '15', 'en_gb', '');
INSERT INTO `di_searchindex` (`elementId`, `attribute`, `fieldId`, `locale`, `keywords`) VALUES ('108', 'field', '32', 'en_gb', '');
INSERT INTO `di_searchindex` (`elementId`, `attribute`, `fieldId`, `locale`, `keywords`) VALUES ('108', 'field', '34', 'en_gb', '');
INSERT INTO `di_searchindex` (`elementId`, `attribute`, `fieldId`, `locale`, `keywords`) VALUES ('108', 'slug', '0', 'en_gb', '');
INSERT INTO `di_searchindex` (`elementId`, `attribute`, `fieldId`, `locale`, `keywords`) VALUES ('108', 'title', '0', 'en_gb', ' elder ');
INSERT INTO `di_searchindex` (`elementId`, `attribute`, `fieldId`, `locale`, `keywords`) VALUES ('109', 'field', '64', 'en_gb', '');
INSERT INTO `di_searchindex` (`elementId`, `attribute`, `fieldId`, `locale`, `keywords`) VALUES ('109', 'field', '88', 'en_gb', '');
INSERT INTO `di_searchindex` (`elementId`, `attribute`, `fieldId`, `locale`, `keywords`) VALUES ('109', 'field', '86', 'en_gb', ' neville ');
INSERT INTO `di_searchindex` (`elementId`, `attribute`, `fieldId`, `locale`, `keywords`) VALUES ('109', 'field', '87', 'en_gb', ' garland ');
INSERT INTO `di_searchindex` (`elementId`, `attribute`, `fieldId`, `locale`, `keywords`) VALUES ('109', 'field', '89', 'en_gb', '');
INSERT INTO `di_searchindex` (`elementId`, `attribute`, `fieldId`, `locale`, `keywords`) VALUES ('109', 'field', '23', 'en_gb', ' elder grace community church ');
INSERT INTO `di_searchindex` (`elementId`, `attribute`, `fieldId`, `locale`, `keywords`) VALUES ('109', 'field', '14', 'en_gb', '');
INSERT INTO `di_searchindex` (`elementId`, `attribute`, `fieldId`, `locale`, `keywords`) VALUES ('109', 'field', '2', 'en_gb', '');
INSERT INTO `di_searchindex` (`elementId`, `attribute`, `fieldId`, `locale`, `keywords`) VALUES ('109', 'field', '16', 'en_gb', '');
INSERT INTO `di_searchindex` (`elementId`, `attribute`, `fieldId`, `locale`, `keywords`) VALUES ('109', 'field', '65', 'en_gb', '');
INSERT INTO `di_searchindex` (`elementId`, `attribute`, `fieldId`, `locale`, `keywords`) VALUES ('109', 'field', '15', 'en_gb', '');
INSERT INTO `di_searchindex` (`elementId`, `attribute`, `fieldId`, `locale`, `keywords`) VALUES ('109', 'field', '32', 'en_gb', ' grace community church ');
INSERT INTO `di_searchindex` (`elementId`, `attribute`, `fieldId`, `locale`, `keywords`) VALUES ('109', 'field', '34', 'en_gb', ' church ');
INSERT INTO `di_searchindex` (`elementId`, `attribute`, `fieldId`, `locale`, `keywords`) VALUES ('109', 'field', '33', 'en_gb', ' elder ');
INSERT INTO `di_searchindex` (`elementId`, `attribute`, `fieldId`, `locale`, `keywords`) VALUES ('109', 'field', '3', 'en_gb', '');
INSERT INTO `di_searchindex` (`elementId`, `attribute`, `fieldId`, `locale`, `keywords`) VALUES ('109', 'slug', '0', 'en_gb', ' neville garland ');
INSERT INTO `di_searchindex` (`elementId`, `attribute`, `fieldId`, `locale`, `keywords`) VALUES ('109', 'title', '0', 'en_gb', ' neville garland ');
INSERT INTO `di_searchindex` (`elementId`, `attribute`, `fieldId`, `locale`, `keywords`) VALUES ('110', 'field', '75', 'en_gb', ' elders ');
INSERT INTO `di_searchindex` (`elementId`, `attribute`, `fieldId`, `locale`, `keywords`) VALUES ('110', 'field', '76', 'en_gb', ' none ');
INSERT INTO `di_searchindex` (`elementId`, `attribute`, `fieldId`, `locale`, `keywords`) VALUES ('110', 'field', '77', 'en_gb', ' person ');
INSERT INTO `di_searchindex` (`elementId`, `attribute`, `fieldId`, `locale`, `keywords`) VALUES ('110', 'field', '78', 'en_gb', '');
INSERT INTO `di_searchindex` (`elementId`, `attribute`, `fieldId`, `locale`, `keywords`) VALUES ('110', 'field', '79', 'en_gb', '');
INSERT INTO `di_searchindex` (`elementId`, `attribute`, `fieldId`, `locale`, `keywords`) VALUES ('110', 'field', '80', 'en_gb', '');
INSERT INTO `di_searchindex` (`elementId`, `attribute`, `fieldId`, `locale`, `keywords`) VALUES ('110', 'field', '81', 'en_gb', ' neil dawson neville garland ');
INSERT INTO `di_searchindex` (`elementId`, `attribute`, `fieldId`, `locale`, `keywords`) VALUES ('110', 'field', '82', 'en_gb', '');
INSERT INTO `di_searchindex` (`elementId`, `attribute`, `fieldId`, `locale`, `keywords`) VALUES ('110', 'field', '83', 'en_gb', '');
INSERT INTO `di_searchindex` (`elementId`, `attribute`, `fieldId`, `locale`, `keywords`) VALUES ('110', 'slug', '0', 'en_gb', '');
INSERT INTO `di_searchindex` (`elementId`, `attribute`, `fieldId`, `locale`, `keywords`) VALUES ('93', 'field', '88', 'en_gb', '');
INSERT INTO `di_searchindex` (`elementId`, `attribute`, `fieldId`, `locale`, `keywords`) VALUES ('93', 'field', '86', 'en_gb', '');
INSERT INTO `di_searchindex` (`elementId`, `attribute`, `fieldId`, `locale`, `keywords`) VALUES ('93', 'field', '87', 'en_gb', '');
INSERT INTO `di_searchindex` (`elementId`, `attribute`, `fieldId`, `locale`, `keywords`) VALUES ('93', 'field', '89', 'en_gb', '');
INSERT INTO `di_searchindex` (`elementId`, `attribute`, `fieldId`, `locale`, `keywords`) VALUES ('93', 'field', '63', 'en_gb', ' none ');
INSERT INTO `di_searchindex` (`elementId`, `attribute`, `fieldId`, `locale`, `keywords`) VALUES ('93', 'field', '29', 'en_gb', ' _layout ');
INSERT INTO `di_searchindex` (`elementId`, `attribute`, `fieldId`, `locale`, `keywords`) VALUES ('111', 'filename', '0', 'en_gb', ' profile pic jpg ');
INSERT INTO `di_searchindex` (`elementId`, `attribute`, `fieldId`, `locale`, `keywords`) VALUES ('111', 'extension', '0', 'en_gb', ' jpg ');
INSERT INTO `di_searchindex` (`elementId`, `attribute`, `fieldId`, `locale`, `keywords`) VALUES ('111', 'kind', '0', 'en_gb', ' image ');
INSERT INTO `di_searchindex` (`elementId`, `attribute`, `fieldId`, `locale`, `keywords`) VALUES ('111', 'slug', '0', 'en_gb', '');
INSERT INTO `di_searchindex` (`elementId`, `attribute`, `fieldId`, `locale`, `keywords`) VALUES ('111', 'title', '0', 'en_gb', ' profile pic ');
INSERT INTO `di_searchindex` (`elementId`, `attribute`, `fieldId`, `locale`, `keywords`) VALUES ('41', 'field', '64', 'en_gb', '');
INSERT INTO `di_searchindex` (`elementId`, `attribute`, `fieldId`, `locale`, `keywords`) VALUES ('41', 'field', '14', 'en_gb', '');
INSERT INTO `di_searchindex` (`elementId`, `attribute`, `fieldId`, `locale`, `keywords`) VALUES ('41', 'field', '16', 'en_gb', '');
INSERT INTO `di_searchindex` (`elementId`, `attribute`, `fieldId`, `locale`, `keywords`) VALUES ('41', 'field', '15', 'en_gb', '');
INSERT INTO `di_searchindex` (`elementId`, `attribute`, `fieldId`, `locale`, `keywords`) VALUES ('41', 'field', '32', 'en_gb', '');
INSERT INTO `di_searchindex` (`elementId`, `attribute`, `fieldId`, `locale`, `keywords`) VALUES ('112', 'field', '90', 'en_gb', ' we just installed craft kenya roast ');
INSERT INTO `di_searchindex` (`elementId`, `attribute`, `fieldId`, `locale`, `keywords`) VALUES ('112', 'field', '91', 'en_gb', ' inset half ');
INSERT INTO `di_searchindex` (`elementId`, `attribute`, `fieldId`, `locale`, `keywords`) VALUES ('112', 'field', '92', 'en_gb', ' get a load of this ');
INSERT INTO `di_searchindex` (`elementId`, `attribute`, `fieldId`, `locale`, `keywords`) VALUES ('112', 'slug', '0', 'en_gb', '');
INSERT INTO `di_searchindex` (`elementId`, `attribute`, `fieldId`, `locale`, `keywords`) VALUES ('100', 'field', '84', 'en_gb', '');
INSERT INTO `di_searchindex` (`elementId`, `attribute`, `fieldId`, `locale`, `keywords`) VALUES ('6', 'field', '93', 'en_gb', ' capital ouagadougou capital ouagadougou currency west african cfa franc currency west african cfa franc president blaise compaore president blaise compaore prime minister luc adolphe tiao prime minister luc adolphe tiao official language french official language french ');
INSERT INTO `di_searchindex` (`elementId`, `attribute`, `fieldId`, `locale`, `keywords`) VALUES ('93', 'field', '93', 'en_gb', ' telephone 028 9012 3456 telephone 028 9012 3456 twitter paleweasel https twitter com paleweasel twitter paleweasel https twitter com paleweasel ');
INSERT INTO `di_searchindex` (`elementId`, `attribute`, `fieldId`, `locale`, `keywords`) VALUES ('3', 'field', '35', 'en_gb', '');



--
-- Schema for table `di_sections`
--

DROP TABLE IF EXISTS `di_sections`;

CREATE TABLE `di_sections` (
  `id` int(11) NOT NULL AUTO_INCREMENT,
  `structureId` int(11) DEFAULT NULL,
  `name` varchar(255) COLLATE utf8_unicode_ci NOT NULL,
  `handle` varchar(255) COLLATE utf8_unicode_ci NOT NULL,
  `type` enum('single','channel','structure') COLLATE utf8_unicode_ci NOT NULL DEFAULT 'channel',
  `hasUrls` tinyint(1) unsigned NOT NULL DEFAULT '1',
  `template` varchar(500) COLLATE utf8_unicode_ci DEFAULT NULL,
  `enableVersioning` tinyint(1) unsigned NOT NULL DEFAULT '0',
  `dateCreated` datetime NOT NULL,
  `dateUpdated` datetime NOT NULL,
  `uid` char(36) COLLATE utf8_unicode_ci NOT NULL DEFAULT '0',
  PRIMARY KEY (`id`),
  UNIQUE KEY `di_sections_name_unq_idx` (`name`),
  UNIQUE KEY `di_sections_handle_unq_idx` (`handle`),
  KEY `di_sections_structureId_fk` (`structureId`)
) ENGINE=InnoDB AUTO_INCREMENT=12 DEFAULT CHARSET=utf8 COLLATE=utf8_unicode_ci;

--
-- Data for table `di_sections`
--

INSERT INTO `di_sections` (`id`, `structureId`, `name`, `handle`, `type`, `hasUrls`, `template`, `enableVersioning`, `dateCreated`, `dateUpdated`, `uid`) VALUES ('1', NULL, 'Homepage', 'homepage', 'single', '1', 'index', '1', '2014-09-04 11:28:59', '2014-09-04 11:28:59', '186e5f18-b4e2-47f3-91bf-025ae232b3b3');
INSERT INTO `di_sections` (`id`, `structureId`, `name`, `handle`, `type`, `hasUrls`, `template`, `enableVersioning`, `dateCreated`, `dateUpdated`, `uid`) VALUES ('2', NULL, 'News', 'news', 'channel', '1', 'news/entry', '1', '2014-09-04 11:28:59', '2014-09-25 11:21:24', '33068a0b-7efc-43de-8866-b2ccb41577b7');
INSERT INTO `di_sections` (`id`, `structureId`, `name`, `handle`, `type`, `hasUrls`, `template`, `enableVersioning`, `dateCreated`, `dateUpdated`, `uid`) VALUES ('5', NULL, 'Contact', 'contact', 'single', '1', 'contact', '1', '2014-09-08 13:06:50', '2014-09-08 13:06:50', '6712f3f4-f3e8-42ed-8258-9854d5e6bff7');
INSERT INTO `di_sections` (`id`, `structureId`, `name`, `handle`, `type`, `hasUrls`, `template`, `enableVersioning`, `dateCreated`, `dateUpdated`, `uid`) VALUES ('7', '3', 'Ministry', 'ministry', 'structure', '1', 'entries/_ministry', '1', '2014-09-15 09:04:16', '2014-09-17 13:48:02', '6dc4308f-adf5-4570-81ab-21d9c261c1f1');
INSERT INTO `di_sections` (`id`, `structureId`, `name`, `handle`, `type`, `hasUrls`, `template`, `enableVersioning`, `dateCreated`, `dateUpdated`, `uid`) VALUES ('8', NULL, 'Events', 'events', 'channel', '1', 'entries/_event', '1', '2014-09-15 10:16:09', '2014-09-16 09:54:55', '3eff6fc5-7f32-499b-a25b-731322cf066c');
INSERT INTO `di_sections` (`id`, `structureId`, `name`, `handle`, `type`, `hasUrls`, `template`, `enableVersioning`, `dateCreated`, `dateUpdated`, `uid`) VALUES ('10', NULL, 'Products', 'products', 'channel', '1', 'entries/_product', '1', '2014-09-17 09:15:52', '2014-09-17 09:20:53', '52c81a1e-23a0-431b-a95e-3703bd8883a4');
INSERT INTO `di_sections` (`id`, `structureId`, `name`, `handle`, `type`, `hasUrls`, `template`, `enableVersioning`, `dateCreated`, `dateUpdated`, `uid`) VALUES ('11', NULL, 'Articles', 'articles', 'channel', '1', 'entries/_article', '1', '2014-09-17 09:44:52', '2014-09-22 16:04:59', '57feebca-56b8-4912-8773-8d7fba2ed1c2');



--
-- Schema for table `di_sections_i18n`
--

DROP TABLE IF EXISTS `di_sections_i18n`;

CREATE TABLE `di_sections_i18n` (
  `id` int(11) NOT NULL AUTO_INCREMENT,
  `sectionId` int(11) NOT NULL,
  `locale` char(12) COLLATE utf8_unicode_ci NOT NULL,
  `enabledByDefault` tinyint(1) unsigned NOT NULL DEFAULT '1',
  `urlFormat` varchar(255) COLLATE utf8_unicode_ci DEFAULT NULL,
  `nestedUrlFormat` varchar(255) COLLATE utf8_unicode_ci DEFAULT NULL,
  `dateCreated` datetime NOT NULL,
  `dateUpdated` datetime NOT NULL,
  `uid` char(36) COLLATE utf8_unicode_ci NOT NULL DEFAULT '0',
  PRIMARY KEY (`id`),
  UNIQUE KEY `di_sections_i18n_sectionId_locale_unq_idx` (`sectionId`,`locale`),
  KEY `di_sections_i18n_locale_fk` (`locale`)
) ENGINE=InnoDB AUTO_INCREMENT=12 DEFAULT CHARSET=utf8 COLLATE=utf8_unicode_ci;

--
-- Data for table `di_sections_i18n`
--

INSERT INTO `di_sections_i18n` (`id`, `sectionId`, `locale`, `enabledByDefault`, `urlFormat`, `nestedUrlFormat`, `dateCreated`, `dateUpdated`, `uid`) VALUES ('1', '1', 'en_gb', '1', '__home__', NULL, '2014-09-04 11:28:59', '2014-09-04 11:28:59', '019b52ce-8941-4f8b-9298-75d1d7e1718a');
INSERT INTO `di_sections_i18n` (`id`, `sectionId`, `locale`, `enabledByDefault`, `urlFormat`, `nestedUrlFormat`, `dateCreated`, `dateUpdated`, `uid`) VALUES ('2', '2', 'en_gb', '0', 'news/{postDate.year}/{slug}', NULL, '2014-09-04 11:28:59', '2014-09-15 10:13:23', 'ef02d134-cd06-4b7c-af79-97072a873269');
INSERT INTO `di_sections_i18n` (`id`, `sectionId`, `locale`, `enabledByDefault`, `urlFormat`, `nestedUrlFormat`, `dateCreated`, `dateUpdated`, `uid`) VALUES ('5', '5', 'en_gb', '0', 'contact', NULL, '2014-09-08 13:06:50', '2014-09-08 13:06:50', 'c451d55a-9702-4c5b-bc06-c20861a229e0');
INSERT INTO `di_sections_i18n` (`id`, `sectionId`, `locale`, `enabledByDefault`, `urlFormat`, `nestedUrlFormat`, `dateCreated`, `dateUpdated`, `uid`) VALUES ('7', '7', 'en_gb', '0', '{slug}', '{parent.uri}/{slug}', '2014-09-15 09:04:16', '2014-09-15 10:31:04', 'd277858e-e70d-41e2-9976-1fc5de182877');
INSERT INTO `di_sections_i18n` (`id`, `sectionId`, `locale`, `enabledByDefault`, `urlFormat`, `nestedUrlFormat`, `dateCreated`, `dateUpdated`, `uid`) VALUES ('8', '8', 'en_gb', '0', 'events/{postDate|date(\"y/m/d\")}/{slug}', NULL, '2014-09-15 10:16:09', '2014-09-15 10:52:58', '0de8f5c6-3632-4a0a-9e3e-e38e0c8227ec');
INSERT INTO `di_sections_i18n` (`id`, `sectionId`, `locale`, `enabledByDefault`, `urlFormat`, `nestedUrlFormat`, `dateCreated`, `dateUpdated`, `uid`) VALUES ('10', '10', 'en_gb', '0', 'products/{slug}', NULL, '2014-09-17 09:15:52', '2014-09-17 09:15:52', '46b0ec4a-2ec4-4654-a66d-1110668a254a');
INSERT INTO `di_sections_i18n` (`id`, `sectionId`, `locale`, `enabledByDefault`, `urlFormat`, `nestedUrlFormat`, `dateCreated`, `dateUpdated`, `uid`) VALUES ('11', '11', 'en_gb', '0', 'articles/{slug}', NULL, '2014-09-17 09:44:52', '2014-09-17 09:44:52', '3c46ad0c-6992-48e2-8d49-033be1f72fe4');



--
-- Schema for table `di_sessions`
--

DROP TABLE IF EXISTS `di_sessions`;

CREATE TABLE `di_sessions` (
  `id` int(11) NOT NULL AUTO_INCREMENT,
  `userId` int(11) NOT NULL,
  `token` char(100) COLLATE utf8_unicode_ci NOT NULL,
  `dateCreated` datetime NOT NULL,
  `dateUpdated` datetime NOT NULL,
  `uid` char(36) COLLATE utf8_unicode_ci NOT NULL DEFAULT '0',
  PRIMARY KEY (`id`),
  KEY `di_sessions_uid_idx` (`uid`),
  KEY `di_sessions_token_idx` (`token`),
  KEY `di_sessions_dateUpdated_idx` (`dateUpdated`),
  KEY `di_sessions_userId_fk` (`userId`)
) ENGINE=InnoDB AUTO_INCREMENT=34 DEFAULT CHARSET=utf8 COLLATE=utf8_unicode_ci;

--
-- Data for table `di_sessions`
--

INSERT INTO `di_sessions` (`id`, `userId`, `token`, `dateCreated`, `dateUpdated`, `uid`) VALUES ('1', '1', '2615d42287b6c24d0fdf044441e009564be946a9czozNjoiYzU3MjcyMWEtZTQ0NS00YzVjLWFhMDMtY2VmYjdhMDQ0NTFlIjs=', '2014-09-04 11:28:59', '2014-09-04 11:28:59', '43b898f5-7694-4ac9-a798-08879b1d0f42');
INSERT INTO `di_sessions` (`id`, `userId`, `token`, `dateCreated`, `dateUpdated`, `uid`) VALUES ('2', '1', '21ed176dbcf2d1f3907524ede5ec941a05b29ba5czozNjoiMmRmNTRmZGQtNDdmZS00Y2VjLTgyNjQtZDYyNzQzZGM5ZjM0Ijs=', '2014-09-05 07:18:10', '2014-09-05 07:18:10', 'b77062ac-27dc-4eda-a92a-922ad6ba1c19');
INSERT INTO `di_sessions` (`id`, `userId`, `token`, `dateCreated`, `dateUpdated`, `uid`) VALUES ('3', '1', 'd58189832def8307900fd6434df40d7664537f30czozNjoiYTIzOTY0YjAtYTJiOS00MTBjLTk5NTEtYjk2YWUwMGI5MzJlIjs=', '2014-09-08 08:15:43', '2014-09-08 08:15:43', '86045869-79c4-44cd-b783-8f2ebbfafd47');
INSERT INTO `di_sessions` (`id`, `userId`, `token`, `dateCreated`, `dateUpdated`, `uid`) VALUES ('4', '1', '18266453c79e8e855340afc33af3adce7bad9f49czozNjoiZmE3MDE1NWEtMmI5NS00NWE5LThhM2QtOTNkMzA4NmNjZjA0Ijs=', '2014-09-08 12:59:23', '2014-09-08 12:59:23', '892d96d1-3c05-4086-86b8-61a639af898b');
INSERT INTO `di_sessions` (`id`, `userId`, `token`, `dateCreated`, `dateUpdated`, `uid`) VALUES ('5', '1', '4fce09f3d6327f3abae16518716314b7203f8c59czozNjoiYzZlMGMxODItNDRkYi00N2Y2LWI2OWEtZTdkYzMzYjVjOWUyIjs=', '2014-09-09 07:29:24', '2014-09-09 07:29:24', '61fce473-f7ff-48f5-b105-fbfc2aae431c');
INSERT INTO `di_sessions` (`id`, `userId`, `token`, `dateCreated`, `dateUpdated`, `uid`) VALUES ('6', '1', '8631bc00990caec893c3a7dd23e053008096140eczozNjoiM2Y1MmI1ZjQtY2Y5YS00OWU1LThjY2EtZTMxNzBkOGY1MDMwIjs=', '2014-09-09 09:14:50', '2014-09-09 09:14:50', '4c392822-06c1-41b0-8b50-8081d4f71853');
INSERT INTO `di_sessions` (`id`, `userId`, `token`, `dateCreated`, `dateUpdated`, `uid`) VALUES ('7', '1', 'd33f8df2e066518b487483a2e86e231711c8275eczozNjoiZGNiYWRlN2YtZDVhOS00NDg5LWI0MjMtODgwZTYwMjAxMzk1Ijs=', '2014-09-09 12:51:15', '2014-09-09 12:51:15', '11897408-7c2d-47e1-8b63-a7042c83377b');
INSERT INTO `di_sessions` (`id`, `userId`, `token`, `dateCreated`, `dateUpdated`, `uid`) VALUES ('8', '1', '8d3e2c485e6c7d916d07b715ca90cc6f4668e80dczozNjoiMjA4ZDcyZWItOWFlYS00MDRlLTgwOWMtMzg4Y2EyZDA0MWRkIjs=', '2014-09-10 07:49:01', '2014-09-10 07:49:01', '9a09a7b8-0412-43f9-bb35-167378f3d531');
INSERT INTO `di_sessions` (`id`, `userId`, `token`, `dateCreated`, `dateUpdated`, `uid`) VALUES ('9', '1', 'a60460233a59489ddc0db9f6c3f27befaa7c33baczozNjoiMzNkMGFlM2EtN2Y1Yi00ZWU1LWFjYWYtMmYyMzZkMTcxNDI0Ijs=', '2014-09-10 12:31:44', '2014-09-10 12:31:44', '06496ec7-1c2a-4aa1-9bf1-a43e058b2dfd');
INSERT INTO `di_sessions` (`id`, `userId`, `token`, `dateCreated`, `dateUpdated`, `uid`) VALUES ('10', '1', '456722d85f1aba8dbac0df54b649886f827fe13cczozNjoiZWE3NWU0NTMtNGQxYi00ZjY0LTkyYzEtNTRhMjgxMjZhZTc0Ijs=', '2014-09-12 16:21:09', '2014-09-12 16:21:09', 'd72ece74-02e2-4d51-b699-dcc94807f146');
INSERT INTO `di_sessions` (`id`, `userId`, `token`, `dateCreated`, `dateUpdated`, `uid`) VALUES ('11', '1', 'bb1671d246f96bd7dca4c17c3fbab4175cfa13ccczozNjoiMjJmYzBhNmYtNDdmMi00NGZjLTk0MDYtNTIxODVjNWUxN2M0Ijs=', '2014-09-15 08:14:21', '2014-09-15 08:14:21', '0921a438-08c2-4205-a09b-c20a1cf796d6');
INSERT INTO `di_sessions` (`id`, `userId`, `token`, `dateCreated`, `dateUpdated`, `uid`) VALUES ('12', '1', '563f4072b2e4b41dd78e5070f1585f498549faebczozNjoiMjhmNDdlZTEtNmIzOS00ZTQzLWIxZmMtZjU2MDRmZjdjNGMyIjs=', '2014-09-15 12:30:47', '2014-09-15 12:30:47', '6a835279-314f-4cb1-bb0b-57005a7005ba');
INSERT INTO `di_sessions` (`id`, `userId`, `token`, `dateCreated`, `dateUpdated`, `uid`) VALUES ('13', '1', '50dfee86062ee8dc347f92c772a9852b2717bbe9czozNjoiNjhiODJhYTktMWQ3MC00Njc5LTg4ZDktOWJjNTQ3OTlmOWZiIjs=', '2014-09-16 07:40:52', '2014-09-16 07:40:52', 'e7e1aa4c-78db-4d32-8815-66095742b07b');
INSERT INTO `di_sessions` (`id`, `userId`, `token`, `dateCreated`, `dateUpdated`, `uid`) VALUES ('14', '1', '55ebdb52787c52bdb3ccd18c792f04c59a263a25czozNjoiMWQ2NWI0ZmQtODA1NS00YTFkLTkyNjEtOTk1Y2QzOWFiMTgyIjs=', '2014-09-16 14:42:15', '2014-09-16 14:42:15', 'c4824fd9-7b85-4268-82ce-22713cf203b1');
INSERT INTO `di_sessions` (`id`, `userId`, `token`, `dateCreated`, `dateUpdated`, `uid`) VALUES ('18', '1', '5b920b2bcf7b1f27a5822d9d934604f0c251b534czozNjoiNDAwNmY0ZWYtMTAyMS00ZjA0LTk2MmEtYTdjNzJjMjk1ZGE5Ijs=', '2014-09-17 16:18:29', '2014-09-17 16:18:29', '49505d37-8f3d-42cc-b716-c9f26a325aef');
INSERT INTO `di_sessions` (`id`, `userId`, `token`, `dateCreated`, `dateUpdated`, `uid`) VALUES ('20', '1', '0a029a12d634aa7dc3615c407701f03c7320301aczozNjoiNzI5YjFmYjAtZTk1NC00NDhhLWI0MWMtZjExZTlmNjk2ZTljIjs=', '2014-09-18 10:32:14', '2014-09-18 10:32:14', '9588b92c-1d53-4bd1-8ed2-9d750477510f');
INSERT INTO `di_sessions` (`id`, `userId`, `token`, `dateCreated`, `dateUpdated`, `uid`) VALUES ('21', '1', '616e93a7afacbe623a6ca4aa0099f53472689cddczozNjoiODk3MTVhZjQtNGFkZi00NDUwLTliOWEtMzQyMzRlZTU1Mjg0Ijs=', '2014-09-19 07:29:25', '2014-09-19 07:29:25', '7fc8fa4c-e8ea-4335-af64-46a2d62b1e93');
INSERT INTO `di_sessions` (`id`, `userId`, `token`, `dateCreated`, `dateUpdated`, `uid`) VALUES ('22', '1', 'af6dd0f54b974997a1f89b894f18df87058a6b89czozNjoiNGRhY2NhZTUtNjVlZC00ZmY4LWJjZjYtMzUxMzdjZGMwNTg2Ijs=', '2014-09-19 13:25:59', '2014-09-19 13:25:59', '97b83722-4907-45e9-9608-2e2fbb951da6');
INSERT INTO `di_sessions` (`id`, `userId`, `token`, `dateCreated`, `dateUpdated`, `uid`) VALUES ('23', '1', 'd1174ddbb7e802994c151de82f2c9dfd45866aa6czozNjoiY2QzNDAwMjktMDFhOS00OGYzLWJmYjgtMjEwMjU5Yjc1YWZjIjs=', '2014-09-22 08:55:20', '2014-09-22 08:55:20', '88d59e07-f892-4731-a412-c658a812cd59');
INSERT INTO `di_sessions` (`id`, `userId`, `token`, `dateCreated`, `dateUpdated`, `uid`) VALUES ('24', '1', '5ab726683fdc65ce01ab8cf9988c27264f3a2d87czozNjoiM2YxYjM2OTQtYWViYS00ZWE5LThkODQtYjIxZDNjNGM1ZjU0Ijs=', '2014-09-22 11:47:22', '2014-09-22 11:47:22', '8a6ef907-b30a-475a-9cf4-a671220f6dd0');
INSERT INTO `di_sessions` (`id`, `userId`, `token`, `dateCreated`, `dateUpdated`, `uid`) VALUES ('27', '1', 'f5d20abda708ff328a6bdd0eaae1e6196480efc2czozNjoiZGU5OWVkMGItYTAyMi00NTQxLWIwYWYtMTNhMjQ4N2JjMjYyIjs=', '2014-09-23 10:42:44', '2014-09-23 10:42:44', '501c15d4-a077-446c-81e3-16b2487e8b36');
INSERT INTO `di_sessions` (`id`, `userId`, `token`, `dateCreated`, `dateUpdated`, `uid`) VALUES ('28', '1', '02fedd5637dad9a0c32959b431fbf1a30b08d6e5czozNjoiOGUzY2I3YjItNmIyYy00MThiLWI2ZjEtMjNmNzdkODQ4MTZiIjs=', '2014-09-23 13:34:24', '2014-09-23 13:34:24', '6353f098-6c5b-4902-a993-46cc13c961ca');
INSERT INTO `di_sessions` (`id`, `userId`, `token`, `dateCreated`, `dateUpdated`, `uid`) VALUES ('30', '1', '5e7532d0f74bc68656854d2c9a7aaab841de7710czozNjoiNDg3NmVhYWItOTY5OC00YjExLTgzNTYtYmEwYzFjNzA5MDY3Ijs=', '2014-09-24 16:19:10', '2014-09-24 16:19:10', 'd9bec875-fb62-4f86-808b-d739b9c6bab1');
INSERT INTO `di_sessions` (`id`, `userId`, `token`, `dateCreated`, `dateUpdated`, `uid`) VALUES ('31', '1', 'e5d518d8cc94407dfc25d12ce3ad8defa9e042daczozNjoiODhlYzhkYzQtZGJkMi00OTMzLWIyYjYtODA1OTRkZGZhYzVlIjs=', '2014-09-25 07:40:38', '2014-09-25 07:40:38', '2ad03fb7-3bc8-4199-b4d5-93aafe30c80c');
INSERT INTO `di_sessions` (`id`, `userId`, `token`, `dateCreated`, `dateUpdated`, `uid`) VALUES ('32', '1', 'aa4c72770ff3eec977116ebf08f6e8be3bc7d8c3czozNjoiZWVkZTEyM2UtNGU0Ni00ZTgxLWJkMDAtZjA0YzI5YTFkNTE5Ijs=', '2014-09-25 08:50:39', '2014-09-25 08:50:39', '7841da01-1093-4014-9eac-59c74f2cef6d');
INSERT INTO `di_sessions` (`id`, `userId`, `token`, `dateCreated`, `dateUpdated`, `uid`) VALUES ('33', '1', '301c63cb82ec07fa29b0a7b957ab44715c5389aeczozNjoiM2QxZTNlMDctODI3OC00MGE1LTkzNWMtMGNhOWM1NWU4OTI1Ijs=', '2014-09-29 13:28:16', '2014-09-29 13:28:16', '1e089c84-0900-4c7b-983d-fb138d7db193');



--
-- Schema for table `di_shunnedmessages`
--

DROP TABLE IF EXISTS `di_shunnedmessages`;

CREATE TABLE `di_shunnedmessages` (
  `id` int(11) NOT NULL AUTO_INCREMENT,
  `userId` int(11) NOT NULL,
  `message` varchar(255) COLLATE utf8_unicode_ci NOT NULL,
  `expiryDate` datetime DEFAULT NULL,
  `dateCreated` datetime NOT NULL,
  `dateUpdated` datetime NOT NULL,
  `uid` char(36) COLLATE utf8_unicode_ci NOT NULL DEFAULT '0',
  PRIMARY KEY (`id`),
  UNIQUE KEY `di_shunnedmessages_userId_message_unq_idx` (`userId`,`message`)
) ENGINE=InnoDB DEFAULT CHARSET=utf8 COLLATE=utf8_unicode_ci;

--
-- Schema for table `di_structureelements`
--

DROP TABLE IF EXISTS `di_structureelements`;

CREATE TABLE `di_structureelements` (
  `id` int(11) NOT NULL AUTO_INCREMENT,
  `structureId` int(11) NOT NULL,
  `elementId` int(11) DEFAULT NULL,
  `root` int(11) unsigned DEFAULT NULL,
  `lft` int(11) unsigned NOT NULL,
  `rgt` int(11) unsigned NOT NULL,
  `level` smallint(6) unsigned NOT NULL,
  `dateCreated` datetime NOT NULL,
  `dateUpdated` datetime NOT NULL,
  `uid` char(36) COLLATE utf8_unicode_ci NOT NULL DEFAULT '0',
  PRIMARY KEY (`id`),
  UNIQUE KEY `di_structureelements_structureId_elementId_unq_idx` (`structureId`,`elementId`),
  KEY `di_structureelements_root_idx` (`root`),
  KEY `di_structureelements_lft_idx` (`lft`),
  KEY `di_structureelements_rgt_idx` (`rgt`),
  KEY `di_structureelements_level_idx` (`level`),
  KEY `di_structureelements_elementId_fk` (`elementId`)
) ENGINE=InnoDB AUTO_INCREMENT=30 DEFAULT CHARSET=utf8 COLLATE=utf8_unicode_ci;

--
-- Data for table `di_structureelements`
--

INSERT INTO `di_structureelements` (`id`, `structureId`, `elementId`, `root`, `lft`, `rgt`, `level`, `dateCreated`, `dateUpdated`, `uid`) VALUES ('1', '1', NULL, '1', '1', '2', '0', '2014-09-04 13:09:04', '2014-09-04 13:09:04', '0d7e6709-29ec-4374-bfce-5e3a7a3a4fe0');
INSERT INTO `di_structureelements` (`id`, `structureId`, `elementId`, `root`, `lft`, `rgt`, `level`, `dateCreated`, `dateUpdated`, `uid`) VALUES ('6', '3', NULL, '6', '1', '4', '0', '2014-09-15 09:05:31', '2014-09-15 09:05:31', 'ba275f8c-6c5f-453f-b7e0-75eb01527578');
INSERT INTO `di_structureelements` (`id`, `structureId`, `elementId`, `root`, `lft`, `rgt`, `level`, `dateCreated`, `dateUpdated`, `uid`) VALUES ('7', '3', '29', '6', '2', '3', '1', '2014-09-15 09:05:31', '2014-09-15 09:05:31', '66e31d98-f1af-456a-8fe2-6b4ea439911b');
INSERT INTO `di_structureelements` (`id`, `structureId`, `elementId`, `root`, `lft`, `rgt`, `level`, `dateCreated`, `dateUpdated`, `uid`) VALUES ('11', '5', NULL, '11', '1', '2', '0', '2014-09-15 12:31:18', '2014-09-15 12:31:18', '094e2105-51f3-42e6-bd81-2797ec8d7b5b');
INSERT INTO `di_structureelements` (`id`, `structureId`, `elementId`, `root`, `lft`, `rgt`, `level`, `dateCreated`, `dateUpdated`, `uid`) VALUES ('13', '4', NULL, '13', '1', '2', '0', '2014-09-15 12:31:28', '2014-09-15 12:31:28', '0c1c401f-4157-4915-93b8-b30cce060d52');
INSERT INTO `di_structureelements` (`id`, `structureId`, `elementId`, `root`, `lft`, `rgt`, `level`, `dateCreated`, `dateUpdated`, `uid`) VALUES ('15', '6', NULL, '15', '1', '2', '0', '2014-09-15 13:11:14', '2014-09-15 13:11:14', 'be2c7644-42a5-4723-9ca2-49428fa67e6e');
INSERT INTO `di_structureelements` (`id`, `structureId`, `elementId`, `root`, `lft`, `rgt`, `level`, `dateCreated`, `dateUpdated`, `uid`) VALUES ('19', '7', NULL, '19', '1', '2', '0', '2014-09-17 09:28:02', '2014-09-17 09:28:02', 'c4c3b5f0-5deb-40e1-9119-5565254a0e84');
INSERT INTO `di_structureelements` (`id`, `structureId`, `elementId`, `root`, `lft`, `rgt`, `level`, `dateCreated`, `dateUpdated`, `uid`) VALUES ('29', '8', NULL, '29', '1', '2', '0', '2014-09-22 14:12:17', '2014-09-22 14:12:17', '2e7f56b6-283b-4fc7-bccd-e4b7e2e08c3e');



--
-- Schema for table `di_structures`
--

DROP TABLE IF EXISTS `di_structures`;

CREATE TABLE `di_structures` (
  `id` int(11) NOT NULL AUTO_INCREMENT,
  `maxLevels` smallint(6) unsigned DEFAULT NULL,
  `movePermission` varchar(255) COLLATE utf8_unicode_ci DEFAULT NULL,
  `dateCreated` datetime NOT NULL,
  `dateUpdated` datetime NOT NULL,
  `uid` char(36) COLLATE utf8_unicode_ci NOT NULL DEFAULT '0',
  PRIMARY KEY (`id`)
) ENGINE=InnoDB AUTO_INCREMENT=9 DEFAULT CHARSET=utf8 COLLATE=utf8_unicode_ci;

--
-- Data for table `di_structures`
--

INSERT INTO `di_structures` (`id`, `maxLevels`, `movePermission`, `dateCreated`, `dateUpdated`, `uid`) VALUES ('1', NULL, NULL, '2014-09-04 13:08:47', '2014-09-24 14:23:35', '3ff4be69-e83e-4504-823c-093c73eeaa7f');
INSERT INTO `di_structures` (`id`, `maxLevels`, `movePermission`, `dateCreated`, `dateUpdated`, `uid`) VALUES ('3', NULL, NULL, '2014-09-15 09:04:16', '2014-09-17 13:48:02', 'a24a213b-76cb-43f4-8d49-7e8fe4acf272');
INSERT INTO `di_structures` (`id`, `maxLevels`, `movePermission`, `dateCreated`, `dateUpdated`, `uid`) VALUES ('4', NULL, NULL, '2014-09-15 10:20:29', '2014-09-18 15:41:05', '5bab4f55-e1a8-473d-90aa-224a42118790');
INSERT INTO `di_structures` (`id`, `maxLevels`, `movePermission`, `dateCreated`, `dateUpdated`, `uid`) VALUES ('5', NULL, NULL, '2014-09-15 10:59:54', '2014-09-18 15:15:13', 'e24cc470-cd9b-43d3-a2b3-f72df16bd8f9');
INSERT INTO `di_structures` (`id`, `maxLevels`, `movePermission`, `dateCreated`, `dateUpdated`, `uid`) VALUES ('6', NULL, NULL, '2014-09-15 13:00:10', '2014-09-15 13:15:13', '9c76df0a-4ccf-4534-a6f7-f74e909511eb');
INSERT INTO `di_structures` (`id`, `maxLevels`, `movePermission`, `dateCreated`, `dateUpdated`, `uid`) VALUES ('7', NULL, NULL, '2014-09-17 09:17:18', '2014-09-22 14:10:55', 'cf33b831-ad25-4684-b868-3a90c20efe2d');
INSERT INTO `di_structures` (`id`, `maxLevels`, `movePermission`, `dateCreated`, `dateUpdated`, `uid`) VALUES ('8', NULL, NULL, '2014-09-22 14:11:11', '2014-09-24 14:22:03', '409caa3b-ae8d-4290-a2f0-6337be313fc9');



--
-- Schema for table `di_systemsettings`
--

DROP TABLE IF EXISTS `di_systemsettings`;

CREATE TABLE `di_systemsettings` (
  `id` int(11) NOT NULL AUTO_INCREMENT,
  `category` varchar(15) COLLATE utf8_unicode_ci NOT NULL,
  `settings` text COLLATE utf8_unicode_ci,
  `dateCreated` datetime NOT NULL,
  `dateUpdated` datetime NOT NULL,
  `uid` char(36) COLLATE utf8_unicode_ci NOT NULL DEFAULT '0',
  PRIMARY KEY (`id`),
  UNIQUE KEY `di_systemsettings_category_unq_idx` (`category`)
) ENGINE=InnoDB AUTO_INCREMENT=2 DEFAULT CHARSET=utf8 COLLATE=utf8_unicode_ci;

--
-- Data for table `di_systemsettings`
--

INSERT INTO `di_systemsettings` (`id`, `category`, `settings`, `dateCreated`, `dateUpdated`, `uid`) VALUES ('1', 'email', '{\"protocol\":\"php\",\"emailAddress\":\"pwoods@gcdtech.com\",\"senderName\":\"Drop Inn\",\"template\":\"\"}', '2014-09-04 11:28:59', '2014-09-19 07:35:39', '0e898dc8-4af8-47a2-94fc-4292f04a6b26');



--
-- Schema for table `di_taggroups`
--

DROP TABLE IF EXISTS `di_taggroups`;

CREATE TABLE `di_taggroups` (
  `id` int(11) NOT NULL AUTO_INCREMENT,
  `name` varchar(255) COLLATE utf8_unicode_ci NOT NULL,
  `handle` varchar(255) COLLATE utf8_unicode_ci NOT NULL,
  `fieldLayoutId` int(10) DEFAULT NULL,
  `dateCreated` datetime NOT NULL,
  `dateUpdated` datetime NOT NULL,
  `uid` char(36) COLLATE utf8_unicode_ci NOT NULL DEFAULT '0',
  PRIMARY KEY (`id`),
  UNIQUE KEY `di_taggroups_name_unq_idx` (`name`),
  UNIQUE KEY `di_taggroups_handle_unq_idx` (`handle`),
  KEY `di_taggroups_fieldLayoutId_fk` (`fieldLayoutId`)
) ENGINE=InnoDB AUTO_INCREMENT=5 DEFAULT CHARSET=utf8 COLLATE=utf8_unicode_ci;

--
-- Data for table `di_taggroups`
--

INSERT INTO `di_taggroups` (`id`, `name`, `handle`, `fieldLayoutId`, `dateCreated`, `dateUpdated`, `uid`) VALUES ('4', 'Topic', 'topic', '310', '2014-09-23 11:30:43', '2014-09-23 11:30:43', 'db18e4af-9f68-4e6d-9529-3b3be530c1bd');



--
-- Schema for table `di_tags`
--

DROP TABLE IF EXISTS `di_tags`;

CREATE TABLE `di_tags` (
  `id` int(11) NOT NULL,
  `groupId` int(11) NOT NULL,
  `name` varchar(255) COLLATE utf8_unicode_ci NOT NULL,
  `dateCreated` datetime NOT NULL,
  `dateUpdated` datetime NOT NULL,
  `uid` char(36) COLLATE utf8_unicode_ci NOT NULL DEFAULT '0',
  PRIMARY KEY (`id`),
  UNIQUE KEY `di_tags_name_groupId_unq_idx` (`name`,`groupId`),
  KEY `di_tags_groupId_fk` (`groupId`)
) ENGINE=InnoDB DEFAULT CHARSET=utf8 COLLATE=utf8_unicode_ci;

--
-- Data for table `di_tags`
--

INSERT INTO `di_tags` (`id`, `groupId`, `name`, `dateCreated`, `dateUpdated`, `uid`) VALUES ('102', '4', 'Kingdom', '2014-09-23 11:32:07', '2014-09-23 11:32:07', '9759d65a-4034-4a2c-8add-9736a219f9a7');
INSERT INTO `di_tags` (`id`, `groupId`, `name`, `dateCreated`, `dateUpdated`, `uid`) VALUES ('103', '4', 'Luke', '2014-09-23 11:32:27', '2014-09-23 11:32:27', 'f86448b7-2f57-4aaf-8cf2-6744fe638e2f');
INSERT INTO `di_tags` (`id`, `groupId`, `name`, `dateCreated`, `dateUpdated`, `uid`) VALUES ('104', '4', 'Luke 12', '2014-09-23 11:32:32', '2014-09-23 11:32:32', 'd0f6b852-7085-45db-a759-4f5e5f4ccc31');
INSERT INTO `di_tags` (`id`, `groupId`, `name`, `dateCreated`, `dateUpdated`, `uid`) VALUES ('105', '4', 'Cake', '2014-09-23 11:33:09', '2014-09-23 11:33:09', '50444794-8caa-4255-8700-44f770f48d7e');



--
-- Schema for table `di_tasks`
--

DROP TABLE IF EXISTS `di_tasks`;

CREATE TABLE `di_tasks` (
  `id` int(11) NOT NULL AUTO_INCREMENT,
  `root` int(11) unsigned DEFAULT NULL,
  `lft` int(11) unsigned NOT NULL,
  `rgt` int(11) unsigned NOT NULL,
  `level` smallint(6) unsigned NOT NULL,
  `currentStep` int(11) unsigned DEFAULT NULL,
  `totalSteps` int(11) unsigned DEFAULT NULL,
  `status` enum('pending','error','running') COLLATE utf8_unicode_ci DEFAULT NULL,
  `type` varchar(150) COLLATE utf8_unicode_ci NOT NULL,
  `description` varchar(255) COLLATE utf8_unicode_ci DEFAULT NULL,
  `settings` text COLLATE utf8_unicode_ci,
  `dateCreated` datetime NOT NULL,
  `dateUpdated` datetime NOT NULL,
  `uid` char(36) COLLATE utf8_unicode_ci NOT NULL DEFAULT '0',
  PRIMARY KEY (`id`),
  KEY `di_tasks_root_idx` (`root`),
  KEY `di_tasks_lft_idx` (`lft`),
  KEY `di_tasks_rgt_idx` (`rgt`),
  KEY `di_tasks_level_idx` (`level`)
) ENGINE=InnoDB DEFAULT CHARSET=utf8 COLLATE=utf8_unicode_ci;

--
-- Schema for table `di_templatecachecriteria`
--

DROP TABLE IF EXISTS `di_templatecachecriteria`;

CREATE TABLE `di_templatecachecriteria` (
  `id` int(11) NOT NULL AUTO_INCREMENT,
  `cacheId` int(11) NOT NULL,
  `type` varchar(150) COLLATE utf8_unicode_ci NOT NULL,
  `criteria` text COLLATE utf8_unicode_ci NOT NULL,
  PRIMARY KEY (`id`),
  KEY `di_templatecachecriteria_cacheId_fk` (`cacheId`),
  KEY `di_templatecachecriteria_type_idx` (`type`)
) ENGINE=InnoDB DEFAULT CHARSET=utf8 COLLATE=utf8_unicode_ci;

--
-- Schema for table `di_templatecacheelements`
--

DROP TABLE IF EXISTS `di_templatecacheelements`;

CREATE TABLE `di_templatecacheelements` (
  `cacheId` int(11) NOT NULL,
  `elementId` int(11) NOT NULL,
  KEY `di_templatecacheelements_cacheId_fk` (`cacheId`),
  KEY `di_templatecacheelements_elementId_fk` (`elementId`)
) ENGINE=InnoDB DEFAULT CHARSET=utf8 COLLATE=utf8_unicode_ci;

--
-- Schema for table `di_templatecaches`
--

DROP TABLE IF EXISTS `di_templatecaches`;

CREATE TABLE `di_templatecaches` (
  `id` int(11) NOT NULL AUTO_INCREMENT,
  `cacheKey` varchar(255) COLLATE utf8_unicode_ci NOT NULL,
  `locale` char(12) COLLATE utf8_unicode_ci NOT NULL,
  `path` varchar(255) COLLATE utf8_unicode_ci DEFAULT NULL,
  `expiryDate` datetime NOT NULL,
  `body` mediumtext COLLATE utf8_unicode_ci NOT NULL,
  PRIMARY KEY (`id`),
  KEY `di_templatecaches_expiryDate_cacheKey_locale_path_idx` (`expiryDate`,`cacheKey`,`locale`,`path`),
  KEY `di_templatecaches_locale_fk` (`locale`)
) ENGINE=InnoDB DEFAULT CHARSET=utf8 COLLATE=utf8_unicode_ci;

--
-- Schema for table `di_tokens`
--

DROP TABLE IF EXISTS `di_tokens`;

CREATE TABLE `di_tokens` (
  `id` int(11) NOT NULL AUTO_INCREMENT,
  `token` char(32) COLLATE utf8_unicode_ci NOT NULL,
  `route` text COLLATE utf8_unicode_ci,
  `usageLimit` tinyint(3) unsigned DEFAULT NULL,
  `usageCount` tinyint(3) unsigned DEFAULT NULL,
  `expiryDate` datetime NOT NULL,
  `dateCreated` datetime NOT NULL,
  `dateUpdated` datetime NOT NULL,
  `uid` char(36) COLLATE utf8_unicode_ci NOT NULL DEFAULT '0',
  PRIMARY KEY (`id`),
  UNIQUE KEY `di_tokens_token_unq_idx` (`token`),
  KEY `di_tokens_expiryDate_idx` (`expiryDate`)
) ENGINE=InnoDB DEFAULT CHARSET=utf8 COLLATE=utf8_unicode_ci;

--
-- Schema for table `di_usergroups`
--

DROP TABLE IF EXISTS `di_usergroups`;

CREATE TABLE `di_usergroups` (
  `id` int(11) NOT NULL AUTO_INCREMENT,
  `name` varchar(255) COLLATE utf8_unicode_ci NOT NULL,
  `handle` varchar(255) COLLATE utf8_unicode_ci NOT NULL,
  `dateCreated` datetime NOT NULL,
  `dateUpdated` datetime NOT NULL,
  `uid` char(36) COLLATE utf8_unicode_ci NOT NULL DEFAULT '0',
  PRIMARY KEY (`id`)
) ENGINE=InnoDB AUTO_INCREMENT=2 DEFAULT CHARSET=utf8 COLLATE=utf8_unicode_ci;

--
-- Data for table `di_usergroups`
--

INSERT INTO `di_usergroups` (`id`, `name`, `handle`, `dateCreated`, `dateUpdated`, `uid`) VALUES ('1', 'Authors', 'authors', '2014-09-23 07:38:25', '2014-09-23 07:38:25', 'cd281eec-c5f2-4e7f-a7fa-73fc1dd6cd27');



--
-- Schema for table `di_usergroups_users`
--

DROP TABLE IF EXISTS `di_usergroups_users`;

CREATE TABLE `di_usergroups_users` (
  `id` int(11) NOT NULL AUTO_INCREMENT,
  `groupId` int(11) NOT NULL,
  `userId` int(11) NOT NULL,
  `dateCreated` datetime NOT NULL,
  `dateUpdated` datetime NOT NULL,
  `uid` char(36) COLLATE utf8_unicode_ci NOT NULL DEFAULT '0',
  PRIMARY KEY (`id`),
  UNIQUE KEY `di_usergroups_users_groupId_userId_unq_idx` (`groupId`,`userId`),
  KEY `di_usergroups_users_userId_fk` (`userId`)
) ENGINE=InnoDB DEFAULT CHARSET=utf8 COLLATE=utf8_unicode_ci;

--
-- Schema for table `di_userpermissions`
--

DROP TABLE IF EXISTS `di_userpermissions`;

CREATE TABLE `di_userpermissions` (
  `id` int(11) NOT NULL AUTO_INCREMENT,
  `name` varchar(255) COLLATE utf8_unicode_ci NOT NULL,
  `dateCreated` datetime NOT NULL,
  `dateUpdated` datetime NOT NULL,
  `uid` char(36) COLLATE utf8_unicode_ci NOT NULL DEFAULT '0',
  PRIMARY KEY (`id`),
  UNIQUE KEY `di_userpermissions_name_unq_idx` (`name`)
) ENGINE=InnoDB AUTO_INCREMENT=27 DEFAULT CHARSET=utf8 COLLATE=utf8_unicode_ci;

--
-- Data for table `di_userpermissions`
--

INSERT INTO `di_userpermissions` (`id`, `name`, `dateCreated`, `dateUpdated`, `uid`) VALUES ('1', 'accesssitewhensystemisoff', '2014-09-23 07:38:25', '2014-09-23 07:38:25', 'cf5bef9c-5ece-4997-91b3-bbb0230e284c');
INSERT INTO `di_userpermissions` (`id`, `name`, `dateCreated`, `dateUpdated`, `uid`) VALUES ('2', 'editentries:11', '2014-09-23 07:38:25', '2014-09-23 07:38:25', '0b078aee-489c-4715-84b5-991b3f0ccd0d');
INSERT INTO `di_userpermissions` (`id`, `name`, `dateCreated`, `dateUpdated`, `uid`) VALUES ('3', 'createentries:11', '2014-09-23 07:38:25', '2014-09-23 07:38:25', 'e0626a06-1c1f-43b5-bf97-e44d7234d8c8');
INSERT INTO `di_userpermissions` (`id`, `name`, `dateCreated`, `dateUpdated`, `uid`) VALUES ('4', 'publishentries:11', '2014-09-23 07:38:25', '2014-09-23 07:38:25', 'a549ab46-dcd3-4613-b293-2bdbdca2ec81');
INSERT INTO `di_userpermissions` (`id`, `name`, `dateCreated`, `dateUpdated`, `uid`) VALUES ('5', 'editentries:5', '2014-09-23 07:38:25', '2014-09-23 07:38:25', 'f2f1abe1-74cb-4a01-adaa-058dae09f297');
INSERT INTO `di_userpermissions` (`id`, `name`, `dateCreated`, `dateUpdated`, `uid`) VALUES ('6', 'editentries:8', '2014-09-23 07:38:25', '2014-09-23 07:38:25', '72505af7-37f9-4f3b-bb9a-bf3fa0c61021');
INSERT INTO `di_userpermissions` (`id`, `name`, `dateCreated`, `dateUpdated`, `uid`) VALUES ('7', 'createentries:8', '2014-09-23 07:38:25', '2014-09-23 07:38:25', '8ab4a68a-3e42-4733-88ae-4935de21c9c8');
INSERT INTO `di_userpermissions` (`id`, `name`, `dateCreated`, `dateUpdated`, `uid`) VALUES ('8', 'publishentries:8', '2014-09-23 07:38:25', '2014-09-23 07:38:25', '622478b2-f679-40d4-99fb-0323f5c90818');
INSERT INTO `di_userpermissions` (`id`, `name`, `dateCreated`, `dateUpdated`, `uid`) VALUES ('9', 'editentries:1', '2014-09-23 07:38:25', '2014-09-23 07:38:25', 'ceff1244-2a8d-43c2-b2d6-4a0271b653f4');
INSERT INTO `di_userpermissions` (`id`, `name`, `dateCreated`, `dateUpdated`, `uid`) VALUES ('10', 'editentries:7', '2014-09-23 07:38:25', '2014-09-23 07:38:25', '5fd6b503-b2ae-41a0-910b-7995c23ec578');
INSERT INTO `di_userpermissions` (`id`, `name`, `dateCreated`, `dateUpdated`, `uid`) VALUES ('11', 'createentries:7', '2014-09-23 07:38:25', '2014-09-23 07:38:25', '3561b681-3c9a-4f27-9f3c-227db93e1243');
INSERT INTO `di_userpermissions` (`id`, `name`, `dateCreated`, `dateUpdated`, `uid`) VALUES ('12', 'publishentries:7', '2014-09-23 07:38:25', '2014-09-23 07:38:25', '2b03c677-c825-4b83-8378-341ab43c3b96');
INSERT INTO `di_userpermissions` (`id`, `name`, `dateCreated`, `dateUpdated`, `uid`) VALUES ('13', 'editentries:2', '2014-09-23 07:38:25', '2014-09-23 07:38:25', '13404a8b-f970-46b4-8153-ceda00fc87ba');
INSERT INTO `di_userpermissions` (`id`, `name`, `dateCreated`, `dateUpdated`, `uid`) VALUES ('14', 'createentries:2', '2014-09-23 07:38:25', '2014-09-23 07:38:25', 'ccc8bc19-e1cc-4ac8-a07b-17a1e185bca4');
INSERT INTO `di_userpermissions` (`id`, `name`, `dateCreated`, `dateUpdated`, `uid`) VALUES ('15', 'publishentries:2', '2014-09-23 07:38:25', '2014-09-23 07:38:25', 'b3532ddd-8825-4e38-ad3a-98aa2fb998b2');
INSERT INTO `di_userpermissions` (`id`, `name`, `dateCreated`, `dateUpdated`, `uid`) VALUES ('16', 'editentries:10', '2014-09-23 07:38:25', '2014-09-23 07:38:25', '76d81ffb-2baf-4332-95b1-970cf3c99e1a');
INSERT INTO `di_userpermissions` (`id`, `name`, `dateCreated`, `dateUpdated`, `uid`) VALUES ('17', 'createentries:10', '2014-09-23 07:38:25', '2014-09-23 07:38:25', '6c5c4596-f244-4356-a773-a3dcff2cf939');
INSERT INTO `di_userpermissions` (`id`, `name`, `dateCreated`, `dateUpdated`, `uid`) VALUES ('18', 'publishentries:10', '2014-09-23 07:38:25', '2014-09-23 07:38:25', 'cb6b95d0-fa91-4966-b7a9-598ff529e8a7');
INSERT INTO `di_userpermissions` (`id`, `name`, `dateCreated`, `dateUpdated`, `uid`) VALUES ('19', 'editcategories:1', '2014-09-23 07:38:25', '2014-09-23 07:38:25', 'f0697a91-45f6-409d-badd-e98168a60d74');
INSERT INTO `di_userpermissions` (`id`, `name`, `dateCreated`, `dateUpdated`, `uid`) VALUES ('20', 'editcategories:3', '2014-09-23 07:38:25', '2014-09-23 07:38:25', 'f7e2c278-5514-4cc2-80a2-f528daf913ab');
INSERT INTO `di_userpermissions` (`id`, `name`, `dateCreated`, `dateUpdated`, `uid`) VALUES ('21', 'editcategories:2', '2014-09-23 07:38:25', '2014-09-23 07:38:25', '59db30df-4189-49bb-a782-332484f7fc0c');
INSERT INTO `di_userpermissions` (`id`, `name`, `dateCreated`, `dateUpdated`, `uid`) VALUES ('22', 'editcategories:6', '2014-09-23 07:38:25', '2014-09-23 07:38:25', '8993fdce-5cd4-49e1-8155-8374fbc787d3');
INSERT INTO `di_userpermissions` (`id`, `name`, `dateCreated`, `dateUpdated`, `uid`) VALUES ('23', 'editcategories:5', '2014-09-23 07:38:25', '2014-09-23 07:38:25', '53f9e551-967c-4377-8b15-b6395a28b939');
INSERT INTO `di_userpermissions` (`id`, `name`, `dateCreated`, `dateUpdated`, `uid`) VALUES ('24', 'viewassetsource:1', '2014-09-23 07:38:25', '2014-09-23 07:38:25', '11b1999a-3566-41b7-a7a7-4b868dc42a5d');
INSERT INTO `di_userpermissions` (`id`, `name`, `dateCreated`, `dateUpdated`, `uid`) VALUES ('25', 'uploadtoassetsource:1', '2014-09-23 07:38:25', '2014-09-23 07:38:25', 'efbe2393-a32f-4766-bea0-9f857550c8af');
INSERT INTO `di_userpermissions` (`id`, `name`, `dateCreated`, `dateUpdated`, `uid`) VALUES ('26', 'createsubfoldersinassetsource:1', '2014-09-23 07:38:25', '2014-09-23 07:38:25', '7fa2b6c6-7f7c-4ac0-9358-47c0ac53d16e');



--
-- Schema for table `di_userpermissions_usergroups`
--

DROP TABLE IF EXISTS `di_userpermissions_usergroups`;

CREATE TABLE `di_userpermissions_usergroups` (
  `id` int(11) NOT NULL AUTO_INCREMENT,
  `permissionId` int(11) NOT NULL,
  `groupId` int(11) NOT NULL,
  `dateCreated` datetime NOT NULL,
  `dateUpdated` datetime NOT NULL,
  `uid` char(36) COLLATE utf8_unicode_ci NOT NULL DEFAULT '0',
  PRIMARY KEY (`id`),
  UNIQUE KEY `di_userpermissions_usergroups_permissionId_groupId_unq_idx` (`permissionId`,`groupId`),
  KEY `di_userpermissions_usergroups_groupId_fk` (`groupId`)
) ENGINE=InnoDB AUTO_INCREMENT=27 DEFAULT CHARSET=utf8 COLLATE=utf8_unicode_ci;

--
-- Data for table `di_userpermissions_usergroups`
--

INSERT INTO `di_userpermissions_usergroups` (`id`, `permissionId`, `groupId`, `dateCreated`, `dateUpdated`, `uid`) VALUES ('1', '1', '1', '2014-09-23 07:38:25', '2014-09-23 07:38:25', 'c433c1d8-08fd-4539-9381-6debcd54a4ac');
INSERT INTO `di_userpermissions_usergroups` (`id`, `permissionId`, `groupId`, `dateCreated`, `dateUpdated`, `uid`) VALUES ('2', '2', '1', '2014-09-23 07:38:25', '2014-09-23 07:38:25', '2f89170d-9fca-4343-911a-c3f31f3ace04');
INSERT INTO `di_userpermissions_usergroups` (`id`, `permissionId`, `groupId`, `dateCreated`, `dateUpdated`, `uid`) VALUES ('3', '3', '1', '2014-09-23 07:38:25', '2014-09-23 07:38:25', 'ef26f7fb-9858-465d-ae8a-177a2e459841');
INSERT INTO `di_userpermissions_usergroups` (`id`, `permissionId`, `groupId`, `dateCreated`, `dateUpdated`, `uid`) VALUES ('4', '4', '1', '2014-09-23 07:38:25', '2014-09-23 07:38:25', 'fffc02b7-7da2-457a-9fd4-b180355e3116');
INSERT INTO `di_userpermissions_usergroups` (`id`, `permissionId`, `groupId`, `dateCreated`, `dateUpdated`, `uid`) VALUES ('5', '5', '1', '2014-09-23 07:38:25', '2014-09-23 07:38:25', '98c95fef-2604-40f3-88c7-2075c2aa008d');
INSERT INTO `di_userpermissions_usergroups` (`id`, `permissionId`, `groupId`, `dateCreated`, `dateUpdated`, `uid`) VALUES ('6', '6', '1', '2014-09-23 07:38:25', '2014-09-23 07:38:25', 'aac47cc4-2b64-4192-9ca6-e178cc0d9102');
INSERT INTO `di_userpermissions_usergroups` (`id`, `permissionId`, `groupId`, `dateCreated`, `dateUpdated`, `uid`) VALUES ('7', '7', '1', '2014-09-23 07:38:25', '2014-09-23 07:38:25', 'ce99eb11-7b2f-4eaa-8108-dd2d8f4545eb');
INSERT INTO `di_userpermissions_usergroups` (`id`, `permissionId`, `groupId`, `dateCreated`, `dateUpdated`, `uid`) VALUES ('8', '8', '1', '2014-09-23 07:38:25', '2014-09-23 07:38:25', 'ed2cd898-4bdb-4bfd-824a-b93a3b66d777');
INSERT INTO `di_userpermissions_usergroups` (`id`, `permissionId`, `groupId`, `dateCreated`, `dateUpdated`, `uid`) VALUES ('9', '9', '1', '2014-09-23 07:38:25', '2014-09-23 07:38:25', '8335122c-6a98-4a3b-ad54-b87326625ff0');
INSERT INTO `di_userpermissions_usergroups` (`id`, `permissionId`, `groupId`, `dateCreated`, `dateUpdated`, `uid`) VALUES ('10', '10', '1', '2014-09-23 07:38:25', '2014-09-23 07:38:25', '56f4fd9c-ac09-4971-a0c5-fd8c5986b39c');
INSERT INTO `di_userpermissions_usergroups` (`id`, `permissionId`, `groupId`, `dateCreated`, `dateUpdated`, `uid`) VALUES ('11', '11', '1', '2014-09-23 07:38:25', '2014-09-23 07:38:25', '65dff875-3963-4be6-9407-a00c89c3e151');
INSERT INTO `di_userpermissions_usergroups` (`id`, `permissionId`, `groupId`, `dateCreated`, `dateUpdated`, `uid`) VALUES ('12', '12', '1', '2014-09-23 07:38:25', '2014-09-23 07:38:25', 'c4777eea-c007-49b5-b502-3cdbcbd19724');
INSERT INTO `di_userpermissions_usergroups` (`id`, `permissionId`, `groupId`, `dateCreated`, `dateUpdated`, `uid`) VALUES ('13', '13', '1', '2014-09-23 07:38:25', '2014-09-23 07:38:25', '937854ce-6b41-49e0-917c-4acaed2cab89');
INSERT INTO `di_userpermissions_usergroups` (`id`, `permissionId`, `groupId`, `dateCreated`, `dateUpdated`, `uid`) VALUES ('14', '14', '1', '2014-09-23 07:38:25', '2014-09-23 07:38:25', '8d76df05-9e0e-420e-8ac3-25490a2018c8');
INSERT INTO `di_userpermissions_usergroups` (`id`, `permissionId`, `groupId`, `dateCreated`, `dateUpdated`, `uid`) VALUES ('15', '15', '1', '2014-09-23 07:38:25', '2014-09-23 07:38:25', 'eaebda48-b27d-45b8-8e40-46bdfbdf90ea');
INSERT INTO `di_userpermissions_usergroups` (`id`, `permissionId`, `groupId`, `dateCreated`, `dateUpdated`, `uid`) VALUES ('16', '16', '1', '2014-09-23 07:38:25', '2014-09-23 07:38:25', '515ae0c8-016a-491f-81d8-773c57f8e2db');
INSERT INTO `di_userpermissions_usergroups` (`id`, `permissionId`, `groupId`, `dateCreated`, `dateUpdated`, `uid`) VALUES ('17', '17', '1', '2014-09-23 07:38:25', '2014-09-23 07:38:25', '787dd5bf-c0f8-4b8d-a0ad-a877c9afaa79');
INSERT INTO `di_userpermissions_usergroups` (`id`, `permissionId`, `groupId`, `dateCreated`, `dateUpdated`, `uid`) VALUES ('18', '18', '1', '2014-09-23 07:38:25', '2014-09-23 07:38:25', '74525c1a-53db-4b69-84e7-e8837b4925e4');
INSERT INTO `di_userpermissions_usergroups` (`id`, `permissionId`, `groupId`, `dateCreated`, `dateUpdated`, `uid`) VALUES ('19', '19', '1', '2014-09-23 07:38:25', '2014-09-23 07:38:25', '0ccbc797-7efb-4c1e-8ff6-91a378d9bf3c');
INSERT INTO `di_userpermissions_usergroups` (`id`, `permissionId`, `groupId`, `dateCreated`, `dateUpdated`, `uid`) VALUES ('20', '20', '1', '2014-09-23 07:38:25', '2014-09-23 07:38:25', '2dc33eb0-277d-446b-a88a-154f77a8c9b3');
INSERT INTO `di_userpermissions_usergroups` (`id`, `permissionId`, `groupId`, `dateCreated`, `dateUpdated`, `uid`) VALUES ('21', '21', '1', '2014-09-23 07:38:25', '2014-09-23 07:38:25', '7e0264b5-d994-40e0-9faf-04de2afc3a6e');
INSERT INTO `di_userpermissions_usergroups` (`id`, `permissionId`, `groupId`, `dateCreated`, `dateUpdated`, `uid`) VALUES ('22', '22', '1', '2014-09-23 07:38:25', '2014-09-23 07:38:25', '11411527-5cc0-4154-bce0-9f74afe15130');
INSERT INTO `di_userpermissions_usergroups` (`id`, `permissionId`, `groupId`, `dateCreated`, `dateUpdated`, `uid`) VALUES ('23', '23', '1', '2014-09-23 07:38:25', '2014-09-23 07:38:25', '9c607130-323f-4214-b118-726b7102b7e5');
INSERT INTO `di_userpermissions_usergroups` (`id`, `permissionId`, `groupId`, `dateCreated`, `dateUpdated`, `uid`) VALUES ('24', '24', '1', '2014-09-23 07:38:25', '2014-09-23 07:38:25', '0821d87f-7c8e-4c13-b89e-da450704e78d');
INSERT INTO `di_userpermissions_usergroups` (`id`, `permissionId`, `groupId`, `dateCreated`, `dateUpdated`, `uid`) VALUES ('25', '25', '1', '2014-09-23 07:38:25', '2014-09-23 07:38:25', 'b902997b-ad38-41ab-aae0-c17f91c0a190');
INSERT INTO `di_userpermissions_usergroups` (`id`, `permissionId`, `groupId`, `dateCreated`, `dateUpdated`, `uid`) VALUES ('26', '26', '1', '2014-09-23 07:38:25', '2014-09-23 07:38:25', 'bffb0760-cf53-4d09-82c9-1dbec6b798d8');



--
-- Schema for table `di_userpermissions_users`
--

DROP TABLE IF EXISTS `di_userpermissions_users`;

CREATE TABLE `di_userpermissions_users` (
  `id` int(11) NOT NULL AUTO_INCREMENT,
  `permissionId` int(11) NOT NULL,
  `userId` int(11) NOT NULL,
  `dateCreated` datetime NOT NULL,
  `dateUpdated` datetime NOT NULL,
  `uid` char(36) COLLATE utf8_unicode_ci NOT NULL DEFAULT '0',
  PRIMARY KEY (`id`),
  UNIQUE KEY `di_userpermissions_users_permissionId_userId_unq_idx` (`permissionId`,`userId`),
  KEY `di_userpermissions_users_userId_fk` (`userId`)
) ENGINE=InnoDB DEFAULT CHARSET=utf8 COLLATE=utf8_unicode_ci;

--
-- Schema for table `di_users`
--

DROP TABLE IF EXISTS `di_users`;

CREATE TABLE `di_users` (
  `id` int(11) NOT NULL,
  `username` varchar(100) COLLATE utf8_unicode_ci NOT NULL,
  `photo` varchar(50) COLLATE utf8_unicode_ci DEFAULT NULL,
  `firstName` varchar(100) COLLATE utf8_unicode_ci DEFAULT NULL,
  `lastName` varchar(100) COLLATE utf8_unicode_ci DEFAULT NULL,
  `email` varchar(255) COLLATE utf8_unicode_ci NOT NULL,
  `password` char(255) COLLATE utf8_unicode_ci DEFAULT NULL,
  `preferredLocale` char(12) COLLATE utf8_unicode_ci DEFAULT NULL,
  `admin` tinyint(1) unsigned NOT NULL DEFAULT '0',
  `client` tinyint(1) unsigned NOT NULL DEFAULT '0',
  `status` enum('active','locked','suspended','pending','archived') COLLATE utf8_unicode_ci DEFAULT 'pending',
  `lastLoginDate` datetime DEFAULT NULL,
  `lastLoginAttemptIPAddress` varchar(45) COLLATE utf8_unicode_ci DEFAULT NULL,
  `invalidLoginWindowStart` datetime DEFAULT NULL,
  `invalidLoginCount` tinyint(4) unsigned DEFAULT NULL,
  `lastInvalidLoginDate` datetime DEFAULT NULL,
  `lockoutDate` datetime DEFAULT NULL,
  `verificationCode` char(100) COLLATE utf8_unicode_ci DEFAULT NULL,
  `verificationCodeIssuedDate` datetime DEFAULT NULL,
  `unverifiedEmail` varchar(255) COLLATE utf8_unicode_ci DEFAULT NULL,
  `passwordResetRequired` tinyint(1) unsigned NOT NULL DEFAULT '0',
  `lastPasswordChangeDate` datetime DEFAULT NULL,
  `dateCreated` datetime NOT NULL,
  `dateUpdated` datetime NOT NULL,
  `uid` char(36) COLLATE utf8_unicode_ci NOT NULL DEFAULT '0',
  PRIMARY KEY (`id`),
  UNIQUE KEY `di_users_username_unq_idx` (`username`),
  UNIQUE KEY `di_users_email_unq_idx` (`email`),
  KEY `di_users_verificationCode_idx` (`verificationCode`),
  KEY `di_users_uid_idx` (`uid`),
  KEY `di_users_preferredLocale_fk` (`preferredLocale`)
) ENGINE=InnoDB DEFAULT CHARSET=utf8 COLLATE=utf8_unicode_ci;

--
-- Data for table `di_users`
--

INSERT INTO `di_users` (`id`, `username`, `photo`, `firstName`, `lastName`, `email`, `password`, `preferredLocale`, `admin`, `client`, `status`, `lastLoginDate`, `lastLoginAttemptIPAddress`, `invalidLoginWindowStart`, `invalidLoginCount`, `lastInvalidLoginDate`, `lockoutDate`, `verificationCode`, `verificationCodeIssuedDate`, `unverifiedEmail`, `passwordResetRequired`, `lastPasswordChangeDate`, `dateCreated`, `dateUpdated`, `uid`) VALUES ('1', 'pwoods', NULL, 'Paul', 'Woods', 'pwoods@gcdtech.com', '$2a$13$yCHHP2czP2kQVQx6FRgpy.2yCRbhsDBtFcpDE.1vPho4s430Rj5gO', NULL, '1', '0', 'active', '2014-09-29 13:28:16', '127.0.0.1', NULL, NULL, NULL, NULL, NULL, NULL, NULL, '0', '2014-09-04 11:28:58', '2014-09-04 11:28:58', '2014-09-29 13:28:16', 'ebab63cf-3111-4d69-b1e2-b1fa2414c81f');



--
-- Schema for table `di_widgets`
--

DROP TABLE IF EXISTS `di_widgets`;

CREATE TABLE `di_widgets` (
  `id` int(11) NOT NULL AUTO_INCREMENT,
  `userId` int(11) NOT NULL,
  `type` varchar(150) COLLATE utf8_unicode_ci NOT NULL,
  `sortOrder` tinyint(4) DEFAULT NULL,
  `settings` text COLLATE utf8_unicode_ci,
  `enabled` tinyint(1) unsigned NOT NULL DEFAULT '1',
  `dateCreated` datetime NOT NULL,
  `dateUpdated` datetime NOT NULL,
  `uid` char(36) COLLATE utf8_unicode_ci NOT NULL DEFAULT '0',
  PRIMARY KEY (`id`),
  KEY `di_widgets_userId_fk` (`userId`)
) ENGINE=InnoDB AUTO_INCREMENT=7 DEFAULT CHARSET=utf8 COLLATE=utf8_unicode_ci;

--
-- Data for table `di_widgets`
--

INSERT INTO `di_widgets` (`id`, `userId`, `type`, `sortOrder`, `settings`, `enabled`, `dateCreated`, `dateUpdated`, `uid`) VALUES ('1', '1', 'QuickPost', '1', '{\"section\":\"2\",\"entryType\":\"\",\"fields\":[\"16\",\"34\"]}', '1', '2014-09-04 11:29:01', '2014-09-18 15:03:55', '5109ebf5-2b9a-4ee1-8835-d1e50e9c27a9');
INSERT INTO `di_widgets` (`id`, `userId`, `type`, `sortOrder`, `settings`, `enabled`, `dateCreated`, `dateUpdated`, `uid`) VALUES ('2', '1', 'RecentEntries', '2', NULL, '1', '2014-09-04 11:29:01', '2014-09-04 11:29:01', 'c3d3b88e-8284-4e62-9a69-636f64bc73c0');
INSERT INTO `di_widgets` (`id`, `userId`, `type`, `sortOrder`, `settings`, `enabled`, `dateCreated`, `dateUpdated`, `uid`) VALUES ('3', '1', 'GetHelp', '3', NULL, '1', '2014-09-04 11:29:01', '2014-09-04 11:29:01', 'd4427589-70a1-4101-9597-55dcaef5f9f4');
INSERT INTO `di_widgets` (`id`, `userId`, `type`, `sortOrder`, `settings`, `enabled`, `dateCreated`, `dateUpdated`, `uid`) VALUES ('4', '1', 'Updates', '4', NULL, '1', '2014-09-04 11:29:01', '2014-09-04 11:29:01', '500e495d-d0be-4cf1-8582-f64619a55a85');
INSERT INTO `di_widgets` (`id`, `userId`, `type`, `sortOrder`, `settings`, `enabled`, `dateCreated`, `dateUpdated`, `uid`) VALUES ('5', '1', 'Feed', '5', '{\"url\":\"http:\\/\\/feeds.feedburner.com\\/blogandtonic\",\"title\":\"Blog & Tonic\",\"limit\":\"5\"}', '1', '2014-09-04 11:29:01', '2014-09-18 15:00:42', '110fb220-07de-4a91-a3ae-90a5689c4b53');
INSERT INTO `di_widgets` (`id`, `userId`, `type`, `sortOrder`, `settings`, `enabled`, `dateCreated`, `dateUpdated`, `uid`) VALUES ('6', '1', 'QuickPost', '6', '{\"section\":\"8\",\"entryType\":\"\",\"fields\":[\"16\",\"29\",\"32\",\"34\",\"30\",\"31\",\"47\",\"14\"]}', '1', '2014-09-18 15:02:18', '2014-09-18 15:04:24', 'e6764e6a-fd3f-43a4-a3d2-e6a2dc619677');


--
-- Constraints for tables
--


--
-- Constraints for table `di_assetfiles`
--
ALTER TABLE `di_assetfiles`
	ADD CONSTRAINT `di_assetfiles_folderId_fk` FOREIGN KEY (`folderId`) REFERENCES `di_assetfolders` (`id`) ON DELETE CASCADE,
	ADD CONSTRAINT `di_assetfiles_id_fk` FOREIGN KEY (`id`) REFERENCES `di_elements` (`id`) ON DELETE CASCADE,
	ADD CONSTRAINT `di_assetfiles_sourceId_fk` FOREIGN KEY (`sourceId`) REFERENCES `di_assetsources` (`id`) ON DELETE CASCADE;

--
-- Constraints for table `di_assetfolders`
--
ALTER TABLE `di_assetfolders`
	ADD CONSTRAINT `di_assetfolders_parentId_fk` FOREIGN KEY (`parentId`) REFERENCES `di_assetfolders` (`id`) ON DELETE CASCADE,
	ADD CONSTRAINT `di_assetfolders_sourceId_fk` FOREIGN KEY (`sourceId`) REFERENCES `di_assetsources` (`id`) ON DELETE CASCADE;

--
-- Constraints for table `di_assetindexdata`
--
ALTER TABLE `di_assetindexdata`
	ADD CONSTRAINT `di_assetindexdata_sourceId_fk` FOREIGN KEY (`sourceId`) REFERENCES `di_assetsources` (`id`) ON DELETE CASCADE;

--
-- Constraints for table `di_assetsources`
--
ALTER TABLE `di_assetsources`
	ADD CONSTRAINT `di_assetsources_fieldLayoutId_fk` FOREIGN KEY (`fieldLayoutId`) REFERENCES `di_fieldlayouts` (`id`) ON DELETE SET NULL;

--
-- Constraints for table `di_categories`
--
ALTER TABLE `di_categories`
	ADD CONSTRAINT `di_categories_groupId_fk` FOREIGN KEY (`groupId`) REFERENCES `di_categorygroups` (`id`) ON DELETE CASCADE,
	ADD CONSTRAINT `di_categories_id_fk` FOREIGN KEY (`id`) REFERENCES `di_elements` (`id`) ON DELETE CASCADE;

--
-- Constraints for table `di_categorygroups`
--
ALTER TABLE `di_categorygroups`
	ADD CONSTRAINT `di_categorygroups_fieldLayoutId_fk` FOREIGN KEY (`fieldLayoutId`) REFERENCES `di_fieldlayouts` (`id`) ON DELETE SET NULL,
	ADD CONSTRAINT `di_categorygroups_structureId_fk` FOREIGN KEY (`structureId`) REFERENCES `di_structures` (`id`) ON DELETE CASCADE;

--
-- Constraints for table `di_categorygroups_i18n`
--
ALTER TABLE `di_categorygroups_i18n`
	ADD CONSTRAINT `di_categorygroups_i18n_groupId_fk` FOREIGN KEY (`groupId`) REFERENCES `di_categorygroups` (`id`) ON DELETE CASCADE,
	ADD CONSTRAINT `di_categorygroups_i18n_locale_fk` FOREIGN KEY (`locale`) REFERENCES `di_locales` (`locale`) ON DELETE CASCADE ON UPDATE CASCADE;

--
-- Constraints for table `di_content`
--
ALTER TABLE `di_content`
	ADD CONSTRAINT `di_content_elementId_fk` FOREIGN KEY (`elementId`) REFERENCES `di_elements` (`id`) ON DELETE CASCADE,
	ADD CONSTRAINT `di_content_locale_fk` FOREIGN KEY (`locale`) REFERENCES `di_locales` (`locale`) ON DELETE CASCADE ON UPDATE CASCADE;

--
-- Constraints for table `di_elements_i18n`
--
ALTER TABLE `di_elements_i18n`
	ADD CONSTRAINT `di_elements_i18n_elementId_fk` FOREIGN KEY (`elementId`) REFERENCES `di_elements` (`id`) ON DELETE CASCADE,
	ADD CONSTRAINT `di_elements_i18n_locale_fk` FOREIGN KEY (`locale`) REFERENCES `di_locales` (`locale`) ON DELETE CASCADE ON UPDATE CASCADE;

--
-- Constraints for table `di_emailmessages`
--
ALTER TABLE `di_emailmessages`
	ADD CONSTRAINT `di_emailmessages_locale_fk` FOREIGN KEY (`locale`) REFERENCES `di_locales` (`locale`) ON DELETE CASCADE ON UPDATE CASCADE;

--
-- Constraints for table `di_entries`
--
ALTER TABLE `di_entries`
	ADD CONSTRAINT `di_entries_authorId_fk` FOREIGN KEY (`authorId`) REFERENCES `di_users` (`id`) ON DELETE CASCADE,
	ADD CONSTRAINT `di_entries_id_fk` FOREIGN KEY (`id`) REFERENCES `di_elements` (`id`) ON DELETE CASCADE,
	ADD CONSTRAINT `di_entries_sectionId_fk` FOREIGN KEY (`sectionId`) REFERENCES `di_sections` (`id`) ON DELETE CASCADE,
	ADD CONSTRAINT `di_entries_typeId_fk` FOREIGN KEY (`typeId`) REFERENCES `di_entrytypes` (`id`) ON DELETE CASCADE;

--
-- Constraints for table `di_entrydrafts`
--
ALTER TABLE `di_entrydrafts`
	ADD CONSTRAINT `di_entrydrafts_creatorId_fk` FOREIGN KEY (`creatorId`) REFERENCES `di_users` (`id`) ON DELETE CASCADE,
	ADD CONSTRAINT `di_entrydrafts_entryId_fk` FOREIGN KEY (`entryId`) REFERENCES `di_entries` (`id`) ON DELETE CASCADE,
	ADD CONSTRAINT `di_entrydrafts_locale_fk` FOREIGN KEY (`locale`) REFERENCES `di_locales` (`locale`) ON DELETE CASCADE ON UPDATE CASCADE,
	ADD CONSTRAINT `di_entrydrafts_sectionId_fk` FOREIGN KEY (`sectionId`) REFERENCES `di_sections` (`id`) ON DELETE CASCADE;

--
-- Constraints for table `di_entrytypes`
--
ALTER TABLE `di_entrytypes`
	ADD CONSTRAINT `di_entrytypes_fieldLayoutId_fk` FOREIGN KEY (`fieldLayoutId`) REFERENCES `di_fieldlayouts` (`id`) ON DELETE SET NULL,
	ADD CONSTRAINT `di_entrytypes_sectionId_fk` FOREIGN KEY (`sectionId`) REFERENCES `di_sections` (`id`) ON DELETE CASCADE;

--
-- Constraints for table `di_entryversions`
--
ALTER TABLE `di_entryversions`
	ADD CONSTRAINT `di_entryversions_creatorId_fk` FOREIGN KEY (`creatorId`) REFERENCES `di_users` (`id`) ON DELETE SET NULL,
	ADD CONSTRAINT `di_entryversions_entryId_fk` FOREIGN KEY (`entryId`) REFERENCES `di_entries` (`id`) ON DELETE CASCADE,
	ADD CONSTRAINT `di_entryversions_locale_fk` FOREIGN KEY (`locale`) REFERENCES `di_locales` (`locale`) ON DELETE CASCADE ON UPDATE CASCADE,
	ADD CONSTRAINT `di_entryversions_sectionId_fk` FOREIGN KEY (`sectionId`) REFERENCES `di_sections` (`id`) ON DELETE CASCADE;

--
-- Constraints for table `di_fieldlayoutfields`
--
ALTER TABLE `di_fieldlayoutfields`
	ADD CONSTRAINT `di_fieldlayoutfields_fieldId_fk` FOREIGN KEY (`fieldId`) REFERENCES `di_fields` (`id`) ON DELETE CASCADE,
	ADD CONSTRAINT `di_fieldlayoutfields_layoutId_fk` FOREIGN KEY (`layoutId`) REFERENCES `di_fieldlayouts` (`id`) ON DELETE CASCADE,
	ADD CONSTRAINT `di_fieldlayoutfields_tabId_fk` FOREIGN KEY (`tabId`) REFERENCES `di_fieldlayouttabs` (`id`) ON DELETE CASCADE;

--
-- Constraints for table `di_fieldlayouttabs`
--
ALTER TABLE `di_fieldlayouttabs`
	ADD CONSTRAINT `di_fieldlayouttabs_layoutId_fk` FOREIGN KEY (`layoutId`) REFERENCES `di_fieldlayouts` (`id`) ON DELETE CASCADE;

--
-- Constraints for table `di_fields`
--
ALTER TABLE `di_fields`
	ADD CONSTRAINT `di_fields_groupId_fk` FOREIGN KEY (`groupId`) REFERENCES `di_fieldgroups` (`id`) ON DELETE CASCADE;

--
-- Constraints for table `di_globalsets`
--
ALTER TABLE `di_globalsets`
	ADD CONSTRAINT `di_globalsets_fieldLayoutId_fk` FOREIGN KEY (`fieldLayoutId`) REFERENCES `di_fieldlayouts` (`id`) ON DELETE SET NULL,
	ADD CONSTRAINT `di_globalsets_id_fk` FOREIGN KEY (`id`) REFERENCES `di_elements` (`id`) ON DELETE CASCADE;

--
-- Constraints for table `di_googlemaps_locations`
--
ALTER TABLE `di_googlemaps_locations`
	ADD CONSTRAINT `di_googlemaps_locations_elementId_fk` FOREIGN KEY (`elementId`) REFERENCES `di_elements` (`id`) ON DELETE CASCADE;

--
-- Constraints for table `di_matrixblocks`
--
ALTER TABLE `di_matrixblocks`
	ADD CONSTRAINT `di_matrixblocks_fieldId_fk` FOREIGN KEY (`fieldId`) REFERENCES `di_fields` (`id`) ON DELETE CASCADE,
	ADD CONSTRAINT `di_matrixblocks_id_fk` FOREIGN KEY (`id`) REFERENCES `di_elements` (`id`) ON DELETE CASCADE,
	ADD CONSTRAINT `di_matrixblocks_ownerId_fk` FOREIGN KEY (`ownerId`) REFERENCES `di_elements` (`id`) ON DELETE CASCADE,
	ADD CONSTRAINT `di_matrixblocks_ownerLocale_fk` FOREIGN KEY (`ownerLocale`) REFERENCES `di_locales` (`locale`) ON DELETE CASCADE ON UPDATE CASCADE,
	ADD CONSTRAINT `di_matrixblocks_typeId_fk` FOREIGN KEY (`typeId`) REFERENCES `di_matrixblocktypes` (`id`) ON DELETE CASCADE;

--
-- Constraints for table `di_matrixblocktypes`
--
ALTER TABLE `di_matrixblocktypes`
	ADD CONSTRAINT `di_matrixblocktypes_fieldId_fk` FOREIGN KEY (`fieldId`) REFERENCES `di_fields` (`id`) ON DELETE CASCADE,
	ADD CONSTRAINT `di_matrixblocktypes_fieldLayoutId_fk` FOREIGN KEY (`fieldLayoutId`) REFERENCES `di_fieldlayouts` (`id`) ON DELETE SET NULL;

--
-- Constraints for table `di_matrixcontent_body`
--
ALTER TABLE `di_matrixcontent_body`
	ADD CONSTRAINT `di_matrixcontent_body_elementId_fk` FOREIGN KEY (`elementId`) REFERENCES `di_elements` (`id`) ON DELETE CASCADE,
	ADD CONSTRAINT `di_matrixcontent_body_locale_fk` FOREIGN KEY (`locale`) REFERENCES `di_locales` (`locale`) ON DELETE CASCADE ON UPDATE CASCADE;

--
-- Constraints for table `di_matrixcontent_index`
--
ALTER TABLE `di_matrixcontent_index`
	ADD CONSTRAINT `di_matrixcontent_index_elementId_fk` FOREIGN KEY (`elementId`) REFERENCES `di_elements` (`id`) ON DELETE CASCADE,
	ADD CONSTRAINT `di_matrixcontent_index_locale_fk` FOREIGN KEY (`locale`) REFERENCES `di_locales` (`locale`) ON DELETE CASCADE ON UPDATE CASCADE;

--
-- Constraints for table `di_matrixcontent_indexcategory`
--
ALTER TABLE `di_matrixcontent_indexcategory`
	ADD CONSTRAINT `di_matrixcontent_indexcategory_elementId_fk` FOREIGN KEY (`elementId`) REFERENCES `di_elements` (`id`) ON DELETE CASCADE,
	ADD CONSTRAINT `di_matrixcontent_indexcategory_locale_fk` FOREIGN KEY (`locale`) REFERENCES `di_locales` (`locale`) ON DELETE CASCADE ON UPDATE CASCADE;

--
-- Constraints for table `di_migrations`
--
ALTER TABLE `di_migrations`
	ADD CONSTRAINT `di_migrations_pluginId_fk` FOREIGN KEY (`pluginId`) REFERENCES `di_plugins` (`id`) ON DELETE CASCADE;

--
-- Constraints for table `di_relations`
--
ALTER TABLE `di_relations`
	ADD CONSTRAINT `di_relations_fieldId_fk` FOREIGN KEY (`fieldId`) REFERENCES `di_fields` (`id`) ON DELETE CASCADE,
	ADD CONSTRAINT `di_relations_sourceId_fk` FOREIGN KEY (`sourceId`) REFERENCES `di_elements` (`id`) ON DELETE CASCADE,
	ADD CONSTRAINT `di_relations_sourceLocale_fk` FOREIGN KEY (`sourceLocale`) REFERENCES `di_locales` (`locale`) ON DELETE CASCADE ON UPDATE CASCADE,
	ADD CONSTRAINT `di_relations_targetId_fk` FOREIGN KEY (`targetId`) REFERENCES `di_elements` (`id`) ON DELETE CASCADE;

--
-- Constraints for table `di_routes`
--
ALTER TABLE `di_routes`
	ADD CONSTRAINT `di_routes_locale_fk` FOREIGN KEY (`locale`) REFERENCES `di_locales` (`locale`) ON DELETE CASCADE ON UPDATE CASCADE;

--
-- Constraints for table `di_sections`
--
ALTER TABLE `di_sections`
	ADD CONSTRAINT `di_sections_structureId_fk` FOREIGN KEY (`structureId`) REFERENCES `di_structures` (`id`) ON DELETE SET NULL;

--
-- Constraints for table `di_sections_i18n`
--
ALTER TABLE `di_sections_i18n`
	ADD CONSTRAINT `di_sections_i18n_locale_fk` FOREIGN KEY (`locale`) REFERENCES `di_locales` (`locale`) ON DELETE CASCADE ON UPDATE CASCADE,
	ADD CONSTRAINT `di_sections_i18n_sectionId_fk` FOREIGN KEY (`sectionId`) REFERENCES `di_sections` (`id`) ON DELETE CASCADE;

--
-- Constraints for table `di_sessions`
--
ALTER TABLE `di_sessions`
	ADD CONSTRAINT `di_sessions_userId_fk` FOREIGN KEY (`userId`) REFERENCES `di_users` (`id`) ON DELETE CASCADE;

--
-- Constraints for table `di_shunnedmessages`
--
ALTER TABLE `di_shunnedmessages`
	ADD CONSTRAINT `di_shunnedmessages_userId_fk` FOREIGN KEY (`userId`) REFERENCES `di_users` (`id`) ON DELETE CASCADE;

--
-- Constraints for table `di_structureelements`
--
ALTER TABLE `di_structureelements`
	ADD CONSTRAINT `di_structureelements_elementId_fk` FOREIGN KEY (`elementId`) REFERENCES `di_elements` (`id`) ON DELETE CASCADE,
	ADD CONSTRAINT `di_structureelements_structureId_fk` FOREIGN KEY (`structureId`) REFERENCES `di_structures` (`id`) ON DELETE CASCADE;

--
-- Constraints for table `di_taggroups`
--
ALTER TABLE `di_taggroups`
	ADD CONSTRAINT `di_taggroups_fieldLayoutId_fk` FOREIGN KEY (`fieldLayoutId`) REFERENCES `di_fieldlayouts` (`id`) ON DELETE SET NULL;

--
-- Constraints for table `di_tags`
--
ALTER TABLE `di_tags`
	ADD CONSTRAINT `di_tags_groupId_fk` FOREIGN KEY (`groupId`) REFERENCES `di_taggroups` (`id`) ON DELETE CASCADE,
	ADD CONSTRAINT `di_tags_id_fk` FOREIGN KEY (`id`) REFERENCES `di_elements` (`id`) ON DELETE CASCADE;

--
-- Constraints for table `di_templatecachecriteria`
--
ALTER TABLE `di_templatecachecriteria`
	ADD CONSTRAINT `di_templatecachecriteria_cacheId_fk` FOREIGN KEY (`cacheId`) REFERENCES `di_templatecaches` (`id`) ON DELETE CASCADE;

--
-- Constraints for table `di_templatecacheelements`
--
ALTER TABLE `di_templatecacheelements`
	ADD CONSTRAINT `di_templatecacheelements_cacheId_fk` FOREIGN KEY (`cacheId`) REFERENCES `di_templatecaches` (`id`) ON DELETE CASCADE,
	ADD CONSTRAINT `di_templatecacheelements_elementId_fk` FOREIGN KEY (`elementId`) REFERENCES `di_elements` (`id`) ON DELETE CASCADE;

--
-- Constraints for table `di_templatecaches`
--
ALTER TABLE `di_templatecaches`
	ADD CONSTRAINT `di_templatecaches_locale_fk` FOREIGN KEY (`locale`) REFERENCES `di_locales` (`locale`) ON DELETE CASCADE ON UPDATE CASCADE;

--
-- Constraints for table `di_usergroups_users`
--
ALTER TABLE `di_usergroups_users`
	ADD CONSTRAINT `di_usergroups_users_groupId_fk` FOREIGN KEY (`groupId`) REFERENCES `di_usergroups` (`id`) ON DELETE CASCADE,
	ADD CONSTRAINT `di_usergroups_users_userId_fk` FOREIGN KEY (`userId`) REFERENCES `di_users` (`id`) ON DELETE CASCADE;

--
-- Constraints for table `di_userpermissions_usergroups`
--
ALTER TABLE `di_userpermissions_usergroups`
	ADD CONSTRAINT `di_userpermissions_usergroups_groupId_fk` FOREIGN KEY (`groupId`) REFERENCES `di_usergroups` (`id`) ON DELETE CASCADE,
	ADD CONSTRAINT `di_userpermissions_usergroups_permissionId_fk` FOREIGN KEY (`permissionId`) REFERENCES `di_userpermissions` (`id`) ON DELETE CASCADE;

--
-- Constraints for table `di_userpermissions_users`
--
ALTER TABLE `di_userpermissions_users`
	ADD CONSTRAINT `di_userpermissions_users_permissionId_fk` FOREIGN KEY (`permissionId`) REFERENCES `di_userpermissions` (`id`) ON DELETE CASCADE,
	ADD CONSTRAINT `di_userpermissions_users_userId_fk` FOREIGN KEY (`userId`) REFERENCES `di_users` (`id`) ON DELETE CASCADE;

--
-- Constraints for table `di_users`
--
ALTER TABLE `di_users`
	ADD CONSTRAINT `di_users_id_fk` FOREIGN KEY (`id`) REFERENCES `di_elements` (`id`) ON DELETE CASCADE,
	ADD CONSTRAINT `di_users_preferredLocale_fk` FOREIGN KEY (`preferredLocale`) REFERENCES `di_locales` (`locale`) ON DELETE SET NULL ON UPDATE CASCADE;

--
-- Constraints for table `di_widgets`
--
ALTER TABLE `di_widgets`
	ADD CONSTRAINT `di_widgets_userId_fk` FOREIGN KEY (`userId`) REFERENCES `di_users` (`id`) ON DELETE CASCADE;

SET FOREIGN_KEY_CHECKS = 1;
