-- Generated by Craft v2.2.2579 on 5 Sep 2014 11:34:07.

--
-- Disable foreign key checks and autocommit.
--

SET FOREIGN_KEY_CHECKS = 0;
SET SQL_MODE = "NO_AUTO_VALUE_ON_ZERO";
SET AUTOCOMMIT = 0;
SET NAMES utf8;


--
-- Schema for table `di_assetfiles`
--

DROP TABLE IF EXISTS `di_assetfiles`;

CREATE TABLE `di_assetfiles` (
  `id` int(11) NOT NULL,
  `sourceId` int(11) DEFAULT NULL,
  `folderId` int(11) NOT NULL,
  `filename` varchar(255) COLLATE utf8_unicode_ci NOT NULL,
  `kind` varchar(50) COLLATE utf8_unicode_ci NOT NULL DEFAULT 'unknown',
  `width` smallint(6) unsigned DEFAULT NULL,
  `height` smallint(6) unsigned DEFAULT NULL,
  `size` int(11) unsigned DEFAULT NULL,
  `dateModified` datetime DEFAULT NULL,
  `dateCreated` datetime NOT NULL,
  `dateUpdated` datetime NOT NULL,
  `uid` char(36) COLLATE utf8_unicode_ci NOT NULL DEFAULT '0',
  PRIMARY KEY (`id`),
  UNIQUE KEY `di_assetfiles_filename_folderId_unq_idx` (`filename`,`folderId`),
  KEY `di_assetfiles_sourceId_fk` (`sourceId`),
  KEY `di_assetfiles_folderId_fk` (`folderId`)
) ENGINE=InnoDB DEFAULT CHARSET=utf8 COLLATE=utf8_unicode_ci;

--
-- Data for table `di_assetfiles`
--

INSERT INTO `di_assetfiles` (`id`, `sourceId`, `folderId`, `filename`, `kind`, `width`, `height`, `size`, `dateModified`, `dateCreated`, `dateUpdated`, `uid`) VALUES ('5', '1', '1', '36522-Tabby-kitten-white-background.jpg', 'image', '1275', '1028', '224896', '2014-09-04 13:00:15', '2014-09-04 13:00:15', '2014-09-04 13:00:15', 'cac7b5bc-dfac-4d1f-8961-578bc0a51d51');



--
-- Schema for table `di_assetfolders`
--

DROP TABLE IF EXISTS `di_assetfolders`;

CREATE TABLE `di_assetfolders` (
  `id` int(11) NOT NULL AUTO_INCREMENT,
  `parentId` int(11) DEFAULT NULL,
  `sourceId` int(11) DEFAULT NULL,
  `name` varchar(255) COLLATE utf8_unicode_ci NOT NULL,
  `path` varchar(255) COLLATE utf8_unicode_ci DEFAULT NULL,
  `dateCreated` datetime NOT NULL,
  `dateUpdated` datetime NOT NULL,
  `uid` char(36) COLLATE utf8_unicode_ci NOT NULL DEFAULT '0',
  PRIMARY KEY (`id`),
  UNIQUE KEY `di_assetfolders_name_parentId_sourceId_unq_idx` (`name`,`parentId`,`sourceId`),
  KEY `di_assetfolders_parentId_fk` (`parentId`),
  KEY `di_assetfolders_sourceId_fk` (`sourceId`)
) ENGINE=InnoDB AUTO_INCREMENT=4 DEFAULT CHARSET=utf8 COLLATE=utf8_unicode_ci;

--
-- Data for table `di_assetfolders`
--

INSERT INTO `di_assetfolders` (`id`, `parentId`, `sourceId`, `name`, `path`, `dateCreated`, `dateUpdated`, `uid`) VALUES ('1', NULL, '1', 'Images', '', '2014-09-04 12:32:41', '2014-09-04 12:32:41', '075be443-89b1-457d-96b6-f4b7142c59b0');
INSERT INTO `di_assetfolders` (`id`, `parentId`, `sourceId`, `name`, `path`, `dateCreated`, `dateUpdated`, `uid`) VALUES ('2', '1', '1', 'images', 'images/', '2014-09-04 14:15:52', '2014-09-04 14:15:52', 'daa88664-dd43-4352-a10c-ef343e3759ba');
INSERT INTO `di_assetfolders` (`id`, `parentId`, `sourceId`, `name`, `path`, `dateCreated`, `dateUpdated`, `uid`) VALUES ('3', '2', '1', 'content', 'images/content/', '2014-09-04 14:22:23', '2014-09-04 14:22:23', 'fdc4c5ca-61cd-4fd9-947e-1d5cb928b614');



--
-- Schema for table `di_assetindexdata`
--

DROP TABLE IF EXISTS `di_assetindexdata`;

CREATE TABLE `di_assetindexdata` (
  `id` int(11) NOT NULL AUTO_INCREMENT,
  `sessionId` varchar(36) COLLATE utf8_unicode_ci NOT NULL DEFAULT '',
  `sourceId` int(10) NOT NULL,
  `offset` int(10) NOT NULL,
  `uri` varchar(255) COLLATE utf8_unicode_ci DEFAULT NULL,
  `size` int(10) DEFAULT NULL,
  `recordId` int(10) DEFAULT NULL,
  `dateCreated` datetime NOT NULL,
  `dateUpdated` datetime NOT NULL,
  `uid` char(36) COLLATE utf8_unicode_ci NOT NULL DEFAULT '0',
  PRIMARY KEY (`id`),
  UNIQUE KEY `di_assetindexdata_sessionId_sourceId_offset_unq_idx` (`sessionId`,`sourceId`,`offset`),
  KEY `di_assetindexdata_sourceId_fk` (`sourceId`)
) ENGINE=InnoDB DEFAULT CHARSET=utf8 COLLATE=utf8_unicode_ci;

--
-- Schema for table `di_assetsources`
--

DROP TABLE IF EXISTS `di_assetsources`;

CREATE TABLE `di_assetsources` (
  `id` int(11) NOT NULL AUTO_INCREMENT,
  `name` varchar(255) COLLATE utf8_unicode_ci NOT NULL,
  `type` varchar(150) COLLATE utf8_unicode_ci NOT NULL,
  `settings` text COLLATE utf8_unicode_ci,
  `sortOrder` tinyint(4) DEFAULT NULL,
  `fieldLayoutId` int(10) DEFAULT NULL,
  `dateCreated` datetime NOT NULL,
  `dateUpdated` datetime NOT NULL,
  `uid` char(36) COLLATE utf8_unicode_ci NOT NULL DEFAULT '0',
  PRIMARY KEY (`id`),
  UNIQUE KEY `di_assetsources_name_unq_idx` (`name`),
  KEY `di_assetsources_fieldLayoutId_fk` (`fieldLayoutId`)
) ENGINE=InnoDB AUTO_INCREMENT=2 DEFAULT CHARSET=utf8 COLLATE=utf8_unicode_ci;

--
-- Data for table `di_assetsources`
--

INSERT INTO `di_assetsources` (`id`, `name`, `type`, `settings`, `sortOrder`, `fieldLayoutId`, `dateCreated`, `dateUpdated`, `uid`) VALUES ('1', 'Images', 'Local', '{\"path\":\"images\\/\",\"url\":\"http:\\/\\/dropinn\\/images\\/\"}', '1', '7', '2014-09-04 12:32:41', '2014-09-04 12:59:54', '8bc05512-2116-4cf6-b413-9eadc843a646');



--
-- Schema for table `di_assettransformindex`
--

DROP TABLE IF EXISTS `di_assettransformindex`;

CREATE TABLE `di_assettransformindex` (
  `id` int(11) NOT NULL AUTO_INCREMENT,
  `fileId` int(11) NOT NULL,
  `filename` varchar(255) COLLATE utf8_unicode_ci DEFAULT NULL,
  `format` varchar(255) COLLATE utf8_unicode_ci DEFAULT NULL,
  `location` varchar(255) COLLATE utf8_unicode_ci NOT NULL,
  `sourceId` int(11) DEFAULT NULL,
  `fileExists` tinyint(1) DEFAULT NULL,
  `inProgress` tinyint(1) DEFAULT NULL,
  `dateIndexed` datetime DEFAULT NULL,
  `dateCreated` datetime NOT NULL,
  `dateUpdated` datetime NOT NULL,
  `uid` char(36) COLLATE utf8_unicode_ci NOT NULL DEFAULT '0',
  PRIMARY KEY (`id`),
  KEY `di_assettransformindex_sourceId_fileId_location_idx` (`sourceId`,`fileId`,`location`)
) ENGINE=InnoDB AUTO_INCREMENT=3 DEFAULT CHARSET=utf8 COLLATE=utf8_unicode_ci;

--
-- Data for table `di_assettransformindex`
--

INSERT INTO `di_assettransformindex` (`id`, `fileId`, `filename`, `format`, `location`, `sourceId`, `fileExists`, `inProgress`, `dateIndexed`, `dateCreated`, `dateUpdated`, `uid`) VALUES ('1', '5', '36522-Tabby-kitten-white-background.jpg', NULL, '_thumbHalf', '1', '1', '0', '2014-09-04 14:30:25', '2014-09-04 14:30:25', '2014-09-04 14:30:25', 'ce349cf3-15a0-485b-9532-c15e5e64f54c');
INSERT INTO `di_assettransformindex` (`id`, `fileId`, `filename`, `format`, `location`, `sourceId`, `fileExists`, `inProgress`, `dateIndexed`, `dateCreated`, `dateUpdated`, `uid`) VALUES ('2', '5', '36522-Tabby-kitten-white-background.jpg', NULL, '_thumbHalf2x', '1', '1', '0', '2014-09-04 14:33:16', '2014-09-04 14:33:16', '2014-09-04 14:33:16', '93741ae4-22f6-4a89-8367-a0ba66fe9112');



--
-- Schema for table `di_assettransforms`
--

DROP TABLE IF EXISTS `di_assettransforms`;

CREATE TABLE `di_assettransforms` (
  `id` int(11) NOT NULL AUTO_INCREMENT,
  `name` varchar(255) COLLATE utf8_unicode_ci NOT NULL,
  `handle` varchar(255) COLLATE utf8_unicode_ci NOT NULL,
  `mode` enum('stretch','fit','crop') COLLATE utf8_unicode_ci NOT NULL DEFAULT 'crop',
  `position` enum('top-left','top-center','top-right','center-left','center-center','center-right','bottom-left','bottom-center','bottom-right') COLLATE utf8_unicode_ci NOT NULL DEFAULT 'center-center',
  `height` int(10) DEFAULT NULL,
  `width` int(10) DEFAULT NULL,
  `format` varchar(255) COLLATE utf8_unicode_ci DEFAULT NULL,
  `quality` int(10) DEFAULT NULL,
  `dimensionChangeTime` datetime DEFAULT NULL,
  `dateCreated` datetime NOT NULL,
  `dateUpdated` datetime NOT NULL,
  `uid` char(36) COLLATE utf8_unicode_ci NOT NULL DEFAULT '0',
  PRIMARY KEY (`id`),
  UNIQUE KEY `di_assettransforms_name_unq_idx` (`name`),
  UNIQUE KEY `di_assettransforms_handle_unq_idx` (`handle`)
) ENGINE=InnoDB AUTO_INCREMENT=3 DEFAULT CHARSET=utf8 COLLATE=utf8_unicode_ci;

--
-- Data for table `di_assettransforms`
--

INSERT INTO `di_assettransforms` (`id`, `name`, `handle`, `mode`, `position`, `height`, `width`, `format`, `quality`, `dimensionChangeTime`, `dateCreated`, `dateUpdated`, `uid`) VALUES ('1', 'Thumb Half 2x', 'thumbHalf2x', 'crop', 'center-center', '200', '400', NULL, '60', '2014-09-04 13:04:14', '2014-09-04 13:04:14', '2014-09-04 13:04:14', '5d45fcdf-8fc3-45f7-bf88-0d35bade416c');
INSERT INTO `di_assettransforms` (`id`, `name`, `handle`, `mode`, `position`, `height`, `width`, `format`, `quality`, `dimensionChangeTime`, `dateCreated`, `dateUpdated`, `uid`) VALUES ('2', 'Thumb Half', 'thumbHalf', 'crop', 'center-center', '100', '200', NULL, '60', '2014-09-04 13:06:08', '2014-09-04 13:06:08', '2014-09-04 13:06:08', '0f826ca1-c1ee-43cc-b988-9b462bbdbdc6');



--
-- Schema for table `di_categories`
--

DROP TABLE IF EXISTS `di_categories`;

CREATE TABLE `di_categories` (
  `id` int(11) NOT NULL,
  `groupId` int(11) NOT NULL,
  `dateCreated` datetime NOT NULL,
  `dateUpdated` datetime NOT NULL,
  `uid` char(36) COLLATE utf8_unicode_ci NOT NULL DEFAULT '0',
  PRIMARY KEY (`id`),
  KEY `di_categories_groupId_fk` (`groupId`)
) ENGINE=InnoDB DEFAULT CHARSET=utf8 COLLATE=utf8_unicode_ci;

--
-- Data for table `di_categories`
--

INSERT INTO `di_categories` (`id`, `groupId`, `dateCreated`, `dateUpdated`, `uid`) VALUES ('6', '1', '2014-09-04 13:09:04', '2014-09-04 13:09:04', '09197b4f-bbbf-4c28-9b31-aa6a10236f7d');
INSERT INTO `di_categories` (`id`, `groupId`, `dateCreated`, `dateUpdated`, `uid`) VALUES ('7', '1', '2014-09-04 13:09:17', '2014-09-04 13:09:17', 'cf99b7f8-6816-4af0-af8e-91e78f9ff7ab');



--
-- Schema for table `di_categorygroups`
--

DROP TABLE IF EXISTS `di_categorygroups`;

CREATE TABLE `di_categorygroups` (
  `id` int(11) NOT NULL AUTO_INCREMENT,
  `structureId` int(11) NOT NULL,
  `fieldLayoutId` int(11) DEFAULT NULL,
  `name` varchar(255) COLLATE utf8_unicode_ci NOT NULL,
  `handle` varchar(255) COLLATE utf8_unicode_ci NOT NULL,
  `hasUrls` tinyint(1) unsigned NOT NULL DEFAULT '1',
  `template` varchar(500) COLLATE utf8_unicode_ci DEFAULT NULL,
  `dateCreated` datetime NOT NULL,
  `dateUpdated` datetime NOT NULL,
  `uid` char(36) COLLATE utf8_unicode_ci NOT NULL DEFAULT '0',
  PRIMARY KEY (`id`),
  UNIQUE KEY `di_categorygroups_name_unq_idx` (`name`),
  UNIQUE KEY `di_categorygroups_handle_unq_idx` (`handle`),
  KEY `di_categorygroups_structureId_fk` (`structureId`),
  KEY `di_categorygroups_fieldLayoutId_fk` (`fieldLayoutId`)
) ENGINE=InnoDB AUTO_INCREMENT=2 DEFAULT CHARSET=utf8 COLLATE=utf8_unicode_ci;

--
-- Data for table `di_categorygroups`
--

INSERT INTO `di_categorygroups` (`id`, `structureId`, `fieldLayoutId`, `name`, `handle`, `hasUrls`, `template`, `dateCreated`, `dateUpdated`, `uid`) VALUES ('1', '1', '33', 'Countries', 'countries', '1', '', '2014-09-04 13:08:47', '2014-09-05 09:18:10', '23a72960-2df6-4430-8764-41e6e23c43f1');



--
-- Schema for table `di_categorygroups_i18n`
--

DROP TABLE IF EXISTS `di_categorygroups_i18n`;

CREATE TABLE `di_categorygroups_i18n` (
  `id` int(11) NOT NULL AUTO_INCREMENT,
  `groupId` int(11) NOT NULL,
  `locale` char(12) COLLATE utf8_unicode_ci NOT NULL,
  `urlFormat` varchar(255) COLLATE utf8_unicode_ci DEFAULT NULL,
  `nestedUrlFormat` varchar(255) COLLATE utf8_unicode_ci DEFAULT NULL,
  `dateCreated` datetime NOT NULL,
  `dateUpdated` datetime NOT NULL,
  `uid` char(36) COLLATE utf8_unicode_ci NOT NULL DEFAULT '0',
  PRIMARY KEY (`id`),
  UNIQUE KEY `di_categorygroups_i18n_groupId_locale_unq_idx` (`groupId`,`locale`),
  KEY `di_categorygroups_i18n_locale_fk` (`locale`)
) ENGINE=InnoDB AUTO_INCREMENT=2 DEFAULT CHARSET=utf8 COLLATE=utf8_unicode_ci;

--
-- Data for table `di_categorygroups_i18n`
--

INSERT INTO `di_categorygroups_i18n` (`id`, `groupId`, `locale`, `urlFormat`, `nestedUrlFormat`, `dateCreated`, `dateUpdated`, `uid`) VALUES ('1', '1', 'en_gb', 'countries/{slug}', '{parent.uri}/{slug}', '2014-09-04 13:08:47', '2014-09-05 09:18:10', 'b2c89477-6ad5-4604-b425-2dc6d54ef6cf');



--
-- Schema for table `di_content`
--

DROP TABLE IF EXISTS `di_content`;

CREATE TABLE `di_content` (
  `id` int(11) NOT NULL AUTO_INCREMENT,
  `elementId` int(11) NOT NULL,
  `locale` char(12) COLLATE utf8_unicode_ci NOT NULL,
  `title` varchar(255) COLLATE utf8_unicode_ci DEFAULT NULL,
  `field_heading` text COLLATE utf8_unicode_ci,
  `field_brief` text COLLATE utf8_unicode_ci,
  `dateCreated` datetime NOT NULL,
  `dateUpdated` datetime NOT NULL,
  `uid` char(36) COLLATE utf8_unicode_ci NOT NULL DEFAULT '0',
  PRIMARY KEY (`id`),
  UNIQUE KEY `di_content_elementId_locale_unq_idx` (`elementId`,`locale`),
  KEY `di_content_title_idx` (`title`),
  KEY `di_content_locale_fk` (`locale`)
) ENGINE=InnoDB AUTO_INCREMENT=9 DEFAULT CHARSET=utf8 COLLATE=utf8_unicode_ci;

--
-- Data for table `di_content`
--

INSERT INTO `di_content` (`id`, `elementId`, `locale`, `title`, `field_heading`, `field_brief`, `dateCreated`, `dateUpdated`, `uid`) VALUES ('1', '1', 'en_gb', NULL, NULL, NULL, '2014-09-04 11:28:58', '2014-09-04 11:28:58', 'e7f28a22-f949-43fa-8633-deac4bd7cbd0');
INSERT INTO `di_content` (`id`, `elementId`, `locale`, `title`, `field_heading`, `field_brief`, `dateCreated`, `dateUpdated`, `uid`) VALUES ('2', '2', 'en_gb', 'Homepage', 'Welcome to Dropinn!', NULL, '2014-09-04 11:28:59', '2014-09-04 11:28:59', 'f5d4e920-ef2c-4da8-bd4a-0f2546ed1012');
INSERT INTO `di_content` (`id`, `elementId`, `locale`, `title`, `field_heading`, `field_brief`, `dateCreated`, `dateUpdated`, `uid`) VALUES ('3', '3', 'en_gb', 'We just installed Craft!', NULL, NULL, '2014-09-04 11:28:59', '2014-09-04 11:28:59', '0068a531-debf-4e42-bca7-9fd88258c053');
INSERT INTO `di_content` (`id`, `elementId`, `locale`, `title`, `field_heading`, `field_brief`, `dateCreated`, `dateUpdated`, `uid`) VALUES ('4', '4', 'en_gb', 'Test Post', 'Post Test', '<p>Hello There</p>', '2014-09-04 11:29:17', '2014-09-05 11:33:57', '8b97ff86-f2c4-41da-8758-67c1ed0ad22a');
INSERT INTO `di_content` (`id`, `elementId`, `locale`, `title`, `field_heading`, `field_brief`, `dateCreated`, `dateUpdated`, `uid`) VALUES ('5', '5', 'en_gb', '36522-Tabby-kitten-white-background', NULL, NULL, '2014-09-04 13:00:15', '2014-09-04 13:00:15', '74618dde-a455-4f00-8894-56fa473fb177');
INSERT INTO `di_content` (`id`, `elementId`, `locale`, `title`, `field_heading`, `field_brief`, `dateCreated`, `dateUpdated`, `uid`) VALUES ('6', '6', 'en_gb', 'Burkina Faso', NULL, NULL, '2014-09-04 13:09:04', '2014-09-04 13:09:04', 'ee015b3c-cd1d-4bf9-b7f9-9dc3aefca4b8');
INSERT INTO `di_content` (`id`, `elementId`, `locale`, `title`, `field_heading`, `field_brief`, `dateCreated`, `dateUpdated`, `uid`) VALUES ('7', '7', 'en_gb', 'Ukraine', NULL, NULL, '2014-09-04 13:09:17', '2014-09-04 13:09:17', '6946d5ea-e651-4e7a-a481-c4a0ab5a1d3a');
INSERT INTO `di_content` (`id`, `elementId`, `locale`, `title`, `field_heading`, `field_brief`, `dateCreated`, `dateUpdated`, `uid`) VALUES ('8', '8', 'en_gb', NULL, NULL, NULL, '2014-09-04 14:22:09', '2014-09-04 14:22:09', '13980e9e-14d2-46aa-b6df-81b24f3e1cb0');



--
-- Schema for table `di_deprecationerrors`
--

DROP TABLE IF EXISTS `di_deprecationerrors`;

CREATE TABLE `di_deprecationerrors` (
  `id` int(11) NOT NULL AUTO_INCREMENT,
  `key` varchar(255) COLLATE utf8_unicode_ci NOT NULL,
  `fingerprint` varchar(255) COLLATE utf8_unicode_ci NOT NULL,
  `lastOccurrence` datetime NOT NULL,
  `file` varchar(255) COLLATE utf8_unicode_ci NOT NULL,
  `line` smallint(6) unsigned NOT NULL,
  `class` varchar(255) COLLATE utf8_unicode_ci DEFAULT NULL,
  `method` varchar(255) COLLATE utf8_unicode_ci DEFAULT NULL,
  `template` varchar(255) COLLATE utf8_unicode_ci DEFAULT NULL,
  `templateLine` smallint(6) unsigned DEFAULT NULL,
  `message` varchar(255) COLLATE utf8_unicode_ci DEFAULT NULL,
  `traces` text COLLATE utf8_unicode_ci,
  `dateCreated` datetime NOT NULL,
  `dateUpdated` datetime NOT NULL,
  `uid` char(36) COLLATE utf8_unicode_ci NOT NULL DEFAULT '0',
  PRIMARY KEY (`id`),
  UNIQUE KEY `di_deprecationerrors_key_fingerprint_unq_idx` (`key`,`fingerprint`)
) ENGINE=InnoDB DEFAULT CHARSET=utf8 COLLATE=utf8_unicode_ci;

--
-- Schema for table `di_elements`
--

DROP TABLE IF EXISTS `di_elements`;

CREATE TABLE `di_elements` (
  `id` int(11) NOT NULL AUTO_INCREMENT,
  `type` varchar(150) COLLATE utf8_unicode_ci NOT NULL,
  `enabled` tinyint(1) unsigned NOT NULL DEFAULT '1',
  `archived` tinyint(1) unsigned NOT NULL DEFAULT '0',
  `dateCreated` datetime NOT NULL,
  `dateUpdated` datetime NOT NULL,
  `uid` char(36) COLLATE utf8_unicode_ci NOT NULL DEFAULT '0',
  PRIMARY KEY (`id`),
  KEY `di_elements_type_idx` (`type`),
  KEY `di_elements_enabled_idx` (`enabled`),
  KEY `di_elements_archived_idx` (`archived`)
) ENGINE=InnoDB AUTO_INCREMENT=14 DEFAULT CHARSET=utf8 COLLATE=utf8_unicode_ci;

--
-- Data for table `di_elements`
--

INSERT INTO `di_elements` (`id`, `type`, `enabled`, `archived`, `dateCreated`, `dateUpdated`, `uid`) VALUES ('1', 'User', '1', '0', '2014-09-04 11:28:58', '2014-09-04 11:28:58', '7d07934f-0708-4ab2-b278-a103ff62f5f6');
INSERT INTO `di_elements` (`id`, `type`, `enabled`, `archived`, `dateCreated`, `dateUpdated`, `uid`) VALUES ('2', 'Entry', '1', '0', '2014-09-04 11:28:59', '2014-09-04 11:28:59', 'ecaef6b0-0162-4255-a78f-3934c3a1fcd4');
INSERT INTO `di_elements` (`id`, `type`, `enabled`, `archived`, `dateCreated`, `dateUpdated`, `uid`) VALUES ('3', 'Entry', '1', '0', '2014-09-04 11:28:59', '2014-09-04 11:28:59', 'ca1c9fce-00b1-4d4f-836d-a5c7bf269d09');
INSERT INTO `di_elements` (`id`, `type`, `enabled`, `archived`, `dateCreated`, `dateUpdated`, `uid`) VALUES ('4', 'Entry', '1', '0', '2014-09-04 11:29:17', '2014-09-05 11:33:57', '782040bf-9516-439a-9701-81d05102c60c');
INSERT INTO `di_elements` (`id`, `type`, `enabled`, `archived`, `dateCreated`, `dateUpdated`, `uid`) VALUES ('5', 'Asset', '1', '0', '2014-09-04 13:00:15', '2014-09-04 13:00:15', 'a2429ed1-58de-461c-8e46-41c899a59e92');
INSERT INTO `di_elements` (`id`, `type`, `enabled`, `archived`, `dateCreated`, `dateUpdated`, `uid`) VALUES ('6', 'Category', '1', '0', '2014-09-04 13:09:04', '2014-09-04 13:09:04', '27ee7e87-d69a-42d0-8a00-92c6feaa2f73');
INSERT INTO `di_elements` (`id`, `type`, `enabled`, `archived`, `dateCreated`, `dateUpdated`, `uid`) VALUES ('7', 'Category', '1', '0', '2014-09-04 13:09:17', '2014-09-04 13:09:17', '26ec1fc3-d636-48a8-b17f-d9914a4e35e2');
INSERT INTO `di_elements` (`id`, `type`, `enabled`, `archived`, `dateCreated`, `dateUpdated`, `uid`) VALUES ('8', 'Tag', '1', '0', '2014-09-04 14:22:09', '2014-09-04 14:22:09', 'ea104a1a-9d47-4056-8980-4f25fa22e2ca');
INSERT INTO `di_elements` (`id`, `type`, `enabled`, `archived`, `dateCreated`, `dateUpdated`, `uid`) VALUES ('9', 'MatrixBlock', '1', '0', '2014-09-04 14:22:23', '2014-09-05 11:33:57', '5329e031-728e-4059-b5da-826db0d836be');
INSERT INTO `di_elements` (`id`, `type`, `enabled`, `archived`, `dateCreated`, `dateUpdated`, `uid`) VALUES ('11', 'MatrixBlock', '1', '0', '2014-09-04 14:29:49', '2014-09-05 11:33:57', '9199070b-793e-4988-9e58-a19580cce6be');
INSERT INTO `di_elements` (`id`, `type`, `enabled`, `archived`, `dateCreated`, `dateUpdated`, `uid`) VALUES ('12', 'MatrixBlock', '1', '0', '2014-09-04 14:59:40', '2014-09-05 11:33:57', 'a40b09e1-1a4a-47fa-9555-e5d96a4939bb');
INSERT INTO `di_elements` (`id`, `type`, `enabled`, `archived`, `dateCreated`, `dateUpdated`, `uid`) VALUES ('13', 'MatrixBlock', '1', '0', '2014-09-04 14:59:40', '2014-09-05 11:33:57', '7078af1b-544d-417e-b13b-346268c301d6');



--
-- Schema for table `di_elements_i18n`
--

DROP TABLE IF EXISTS `di_elements_i18n`;

CREATE TABLE `di_elements_i18n` (
  `id` int(11) NOT NULL AUTO_INCREMENT,
  `elementId` int(11) NOT NULL,
  `locale` char(12) COLLATE utf8_unicode_ci NOT NULL,
  `slug` varchar(255) COLLATE utf8_unicode_ci DEFAULT NULL,
  `uri` varchar(255) COLLATE utf8_unicode_ci DEFAULT NULL,
  `enabled` tinyint(1) unsigned NOT NULL DEFAULT '1',
  `dateCreated` datetime NOT NULL,
  `dateUpdated` datetime NOT NULL,
  `uid` char(36) COLLATE utf8_unicode_ci NOT NULL DEFAULT '0',
  PRIMARY KEY (`id`),
  UNIQUE KEY `di_elements_i18n_elementId_locale_unq_idx` (`elementId`,`locale`),
  UNIQUE KEY `di_elements_i18n_uri_locale_unq_idx` (`uri`,`locale`),
  KEY `di_elements_i18n_slug_locale_idx` (`slug`,`locale`),
  KEY `di_elements_i18n_enabled_idx` (`enabled`),
  KEY `di_elements_i18n_locale_fk` (`locale`)
) ENGINE=InnoDB AUTO_INCREMENT=14 DEFAULT CHARSET=utf8 COLLATE=utf8_unicode_ci;

--
-- Data for table `di_elements_i18n`
--

INSERT INTO `di_elements_i18n` (`id`, `elementId`, `locale`, `slug`, `uri`, `enabled`, `dateCreated`, `dateUpdated`, `uid`) VALUES ('1', '1', 'en_gb', '', NULL, '1', '2014-09-04 11:28:58', '2014-09-04 11:28:58', '26463fe5-b50e-4131-bc3f-73e81c43e5a0');
INSERT INTO `di_elements_i18n` (`id`, `elementId`, `locale`, `slug`, `uri`, `enabled`, `dateCreated`, `dateUpdated`, `uid`) VALUES ('2', '2', 'en_gb', 'homepage', '__home__', '1', '2014-09-04 11:28:59', '2014-09-04 11:28:59', '3fd4c9df-b25b-4985-9c5e-94f805540807');
INSERT INTO `di_elements_i18n` (`id`, `elementId`, `locale`, `slug`, `uri`, `enabled`, `dateCreated`, `dateUpdated`, `uid`) VALUES ('3', '3', 'en_gb', 'we-just-installed-craft', 'news/2014/we-just-installed-craft', '1', '2014-09-04 11:28:59', '2014-09-04 11:28:59', '46aa2c93-d1d3-490e-8802-c6010349a5d8');
INSERT INTO `di_elements_i18n` (`id`, `elementId`, `locale`, `slug`, `uri`, `enabled`, `dateCreated`, `dateUpdated`, `uid`) VALUES ('4', '4', 'en_gb', 'test-post', 'news/2014/test-post', '1', '2014-09-04 11:29:17', '2014-09-05 11:33:57', 'e79e2a3f-82f8-4107-a77c-67a830ea1fae');
INSERT INTO `di_elements_i18n` (`id`, `elementId`, `locale`, `slug`, `uri`, `enabled`, `dateCreated`, `dateUpdated`, `uid`) VALUES ('5', '5', 'en_gb', '36522-tabby-kitten-white-background', NULL, '1', '2014-09-04 13:00:15', '2014-09-04 13:00:15', '71e837f1-0f5e-4531-bdbc-a543a202a5d4');
INSERT INTO `di_elements_i18n` (`id`, `elementId`, `locale`, `slug`, `uri`, `enabled`, `dateCreated`, `dateUpdated`, `uid`) VALUES ('6', '6', 'en_gb', 'burkina-faso', 'countries/burkina-faso', '1', '2014-09-04 13:09:04', '2014-09-05 09:18:11', '99e64bef-734c-492d-9fc8-476ba6fc39da');
INSERT INTO `di_elements_i18n` (`id`, `elementId`, `locale`, `slug`, `uri`, `enabled`, `dateCreated`, `dateUpdated`, `uid`) VALUES ('7', '7', 'en_gb', 'ukraine', 'countries/ukraine', '1', '2014-09-04 13:09:17', '2014-09-05 09:18:11', 'a58282a1-8205-4466-a7b5-f670f3a38cdc');
INSERT INTO `di_elements_i18n` (`id`, `elementId`, `locale`, `slug`, `uri`, `enabled`, `dateCreated`, `dateUpdated`, `uid`) VALUES ('8', '8', 'en_gb', '', NULL, '1', '2014-09-04 14:22:09', '2014-09-04 14:22:09', 'a2e9eb4c-4d1a-4ca3-8a63-19439238fe18');
INSERT INTO `di_elements_i18n` (`id`, `elementId`, `locale`, `slug`, `uri`, `enabled`, `dateCreated`, `dateUpdated`, `uid`) VALUES ('9', '9', 'en_gb', '', NULL, '1', '2014-09-04 14:22:23', '2014-09-05 11:33:57', '6563e606-2bb0-40aa-bf96-55f70e3737ef');
INSERT INTO `di_elements_i18n` (`id`, `elementId`, `locale`, `slug`, `uri`, `enabled`, `dateCreated`, `dateUpdated`, `uid`) VALUES ('11', '11', 'en_gb', '', NULL, '1', '2014-09-04 14:29:49', '2014-09-05 11:33:57', 'f56cf09d-81a7-47a1-8e3d-ffd130f38578');
INSERT INTO `di_elements_i18n` (`id`, `elementId`, `locale`, `slug`, `uri`, `enabled`, `dateCreated`, `dateUpdated`, `uid`) VALUES ('12', '12', 'en_gb', '', NULL, '1', '2014-09-04 14:59:40', '2014-09-05 11:33:57', 'adb8db5a-9c91-419c-8e8c-f77c07aeed06');
INSERT INTO `di_elements_i18n` (`id`, `elementId`, `locale`, `slug`, `uri`, `enabled`, `dateCreated`, `dateUpdated`, `uid`) VALUES ('13', '13', 'en_gb', '', NULL, '1', '2014-09-04 14:59:40', '2014-09-05 11:33:57', '8fbe139d-b7a6-40d0-a7ae-58c1348eb139');



--
-- Schema for table `di_emailmessages`
--

DROP TABLE IF EXISTS `di_emailmessages`;

CREATE TABLE `di_emailmessages` (
  `id` int(11) NOT NULL AUTO_INCREMENT,
  `key` char(150) COLLATE utf8_unicode_ci NOT NULL,
  `locale` char(12) COLLATE utf8_unicode_ci NOT NULL,
  `subject` varchar(1000) COLLATE utf8_unicode_ci NOT NULL,
  `body` text COLLATE utf8_unicode_ci NOT NULL,
  `dateCreated` datetime NOT NULL,
  `dateUpdated` datetime NOT NULL,
  `uid` char(36) COLLATE utf8_unicode_ci NOT NULL DEFAULT '0',
  PRIMARY KEY (`id`),
  UNIQUE KEY `di_emailmessages_key_locale_unq_idx` (`key`,`locale`),
  KEY `di_emailmessages_locale_fk` (`locale`)
) ENGINE=InnoDB DEFAULT CHARSET=utf8 COLLATE=utf8_unicode_ci;

--
-- Schema for table `di_entries`
--

DROP TABLE IF EXISTS `di_entries`;

CREATE TABLE `di_entries` (
  `id` int(11) NOT NULL,
  `sectionId` int(11) NOT NULL,
  `typeId` int(11) DEFAULT NULL,
  `authorId` int(11) DEFAULT NULL,
  `postDate` datetime DEFAULT NULL,
  `expiryDate` datetime DEFAULT NULL,
  `dateCreated` datetime NOT NULL,
  `dateUpdated` datetime NOT NULL,
  `uid` char(36) COLLATE utf8_unicode_ci NOT NULL DEFAULT '0',
  PRIMARY KEY (`id`),
  KEY `di_entries_sectionId_idx` (`sectionId`),
  KEY `di_entries_typeId_idx` (`typeId`),
  KEY `di_entries_postDate_idx` (`postDate`),
  KEY `di_entries_expiryDate_idx` (`expiryDate`),
  KEY `di_entries_authorId_fk` (`authorId`)
) ENGINE=InnoDB DEFAULT CHARSET=utf8 COLLATE=utf8_unicode_ci;

--
-- Data for table `di_entries`
--

INSERT INTO `di_entries` (`id`, `sectionId`, `typeId`, `authorId`, `postDate`, `expiryDate`, `dateCreated`, `dateUpdated`, `uid`) VALUES ('2', '1', '1', NULL, '2014-09-04 11:28:59', NULL, '2014-09-04 11:28:59', '2014-09-04 11:28:59', '105be1c4-e0ed-4a80-a6ef-987a58e18d88');
INSERT INTO `di_entries` (`id`, `sectionId`, `typeId`, `authorId`, `postDate`, `expiryDate`, `dateCreated`, `dateUpdated`, `uid`) VALUES ('3', '2', '2', '1', '2014-09-04 11:28:59', NULL, '2014-09-04 11:28:59', '2014-09-04 11:28:59', '43a2d009-62ec-4bea-aa02-7106351af5b3');
INSERT INTO `di_entries` (`id`, `sectionId`, `typeId`, `authorId`, `postDate`, `expiryDate`, `dateCreated`, `dateUpdated`, `uid`) VALUES ('4', '2', '2', '1', '2014-09-05 11:29:00', NULL, '2014-09-04 11:29:17', '2014-09-05 11:33:57', 'c1bc5274-08de-4269-8921-08972a96d4a7');



--
-- Schema for table `di_entrydrafts`
--

DROP TABLE IF EXISTS `di_entrydrafts`;

CREATE TABLE `di_entrydrafts` (
  `id` int(11) NOT NULL AUTO_INCREMENT,
  `entryId` int(11) NOT NULL,
  `sectionId` int(11) NOT NULL,
  `creatorId` int(11) NOT NULL,
  `locale` char(12) COLLATE utf8_unicode_ci NOT NULL,
  `name` varchar(255) COLLATE utf8_unicode_ci NOT NULL,
  `notes` tinytext COLLATE utf8_unicode_ci,
  `data` mediumtext COLLATE utf8_unicode_ci NOT NULL,
  `dateCreated` datetime NOT NULL,
  `dateUpdated` datetime NOT NULL,
  `uid` char(36) COLLATE utf8_unicode_ci NOT NULL DEFAULT '0',
  PRIMARY KEY (`id`),
  KEY `di_entrydrafts_entryId_locale_idx` (`entryId`,`locale`),
  KEY `di_entrydrafts_sectionId_fk` (`sectionId`),
  KEY `di_entrydrafts_creatorId_fk` (`creatorId`),
  KEY `di_entrydrafts_locale_fk` (`locale`)
) ENGINE=InnoDB DEFAULT CHARSET=utf8 COLLATE=utf8_unicode_ci;

--
-- Schema for table `di_entrytypes`
--

DROP TABLE IF EXISTS `di_entrytypes`;

CREATE TABLE `di_entrytypes` (
  `id` int(11) NOT NULL AUTO_INCREMENT,
  `sectionId` int(11) NOT NULL,
  `fieldLayoutId` int(11) DEFAULT NULL,
  `name` varchar(255) COLLATE utf8_unicode_ci NOT NULL,
  `handle` varchar(255) COLLATE utf8_unicode_ci NOT NULL,
  `hasTitleField` tinyint(1) unsigned NOT NULL DEFAULT '1',
  `titleLabel` varchar(255) COLLATE utf8_unicode_ci DEFAULT 'Title',
  `titleFormat` varchar(255) COLLATE utf8_unicode_ci DEFAULT NULL,
  `sortOrder` tinyint(4) DEFAULT NULL,
  `dateCreated` datetime NOT NULL,
  `dateUpdated` datetime NOT NULL,
  `uid` char(36) COLLATE utf8_unicode_ci NOT NULL DEFAULT '0',
  PRIMARY KEY (`id`),
  UNIQUE KEY `di_entrytypes_name_sectionId_unq_idx` (`name`,`sectionId`),
  UNIQUE KEY `di_entrytypes_handle_sectionId_unq_idx` (`handle`,`sectionId`),
  KEY `di_entrytypes_sectionId_fk` (`sectionId`),
  KEY `di_entrytypes_fieldLayoutId_fk` (`fieldLayoutId`)
) ENGINE=InnoDB AUTO_INCREMENT=3 DEFAULT CHARSET=utf8 COLLATE=utf8_unicode_ci;

--
-- Data for table `di_entrytypes`
--

INSERT INTO `di_entrytypes` (`id`, `sectionId`, `fieldLayoutId`, `name`, `handle`, `hasTitleField`, `titleLabel`, `titleFormat`, `sortOrder`, `dateCreated`, `dateUpdated`, `uid`) VALUES ('1', '1', '3', 'Homepage', 'homepage', '0', NULL, '{section.name|raw}', NULL, '2014-09-04 11:28:59', '2014-09-04 11:28:59', '7dbd9cc0-1e81-4527-8c1e-0e05b2b2195a');
INSERT INTO `di_entrytypes` (`id`, `sectionId`, `fieldLayoutId`, `name`, `handle`, `hasTitleField`, `titleLabel`, `titleFormat`, `sortOrder`, `dateCreated`, `dateUpdated`, `uid`) VALUES ('2', '2', '31', 'News', 'news', '1', 'Title', NULL, NULL, '2014-09-04 11:28:59', '2014-09-05 08:48:39', '1627eadd-e11d-406c-9569-89a7f5d0d72d');



--
-- Schema for table `di_entryversions`
--

DROP TABLE IF EXISTS `di_entryversions`;

CREATE TABLE `di_entryversions` (
  `id` int(11) NOT NULL AUTO_INCREMENT,
  `entryId` int(11) NOT NULL,
  `sectionId` int(11) NOT NULL,
  `creatorId` int(11) DEFAULT NULL,
  `locale` char(12) COLLATE utf8_unicode_ci NOT NULL,
  `num` smallint(6) unsigned NOT NULL,
  `notes` tinytext COLLATE utf8_unicode_ci,
  `data` mediumtext COLLATE utf8_unicode_ci NOT NULL,
  `dateCreated` datetime NOT NULL,
  `dateUpdated` datetime NOT NULL,
  `uid` char(36) COLLATE utf8_unicode_ci NOT NULL DEFAULT '0',
  PRIMARY KEY (`id`),
  KEY `di_entryversions_entryId_locale_idx` (`entryId`,`locale`),
  KEY `di_entryversions_sectionId_fk` (`sectionId`),
  KEY `di_entryversions_creatorId_fk` (`creatorId`),
  KEY `di_entryversions_locale_fk` (`locale`)
) ENGINE=InnoDB DEFAULT CHARSET=utf8 COLLATE=utf8_unicode_ci;

--
-- Schema for table `di_fieldgroups`
--

DROP TABLE IF EXISTS `di_fieldgroups`;

CREATE TABLE `di_fieldgroups` (
  `id` int(11) NOT NULL AUTO_INCREMENT,
  `name` varchar(255) COLLATE utf8_unicode_ci NOT NULL,
  `dateCreated` datetime NOT NULL,
  `dateUpdated` datetime NOT NULL,
  `uid` char(36) COLLATE utf8_unicode_ci NOT NULL DEFAULT '0',
  PRIMARY KEY (`id`),
  UNIQUE KEY `di_fieldgroups_name_unq_idx` (`name`)
) ENGINE=InnoDB AUTO_INCREMENT=2 DEFAULT CHARSET=utf8 COLLATE=utf8_unicode_ci;

--
-- Data for table `di_fieldgroups`
--

INSERT INTO `di_fieldgroups` (`id`, `name`, `dateCreated`, `dateUpdated`, `uid`) VALUES ('1', 'Default', '2014-09-04 11:28:59', '2014-09-04 11:28:59', '4c2861d8-6b67-40ff-aac9-cdfcc239ac5d');



--
-- Schema for table `di_fieldlayoutfields`
--

DROP TABLE IF EXISTS `di_fieldlayoutfields`;

CREATE TABLE `di_fieldlayoutfields` (
  `id` int(11) NOT NULL AUTO_INCREMENT,
  `layoutId` int(11) NOT NULL,
  `tabId` int(11) DEFAULT NULL,
  `fieldId` int(11) NOT NULL,
  `required` tinyint(1) unsigned NOT NULL DEFAULT '0',
  `sortOrder` tinyint(4) DEFAULT NULL,
  `dateCreated` datetime NOT NULL,
  `dateUpdated` datetime NOT NULL,
  `uid` char(36) COLLATE utf8_unicode_ci NOT NULL DEFAULT '0',
  PRIMARY KEY (`id`),
  UNIQUE KEY `di_fieldlayoutfields_layoutId_fieldId_unq_idx` (`layoutId`,`fieldId`),
  KEY `di_fieldlayoutfields_sortOrder_idx` (`sortOrder`),
  KEY `di_fieldlayoutfields_tabId_fk` (`tabId`),
  KEY `di_fieldlayoutfields_fieldId_fk` (`fieldId`)
) ENGINE=InnoDB AUTO_INCREMENT=56 DEFAULT CHARSET=utf8 COLLATE=utf8_unicode_ci;

--
-- Data for table `di_fieldlayoutfields`
--

INSERT INTO `di_fieldlayoutfields` (`id`, `layoutId`, `tabId`, `fieldId`, `required`, `sortOrder`, `dateCreated`, `dateUpdated`, `uid`) VALUES ('1', '3', '1', '1', '1', '1', '2014-09-04 11:28:59', '2014-09-04 11:28:59', '47594045-62b4-430e-8fa2-d6b2164625b1');
INSERT INTO `di_fieldlayoutfields` (`id`, `layoutId`, `tabId`, `fieldId`, `required`, `sortOrder`, `dateCreated`, `dateUpdated`, `uid`) VALUES ('2', '3', '1', '2', '1', '2', '2014-09-04 11:28:59', '2014-09-04 11:28:59', 'ab8e707d-0f6c-4579-99f4-1fb60dd9a2bd');
INSERT INTO `di_fieldlayoutfields` (`id`, `layoutId`, `tabId`, `fieldId`, `required`, `sortOrder`, `dateCreated`, `dateUpdated`, `uid`) VALUES ('38', '26', NULL, '5', '0', '1', '2014-09-04 15:38:05', '2014-09-04 15:38:05', '7119249f-e328-429d-b3b5-60a065e8b71a');
INSERT INTO `di_fieldlayoutfields` (`id`, `layoutId`, `tabId`, `fieldId`, `required`, `sortOrder`, `dateCreated`, `dateUpdated`, `uid`) VALUES ('39', '27', NULL, '6', '0', '1', '2014-09-04 15:38:05', '2014-09-04 15:38:05', 'b4037d2a-b91c-4021-8afe-7b832e04c88f');
INSERT INTO `di_fieldlayoutfields` (`id`, `layoutId`, `tabId`, `fieldId`, `required`, `sortOrder`, `dateCreated`, `dateUpdated`, `uid`) VALUES ('40', '27', NULL, '7', '0', '2', '2014-09-04 15:38:05', '2014-09-04 15:38:05', '44bfff8d-09d3-4e86-b068-01ee7b8559c9');
INSERT INTO `di_fieldlayoutfields` (`id`, `layoutId`, `tabId`, `fieldId`, `required`, `sortOrder`, `dateCreated`, `dateUpdated`, `uid`) VALUES ('41', '27', NULL, '8', '0', '3', '2014-09-04 15:38:05', '2014-09-04 15:38:05', '8f093871-d4a0-4114-8612-eebffd3eb046');
INSERT INTO `di_fieldlayoutfields` (`id`, `layoutId`, `tabId`, `fieldId`, `required`, `sortOrder`, `dateCreated`, `dateUpdated`, `uid`) VALUES ('42', '28', NULL, '9', '0', '1', '2014-09-04 15:38:05', '2014-09-04 15:38:05', '2ac67500-a6bd-4e20-9a3b-ebfed7bd660e');
INSERT INTO `di_fieldlayoutfields` (`id`, `layoutId`, `tabId`, `fieldId`, `required`, `sortOrder`, `dateCreated`, `dateUpdated`, `uid`) VALUES ('43', '28', NULL, '10', '0', '2', '2014-09-04 15:38:05', '2014-09-04 15:38:05', '1bf60130-6838-420f-9e2c-b6c89f82846a');
INSERT INTO `di_fieldlayoutfields` (`id`, `layoutId`, `tabId`, `fieldId`, `required`, `sortOrder`, `dateCreated`, `dateUpdated`, `uid`) VALUES ('44', '29', NULL, '11', '0', '1', '2014-09-04 15:38:05', '2014-09-04 15:38:05', 'bd612381-b418-4243-9236-e5161f35fe15');
INSERT INTO `di_fieldlayoutfields` (`id`, `layoutId`, `tabId`, `fieldId`, `required`, `sortOrder`, `dateCreated`, `dateUpdated`, `uid`) VALUES ('45', '29', NULL, '12', '0', '2', '2014-09-04 15:38:05', '2014-09-04 15:38:05', 'a1e65a24-2d47-430c-92f3-94faf13ff47b');
INSERT INTO `di_fieldlayoutfields` (`id`, `layoutId`, `tabId`, `fieldId`, `required`, `sortOrder`, `dateCreated`, `dateUpdated`, `uid`) VALUES ('46', '29', NULL, '13', '0', '3', '2014-09-04 15:38:05', '2014-09-04 15:38:05', '1b2583c0-d3be-4d9f-bcfa-7e151eac252e');
INSERT INTO `di_fieldlayoutfields` (`id`, `layoutId`, `tabId`, `fieldId`, `required`, `sortOrder`, `dateCreated`, `dateUpdated`, `uid`) VALUES ('51', '31', '6', '1', '0', '1', '2014-09-05 08:48:39', '2014-09-05 08:48:39', '1c97d36f-d4a7-4618-9839-db77066a1e4e');
INSERT INTO `di_fieldlayoutfields` (`id`, `layoutId`, `tabId`, `fieldId`, `required`, `sortOrder`, `dateCreated`, `dateUpdated`, `uid`) VALUES ('52', '31', '6', '14', '1', '2', '2014-09-05 08:48:39', '2014-09-05 08:48:39', 'a4954201-503b-4881-8155-c8ecf2d451ec');
INSERT INTO `di_fieldlayoutfields` (`id`, `layoutId`, `tabId`, `fieldId`, `required`, `sortOrder`, `dateCreated`, `dateUpdated`, `uid`) VALUES ('53', '31', '6', '2', '1', '3', '2014-09-05 08:48:39', '2014-09-05 08:48:39', '895bfcd6-786e-4339-8297-fbe89cf23c8e');
INSERT INTO `di_fieldlayoutfields` (`id`, `layoutId`, `tabId`, `fieldId`, `required`, `sortOrder`, `dateCreated`, `dateUpdated`, `uid`) VALUES ('54', '31', '6', '3', '0', '4', '2014-09-05 08:48:39', '2014-09-05 08:48:39', '64239467-f843-43e0-b300-ee9f3c372df7');
INSERT INTO `di_fieldlayoutfields` (`id`, `layoutId`, `tabId`, `fieldId`, `required`, `sortOrder`, `dateCreated`, `dateUpdated`, `uid`) VALUES ('55', '31', '6', '15', '0', '5', '2014-09-05 08:48:39', '2014-09-05 08:48:39', 'ce21cde4-425f-487c-9a20-47f0b9ec5e99');



--
-- Schema for table `di_fieldlayouts`
--

DROP TABLE IF EXISTS `di_fieldlayouts`;

CREATE TABLE `di_fieldlayouts` (
  `id` int(11) NOT NULL AUTO_INCREMENT,
  `type` varchar(150) COLLATE utf8_unicode_ci NOT NULL,
  `dateCreated` datetime NOT NULL,
  `dateUpdated` datetime NOT NULL,
  `uid` char(36) COLLATE utf8_unicode_ci NOT NULL DEFAULT '0',
  PRIMARY KEY (`id`),
  KEY `di_fieldlayouts_type_idx` (`type`)
) ENGINE=InnoDB AUTO_INCREMENT=34 DEFAULT CHARSET=utf8 COLLATE=utf8_unicode_ci;

--
-- Data for table `di_fieldlayouts`
--

INSERT INTO `di_fieldlayouts` (`id`, `type`, `dateCreated`, `dateUpdated`, `uid`) VALUES ('3', 'Entry', '2014-09-04 11:28:59', '2014-09-04 11:28:59', 'c8f44ead-0f27-4006-817d-678ac691871c');
INSERT INTO `di_fieldlayouts` (`id`, `type`, `dateCreated`, `dateUpdated`, `uid`) VALUES ('7', 'Asset', '2014-09-04 12:59:54', '2014-09-04 12:59:54', 'a9845800-cd67-43f6-8bd1-68df85c49fc7');
INSERT INTO `di_fieldlayouts` (`id`, `type`, `dateCreated`, `dateUpdated`, `uid`) VALUES ('9', 'Tag', '2014-09-04 14:08:11', '2014-09-04 14:08:11', '65f892a6-2242-423d-b13f-8611e6b200e4');
INSERT INTO `di_fieldlayouts` (`id`, `type`, `dateCreated`, `dateUpdated`, `uid`) VALUES ('10', 'Tag', '2014-09-04 14:08:38', '2014-09-04 14:08:38', 'aebbf8aa-3f0c-455c-bbf2-1b3e09edf42f');
INSERT INTO `di_fieldlayouts` (`id`, `type`, `dateCreated`, `dateUpdated`, `uid`) VALUES ('11', 'Tag', '2014-09-04 14:08:52', '2014-09-04 14:08:52', '88242659-5e90-49ca-b1ad-f93717a09094');
INSERT INTO `di_fieldlayouts` (`id`, `type`, `dateCreated`, `dateUpdated`, `uid`) VALUES ('26', 'MatrixBlock', '2014-09-04 15:38:05', '2014-09-04 15:38:05', '6f2732fa-38a6-4436-ba6c-3f02fd0563a2');
INSERT INTO `di_fieldlayouts` (`id`, `type`, `dateCreated`, `dateUpdated`, `uid`) VALUES ('27', 'MatrixBlock', '2014-09-04 15:38:05', '2014-09-04 15:38:05', '03a790be-4960-43de-9c49-ff07b5959c05');
INSERT INTO `di_fieldlayouts` (`id`, `type`, `dateCreated`, `dateUpdated`, `uid`) VALUES ('28', 'MatrixBlock', '2014-09-04 15:38:05', '2014-09-04 15:38:05', '33916c07-8204-4128-9e86-991e61890333');
INSERT INTO `di_fieldlayouts` (`id`, `type`, `dateCreated`, `dateUpdated`, `uid`) VALUES ('29', 'MatrixBlock', '2014-09-04 15:38:05', '2014-09-04 15:38:05', '7fae64c4-c068-4a5f-8ee8-707229c29e1b');
INSERT INTO `di_fieldlayouts` (`id`, `type`, `dateCreated`, `dateUpdated`, `uid`) VALUES ('31', 'Entry', '2014-09-05 08:48:39', '2014-09-05 08:48:39', '08ec03a7-8cb6-42a2-ab55-d1b87c8374e8');
INSERT INTO `di_fieldlayouts` (`id`, `type`, `dateCreated`, `dateUpdated`, `uid`) VALUES ('33', 'Category', '2014-09-05 09:18:10', '2014-09-05 09:18:10', '28460309-90ba-43e1-bcf1-311664c6dc1b');



--
-- Schema for table `di_fieldlayouttabs`
--

DROP TABLE IF EXISTS `di_fieldlayouttabs`;

CREATE TABLE `di_fieldlayouttabs` (
  `id` int(11) NOT NULL AUTO_INCREMENT,
  `layoutId` int(11) NOT NULL,
  `name` varchar(255) COLLATE utf8_unicode_ci NOT NULL,
  `sortOrder` tinyint(4) DEFAULT NULL,
  `dateCreated` datetime NOT NULL,
  `dateUpdated` datetime NOT NULL,
  `uid` char(36) COLLATE utf8_unicode_ci NOT NULL DEFAULT '0',
  PRIMARY KEY (`id`),
  KEY `di_fieldlayouttabs_sortOrder_idx` (`sortOrder`),
  KEY `di_fieldlayouttabs_layoutId_fk` (`layoutId`)
) ENGINE=InnoDB AUTO_INCREMENT=7 DEFAULT CHARSET=utf8 COLLATE=utf8_unicode_ci;

--
-- Data for table `di_fieldlayouttabs`
--

INSERT INTO `di_fieldlayouttabs` (`id`, `layoutId`, `name`, `sortOrder`, `dateCreated`, `dateUpdated`, `uid`) VALUES ('1', '3', 'Content', '1', '2014-09-04 11:28:59', '2014-09-04 11:28:59', '58ca6c2e-d2c2-43d0-819b-1707866bc37e');
INSERT INTO `di_fieldlayouttabs` (`id`, `layoutId`, `name`, `sortOrder`, `dateCreated`, `dateUpdated`, `uid`) VALUES ('6', '31', 'Content', '1', '2014-09-05 08:48:39', '2014-09-05 08:48:39', 'ebeb7174-f601-464c-a019-182dad3bdb8d');



--
-- Schema for table `di_fields`
--

DROP TABLE IF EXISTS `di_fields`;

CREATE TABLE `di_fields` (
  `id` int(11) NOT NULL AUTO_INCREMENT,
  `groupId` int(11) DEFAULT NULL,
  `name` varchar(255) COLLATE utf8_unicode_ci NOT NULL,
  `handle` varchar(58) COLLATE utf8_unicode_ci NOT NULL,
  `context` varchar(255) COLLATE utf8_unicode_ci NOT NULL DEFAULT 'global',
  `instructions` text COLLATE utf8_unicode_ci,
  `translatable` tinyint(1) unsigned NOT NULL DEFAULT '0',
  `type` varchar(150) COLLATE utf8_unicode_ci NOT NULL,
  `settings` text COLLATE utf8_unicode_ci,
  `dateCreated` datetime NOT NULL,
  `dateUpdated` datetime NOT NULL,
  `uid` char(36) COLLATE utf8_unicode_ci NOT NULL DEFAULT '0',
  PRIMARY KEY (`id`),
  UNIQUE KEY `di_fields_handle_context_unq_idx` (`handle`,`context`),
  KEY `di_fields_context_idx` (`context`),
  KEY `di_fields_groupId_fk` (`groupId`)
) ENGINE=InnoDB AUTO_INCREMENT=16 DEFAULT CHARSET=utf8 COLLATE=utf8_unicode_ci;

--
-- Data for table `di_fields`
--

INSERT INTO `di_fields` (`id`, `groupId`, `name`, `handle`, `context`, `instructions`, `translatable`, `type`, `settings`, `dateCreated`, `dateUpdated`, `uid`) VALUES ('1', '1', 'Heading', 'heading', 'global', NULL, '1', 'PlainText', NULL, '2014-09-04 11:28:59', '2014-09-04 11:28:59', '5f6f177a-079d-41ef-bfaf-3e4fdc9d6b93');
INSERT INTO `di_fields` (`id`, `groupId`, `name`, `handle`, `context`, `instructions`, `translatable`, `type`, `settings`, `dateCreated`, `dateUpdated`, `uid`) VALUES ('2', '1', 'Body', 'body', 'global', '', '0', 'Matrix', '{\"maxBlocks\":null}', '2014-09-04 11:28:59', '2014-09-04 15:38:05', '3be9ebcc-8a98-420b-9148-7913c96f512a');
INSERT INTO `di_fields` (`id`, `groupId`, `name`, `handle`, `context`, `instructions`, `translatable`, `type`, `settings`, `dateCreated`, `dateUpdated`, `uid`) VALUES ('3', '1', 'Tags', 'tags', 'global', NULL, '0', 'Tags', '{\"source\":\"taggroup:1\"}', '2014-09-04 11:28:59', '2014-09-04 11:28:59', '69aa2d41-c508-4131-b44b-0bc340a6ecbc');
INSERT INTO `di_fields` (`id`, `groupId`, `name`, `handle`, `context`, `instructions`, `translatable`, `type`, `settings`, `dateCreated`, `dateUpdated`, `uid`) VALUES ('4', '1', 'Asset', 'asset', 'global', '', '0', 'Assets', '{\"useSingleFolder\":\"\",\"sources\":\"*\",\"defaultUploadLocationSource\":\"1\",\"defaultUploadLocationSubpath\":\"images\\/\",\"singleUploadLocationSource\":\"1\",\"singleUploadLocationSubpath\":\"\",\"restrictFiles\":\"1\",\"allowedKinds\":[\"image\",\"video\"],\"limit\":\"\"}', '2014-09-04 14:13:42', '2014-09-04 14:13:42', '607af3d6-bfcf-4c72-8c82-645da6a28405');
INSERT INTO `di_fields` (`id`, `groupId`, `name`, `handle`, `context`, `instructions`, `translatable`, `type`, `settings`, `dateCreated`, `dateUpdated`, `uid`) VALUES ('5', NULL, 'Text', 'text', 'matrixBlockType:1', NULL, '0', 'RichText', '{\"configFile\":\"\",\"cleanupHtml\":\"1\",\"purifyHtml\":\"\"}', '2014-09-04 14:21:28', '2014-09-04 15:38:05', 'b137b9f1-2b2d-410d-9f61-63370c7c03a8');
INSERT INTO `di_fields` (`id`, `groupId`, `name`, `handle`, `context`, `instructions`, `translatable`, `type`, `settings`, `dateCreated`, `dateUpdated`, `uid`) VALUES ('6', NULL, 'Asset', 'asset', 'matrixBlockType:2', NULL, '0', 'Assets', '{\"useSingleFolder\":\"\",\"sources\":\"*\",\"defaultUploadLocationSource\":\"1\",\"defaultUploadLocationSubpath\":\"images\\/content\\/\",\"singleUploadLocationSource\":\"1\",\"singleUploadLocationSubpath\":\"\",\"restrictFiles\":\"\",\"limit\":\"\"}', '2014-09-04 14:21:28', '2014-09-04 15:38:05', '3d0470c8-23c4-4698-8d7e-28cd8bf5825b');
INSERT INTO `di_fields` (`id`, `groupId`, `name`, `handle`, `context`, `instructions`, `translatable`, `type`, `settings`, `dateCreated`, `dateUpdated`, `uid`) VALUES ('7', NULL, 'Asset Placement', 'assetPlacement', 'matrixBlockType:2', NULL, '0', 'Dropdown', '{\"options\":[{\"label\":\"Full Width\",\"value\":\"full\",\"default\":\"\"},{\"label\":\"Inset\",\"value\":\"inset\",\"default\":\"\"}]}', '2014-09-04 14:21:28', '2014-09-04 15:38:05', '197d8ef0-59b0-44cf-897f-6a873b3726d8');
INSERT INTO `di_fields` (`id`, `groupId`, `name`, `handle`, `context`, `instructions`, `translatable`, `type`, `settings`, `dateCreated`, `dateUpdated`, `uid`) VALUES ('8', NULL, 'Asset Caption', 'assetCaption', 'matrixBlockType:2', NULL, '0', 'PlainText', '{\"placeholder\":\"\",\"maxLength\":\"\",\"multiline\":\"\",\"initialRows\":\"4\"}', '2014-09-04 14:21:28', '2014-09-04 15:38:05', 'd113d39d-9cc2-4142-b632-1540afe8f32d');
INSERT INTO `di_fields` (`id`, `groupId`, `name`, `handle`, `context`, `instructions`, `translatable`, `type`, `settings`, `dateCreated`, `dateUpdated`, `uid`) VALUES ('9', NULL, 'Heading', 'heading', 'matrixBlockType:3', NULL, '0', 'PlainText', '{\"placeholder\":\"\",\"maxLength\":\"\",\"multiline\":\"\",\"initialRows\":\"4\"}', '2014-09-04 14:58:34', '2014-09-04 15:38:05', '96579c37-6d57-484e-80a5-8c327d0fe6f4');
INSERT INTO `di_fields` (`id`, `groupId`, `name`, `handle`, `context`, `instructions`, `translatable`, `type`, `settings`, `dateCreated`, `dateUpdated`, `uid`) VALUES ('10', NULL, 'HeadingType', 'headingType', 'matrixBlockType:3', NULL, '0', 'Dropdown', '{\"options\":[{\"label\":\"h2\",\"value\":\"h2\",\"default\":\"1\"},{\"label\":\"h3\",\"value\":\"h3\",\"default\":\"\"},{\"label\":\"h4\",\"value\":\"h4\",\"default\":\"\"}]}', '2014-09-04 14:58:34', '2014-09-04 15:38:05', '5dc13701-8ffc-42a2-8f7b-e82d5ba06f6a');
INSERT INTO `di_fields` (`id`, `groupId`, `name`, `handle`, `context`, `instructions`, `translatable`, `type`, `settings`, `dateCreated`, `dateUpdated`, `uid`) VALUES ('11', NULL, 'Quote', 'quote', 'matrixBlockType:4', NULL, '0', 'RichText', '{\"configFile\":\"Simple.json\",\"cleanupHtml\":\"1\",\"purifyHtml\":\"\"}', '2014-09-04 14:58:34', '2014-09-04 15:38:05', '6cb3dcee-c8d4-493a-b079-d818bbc913f2');
INSERT INTO `di_fields` (`id`, `groupId`, `name`, `handle`, `context`, `instructions`, `translatable`, `type`, `settings`, `dateCreated`, `dateUpdated`, `uid`) VALUES ('12', NULL, 'Cite', 'cite', 'matrixBlockType:4', NULL, '0', 'PlainText', '{\"placeholder\":\"\",\"maxLength\":\"\",\"multiline\":\"\",\"initialRows\":\"4\"}', '2014-09-04 14:58:34', '2014-09-04 15:38:05', 'f7004da0-8ce0-46ef-a9d6-5cf2accc1b74');
INSERT INTO `di_fields` (`id`, `groupId`, `name`, `handle`, `context`, `instructions`, `translatable`, `type`, `settings`, `dateCreated`, `dateUpdated`, `uid`) VALUES ('13', NULL, 'Cite Link', 'citeLink', 'matrixBlockType:4', NULL, '0', 'PlainText', '{\"placeholder\":\"\",\"maxLength\":\"\",\"multiline\":\"\",\"initialRows\":\"4\"}', '2014-09-04 14:58:34', '2014-09-04 15:38:05', '570caca2-3c09-476c-867e-e13b846843bf');
INSERT INTO `di_fields` (`id`, `groupId`, `name`, `handle`, `context`, `instructions`, `translatable`, `type`, `settings`, `dateCreated`, `dateUpdated`, `uid`) VALUES ('14', '1', 'Brief', 'brief', 'global', '', '0', 'RichText', '{\"configFile\":\"Simple.json\",\"cleanupHtml\":\"1\",\"purifyHtml\":\"\"}', '2014-09-04 15:42:19', '2014-09-04 15:42:19', '4ad9d0d7-d9c2-4382-b8a9-113252fb34f7');
INSERT INTO `di_fields` (`id`, `groupId`, `name`, `handle`, `context`, `instructions`, `translatable`, `type`, `settings`, `dateCreated`, `dateUpdated`, `uid`) VALUES ('15', '1', 'Categories', 'categories', 'global', '', '0', 'Categories', '{\"source\":\"group:1\",\"limit\":\"\"}', '2014-09-05 08:48:20', '2014-09-05 08:48:20', 'c38dee0f-ad3e-4814-935e-3690abd1db42');



--
-- Schema for table `di_globalsets`
--

DROP TABLE IF EXISTS `di_globalsets`;

CREATE TABLE `di_globalsets` (
  `id` int(11) NOT NULL,
  `name` varchar(255) COLLATE utf8_unicode_ci NOT NULL,
  `handle` varchar(255) COLLATE utf8_unicode_ci NOT NULL,
  `fieldLayoutId` int(10) DEFAULT NULL,
  `dateCreated` datetime NOT NULL,
  `dateUpdated` datetime NOT NULL,
  `uid` char(36) COLLATE utf8_unicode_ci NOT NULL DEFAULT '0',
  PRIMARY KEY (`id`),
  UNIQUE KEY `di_globalsets_name_unq_idx` (`name`),
  UNIQUE KEY `di_globalsets_handle_unq_idx` (`handle`),
  KEY `di_globalsets_fieldLayoutId_fk` (`fieldLayoutId`)
) ENGINE=InnoDB DEFAULT CHARSET=utf8 COLLATE=utf8_unicode_ci;

--
-- Schema for table `di_info`
--

DROP TABLE IF EXISTS `di_info`;

CREATE TABLE `di_info` (
  `id` int(11) NOT NULL AUTO_INCREMENT,
  `version` varchar(15) COLLATE utf8_unicode_ci NOT NULL,
  `build` int(11) unsigned NOT NULL,
  `schemaVersion` varchar(15) COLLATE utf8_unicode_ci NOT NULL,
  `releaseDate` datetime NOT NULL,
  `edition` tinyint(1) unsigned NOT NULL DEFAULT '0',
  `siteName` varchar(100) COLLATE utf8_unicode_ci NOT NULL,
  `siteUrl` varchar(255) COLLATE utf8_unicode_ci NOT NULL,
  `timezone` varchar(30) COLLATE utf8_unicode_ci DEFAULT NULL,
  `on` tinyint(1) unsigned NOT NULL DEFAULT '0',
  `maintenance` tinyint(1) unsigned NOT NULL DEFAULT '0',
  `track` varchar(40) COLLATE utf8_unicode_ci NOT NULL,
  `dateCreated` datetime NOT NULL,
  `dateUpdated` datetime NOT NULL,
  `uid` char(36) COLLATE utf8_unicode_ci NOT NULL DEFAULT '0',
  PRIMARY KEY (`id`)
) ENGINE=InnoDB AUTO_INCREMENT=2 DEFAULT CHARSET=utf8 COLLATE=utf8_unicode_ci;

--
-- Data for table `di_info`
--

INSERT INTO `di_info` (`id`, `version`, `build`, `schemaVersion`, `releaseDate`, `edition`, `siteName`, `siteUrl`, `timezone`, `on`, `maintenance`, `track`, `dateCreated`, `dateUpdated`, `uid`) VALUES ('1', '2.2', '2579', '2.2.0', '2014-09-02 15:12:48', '0', 'Drop Inn', 'http://dropinn', 'UTC', '1', '1', 'stable', '2014-09-04 11:28:57', '2014-09-05 11:34:07', '0b47734b-d5b5-4674-a015-56e8ab82458b');



--
-- Schema for table `di_locales`
--

DROP TABLE IF EXISTS `di_locales`;

CREATE TABLE `di_locales` (
  `locale` char(12) COLLATE utf8_unicode_ci NOT NULL,
  `sortOrder` tinyint(4) DEFAULT NULL,
  `dateCreated` datetime NOT NULL,
  `dateUpdated` datetime NOT NULL,
  `uid` char(36) COLLATE utf8_unicode_ci NOT NULL DEFAULT '0',
  PRIMARY KEY (`locale`),
  KEY `di_locales_sortOrder_idx` (`sortOrder`)
) ENGINE=InnoDB DEFAULT CHARSET=utf8 COLLATE=utf8_unicode_ci;

--
-- Data for table `di_locales`
--

INSERT INTO `di_locales` (`locale`, `sortOrder`, `dateCreated`, `dateUpdated`, `uid`) VALUES ('en_gb', '1', '2014-09-04 11:28:58', '2014-09-04 11:28:58', '8b240656-175f-4c15-bda4-8b3bc8b87525');



--
-- Schema for table `di_matrixblocks`
--

DROP TABLE IF EXISTS `di_matrixblocks`;

CREATE TABLE `di_matrixblocks` (
  `id` int(11) NOT NULL,
  `ownerId` int(11) NOT NULL,
  `fieldId` int(11) NOT NULL,
  `typeId` int(11) DEFAULT NULL,
  `sortOrder` tinyint(4) DEFAULT NULL,
  `ownerLocale` char(12) COLLATE utf8_unicode_ci DEFAULT NULL,
  `dateCreated` datetime NOT NULL,
  `dateUpdated` datetime NOT NULL,
  `uid` char(36) COLLATE utf8_unicode_ci NOT NULL DEFAULT '0',
  PRIMARY KEY (`id`),
  KEY `di_matrixblocks_ownerId_idx` (`ownerId`),
  KEY `di_matrixblocks_fieldId_idx` (`fieldId`),
  KEY `di_matrixblocks_typeId_idx` (`typeId`),
  KEY `di_matrixblocks_sortOrder_idx` (`sortOrder`),
  KEY `di_matrixblocks_ownerLocale_fk` (`ownerLocale`)
) ENGINE=InnoDB DEFAULT CHARSET=utf8 COLLATE=utf8_unicode_ci;

--
-- Data for table `di_matrixblocks`
--

INSERT INTO `di_matrixblocks` (`id`, `ownerId`, `fieldId`, `typeId`, `sortOrder`, `ownerLocale`, `dateCreated`, `dateUpdated`, `uid`) VALUES ('9', '4', '2', '1', '1', NULL, '2014-09-04 14:22:23', '2014-09-05 11:33:57', '9ec20fac-b23a-414e-8cc8-80be1068a9fe');
INSERT INTO `di_matrixblocks` (`id`, `ownerId`, `fieldId`, `typeId`, `sortOrder`, `ownerLocale`, `dateCreated`, `dateUpdated`, `uid`) VALUES ('11', '4', '2', '2', '3', NULL, '2014-09-04 14:29:49', '2014-09-05 11:33:57', 'd3ac6eeb-9baf-4396-8124-1db79aacc467');
INSERT INTO `di_matrixblocks` (`id`, `ownerId`, `fieldId`, `typeId`, `sortOrder`, `ownerLocale`, `dateCreated`, `dateUpdated`, `uid`) VALUES ('12', '4', '2', '3', '2', NULL, '2014-09-04 14:59:40', '2014-09-05 11:33:57', 'f53c3ebb-e7dd-4dfa-86e9-f137a39beca3');
INSERT INTO `di_matrixblocks` (`id`, `ownerId`, `fieldId`, `typeId`, `sortOrder`, `ownerLocale`, `dateCreated`, `dateUpdated`, `uid`) VALUES ('13', '4', '2', '4', '4', NULL, '2014-09-04 14:59:40', '2014-09-05 11:33:57', 'ce9daf82-436b-4948-9a58-8531d375185d');



--
-- Schema for table `di_matrixblocktypes`
--

DROP TABLE IF EXISTS `di_matrixblocktypes`;

CREATE TABLE `di_matrixblocktypes` (
  `id` int(11) NOT NULL AUTO_INCREMENT,
  `fieldId` int(11) NOT NULL,
  `fieldLayoutId` int(11) DEFAULT NULL,
  `name` varchar(255) COLLATE utf8_unicode_ci NOT NULL,
  `handle` varchar(255) COLLATE utf8_unicode_ci NOT NULL,
  `sortOrder` tinyint(4) DEFAULT NULL,
  `dateCreated` datetime NOT NULL,
  `dateUpdated` datetime NOT NULL,
  `uid` char(36) COLLATE utf8_unicode_ci NOT NULL DEFAULT '0',
  PRIMARY KEY (`id`),
  UNIQUE KEY `di_matrixblocktypes_name_fieldId_unq_idx` (`name`,`fieldId`),
  UNIQUE KEY `di_matrixblocktypes_handle_fieldId_unq_idx` (`handle`,`fieldId`),
  KEY `di_matrixblocktypes_fieldId_fk` (`fieldId`),
  KEY `di_matrixblocktypes_fieldLayoutId_fk` (`fieldLayoutId`)
) ENGINE=InnoDB AUTO_INCREMENT=5 DEFAULT CHARSET=utf8 COLLATE=utf8_unicode_ci;

--
-- Data for table `di_matrixblocktypes`
--

INSERT INTO `di_matrixblocktypes` (`id`, `fieldId`, `fieldLayoutId`, `name`, `handle`, `sortOrder`, `dateCreated`, `dateUpdated`, `uid`) VALUES ('1', '2', '26', 'Text', 'text', '1', '2014-09-04 14:21:28', '2014-09-04 15:38:05', '813b7beb-2417-4594-96d6-9eef06f0e750');
INSERT INTO `di_matrixblocktypes` (`id`, `fieldId`, `fieldLayoutId`, `name`, `handle`, `sortOrder`, `dateCreated`, `dateUpdated`, `uid`) VALUES ('2', '2', '27', 'Asset', 'asset', '2', '2014-09-04 14:21:28', '2014-09-04 15:38:05', 'bfe0879b-e640-4285-9e0f-e5c906cb0859');
INSERT INTO `di_matrixblocktypes` (`id`, `fieldId`, `fieldLayoutId`, `name`, `handle`, `sortOrder`, `dateCreated`, `dateUpdated`, `uid`) VALUES ('3', '2', '28', 'Heading', 'heading', '3', '2014-09-04 14:58:34', '2014-09-04 15:38:05', 'ab0997a8-0ca8-484c-b25d-bc16d6ffae10');
INSERT INTO `di_matrixblocktypes` (`id`, `fieldId`, `fieldLayoutId`, `name`, `handle`, `sortOrder`, `dateCreated`, `dateUpdated`, `uid`) VALUES ('4', '2', '29', 'Quote', 'quote', '4', '2014-09-04 14:58:34', '2014-09-04 15:38:05', '6c271878-c053-4a16-bc8d-07f13c02a1ad');



--
-- Schema for table `di_matrixcontent_body`
--

DROP TABLE IF EXISTS `di_matrixcontent_body`;

CREATE TABLE `di_matrixcontent_body` (
  `id` int(11) NOT NULL AUTO_INCREMENT,
  `elementId` int(11) NOT NULL,
  `locale` char(12) COLLATE utf8_unicode_ci NOT NULL,
  `field_text_text` text COLLATE utf8_unicode_ci,
  `field_asset_assetPlacement` varchar(255) COLLATE utf8_unicode_ci DEFAULT NULL,
  `field_asset_assetCaption` text COLLATE utf8_unicode_ci,
  `field_heading_heading` text COLLATE utf8_unicode_ci,
  `field_heading_headingType` varchar(255) COLLATE utf8_unicode_ci DEFAULT NULL,
  `field_quote_quote` text COLLATE utf8_unicode_ci,
  `field_quote_cite` text COLLATE utf8_unicode_ci,
  `field_quote_citeLink` text COLLATE utf8_unicode_ci,
  `dateCreated` datetime NOT NULL,
  `dateUpdated` datetime NOT NULL,
  `uid` char(36) COLLATE utf8_unicode_ci NOT NULL DEFAULT '0',
  PRIMARY KEY (`id`),
  UNIQUE KEY `di_matrixcontent_body_elementId_locale_unq_idx` (`elementId`,`locale`),
  KEY `di_matrixcontent_body_locale_fk` (`locale`)
) ENGINE=InnoDB AUTO_INCREMENT=6 DEFAULT CHARSET=utf8 COLLATE=utf8_unicode_ci;

--
-- Data for table `di_matrixcontent_body`
--

INSERT INTO `di_matrixcontent_body` (`id`, `elementId`, `locale`, `field_text_text`, `field_asset_assetPlacement`, `field_asset_assetCaption`, `field_heading_heading`, `field_heading_headingType`, `field_quote_quote`, `field_quote_cite`, `field_quote_citeLink`, `dateCreated`, `dateUpdated`, `uid`) VALUES ('1', '9', 'en_gb', '<p>Hello</p>', NULL, NULL, NULL, NULL, NULL, NULL, NULL, '2014-09-04 14:22:23', '2014-09-05 11:33:57', 'f6b1a22a-274d-4c3c-a4a3-a576fd0e01fc');
INSERT INTO `di_matrixcontent_body` (`id`, `elementId`, `locale`, `field_text_text`, `field_asset_assetPlacement`, `field_asset_assetCaption`, `field_heading_heading`, `field_heading_headingType`, `field_quote_quote`, `field_quote_cite`, `field_quote_citeLink`, `dateCreated`, `dateUpdated`, `uid`) VALUES ('3', '11', 'en_gb', NULL, 'full', 'A little kitten!', NULL, NULL, NULL, NULL, NULL, '2014-09-04 14:29:49', '2014-09-05 11:33:57', '9f863344-6580-4689-8b0f-2a96250f9138');
INSERT INTO `di_matrixcontent_body` (`id`, `elementId`, `locale`, `field_text_text`, `field_asset_assetPlacement`, `field_asset_assetCaption`, `field_heading_heading`, `field_heading_headingType`, `field_quote_quote`, `field_quote_cite`, `field_quote_citeLink`, `dateCreated`, `dateUpdated`, `uid`) VALUES ('4', '12', 'en_gb', NULL, NULL, NULL, 'A kitten', 'h2', NULL, NULL, NULL, '2014-09-04 14:59:40', '2014-09-05 11:33:57', '33c0f1d9-3f7b-4b10-85d6-c76b42c268b8');
INSERT INTO `di_matrixcontent_body` (`id`, `elementId`, `locale`, `field_text_text`, `field_asset_assetPlacement`, `field_asset_assetCaption`, `field_heading_heading`, `field_heading_headingType`, `field_quote_quote`, `field_quote_cite`, `field_quote_citeLink`, `dateCreated`, `dateUpdated`, `uid`) VALUES ('5', '13', 'en_gb', NULL, NULL, NULL, NULL, NULL, '<p>I like stuff</p>', 'Bob', 'http://bbc.co.uk/', '2014-09-04 14:59:40', '2014-09-05 11:33:57', '4f79a134-5dd3-4c94-85b2-3ea00a7214be');



--
-- Schema for table `di_migrations`
--

DROP TABLE IF EXISTS `di_migrations`;

CREATE TABLE `di_migrations` (
  `id` int(11) NOT NULL AUTO_INCREMENT,
  `pluginId` int(11) DEFAULT NULL,
  `version` varchar(255) COLLATE utf8_unicode_ci NOT NULL,
  `applyTime` datetime NOT NULL,
  `dateCreated` datetime NOT NULL,
  `dateUpdated` datetime NOT NULL,
  `uid` char(36) COLLATE utf8_unicode_ci NOT NULL DEFAULT '0',
  PRIMARY KEY (`id`),
  UNIQUE KEY `di_migrations_version_unq_idx` (`version`),
  KEY `di_migrations_pluginId_fk` (`pluginId`)
) ENGINE=InnoDB AUTO_INCREMENT=51 DEFAULT CHARSET=utf8 COLLATE=utf8_unicode_ci;

--
-- Data for table `di_migrations`
--

INSERT INTO `di_migrations` (`id`, `pluginId`, `version`, `applyTime`, `dateCreated`, `dateUpdated`, `uid`) VALUES ('1', NULL, 'm000000_000000_base', '2014-09-04 11:28:58', '2014-09-04 11:28:58', '2014-09-04 11:28:58', 'e53ed005-a470-42ce-ae5f-398d9caf8f4a');
INSERT INTO `di_migrations` (`id`, `pluginId`, `version`, `applyTime`, `dateCreated`, `dateUpdated`, `uid`) VALUES ('2', NULL, 'm131203_000000_allow_orphan_assets', '2014-09-04 11:28:58', '2014-09-04 11:28:58', '2014-09-04 11:28:58', 'e86c9cf8-8ba6-46d9-a066-9fa1f58d3fe6');
INSERT INTO `di_migrations` (`id`, `pluginId`, `version`, `applyTime`, `dateCreated`, `dateUpdated`, `uid`) VALUES ('3', NULL, 'm131212_000001_add_missing_fk_to_emailmessages', '2014-09-04 11:28:58', '2014-09-04 11:28:58', '2014-09-04 11:28:58', '0f5c94be-4518-49c5-8037-7397115ebbfe');
INSERT INTO `di_migrations` (`id`, `pluginId`, `version`, `applyTime`, `dateCreated`, `dateUpdated`, `uid`) VALUES ('4', NULL, 'm140123_000000_update_widget_sort_orders', '2014-09-04 11:28:58', '2014-09-04 11:28:58', '2014-09-04 11:28:58', '750306bf-ea43-420a-a7fe-d76233b1f4ec');
INSERT INTO `di_migrations` (`id`, `pluginId`, `version`, `applyTime`, `dateCreated`, `dateUpdated`, `uid`) VALUES ('5', NULL, 'm140212_000000_clean_up_structures', '2014-09-04 11:28:58', '2014-09-04 11:28:58', '2014-09-04 11:28:58', '49f0e4bb-317a-4611-8bf7-f08bfed38cd5');
INSERT INTO `di_migrations` (`id`, `pluginId`, `version`, `applyTime`, `dateCreated`, `dateUpdated`, `uid`) VALUES ('6', NULL, 'm140217_000000_add_missing_indexes', '2014-09-04 11:28:58', '2014-09-04 11:28:58', '2014-09-04 11:28:58', '66e00296-7bc5-419b-857b-a3f03239c37f');
INSERT INTO `di_migrations` (`id`, `pluginId`, `version`, `applyTime`, `dateCreated`, `dateUpdated`, `uid`) VALUES ('7', NULL, 'm140223_000000_add_missing_element_rows', '2014-09-04 11:28:58', '2014-09-04 11:28:58', '2014-09-04 11:28:58', 'b8cebaa5-3b8c-4d63-b28e-1a04bbebb7e5');
INSERT INTO `di_migrations` (`id`, `pluginId`, `version`, `applyTime`, `dateCreated`, `dateUpdated`, `uid`) VALUES ('8', NULL, 'm140325_000000_fix_matrix_settings', '2014-09-04 11:28:58', '2014-09-04 11:28:58', '2014-09-04 11:28:58', 'be0130f6-6037-4b6f-be02-842db510bccc');
INSERT INTO `di_migrations` (`id`, `pluginId`, `version`, `applyTime`, `dateCreated`, `dateUpdated`, `uid`) VALUES ('9', NULL, 'm140401_000000_assignUserPermissions_permission', '2014-09-04 11:28:58', '2014-09-04 11:28:58', '2014-09-04 11:28:58', 'a66e7495-997c-49dd-b69d-f975ecbd58ec');
INSERT INTO `di_migrations` (`id`, `pluginId`, `version`, `applyTime`, `dateCreated`, `dateUpdated`, `uid`) VALUES ('10', NULL, 'm140401_000000_delete_the_deleted_files', '2014-09-04 11:28:58', '2014-09-04 11:28:58', '2014-09-04 11:28:58', '633a0be4-e3fc-4f7e-b23e-b47e70868e45');
INSERT INTO `di_migrations` (`id`, `pluginId`, `version`, `applyTime`, `dateCreated`, `dateUpdated`, `uid`) VALUES ('11', NULL, 'm140401_000001_structures', '2014-09-04 11:28:58', '2014-09-04 11:28:58', '2014-09-04 11:28:58', 'b96982b1-bb70-4992-bd95-a3387d564f28');
INSERT INTO `di_migrations` (`id`, `pluginId`, `version`, `applyTime`, `dateCreated`, `dateUpdated`, `uid`) VALUES ('12', NULL, 'm140401_000002_elements_i18n_tweaks', '2014-09-04 11:28:58', '2014-09-04 11:28:58', '2014-09-04 11:28:58', '906affec-dc5e-4c0e-85ae-450c21c91d83');
INSERT INTO `di_migrations` (`id`, `pluginId`, `version`, `applyTime`, `dateCreated`, `dateUpdated`, `uid`) VALUES ('13', NULL, 'm140401_000003_tag_groups', '2014-09-04 11:28:58', '2014-09-04 11:28:58', '2014-09-04 11:28:58', '2ee48a23-6343-4224-990f-b4d3504b6a27');
INSERT INTO `di_migrations` (`id`, `pluginId`, `version`, `applyTime`, `dateCreated`, `dateUpdated`, `uid`) VALUES ('14', NULL, 'm140401_000004_add_unverifiedemail_column_to_users', '2014-09-04 11:28:58', '2014-09-04 11:28:58', '2014-09-04 11:28:58', 'e1c7088d-747a-4acf-b2cd-007ca3ddae49');
INSERT INTO `di_migrations` (`id`, `pluginId`, `version`, `applyTime`, `dateCreated`, `dateUpdated`, `uid`) VALUES ('15', NULL, 'm140401_000005_translatable_matrix_fields', '2014-09-04 11:28:58', '2014-09-04 11:28:58', '2014-09-04 11:28:58', 'bc80c1f5-a8c6-4c69-8c4b-983dfe2d26c7');
INSERT INTO `di_migrations` (`id`, `pluginId`, `version`, `applyTime`, `dateCreated`, `dateUpdated`, `uid`) VALUES ('16', NULL, 'm140401_000006_translatable_relation_fields', '2014-09-04 11:28:58', '2014-09-04 11:28:58', '2014-09-04 11:28:58', '1e5fc74c-2a5b-4996-a80b-19db1ba2e6f5');
INSERT INTO `di_migrations` (`id`, `pluginId`, `version`, `applyTime`, `dateCreated`, `dateUpdated`, `uid`) VALUES ('17', NULL, 'm140401_000007_add_enabledbydefault_column_to_sections_i18n', '2014-09-04 11:28:58', '2014-09-04 11:28:58', '2014-09-04 11:28:58', '9813c3db-256a-48e5-af6e-fc71f87debbd');
INSERT INTO `di_migrations` (`id`, `pluginId`, `version`, `applyTime`, `dateCreated`, `dateUpdated`, `uid`) VALUES ('18', NULL, 'm140401_000008_fullpath_to_path', '2014-09-04 11:28:58', '2014-09-04 11:28:58', '2014-09-04 11:28:58', '0fd42d16-0f6d-483f-a264-7bdf84529015');
INSERT INTO `di_migrations` (`id`, `pluginId`, `version`, `applyTime`, `dateCreated`, `dateUpdated`, `uid`) VALUES ('19', NULL, 'm140401_000009_asset_field_layouts', '2014-09-04 11:28:58', '2014-09-04 11:28:58', '2014-09-04 11:28:58', 'cef9a3ba-833d-4921-83f9-1f9ccf1edcf4');
INSERT INTO `di_migrations` (`id`, `pluginId`, `version`, `applyTime`, `dateCreated`, `dateUpdated`, `uid`) VALUES ('20', NULL, 'm140401_000010_no_section_default_author', '2014-09-04 11:28:58', '2014-09-04 11:28:58', '2014-09-04 11:28:58', 'fde07570-ebba-41e0-9cc7-99a9b46163d1');
INSERT INTO `di_migrations` (`id`, `pluginId`, `version`, `applyTime`, `dateCreated`, `dateUpdated`, `uid`) VALUES ('21', NULL, 'm140401_000011_categories', '2014-09-04 11:28:58', '2014-09-04 11:28:58', '2014-09-04 11:28:58', 'c19aa9cb-b170-4bf7-b552-218fad55be52');
INSERT INTO `di_migrations` (`id`, `pluginId`, `version`, `applyTime`, `dateCreated`, `dateUpdated`, `uid`) VALUES ('22', NULL, 'm140401_000012_templatecaches', '2014-09-04 11:28:58', '2014-09-04 11:28:58', '2014-09-04 11:28:58', 'e074573a-aa79-49e8-8cf5-67ebd2a1d8d3');
INSERT INTO `di_migrations` (`id`, `pluginId`, `version`, `applyTime`, `dateCreated`, `dateUpdated`, `uid`) VALUES ('23', NULL, 'm140401_000013_allow_temp_source_transforms', '2014-09-04 11:28:58', '2014-09-04 11:28:58', '2014-09-04 11:28:58', '8cb68f82-b548-46ac-b335-895331c362a3');
INSERT INTO `di_migrations` (`id`, `pluginId`, `version`, `applyTime`, `dateCreated`, `dateUpdated`, `uid`) VALUES ('24', NULL, 'm140401_000014_entry_title_formats', '2014-09-04 11:28:58', '2014-09-04 11:28:58', '2014-09-04 11:28:58', 'ad56cbb6-18c5-4567-844f-0a23a26b0125');
INSERT INTO `di_migrations` (`id`, `pluginId`, `version`, `applyTime`, `dateCreated`, `dateUpdated`, `uid`) VALUES ('25', NULL, 'm140401_000015_tasks', '2014-09-04 11:28:58', '2014-09-04 11:28:58', '2014-09-04 11:28:58', '31fcdf8a-e032-41cc-8195-970be478715d');
INSERT INTO `di_migrations` (`id`, `pluginId`, `version`, `applyTime`, `dateCreated`, `dateUpdated`, `uid`) VALUES ('26', NULL, 'm140401_000016_varchar_classes', '2014-09-04 11:28:58', '2014-09-04 11:28:58', '2014-09-04 11:28:58', '83cf0536-50e2-473f-80ed-74b11d665e12');
INSERT INTO `di_migrations` (`id`, `pluginId`, `version`, `applyTime`, `dateCreated`, `dateUpdated`, `uid`) VALUES ('27', NULL, 'm140401_000017_add_transform_quality', '2014-09-04 11:28:58', '2014-09-04 11:28:58', '2014-09-04 11:28:58', 'eba80518-2b4f-48d9-9bea-0b73b473615f');
INSERT INTO `di_migrations` (`id`, `pluginId`, `version`, `applyTime`, `dateCreated`, `dateUpdated`, `uid`) VALUES ('28', NULL, 'm140401_000018_locale_routes', '2014-09-04 11:28:58', '2014-09-04 11:28:58', '2014-09-04 11:28:58', 'b201fc9d-0929-47ec-8c54-813e9b794b59');
INSERT INTO `di_migrations` (`id`, `pluginId`, `version`, `applyTime`, `dateCreated`, `dateUpdated`, `uid`) VALUES ('29', NULL, 'm140401_000019_editions', '2014-09-04 11:28:58', '2014-09-04 11:28:58', '2014-09-04 11:28:58', 'd718a3df-36d5-4ad9-bed0-4c5ec70b16f4');
INSERT INTO `di_migrations` (`id`, `pluginId`, `version`, `applyTime`, `dateCreated`, `dateUpdated`, `uid`) VALUES ('30', NULL, 'm140401_000019_rackspace_auth_api', '2014-09-04 11:28:58', '2014-09-04 11:28:58', '2014-09-04 11:28:58', '8f483cd0-347b-4e4f-aa4f-7f259761b065');
INSERT INTO `di_migrations` (`id`, `pluginId`, `version`, `applyTime`, `dateCreated`, `dateUpdated`, `uid`) VALUES ('31', NULL, 'm140401_000020_deprecationerrors_table', '2014-09-04 11:28:58', '2014-09-04 11:28:58', '2014-09-04 11:28:58', '40e0be75-81d9-4de4-a2f6-742f947d48af');
INSERT INTO `di_migrations` (`id`, `pluginId`, `version`, `applyTime`, `dateCreated`, `dateUpdated`, `uid`) VALUES ('32', NULL, 'm140401_000021_client_user', '2014-09-04 11:28:58', '2014-09-04 11:28:58', '2014-09-04 11:28:58', 'ab46acd8-64a0-45b1-bf9f-0011686aad79');
INSERT INTO `di_migrations` (`id`, `pluginId`, `version`, `applyTime`, `dateCreated`, `dateUpdated`, `uid`) VALUES ('33', NULL, 'm140401_100000_resave_elements', '2014-09-04 11:28:58', '2014-09-04 11:28:58', '2014-09-04 11:28:58', '97eda141-3a78-4ebd-b768-d01c738ff13c');
INSERT INTO `di_migrations` (`id`, `pluginId`, `version`, `applyTime`, `dateCreated`, `dateUpdated`, `uid`) VALUES ('34', NULL, 'm140401_100002_delete_compiled_templates', '2014-09-04 11:28:58', '2014-09-04 11:28:58', '2014-09-04 11:28:58', 'ed25702e-47d5-490a-8927-37862fbe0d17');
INSERT INTO `di_migrations` (`id`, `pluginId`, `version`, `applyTime`, `dateCreated`, `dateUpdated`, `uid`) VALUES ('35', NULL, 'm140403_000000_allow_orphan_assets_again', '2014-09-04 11:28:58', '2014-09-04 11:28:58', '2014-09-04 11:28:58', 'e7c0fcc1-b6bc-4297-8988-5827cc930c16');
INSERT INTO `di_migrations` (`id`, `pluginId`, `version`, `applyTime`, `dateCreated`, `dateUpdated`, `uid`) VALUES ('36', NULL, 'm140508_000000_fix_disabled_matrix_blocks', '2014-09-04 11:28:58', '2014-09-04 11:28:58', '2014-09-04 11:28:58', '7e5ef53f-3e4d-466d-85e5-20c2992189b5');
INSERT INTO `di_migrations` (`id`, `pluginId`, `version`, `applyTime`, `dateCreated`, `dateUpdated`, `uid`) VALUES ('37', NULL, 'm140520_000000_add_id_column_to_templatecachecriteria', '2014-09-04 11:28:58', '2014-09-04 11:28:58', '2014-09-04 11:28:58', '90f0183e-83bc-421e-b5f5-3b223cc758f0');
INSERT INTO `di_migrations` (`id`, `pluginId`, `version`, `applyTime`, `dateCreated`, `dateUpdated`, `uid`) VALUES ('38', NULL, 'm140603_000000_draft_names', '2014-09-04 11:28:58', '2014-09-04 11:28:58', '2014-09-04 11:28:58', '974357f4-c653-4153-a0b6-84de83cfc5ad');
INSERT INTO `di_migrations` (`id`, `pluginId`, `version`, `applyTime`, `dateCreated`, `dateUpdated`, `uid`) VALUES ('39', NULL, 'm140603_000001_draft_notes', '2014-09-04 11:28:58', '2014-09-04 11:28:58', '2014-09-04 11:28:58', '6d9b0487-a8a8-4779-8805-325afc713da9');
INSERT INTO `di_migrations` (`id`, `pluginId`, `version`, `applyTime`, `dateCreated`, `dateUpdated`, `uid`) VALUES ('40', NULL, 'm140603_000002_version_nums', '2014-09-04 11:28:58', '2014-09-04 11:28:58', '2014-09-04 11:28:58', '9672ede6-ac7e-489d-a813-d6442f2b1cc9');
INSERT INTO `di_migrations` (`id`, `pluginId`, `version`, `applyTime`, `dateCreated`, `dateUpdated`, `uid`) VALUES ('41', NULL, 'm140603_000003_version_toggling', '2014-09-04 11:28:58', '2014-09-04 11:28:58', '2014-09-04 11:28:58', '5e479fba-bb12-40c2-9ac5-1731751c9a96');
INSERT INTO `di_migrations` (`id`, `pluginId`, `version`, `applyTime`, `dateCreated`, `dateUpdated`, `uid`) VALUES ('42', NULL, 'm140603_000004_tokens', '2014-09-04 11:28:58', '2014-09-04 11:28:58', '2014-09-04 11:28:58', '3a9ff939-ce2e-4b7c-a074-8472271f0087');
INSERT INTO `di_migrations` (`id`, `pluginId`, `version`, `applyTime`, `dateCreated`, `dateUpdated`, `uid`) VALUES ('43', NULL, 'm140603_000005_asset_sources', '2014-09-04 11:28:58', '2014-09-04 11:28:58', '2014-09-04 11:28:58', 'fd99ac1d-e8e9-4d1e-abd2-cdc4e93f2e8b');
INSERT INTO `di_migrations` (`id`, `pluginId`, `version`, `applyTime`, `dateCreated`, `dateUpdated`, `uid`) VALUES ('44', NULL, 'm140716_000001_allow_temp_source_transforms_again', '2014-09-04 11:28:58', '2014-09-04 11:28:58', '2014-09-04 11:28:58', '0d157fef-96e5-4910-bc85-48fc98b59e0e');
INSERT INTO `di_migrations` (`id`, `pluginId`, `version`, `applyTime`, `dateCreated`, `dateUpdated`, `uid`) VALUES ('45', NULL, 'm140730_000001_add_filename_and_format_to_transformindex', '2014-09-04 11:28:58', '2014-09-04 11:28:58', '2014-09-04 11:28:58', '775b453c-2c5f-48f5-88d5-ef129dd87e4c');
INSERT INTO `di_migrations` (`id`, `pluginId`, `version`, `applyTime`, `dateCreated`, `dateUpdated`, `uid`) VALUES ('46', NULL, 'm140731_000001_resave_elements_with_assets_in_temp_sources', '2014-09-04 11:28:58', '2014-09-04 11:28:58', '2014-09-04 11:28:58', 'c9d28477-f41d-4531-b71e-69918222a534');
INSERT INTO `di_migrations` (`id`, `pluginId`, `version`, `applyTime`, `dateCreated`, `dateUpdated`, `uid`) VALUES ('47', NULL, 'm140815_000001_add_format_to_transforms', '2014-09-04 11:28:58', '2014-09-04 11:28:58', '2014-09-04 11:28:58', 'cce90f26-e011-4776-9933-fbd22b9b5fa1');
INSERT INTO `di_migrations` (`id`, `pluginId`, `version`, `applyTime`, `dateCreated`, `dateUpdated`, `uid`) VALUES ('48', NULL, 'm140822_000001_allow_more_than_128_items_per_field', '2014-09-04 11:28:58', '2014-09-04 11:28:58', '2014-09-04 11:28:58', 'dd7b2933-1716-4ff0-ad3c-6784abcad239');
INSERT INTO `di_migrations` (`id`, `pluginId`, `version`, `applyTime`, `dateCreated`, `dateUpdated`, `uid`) VALUES ('49', NULL, 'm140829_000001_single_title_formats', '2014-09-04 11:28:58', '2014-09-04 11:28:58', '2014-09-04 11:28:58', '8ca01d70-c3e9-4636-a67d-3f8736f19eee');
INSERT INTO `di_migrations` (`id`, `pluginId`, `version`, `applyTime`, `dateCreated`, `dateUpdated`, `uid`) VALUES ('50', NULL, 'm140831_000001_extended_cache_keys', '2014-09-04 11:28:58', '2014-09-04 11:28:58', '2014-09-04 11:28:58', 'a5d57ca3-d583-4f2a-be36-db5e3f5653c1');



--
-- Schema for table `di_plugins`
--

DROP TABLE IF EXISTS `di_plugins`;

CREATE TABLE `di_plugins` (
  `id` int(11) NOT NULL AUTO_INCREMENT,
  `class` varchar(150) COLLATE utf8_unicode_ci NOT NULL,
  `version` char(15) COLLATE utf8_unicode_ci NOT NULL,
  `enabled` tinyint(1) unsigned NOT NULL DEFAULT '0',
  `settings` text COLLATE utf8_unicode_ci,
  `installDate` datetime NOT NULL,
  `dateCreated` datetime NOT NULL,
  `dateUpdated` datetime NOT NULL,
  `uid` char(36) COLLATE utf8_unicode_ci NOT NULL DEFAULT '0',
  PRIMARY KEY (`id`)
) ENGINE=InnoDB DEFAULT CHARSET=utf8 COLLATE=utf8_unicode_ci;

--
-- Schema for table `di_rackspaceaccess`
--

DROP TABLE IF EXISTS `di_rackspaceaccess`;

CREATE TABLE `di_rackspaceaccess` (
  `id` int(11) NOT NULL AUTO_INCREMENT,
  `connectionKey` varchar(255) COLLATE utf8_unicode_ci NOT NULL,
  `token` varchar(255) COLLATE utf8_unicode_ci NOT NULL,
  `storageUrl` varchar(255) COLLATE utf8_unicode_ci NOT NULL,
  `cdnUrl` varchar(255) COLLATE utf8_unicode_ci NOT NULL,
  `dateCreated` datetime NOT NULL,
  `dateUpdated` datetime NOT NULL,
  `uid` char(36) COLLATE utf8_unicode_ci NOT NULL DEFAULT '0',
  PRIMARY KEY (`id`),
  UNIQUE KEY `di_rackspaceaccess_connectionKey_unq_idx` (`connectionKey`)
) ENGINE=InnoDB DEFAULT CHARSET=utf8 COLLATE=utf8_unicode_ci;

--
-- Schema for table `di_relations`
--

DROP TABLE IF EXISTS `di_relations`;

CREATE TABLE `di_relations` (
  `id` int(11) NOT NULL AUTO_INCREMENT,
  `fieldId` int(11) NOT NULL,
  `sourceId` int(11) NOT NULL,
  `sourceLocale` char(12) COLLATE utf8_unicode_ci DEFAULT NULL,
  `targetId` int(11) NOT NULL,
  `sortOrder` smallint(6) DEFAULT NULL,
  `dateCreated` datetime NOT NULL,
  `dateUpdated` datetime NOT NULL,
  `uid` char(36) COLLATE utf8_unicode_ci NOT NULL DEFAULT '0',
  PRIMARY KEY (`id`),
  UNIQUE KEY `di_relations_fieldId_sourceId_sourceLocale_targetId_unq_idx` (`fieldId`,`sourceId`,`sourceLocale`,`targetId`),
  KEY `di_relations_sourceId_fk` (`sourceId`),
  KEY `di_relations_sourceLocale_fk` (`sourceLocale`),
  KEY `di_relations_targetId_fk` (`targetId`)
) ENGINE=InnoDB AUTO_INCREMENT=19 DEFAULT CHARSET=utf8 COLLATE=utf8_unicode_ci;

--
-- Data for table `di_relations`
--

INSERT INTO `di_relations` (`id`, `fieldId`, `sourceId`, `sourceLocale`, `targetId`, `sortOrder`, `dateCreated`, `dateUpdated`, `uid`) VALUES ('17', '6', '11', NULL, '5', '1', '2014-09-05 11:33:57', '2014-09-05 11:33:57', '0c1c7707-7d76-4496-9526-06be8271d77f');
INSERT INTO `di_relations` (`id`, `fieldId`, `sourceId`, `sourceLocale`, `targetId`, `sortOrder`, `dateCreated`, `dateUpdated`, `uid`) VALUES ('18', '15', '4', NULL, '6', '1', '2014-09-05 11:33:57', '2014-09-05 11:33:57', '09ead5c3-ad35-4e0f-bf0e-e6bcb9bd292b');



--
-- Schema for table `di_routes`
--

DROP TABLE IF EXISTS `di_routes`;

CREATE TABLE `di_routes` (
  `id` int(11) NOT NULL AUTO_INCREMENT,
  `locale` char(12) COLLATE utf8_unicode_ci DEFAULT NULL,
  `urlParts` varchar(255) COLLATE utf8_unicode_ci NOT NULL,
  `urlPattern` varchar(255) COLLATE utf8_unicode_ci NOT NULL,
  `template` varchar(255) COLLATE utf8_unicode_ci NOT NULL,
  `sortOrder` tinyint(4) DEFAULT NULL,
  `dateCreated` datetime NOT NULL,
  `dateUpdated` datetime NOT NULL,
  `uid` char(36) COLLATE utf8_unicode_ci NOT NULL DEFAULT '0',
  PRIMARY KEY (`id`),
  UNIQUE KEY `di_routes_urlPattern_unq_idx` (`urlPattern`),
  KEY `di_routes_locale_idx` (`locale`)
) ENGINE=InnoDB DEFAULT CHARSET=utf8 COLLATE=utf8_unicode_ci;

--
-- Schema for table `di_searchindex`
--

DROP TABLE IF EXISTS `di_searchindex`;

CREATE TABLE `di_searchindex` (
  `elementId` int(11) NOT NULL,
  `attribute` varchar(25) COLLATE utf8_unicode_ci NOT NULL,
  `fieldId` int(11) NOT NULL,
  `locale` char(12) COLLATE utf8_unicode_ci NOT NULL,
  `keywords` text COLLATE utf8_unicode_ci NOT NULL,
  PRIMARY KEY (`elementId`,`attribute`,`fieldId`,`locale`),
  FULLTEXT KEY `di_searchindex_keywords_idx` (`keywords`)
) ENGINE=MyISAM DEFAULT CHARSET=utf8 COLLATE=utf8_unicode_ci;

--
-- Data for table `di_searchindex`
--

INSERT INTO `di_searchindex` (`elementId`, `attribute`, `fieldId`, `locale`, `keywords`) VALUES ('1', 'username', '0', 'en_gb', ' pwoods ');
INSERT INTO `di_searchindex` (`elementId`, `attribute`, `fieldId`, `locale`, `keywords`) VALUES ('1', 'firstname', '0', 'en_gb', '');
INSERT INTO `di_searchindex` (`elementId`, `attribute`, `fieldId`, `locale`, `keywords`) VALUES ('1', 'lastname', '0', 'en_gb', '');
INSERT INTO `di_searchindex` (`elementId`, `attribute`, `fieldId`, `locale`, `keywords`) VALUES ('1', 'fullname', '0', 'en_gb', '');
INSERT INTO `di_searchindex` (`elementId`, `attribute`, `fieldId`, `locale`, `keywords`) VALUES ('1', 'email', '0', 'en_gb', ' pwoods gcdtech com ');
INSERT INTO `di_searchindex` (`elementId`, `attribute`, `fieldId`, `locale`, `keywords`) VALUES ('1', 'slug', '0', 'en_gb', '');
INSERT INTO `di_searchindex` (`elementId`, `attribute`, `fieldId`, `locale`, `keywords`) VALUES ('2', 'field', '1', 'en_gb', ' welcome to dropinn ');
INSERT INTO `di_searchindex` (`elementId`, `attribute`, `fieldId`, `locale`, `keywords`) VALUES ('2', 'field', '2', 'en_gb', ' it s true this site doesn t have a whole lot of content yet but don t worry our web developers have just installed the cms and they re setting things up for the content editors this very moment soon dropinn will be an oasis of fresh perspectives sharp analyses and astute opinions that will keep you coming back again and again ');
INSERT INTO `di_searchindex` (`elementId`, `attribute`, `fieldId`, `locale`, `keywords`) VALUES ('2', 'slug', '0', 'en_gb', ' homepage ');
INSERT INTO `di_searchindex` (`elementId`, `attribute`, `fieldId`, `locale`, `keywords`) VALUES ('2', 'title', '0', 'en_gb', ' homepage ');
INSERT INTO `di_searchindex` (`elementId`, `attribute`, `fieldId`, `locale`, `keywords`) VALUES ('3', 'field', '2', 'en_gb', ' craft is the cms that s powering dropinn it s beautiful powerful flexible and easy to use and it s made by pixel tonic we can t wait to dive in and see what it s capable of this is even more captivating content which you couldn t see on the news index page because it was entered after a page break and the news index template only likes to show the content on the first page craft a nice alternative to word if you re making a website ');
INSERT INTO `di_searchindex` (`elementId`, `attribute`, `fieldId`, `locale`, `keywords`) VALUES ('3', 'field', '3', 'en_gb', '');
INSERT INTO `di_searchindex` (`elementId`, `attribute`, `fieldId`, `locale`, `keywords`) VALUES ('3', 'slug', '0', 'en_gb', '');
INSERT INTO `di_searchindex` (`elementId`, `attribute`, `fieldId`, `locale`, `keywords`) VALUES ('3', 'title', '0', 'en_gb', ' we just installed craft ');
INSERT INTO `di_searchindex` (`elementId`, `attribute`, `fieldId`, `locale`, `keywords`) VALUES ('4', 'field', '2', 'en_gb', ' hello a kitten h2 36522 tabby kitten white background a little kitten full bob http bbc co uk i like stuff ');
INSERT INTO `di_searchindex` (`elementId`, `attribute`, `fieldId`, `locale`, `keywords`) VALUES ('4', 'field', '3', 'en_gb', '');
INSERT INTO `di_searchindex` (`elementId`, `attribute`, `fieldId`, `locale`, `keywords`) VALUES ('4', 'slug', '0', 'en_gb', ' test post ');
INSERT INTO `di_searchindex` (`elementId`, `attribute`, `fieldId`, `locale`, `keywords`) VALUES ('4', 'title', '0', 'en_gb', ' test post ');
INSERT INTO `di_searchindex` (`elementId`, `attribute`, `fieldId`, `locale`, `keywords`) VALUES ('5', 'filename', '0', 'en_gb', ' 36522 tabby kitten white background jpg ');
INSERT INTO `di_searchindex` (`elementId`, `attribute`, `fieldId`, `locale`, `keywords`) VALUES ('5', 'extension', '0', 'en_gb', ' jpg ');
INSERT INTO `di_searchindex` (`elementId`, `attribute`, `fieldId`, `locale`, `keywords`) VALUES ('5', 'kind', '0', 'en_gb', ' image ');
INSERT INTO `di_searchindex` (`elementId`, `attribute`, `fieldId`, `locale`, `keywords`) VALUES ('5', 'slug', '0', 'en_gb', '');
INSERT INTO `di_searchindex` (`elementId`, `attribute`, `fieldId`, `locale`, `keywords`) VALUES ('5', 'title', '0', 'en_gb', ' 36522 tabby kitten white background ');
INSERT INTO `di_searchindex` (`elementId`, `attribute`, `fieldId`, `locale`, `keywords`) VALUES ('6', 'slug', '0', 'en_gb', '');
INSERT INTO `di_searchindex` (`elementId`, `attribute`, `fieldId`, `locale`, `keywords`) VALUES ('6', 'title', '0', 'en_gb', ' burkina faso ');
INSERT INTO `di_searchindex` (`elementId`, `attribute`, `fieldId`, `locale`, `keywords`) VALUES ('7', 'slug', '0', 'en_gb', '');
INSERT INTO `di_searchindex` (`elementId`, `attribute`, `fieldId`, `locale`, `keywords`) VALUES ('7', 'title', '0', 'en_gb', ' ukraine ');
INSERT INTO `di_searchindex` (`elementId`, `attribute`, `fieldId`, `locale`, `keywords`) VALUES ('4', 'field', '1', 'en_gb', ' post test ');
INSERT INTO `di_searchindex` (`elementId`, `attribute`, `fieldId`, `locale`, `keywords`) VALUES ('4', 'field', '4', 'en_gb', '');
INSERT INTO `di_searchindex` (`elementId`, `attribute`, `fieldId`, `locale`, `keywords`) VALUES ('8', 'name', '0', 'en_gb', ' burkina faso ');
INSERT INTO `di_searchindex` (`elementId`, `attribute`, `fieldId`, `locale`, `keywords`) VALUES ('8', 'slug', '0', 'en_gb', '');
INSERT INTO `di_searchindex` (`elementId`, `attribute`, `fieldId`, `locale`, `keywords`) VALUES ('11', 'field', '7', 'en_gb', ' full ');
INSERT INTO `di_searchindex` (`elementId`, `attribute`, `fieldId`, `locale`, `keywords`) VALUES ('9', 'field', '5', 'en_gb', ' hello ');
INSERT INTO `di_searchindex` (`elementId`, `attribute`, `fieldId`, `locale`, `keywords`) VALUES ('9', 'slug', '0', 'en_gb', '');
INSERT INTO `di_searchindex` (`elementId`, `attribute`, `fieldId`, `locale`, `keywords`) VALUES ('10', 'field', '6', 'en_gb', ' 36522 tabby kitten white background ');
INSERT INTO `di_searchindex` (`elementId`, `attribute`, `fieldId`, `locale`, `keywords`) VALUES ('10', 'field', '7', 'en_gb', ' inset ');
INSERT INTO `di_searchindex` (`elementId`, `attribute`, `fieldId`, `locale`, `keywords`) VALUES ('10', 'field', '8', 'en_gb', ' blah blah ');
INSERT INTO `di_searchindex` (`elementId`, `attribute`, `fieldId`, `locale`, `keywords`) VALUES ('10', 'slug', '0', 'en_gb', '');
INSERT INTO `di_searchindex` (`elementId`, `attribute`, `fieldId`, `locale`, `keywords`) VALUES ('11', 'field', '6', 'en_gb', ' 36522 tabby kitten white background ');
INSERT INTO `di_searchindex` (`elementId`, `attribute`, `fieldId`, `locale`, `keywords`) VALUES ('11', 'field', '8', 'en_gb', ' a little kitten ');
INSERT INTO `di_searchindex` (`elementId`, `attribute`, `fieldId`, `locale`, `keywords`) VALUES ('11', 'slug', '0', 'en_gb', '');
INSERT INTO `di_searchindex` (`elementId`, `attribute`, `fieldId`, `locale`, `keywords`) VALUES ('12', 'field', '9', 'en_gb', ' a kitten ');
INSERT INTO `di_searchindex` (`elementId`, `attribute`, `fieldId`, `locale`, `keywords`) VALUES ('12', 'field', '10', 'en_gb', ' h2 ');
INSERT INTO `di_searchindex` (`elementId`, `attribute`, `fieldId`, `locale`, `keywords`) VALUES ('12', 'slug', '0', 'en_gb', '');
INSERT INTO `di_searchindex` (`elementId`, `attribute`, `fieldId`, `locale`, `keywords`) VALUES ('13', 'field', '11', 'en_gb', ' i like stuff ');
INSERT INTO `di_searchindex` (`elementId`, `attribute`, `fieldId`, `locale`, `keywords`) VALUES ('13', 'field', '12', 'en_gb', ' bob ');
INSERT INTO `di_searchindex` (`elementId`, `attribute`, `fieldId`, `locale`, `keywords`) VALUES ('13', 'field', '13', 'en_gb', ' http bbc co uk ');
INSERT INTO `di_searchindex` (`elementId`, `attribute`, `fieldId`, `locale`, `keywords`) VALUES ('13', 'slug', '0', 'en_gb', '');
INSERT INTO `di_searchindex` (`elementId`, `attribute`, `fieldId`, `locale`, `keywords`) VALUES ('4', 'field', '14', 'en_gb', ' hello there ');
INSERT INTO `di_searchindex` (`elementId`, `attribute`, `fieldId`, `locale`, `keywords`) VALUES ('4', 'field', '15', 'en_gb', ' burkina faso ');



--
-- Schema for table `di_sections`
--

DROP TABLE IF EXISTS `di_sections`;

CREATE TABLE `di_sections` (
  `id` int(11) NOT NULL AUTO_INCREMENT,
  `structureId` int(11) DEFAULT NULL,
  `name` varchar(255) COLLATE utf8_unicode_ci NOT NULL,
  `handle` varchar(255) COLLATE utf8_unicode_ci NOT NULL,
  `type` enum('single','channel','structure') COLLATE utf8_unicode_ci NOT NULL DEFAULT 'channel',
  `hasUrls` tinyint(1) unsigned NOT NULL DEFAULT '1',
  `template` varchar(500) COLLATE utf8_unicode_ci DEFAULT NULL,
  `enableVersioning` tinyint(1) unsigned NOT NULL DEFAULT '0',
  `dateCreated` datetime NOT NULL,
  `dateUpdated` datetime NOT NULL,
  `uid` char(36) COLLATE utf8_unicode_ci NOT NULL DEFAULT '0',
  PRIMARY KEY (`id`),
  UNIQUE KEY `di_sections_name_unq_idx` (`name`),
  UNIQUE KEY `di_sections_handle_unq_idx` (`handle`),
  KEY `di_sections_structureId_fk` (`structureId`)
) ENGINE=InnoDB AUTO_INCREMENT=3 DEFAULT CHARSET=utf8 COLLATE=utf8_unicode_ci;

--
-- Data for table `di_sections`
--

INSERT INTO `di_sections` (`id`, `structureId`, `name`, `handle`, `type`, `hasUrls`, `template`, `enableVersioning`, `dateCreated`, `dateUpdated`, `uid`) VALUES ('1', NULL, 'Homepage', 'homepage', 'single', '1', 'index', '1', '2014-09-04 11:28:59', '2014-09-04 11:28:59', '186e5f18-b4e2-47f3-91bf-025ae232b3b3');
INSERT INTO `di_sections` (`id`, `structureId`, `name`, `handle`, `type`, `hasUrls`, `template`, `enableVersioning`, `dateCreated`, `dateUpdated`, `uid`) VALUES ('2', NULL, 'News', 'news', 'channel', '1', 'news/_entry', '1', '2014-09-04 11:28:59', '2014-09-04 11:28:59', '33068a0b-7efc-43de-8866-b2ccb41577b7');



--
-- Schema for table `di_sections_i18n`
--

DROP TABLE IF EXISTS `di_sections_i18n`;

CREATE TABLE `di_sections_i18n` (
  `id` int(11) NOT NULL AUTO_INCREMENT,
  `sectionId` int(11) NOT NULL,
  `locale` char(12) COLLATE utf8_unicode_ci NOT NULL,
  `enabledByDefault` tinyint(1) unsigned NOT NULL DEFAULT '1',
  `urlFormat` varchar(255) COLLATE utf8_unicode_ci DEFAULT NULL,
  `nestedUrlFormat` varchar(255) COLLATE utf8_unicode_ci DEFAULT NULL,
  `dateCreated` datetime NOT NULL,
  `dateUpdated` datetime NOT NULL,
  `uid` char(36) COLLATE utf8_unicode_ci NOT NULL DEFAULT '0',
  PRIMARY KEY (`id`),
  UNIQUE KEY `di_sections_i18n_sectionId_locale_unq_idx` (`sectionId`,`locale`),
  KEY `di_sections_i18n_locale_fk` (`locale`)
) ENGINE=InnoDB AUTO_INCREMENT=3 DEFAULT CHARSET=utf8 COLLATE=utf8_unicode_ci;

--
-- Data for table `di_sections_i18n`
--

INSERT INTO `di_sections_i18n` (`id`, `sectionId`, `locale`, `enabledByDefault`, `urlFormat`, `nestedUrlFormat`, `dateCreated`, `dateUpdated`, `uid`) VALUES ('1', '1', 'en_gb', '1', '__home__', NULL, '2014-09-04 11:28:59', '2014-09-04 11:28:59', '019b52ce-8941-4f8b-9298-75d1d7e1718a');
INSERT INTO `di_sections_i18n` (`id`, `sectionId`, `locale`, `enabledByDefault`, `urlFormat`, `nestedUrlFormat`, `dateCreated`, `dateUpdated`, `uid`) VALUES ('2', '2', 'en_gb', '1', 'news/{postDate.year}/{slug}', NULL, '2014-09-04 11:28:59', '2014-09-04 11:28:59', 'ef02d134-cd06-4b7c-af79-97072a873269');



--
-- Schema for table `di_sessions`
--

DROP TABLE IF EXISTS `di_sessions`;

CREATE TABLE `di_sessions` (
  `id` int(11) NOT NULL AUTO_INCREMENT,
  `userId` int(11) NOT NULL,
  `token` char(100) COLLATE utf8_unicode_ci NOT NULL,
  `dateCreated` datetime NOT NULL,
  `dateUpdated` datetime NOT NULL,
  `uid` char(36) COLLATE utf8_unicode_ci NOT NULL DEFAULT '0',
  PRIMARY KEY (`id`),
  KEY `di_sessions_uid_idx` (`uid`),
  KEY `di_sessions_token_idx` (`token`),
  KEY `di_sessions_dateUpdated_idx` (`dateUpdated`),
  KEY `di_sessions_userId_fk` (`userId`)
) ENGINE=InnoDB AUTO_INCREMENT=3 DEFAULT CHARSET=utf8 COLLATE=utf8_unicode_ci;

--
-- Data for table `di_sessions`
--

INSERT INTO `di_sessions` (`id`, `userId`, `token`, `dateCreated`, `dateUpdated`, `uid`) VALUES ('1', '1', '2615d42287b6c24d0fdf044441e009564be946a9czozNjoiYzU3MjcyMWEtZTQ0NS00YzVjLWFhMDMtY2VmYjdhMDQ0NTFlIjs=', '2014-09-04 11:28:59', '2014-09-04 11:28:59', '43b898f5-7694-4ac9-a798-08879b1d0f42');
INSERT INTO `di_sessions` (`id`, `userId`, `token`, `dateCreated`, `dateUpdated`, `uid`) VALUES ('2', '1', '21ed176dbcf2d1f3907524ede5ec941a05b29ba5czozNjoiMmRmNTRmZGQtNDdmZS00Y2VjLTgyNjQtZDYyNzQzZGM5ZjM0Ijs=', '2014-09-05 07:18:10', '2014-09-05 07:18:10', 'b77062ac-27dc-4eda-a92a-922ad6ba1c19');



--
-- Schema for table `di_shunnedmessages`
--

DROP TABLE IF EXISTS `di_shunnedmessages`;

CREATE TABLE `di_shunnedmessages` (
  `id` int(11) NOT NULL AUTO_INCREMENT,
  `userId` int(11) NOT NULL,
  `message` varchar(255) COLLATE utf8_unicode_ci NOT NULL,
  `expiryDate` datetime DEFAULT NULL,
  `dateCreated` datetime NOT NULL,
  `dateUpdated` datetime NOT NULL,
  `uid` char(36) COLLATE utf8_unicode_ci NOT NULL DEFAULT '0',
  PRIMARY KEY (`id`),
  UNIQUE KEY `di_shunnedmessages_userId_message_unq_idx` (`userId`,`message`)
) ENGINE=InnoDB DEFAULT CHARSET=utf8 COLLATE=utf8_unicode_ci;

--
-- Schema for table `di_structureelements`
--

DROP TABLE IF EXISTS `di_structureelements`;

CREATE TABLE `di_structureelements` (
  `id` int(11) NOT NULL AUTO_INCREMENT,
  `structureId` int(11) NOT NULL,
  `elementId` int(11) DEFAULT NULL,
  `root` int(11) unsigned DEFAULT NULL,
  `lft` int(11) unsigned NOT NULL,
  `rgt` int(11) unsigned NOT NULL,
  `level` smallint(6) unsigned NOT NULL,
  `dateCreated` datetime NOT NULL,
  `dateUpdated` datetime NOT NULL,
  `uid` char(36) COLLATE utf8_unicode_ci NOT NULL DEFAULT '0',
  PRIMARY KEY (`id`),
  UNIQUE KEY `di_structureelements_structureId_elementId_unq_idx` (`structureId`,`elementId`),
  KEY `di_structureelements_root_idx` (`root`),
  KEY `di_structureelements_lft_idx` (`lft`),
  KEY `di_structureelements_rgt_idx` (`rgt`),
  KEY `di_structureelements_level_idx` (`level`),
  KEY `di_structureelements_elementId_fk` (`elementId`)
) ENGINE=InnoDB AUTO_INCREMENT=4 DEFAULT CHARSET=utf8 COLLATE=utf8_unicode_ci;

--
-- Data for table `di_structureelements`
--

INSERT INTO `di_structureelements` (`id`, `structureId`, `elementId`, `root`, `lft`, `rgt`, `level`, `dateCreated`, `dateUpdated`, `uid`) VALUES ('1', '1', NULL, '1', '1', '6', '0', '2014-09-04 13:09:04', '2014-09-04 13:09:04', '0d7e6709-29ec-4374-bfce-5e3a7a3a4fe0');
INSERT INTO `di_structureelements` (`id`, `structureId`, `elementId`, `root`, `lft`, `rgt`, `level`, `dateCreated`, `dateUpdated`, `uid`) VALUES ('2', '1', '6', '1', '2', '3', '1', '2014-09-04 13:09:04', '2014-09-04 13:09:04', '6578a1be-ca40-4a0e-8fe5-e6df93322957');
INSERT INTO `di_structureelements` (`id`, `structureId`, `elementId`, `root`, `lft`, `rgt`, `level`, `dateCreated`, `dateUpdated`, `uid`) VALUES ('3', '1', '7', '1', '4', '5', '1', '2014-09-04 13:09:17', '2014-09-04 13:09:17', '60f69120-ad1a-46ff-ab02-1ea2366745fb');



--
-- Schema for table `di_structures`
--

DROP TABLE IF EXISTS `di_structures`;

CREATE TABLE `di_structures` (
  `id` int(11) NOT NULL AUTO_INCREMENT,
  `maxLevels` smallint(6) unsigned DEFAULT NULL,
  `movePermission` varchar(255) COLLATE utf8_unicode_ci DEFAULT NULL,
  `dateCreated` datetime NOT NULL,
  `dateUpdated` datetime NOT NULL,
  `uid` char(36) COLLATE utf8_unicode_ci NOT NULL DEFAULT '0',
  PRIMARY KEY (`id`)
) ENGINE=InnoDB AUTO_INCREMENT=2 DEFAULT CHARSET=utf8 COLLATE=utf8_unicode_ci;

--
-- Data for table `di_structures`
--

INSERT INTO `di_structures` (`id`, `maxLevels`, `movePermission`, `dateCreated`, `dateUpdated`, `uid`) VALUES ('1', NULL, NULL, '2014-09-04 13:08:47', '2014-09-05 09:18:10', '3ff4be69-e83e-4504-823c-093c73eeaa7f');



--
-- Schema for table `di_systemsettings`
--

DROP TABLE IF EXISTS `di_systemsettings`;

CREATE TABLE `di_systemsettings` (
  `id` int(11) NOT NULL AUTO_INCREMENT,
  `category` varchar(15) COLLATE utf8_unicode_ci NOT NULL,
  `settings` text COLLATE utf8_unicode_ci,
  `dateCreated` datetime NOT NULL,
  `dateUpdated` datetime NOT NULL,
  `uid` char(36) COLLATE utf8_unicode_ci NOT NULL DEFAULT '0',
  PRIMARY KEY (`id`),
  UNIQUE KEY `di_systemsettings_category_unq_idx` (`category`)
) ENGINE=InnoDB AUTO_INCREMENT=2 DEFAULT CHARSET=utf8 COLLATE=utf8_unicode_ci;

--
-- Data for table `di_systemsettings`
--

INSERT INTO `di_systemsettings` (`id`, `category`, `settings`, `dateCreated`, `dateUpdated`, `uid`) VALUES ('1', 'email', '{\"protocol\":\"php\",\"emailAddress\":\"pwoods@gcdtech.com\",\"senderName\":\"Drop Inn\"}', '2014-09-04 11:28:59', '2014-09-04 11:28:59', '0e898dc8-4af8-47a2-94fc-4292f04a6b26');



--
-- Schema for table `di_taggroups`
--

DROP TABLE IF EXISTS `di_taggroups`;

CREATE TABLE `di_taggroups` (
  `id` int(11) NOT NULL AUTO_INCREMENT,
  `name` varchar(255) COLLATE utf8_unicode_ci NOT NULL,
  `handle` varchar(255) COLLATE utf8_unicode_ci NOT NULL,
  `fieldLayoutId` int(10) DEFAULT NULL,
  `dateCreated` datetime NOT NULL,
  `dateUpdated` datetime NOT NULL,
  `uid` char(36) COLLATE utf8_unicode_ci NOT NULL DEFAULT '0',
  PRIMARY KEY (`id`),
  UNIQUE KEY `di_taggroups_name_unq_idx` (`name`),
  UNIQUE KEY `di_taggroups_handle_unq_idx` (`handle`),
  KEY `di_taggroups_fieldLayoutId_fk` (`fieldLayoutId`)
) ENGINE=InnoDB AUTO_INCREMENT=4 DEFAULT CHARSET=utf8 COLLATE=utf8_unicode_ci;

--
-- Data for table `di_taggroups`
--

INSERT INTO `di_taggroups` (`id`, `name`, `handle`, `fieldLayoutId`, `dateCreated`, `dateUpdated`, `uid`) VALUES ('1', 'Country', 'country', '9', '2014-09-04 11:28:59', '2014-09-04 14:08:11', '6fe8ca28-4313-4e1d-9627-bea74ba2b59e');
INSERT INTO `di_taggroups` (`id`, `name`, `handle`, `fieldLayoutId`, `dateCreated`, `dateUpdated`, `uid`) VALUES ('2', 'Location', 'location', '10', '2014-09-04 14:08:38', '2014-09-04 14:08:38', 'f2200cdc-539c-458f-8966-6a06edc8de16');
INSERT INTO `di_taggroups` (`id`, `name`, `handle`, `fieldLayoutId`, `dateCreated`, `dateUpdated`, `uid`) VALUES ('3', 'Ministry', 'ministry', '11', '2014-09-04 14:08:52', '2014-09-04 14:08:52', '0d47a122-9dc1-4c81-9638-d0240629baa8');



--
-- Schema for table `di_tags`
--

DROP TABLE IF EXISTS `di_tags`;

CREATE TABLE `di_tags` (
  `id` int(11) NOT NULL,
  `groupId` int(11) NOT NULL,
  `name` varchar(255) COLLATE utf8_unicode_ci NOT NULL,
  `dateCreated` datetime NOT NULL,
  `dateUpdated` datetime NOT NULL,
  `uid` char(36) COLLATE utf8_unicode_ci NOT NULL DEFAULT '0',
  PRIMARY KEY (`id`),
  UNIQUE KEY `di_tags_name_groupId_unq_idx` (`name`,`groupId`),
  KEY `di_tags_groupId_fk` (`groupId`)
) ENGINE=InnoDB DEFAULT CHARSET=utf8 COLLATE=utf8_unicode_ci;

--
-- Data for table `di_tags`
--

INSERT INTO `di_tags` (`id`, `groupId`, `name`, `dateCreated`, `dateUpdated`, `uid`) VALUES ('8', '1', 'burkina-faso', '2014-09-04 14:22:09', '2014-09-04 14:22:09', 'ef834a9a-2095-495c-91dc-76b95ce13b51');



--
-- Schema for table `di_tasks`
--

DROP TABLE IF EXISTS `di_tasks`;

CREATE TABLE `di_tasks` (
  `id` int(11) NOT NULL AUTO_INCREMENT,
  `root` int(11) unsigned DEFAULT NULL,
  `lft` int(11) unsigned NOT NULL,
  `rgt` int(11) unsigned NOT NULL,
  `level` smallint(6) unsigned NOT NULL,
  `currentStep` int(11) unsigned DEFAULT NULL,
  `totalSteps` int(11) unsigned DEFAULT NULL,
  `status` enum('pending','error','running') COLLATE utf8_unicode_ci DEFAULT NULL,
  `type` varchar(150) COLLATE utf8_unicode_ci NOT NULL,
  `description` varchar(255) COLLATE utf8_unicode_ci DEFAULT NULL,
  `settings` text COLLATE utf8_unicode_ci,
  `dateCreated` datetime NOT NULL,
  `dateUpdated` datetime NOT NULL,
  `uid` char(36) COLLATE utf8_unicode_ci NOT NULL DEFAULT '0',
  PRIMARY KEY (`id`),
  KEY `di_tasks_root_idx` (`root`),
  KEY `di_tasks_lft_idx` (`lft`),
  KEY `di_tasks_rgt_idx` (`rgt`),
  KEY `di_tasks_level_idx` (`level`)
) ENGINE=InnoDB AUTO_INCREMENT=26 DEFAULT CHARSET=utf8 COLLATE=utf8_unicode_ci;

--
-- Schema for table `di_templatecachecriteria`
--

DROP TABLE IF EXISTS `di_templatecachecriteria`;

CREATE TABLE `di_templatecachecriteria` (
  `id` int(11) NOT NULL AUTO_INCREMENT,
  `cacheId` int(11) NOT NULL,
  `type` varchar(150) COLLATE utf8_unicode_ci NOT NULL,
  `criteria` text COLLATE utf8_unicode_ci NOT NULL,
  PRIMARY KEY (`id`),
  KEY `di_templatecachecriteria_cacheId_fk` (`cacheId`),
  KEY `di_templatecachecriteria_type_idx` (`type`)
) ENGINE=InnoDB DEFAULT CHARSET=utf8 COLLATE=utf8_unicode_ci;

--
-- Schema for table `di_templatecacheelements`
--

DROP TABLE IF EXISTS `di_templatecacheelements`;

CREATE TABLE `di_templatecacheelements` (
  `cacheId` int(11) NOT NULL,
  `elementId` int(11) NOT NULL,
  KEY `di_templatecacheelements_cacheId_fk` (`cacheId`),
  KEY `di_templatecacheelements_elementId_fk` (`elementId`)
) ENGINE=InnoDB DEFAULT CHARSET=utf8 COLLATE=utf8_unicode_ci;

--
-- Schema for table `di_templatecaches`
--

DROP TABLE IF EXISTS `di_templatecaches`;

CREATE TABLE `di_templatecaches` (
  `id` int(11) NOT NULL AUTO_INCREMENT,
  `cacheKey` varchar(255) COLLATE utf8_unicode_ci NOT NULL,
  `locale` char(12) COLLATE utf8_unicode_ci NOT NULL,
  `path` varchar(255) COLLATE utf8_unicode_ci DEFAULT NULL,
  `expiryDate` datetime NOT NULL,
  `body` mediumtext COLLATE utf8_unicode_ci NOT NULL,
  PRIMARY KEY (`id`),
  KEY `di_templatecaches_expiryDate_cacheKey_locale_path_idx` (`expiryDate`,`cacheKey`,`locale`,`path`),
  KEY `di_templatecaches_locale_fk` (`locale`)
) ENGINE=InnoDB DEFAULT CHARSET=utf8 COLLATE=utf8_unicode_ci;

--
-- Schema for table `di_tokens`
--

DROP TABLE IF EXISTS `di_tokens`;

CREATE TABLE `di_tokens` (
  `id` int(11) NOT NULL AUTO_INCREMENT,
  `token` char(32) COLLATE utf8_unicode_ci NOT NULL,
  `route` text COLLATE utf8_unicode_ci,
  `usageLimit` tinyint(3) unsigned DEFAULT NULL,
  `usageCount` tinyint(3) unsigned DEFAULT NULL,
  `expiryDate` datetime NOT NULL,
  `dateCreated` datetime NOT NULL,
  `dateUpdated` datetime NOT NULL,
  `uid` char(36) COLLATE utf8_unicode_ci NOT NULL DEFAULT '0',
  PRIMARY KEY (`id`),
  UNIQUE KEY `di_tokens_token_unq_idx` (`token`),
  KEY `di_tokens_expiryDate_idx` (`expiryDate`)
) ENGINE=InnoDB DEFAULT CHARSET=utf8 COLLATE=utf8_unicode_ci;

--
-- Schema for table `di_usergroups`
--

DROP TABLE IF EXISTS `di_usergroups`;

CREATE TABLE `di_usergroups` (
  `id` int(11) NOT NULL AUTO_INCREMENT,
  `name` varchar(255) COLLATE utf8_unicode_ci NOT NULL,
  `handle` varchar(255) COLLATE utf8_unicode_ci NOT NULL,
  `dateCreated` datetime NOT NULL,
  `dateUpdated` datetime NOT NULL,
  `uid` char(36) COLLATE utf8_unicode_ci NOT NULL DEFAULT '0',
  PRIMARY KEY (`id`)
) ENGINE=InnoDB DEFAULT CHARSET=utf8 COLLATE=utf8_unicode_ci;

--
-- Schema for table `di_usergroups_users`
--

DROP TABLE IF EXISTS `di_usergroups_users`;

CREATE TABLE `di_usergroups_users` (
  `id` int(11) NOT NULL AUTO_INCREMENT,
  `groupId` int(11) NOT NULL,
  `userId` int(11) NOT NULL,
  `dateCreated` datetime NOT NULL,
  `dateUpdated` datetime NOT NULL,
  `uid` char(36) COLLATE utf8_unicode_ci NOT NULL DEFAULT '0',
  PRIMARY KEY (`id`),
  UNIQUE KEY `di_usergroups_users_groupId_userId_unq_idx` (`groupId`,`userId`),
  KEY `di_usergroups_users_userId_fk` (`userId`)
) ENGINE=InnoDB DEFAULT CHARSET=utf8 COLLATE=utf8_unicode_ci;

--
-- Schema for table `di_userpermissions`
--

DROP TABLE IF EXISTS `di_userpermissions`;

CREATE TABLE `di_userpermissions` (
  `id` int(11) NOT NULL AUTO_INCREMENT,
  `name` varchar(255) COLLATE utf8_unicode_ci NOT NULL,
  `dateCreated` datetime NOT NULL,
  `dateUpdated` datetime NOT NULL,
  `uid` char(36) COLLATE utf8_unicode_ci NOT NULL DEFAULT '0',
  PRIMARY KEY (`id`),
  UNIQUE KEY `di_userpermissions_name_unq_idx` (`name`)
) ENGINE=InnoDB DEFAULT CHARSET=utf8 COLLATE=utf8_unicode_ci;

--
-- Schema for table `di_userpermissions_usergroups`
--

DROP TABLE IF EXISTS `di_userpermissions_usergroups`;

CREATE TABLE `di_userpermissions_usergroups` (
  `id` int(11) NOT NULL AUTO_INCREMENT,
  `permissionId` int(11) NOT NULL,
  `groupId` int(11) NOT NULL,
  `dateCreated` datetime NOT NULL,
  `dateUpdated` datetime NOT NULL,
  `uid` char(36) COLLATE utf8_unicode_ci NOT NULL DEFAULT '0',
  PRIMARY KEY (`id`),
  UNIQUE KEY `di_userpermissions_usergroups_permissionId_groupId_unq_idx` (`permissionId`,`groupId`),
  KEY `di_userpermissions_usergroups_groupId_fk` (`groupId`)
) ENGINE=InnoDB DEFAULT CHARSET=utf8 COLLATE=utf8_unicode_ci;

--
-- Schema for table `di_userpermissions_users`
--

DROP TABLE IF EXISTS `di_userpermissions_users`;

CREATE TABLE `di_userpermissions_users` (
  `id` int(11) NOT NULL AUTO_INCREMENT,
  `permissionId` int(11) NOT NULL,
  `userId` int(11) NOT NULL,
  `dateCreated` datetime NOT NULL,
  `dateUpdated` datetime NOT NULL,
  `uid` char(36) COLLATE utf8_unicode_ci NOT NULL DEFAULT '0',
  PRIMARY KEY (`id`),
  UNIQUE KEY `di_userpermissions_users_permissionId_userId_unq_idx` (`permissionId`,`userId`),
  KEY `di_userpermissions_users_userId_fk` (`userId`)
) ENGINE=InnoDB DEFAULT CHARSET=utf8 COLLATE=utf8_unicode_ci;

--
-- Schema for table `di_users`
--

DROP TABLE IF EXISTS `di_users`;

CREATE TABLE `di_users` (
  `id` int(11) NOT NULL,
  `username` varchar(100) COLLATE utf8_unicode_ci NOT NULL,
  `photo` varchar(50) COLLATE utf8_unicode_ci DEFAULT NULL,
  `firstName` varchar(100) COLLATE utf8_unicode_ci DEFAULT NULL,
  `lastName` varchar(100) COLLATE utf8_unicode_ci DEFAULT NULL,
  `email` varchar(255) COLLATE utf8_unicode_ci NOT NULL,
  `password` char(255) COLLATE utf8_unicode_ci DEFAULT NULL,
  `preferredLocale` char(12) COLLATE utf8_unicode_ci DEFAULT NULL,
  `admin` tinyint(1) unsigned NOT NULL DEFAULT '0',
  `client` tinyint(1) unsigned NOT NULL DEFAULT '0',
  `status` enum('active','locked','suspended','pending','archived') COLLATE utf8_unicode_ci DEFAULT 'pending',
  `lastLoginDate` datetime DEFAULT NULL,
  `lastLoginAttemptIPAddress` varchar(45) COLLATE utf8_unicode_ci DEFAULT NULL,
  `invalidLoginWindowStart` datetime DEFAULT NULL,
  `invalidLoginCount` tinyint(4) unsigned DEFAULT NULL,
  `lastInvalidLoginDate` datetime DEFAULT NULL,
  `lockoutDate` datetime DEFAULT NULL,
  `verificationCode` char(100) COLLATE utf8_unicode_ci DEFAULT NULL,
  `verificationCodeIssuedDate` datetime DEFAULT NULL,
  `unverifiedEmail` varchar(255) COLLATE utf8_unicode_ci DEFAULT NULL,
  `passwordResetRequired` tinyint(1) unsigned NOT NULL DEFAULT '0',
  `lastPasswordChangeDate` datetime DEFAULT NULL,
  `dateCreated` datetime NOT NULL,
  `dateUpdated` datetime NOT NULL,
  `uid` char(36) COLLATE utf8_unicode_ci NOT NULL DEFAULT '0',
  PRIMARY KEY (`id`),
  UNIQUE KEY `di_users_username_unq_idx` (`username`),
  UNIQUE KEY `di_users_email_unq_idx` (`email`),
  KEY `di_users_verificationCode_idx` (`verificationCode`),
  KEY `di_users_uid_idx` (`uid`),
  KEY `di_users_preferredLocale_fk` (`preferredLocale`)
) ENGINE=InnoDB DEFAULT CHARSET=utf8 COLLATE=utf8_unicode_ci;

--
-- Data for table `di_users`
--

INSERT INTO `di_users` (`id`, `username`, `photo`, `firstName`, `lastName`, `email`, `password`, `preferredLocale`, `admin`, `client`, `status`, `lastLoginDate`, `lastLoginAttemptIPAddress`, `invalidLoginWindowStart`, `invalidLoginCount`, `lastInvalidLoginDate`, `lockoutDate`, `verificationCode`, `verificationCodeIssuedDate`, `unverifiedEmail`, `passwordResetRequired`, `lastPasswordChangeDate`, `dateCreated`, `dateUpdated`, `uid`) VALUES ('1', 'pwoods', NULL, NULL, NULL, 'pwoods@gcdtech.com', '$2a$13$yCHHP2czP2kQVQx6FRgpy.2yCRbhsDBtFcpDE.1vPho4s430Rj5gO', NULL, '1', '0', 'active', '2014-09-05 07:18:10', '127.0.0.1', NULL, NULL, NULL, NULL, NULL, NULL, NULL, '0', '2014-09-04 11:28:58', '2014-09-04 11:28:58', '2014-09-05 07:18:10', 'ebab63cf-3111-4d69-b1e2-b1fa2414c81f');



--
-- Schema for table `di_widgets`
--

DROP TABLE IF EXISTS `di_widgets`;

CREATE TABLE `di_widgets` (
  `id` int(11) NOT NULL AUTO_INCREMENT,
  `userId` int(11) NOT NULL,
  `type` varchar(150) COLLATE utf8_unicode_ci NOT NULL,
  `sortOrder` tinyint(4) DEFAULT NULL,
  `settings` text COLLATE utf8_unicode_ci,
  `enabled` tinyint(1) unsigned NOT NULL DEFAULT '1',
  `dateCreated` datetime NOT NULL,
  `dateUpdated` datetime NOT NULL,
  `uid` char(36) COLLATE utf8_unicode_ci NOT NULL DEFAULT '0',
  PRIMARY KEY (`id`),
  KEY `di_widgets_userId_fk` (`userId`)
) ENGINE=InnoDB AUTO_INCREMENT=6 DEFAULT CHARSET=utf8 COLLATE=utf8_unicode_ci;

--
-- Data for table `di_widgets`
--

INSERT INTO `di_widgets` (`id`, `userId`, `type`, `sortOrder`, `settings`, `enabled`, `dateCreated`, `dateUpdated`, `uid`) VALUES ('1', '1', 'QuickPost', '1', '{\"section\":\"2\"}', '1', '2014-09-04 11:29:01', '2014-09-04 11:29:01', '5109ebf5-2b9a-4ee1-8835-d1e50e9c27a9');
INSERT INTO `di_widgets` (`id`, `userId`, `type`, `sortOrder`, `settings`, `enabled`, `dateCreated`, `dateUpdated`, `uid`) VALUES ('2', '1', 'RecentEntries', '2', NULL, '1', '2014-09-04 11:29:01', '2014-09-04 11:29:01', 'c3d3b88e-8284-4e62-9a69-636f64bc73c0');
INSERT INTO `di_widgets` (`id`, `userId`, `type`, `sortOrder`, `settings`, `enabled`, `dateCreated`, `dateUpdated`, `uid`) VALUES ('3', '1', 'GetHelp', '3', NULL, '1', '2014-09-04 11:29:01', '2014-09-04 11:29:01', 'd4427589-70a1-4101-9597-55dcaef5f9f4');
INSERT INTO `di_widgets` (`id`, `userId`, `type`, `sortOrder`, `settings`, `enabled`, `dateCreated`, `dateUpdated`, `uid`) VALUES ('4', '1', 'Updates', '4', NULL, '1', '2014-09-04 11:29:01', '2014-09-04 11:29:01', '500e495d-d0be-4cf1-8582-f64619a55a85');
INSERT INTO `di_widgets` (`id`, `userId`, `type`, `sortOrder`, `settings`, `enabled`, `dateCreated`, `dateUpdated`, `uid`) VALUES ('5', '1', 'Feed', '5', '{\"url\":\"http:\\/\\/feeds.feedburner.com\\/blogandtonic\",\"title\":\"Blog & Tonic\"}', '1', '2014-09-04 11:29:01', '2014-09-04 11:29:01', '110fb220-07de-4a91-a3ae-90a5689c4b53');


--
-- Constraints for tables
--


--
-- Constraints for table `di_assetfiles`
--
ALTER TABLE `di_assetfiles`
	ADD CONSTRAINT `di_assetfiles_folderId_fk` FOREIGN KEY (`folderId`) REFERENCES `di_assetfolders` (`id`) ON DELETE CASCADE,
	ADD CONSTRAINT `di_assetfiles_id_fk` FOREIGN KEY (`id`) REFERENCES `di_elements` (`id`) ON DELETE CASCADE,
	ADD CONSTRAINT `di_assetfiles_sourceId_fk` FOREIGN KEY (`sourceId`) REFERENCES `di_assetsources` (`id`) ON DELETE CASCADE;

--
-- Constraints for table `di_assetfolders`
--
ALTER TABLE `di_assetfolders`
	ADD CONSTRAINT `di_assetfolders_sourceId_fk` FOREIGN KEY (`sourceId`) REFERENCES `di_assetsources` (`id`) ON DELETE CASCADE,
	ADD CONSTRAINT `di_assetfolders_parentId_fk` FOREIGN KEY (`parentId`) REFERENCES `di_assetfolders` (`id`) ON DELETE CASCADE;

--
-- Constraints for table `di_assetindexdata`
--
ALTER TABLE `di_assetindexdata`
	ADD CONSTRAINT `di_assetindexdata_sourceId_fk` FOREIGN KEY (`sourceId`) REFERENCES `di_assetsources` (`id`) ON DELETE CASCADE;

--
-- Constraints for table `di_assetsources`
--
ALTER TABLE `di_assetsources`
	ADD CONSTRAINT `di_assetsources_fieldLayoutId_fk` FOREIGN KEY (`fieldLayoutId`) REFERENCES `di_fieldlayouts` (`id`) ON DELETE SET NULL;

--
-- Constraints for table `di_categories`
--
ALTER TABLE `di_categories`
	ADD CONSTRAINT `di_categories_groupId_fk` FOREIGN KEY (`groupId`) REFERENCES `di_categorygroups` (`id`) ON DELETE CASCADE,
	ADD CONSTRAINT `di_categories_id_fk` FOREIGN KEY (`id`) REFERENCES `di_elements` (`id`) ON DELETE CASCADE;

--
-- Constraints for table `di_categorygroups`
--
ALTER TABLE `di_categorygroups`
	ADD CONSTRAINT `di_categorygroups_fieldLayoutId_fk` FOREIGN KEY (`fieldLayoutId`) REFERENCES `di_fieldlayouts` (`id`) ON DELETE SET NULL,
	ADD CONSTRAINT `di_categorygroups_structureId_fk` FOREIGN KEY (`structureId`) REFERENCES `di_structures` (`id`) ON DELETE CASCADE;

--
-- Constraints for table `di_categorygroups_i18n`
--
ALTER TABLE `di_categorygroups_i18n`
	ADD CONSTRAINT `di_categorygroups_i18n_locale_fk` FOREIGN KEY (`locale`) REFERENCES `di_locales` (`locale`) ON DELETE CASCADE ON UPDATE CASCADE,
	ADD CONSTRAINT `di_categorygroups_i18n_groupId_fk` FOREIGN KEY (`groupId`) REFERENCES `di_categorygroups` (`id`) ON DELETE CASCADE;

--
-- Constraints for table `di_content`
--
ALTER TABLE `di_content`
	ADD CONSTRAINT `di_content_elementId_fk` FOREIGN KEY (`elementId`) REFERENCES `di_elements` (`id`) ON DELETE CASCADE,
	ADD CONSTRAINT `di_content_locale_fk` FOREIGN KEY (`locale`) REFERENCES `di_locales` (`locale`) ON DELETE CASCADE ON UPDATE CASCADE;

--
-- Constraints for table `di_elements_i18n`
--
ALTER TABLE `di_elements_i18n`
	ADD CONSTRAINT `di_elements_i18n_locale_fk` FOREIGN KEY (`locale`) REFERENCES `di_locales` (`locale`) ON DELETE CASCADE ON UPDATE CASCADE,
	ADD CONSTRAINT `di_elements_i18n_elementId_fk` FOREIGN KEY (`elementId`) REFERENCES `di_elements` (`id`) ON DELETE CASCADE;

--
-- Constraints for table `di_emailmessages`
--
ALTER TABLE `di_emailmessages`
	ADD CONSTRAINT `di_emailmessages_locale_fk` FOREIGN KEY (`locale`) REFERENCES `di_locales` (`locale`) ON DELETE CASCADE ON UPDATE CASCADE;

--
-- Constraints for table `di_entries`
--
ALTER TABLE `di_entries`
	ADD CONSTRAINT `di_entries_authorId_fk` FOREIGN KEY (`authorId`) REFERENCES `di_users` (`id`) ON DELETE CASCADE,
	ADD CONSTRAINT `di_entries_id_fk` FOREIGN KEY (`id`) REFERENCES `di_elements` (`id`) ON DELETE CASCADE,
	ADD CONSTRAINT `di_entries_sectionId_fk` FOREIGN KEY (`sectionId`) REFERENCES `di_sections` (`id`) ON DELETE CASCADE,
	ADD CONSTRAINT `di_entries_typeId_fk` FOREIGN KEY (`typeId`) REFERENCES `di_entrytypes` (`id`) ON DELETE CASCADE;

--
-- Constraints for table `di_entrydrafts`
--
ALTER TABLE `di_entrydrafts`
	ADD CONSTRAINT `di_entrydrafts_locale_fk` FOREIGN KEY (`locale`) REFERENCES `di_locales` (`locale`) ON DELETE CASCADE ON UPDATE CASCADE,
	ADD CONSTRAINT `di_entrydrafts_creatorId_fk` FOREIGN KEY (`creatorId`) REFERENCES `di_users` (`id`) ON DELETE CASCADE,
	ADD CONSTRAINT `di_entrydrafts_entryId_fk` FOREIGN KEY (`entryId`) REFERENCES `di_entries` (`id`) ON DELETE CASCADE,
	ADD CONSTRAINT `di_entrydrafts_sectionId_fk` FOREIGN KEY (`sectionId`) REFERENCES `di_sections` (`id`) ON DELETE CASCADE;

--
-- Constraints for table `di_entrytypes`
--
ALTER TABLE `di_entrytypes`
	ADD CONSTRAINT `di_entrytypes_fieldLayoutId_fk` FOREIGN KEY (`fieldLayoutId`) REFERENCES `di_fieldlayouts` (`id`) ON DELETE SET NULL,
	ADD CONSTRAINT `di_entrytypes_sectionId_fk` FOREIGN KEY (`sectionId`) REFERENCES `di_sections` (`id`) ON DELETE CASCADE;

--
-- Constraints for table `di_entryversions`
--
ALTER TABLE `di_entryversions`
	ADD CONSTRAINT `di_entryversions_locale_fk` FOREIGN KEY (`locale`) REFERENCES `di_locales` (`locale`) ON DELETE CASCADE ON UPDATE CASCADE,
	ADD CONSTRAINT `di_entryversions_creatorId_fk` FOREIGN KEY (`creatorId`) REFERENCES `di_users` (`id`) ON DELETE SET NULL,
	ADD CONSTRAINT `di_entryversions_entryId_fk` FOREIGN KEY (`entryId`) REFERENCES `di_entries` (`id`) ON DELETE CASCADE,
	ADD CONSTRAINT `di_entryversions_sectionId_fk` FOREIGN KEY (`sectionId`) REFERENCES `di_sections` (`id`) ON DELETE CASCADE;

--
-- Constraints for table `di_fieldlayoutfields`
--
ALTER TABLE `di_fieldlayoutfields`
	ADD CONSTRAINT `di_fieldlayoutfields_fieldId_fk` FOREIGN KEY (`fieldId`) REFERENCES `di_fields` (`id`) ON DELETE CASCADE,
	ADD CONSTRAINT `di_fieldlayoutfields_layoutId_fk` FOREIGN KEY (`layoutId`) REFERENCES `di_fieldlayouts` (`id`) ON DELETE CASCADE,
	ADD CONSTRAINT `di_fieldlayoutfields_tabId_fk` FOREIGN KEY (`tabId`) REFERENCES `di_fieldlayouttabs` (`id`) ON DELETE CASCADE;

--
-- Constraints for table `di_fieldlayouttabs`
--
ALTER TABLE `di_fieldlayouttabs`
	ADD CONSTRAINT `di_fieldlayouttabs_layoutId_fk` FOREIGN KEY (`layoutId`) REFERENCES `di_fieldlayouts` (`id`) ON DELETE CASCADE;

--
-- Constraints for table `di_fields`
--
ALTER TABLE `di_fields`
	ADD CONSTRAINT `di_fields_groupId_fk` FOREIGN KEY (`groupId`) REFERENCES `di_fieldgroups` (`id`) ON DELETE CASCADE;

--
-- Constraints for table `di_globalsets`
--
ALTER TABLE `di_globalsets`
	ADD CONSTRAINT `di_globalsets_fieldLayoutId_fk` FOREIGN KEY (`fieldLayoutId`) REFERENCES `di_fieldlayouts` (`id`) ON DELETE SET NULL,
	ADD CONSTRAINT `di_globalsets_id_fk` FOREIGN KEY (`id`) REFERENCES `di_elements` (`id`) ON DELETE CASCADE;

--
-- Constraints for table `di_matrixblocks`
--
ALTER TABLE `di_matrixblocks`
	ADD CONSTRAINT `di_matrixblocks_typeId_fk` FOREIGN KEY (`typeId`) REFERENCES `di_matrixblocktypes` (`id`) ON DELETE CASCADE,
	ADD CONSTRAINT `di_matrixblocks_fieldId_fk` FOREIGN KEY (`fieldId`) REFERENCES `di_fields` (`id`) ON DELETE CASCADE,
	ADD CONSTRAINT `di_matrixblocks_id_fk` FOREIGN KEY (`id`) REFERENCES `di_elements` (`id`) ON DELETE CASCADE,
	ADD CONSTRAINT `di_matrixblocks_ownerId_fk` FOREIGN KEY (`ownerId`) REFERENCES `di_elements` (`id`) ON DELETE CASCADE,
	ADD CONSTRAINT `di_matrixblocks_ownerLocale_fk` FOREIGN KEY (`ownerLocale`) REFERENCES `di_locales` (`locale`) ON DELETE CASCADE ON UPDATE CASCADE;

--
-- Constraints for table `di_matrixblocktypes`
--
ALTER TABLE `di_matrixblocktypes`
	ADD CONSTRAINT `di_matrixblocktypes_fieldLayoutId_fk` FOREIGN KEY (`fieldLayoutId`) REFERENCES `di_fieldlayouts` (`id`) ON DELETE SET NULL,
	ADD CONSTRAINT `di_matrixblocktypes_fieldId_fk` FOREIGN KEY (`fieldId`) REFERENCES `di_fields` (`id`) ON DELETE CASCADE;

--
-- Constraints for table `di_matrixcontent_body`
--
ALTER TABLE `di_matrixcontent_body`
	ADD CONSTRAINT `di_matrixcontent_body_elementId_fk` FOREIGN KEY (`elementId`) REFERENCES `di_elements` (`id`) ON DELETE CASCADE,
	ADD CONSTRAINT `di_matrixcontent_body_locale_fk` FOREIGN KEY (`locale`) REFERENCES `di_locales` (`locale`) ON DELETE CASCADE ON UPDATE CASCADE;

--
-- Constraints for table `di_migrations`
--
ALTER TABLE `di_migrations`
	ADD CONSTRAINT `di_migrations_pluginId_fk` FOREIGN KEY (`pluginId`) REFERENCES `di_plugins` (`id`) ON DELETE CASCADE;

--
-- Constraints for table `di_relations`
--
ALTER TABLE `di_relations`
	ADD CONSTRAINT `di_relations_targetId_fk` FOREIGN KEY (`targetId`) REFERENCES `di_elements` (`id`) ON DELETE CASCADE,
	ADD CONSTRAINT `di_relations_fieldId_fk` FOREIGN KEY (`fieldId`) REFERENCES `di_fields` (`id`) ON DELETE CASCADE,
	ADD CONSTRAINT `di_relations_sourceId_fk` FOREIGN KEY (`sourceId`) REFERENCES `di_elements` (`id`) ON DELETE CASCADE,
	ADD CONSTRAINT `di_relations_sourceLocale_fk` FOREIGN KEY (`sourceLocale`) REFERENCES `di_locales` (`locale`) ON DELETE CASCADE ON UPDATE CASCADE;

--
-- Constraints for table `di_routes`
--
ALTER TABLE `di_routes`
	ADD CONSTRAINT `di_routes_locale_fk` FOREIGN KEY (`locale`) REFERENCES `di_locales` (`locale`) ON DELETE CASCADE ON UPDATE CASCADE;

--
-- Constraints for table `di_sections`
--
ALTER TABLE `di_sections`
	ADD CONSTRAINT `di_sections_structureId_fk` FOREIGN KEY (`structureId`) REFERENCES `di_structures` (`id`) ON DELETE SET NULL;

--
-- Constraints for table `di_sections_i18n`
--
ALTER TABLE `di_sections_i18n`
	ADD CONSTRAINT `di_sections_i18n_locale_fk` FOREIGN KEY (`locale`) REFERENCES `di_locales` (`locale`) ON DELETE CASCADE ON UPDATE CASCADE,
	ADD CONSTRAINT `di_sections_i18n_sectionId_fk` FOREIGN KEY (`sectionId`) REFERENCES `di_sections` (`id`) ON DELETE CASCADE;

--
-- Constraints for table `di_sessions`
--
ALTER TABLE `di_sessions`
	ADD CONSTRAINT `di_sessions_userId_fk` FOREIGN KEY (`userId`) REFERENCES `di_users` (`id`) ON DELETE CASCADE;

--
-- Constraints for table `di_shunnedmessages`
--
ALTER TABLE `di_shunnedmessages`
	ADD CONSTRAINT `di_shunnedmessages_userId_fk` FOREIGN KEY (`userId`) REFERENCES `di_users` (`id`) ON DELETE CASCADE;

--
-- Constraints for table `di_structureelements`
--
ALTER TABLE `di_structureelements`
	ADD CONSTRAINT `di_structureelements_elementId_fk` FOREIGN KEY (`elementId`) REFERENCES `di_elements` (`id`) ON DELETE CASCADE,
	ADD CONSTRAINT `di_structureelements_structureId_fk` FOREIGN KEY (`structureId`) REFERENCES `di_structures` (`id`) ON DELETE CASCADE;

--
-- Constraints for table `di_taggroups`
--
ALTER TABLE `di_taggroups`
	ADD CONSTRAINT `di_taggroups_fieldLayoutId_fk` FOREIGN KEY (`fieldLayoutId`) REFERENCES `di_fieldlayouts` (`id`) ON DELETE SET NULL;

--
-- Constraints for table `di_tags`
--
ALTER TABLE `di_tags`
	ADD CONSTRAINT `di_tags_groupId_fk` FOREIGN KEY (`groupId`) REFERENCES `di_taggroups` (`id`) ON DELETE CASCADE,
	ADD CONSTRAINT `di_tags_id_fk` FOREIGN KEY (`id`) REFERENCES `di_elements` (`id`) ON DELETE CASCADE;

--
-- Constraints for table `di_templatecachecriteria`
--
ALTER TABLE `di_templatecachecriteria`
	ADD CONSTRAINT `di_templatecachecriteria_cacheId_fk` FOREIGN KEY (`cacheId`) REFERENCES `di_templatecaches` (`id`) ON DELETE CASCADE;

--
-- Constraints for table `di_templatecacheelements`
--
ALTER TABLE `di_templatecacheelements`
	ADD CONSTRAINT `di_templatecacheelements_elementId_fk` FOREIGN KEY (`elementId`) REFERENCES `di_elements` (`id`) ON DELETE CASCADE,
	ADD CONSTRAINT `di_templatecacheelements_cacheId_fk` FOREIGN KEY (`cacheId`) REFERENCES `di_templatecaches` (`id`) ON DELETE CASCADE;

--
-- Constraints for table `di_templatecaches`
--
ALTER TABLE `di_templatecaches`
	ADD CONSTRAINT `di_templatecaches_locale_fk` FOREIGN KEY (`locale`) REFERENCES `di_locales` (`locale`) ON DELETE CASCADE ON UPDATE CASCADE;

--
-- Constraints for table `di_usergroups_users`
--
ALTER TABLE `di_usergroups_users`
	ADD CONSTRAINT `di_usergroups_users_userId_fk` FOREIGN KEY (`userId`) REFERENCES `di_users` (`id`) ON DELETE CASCADE,
	ADD CONSTRAINT `di_usergroups_users_groupId_fk` FOREIGN KEY (`groupId`) REFERENCES `di_usergroups` (`id`) ON DELETE CASCADE;

--
-- Constraints for table `di_userpermissions_usergroups`
--
ALTER TABLE `di_userpermissions_usergroups`
	ADD CONSTRAINT `di_userpermissions_usergroups_groupId_fk` FOREIGN KEY (`groupId`) REFERENCES `di_usergroups` (`id`) ON DELETE CASCADE,
	ADD CONSTRAINT `di_userpermissions_usergroups_permissionId_fk` FOREIGN KEY (`permissionId`) REFERENCES `di_userpermissions` (`id`) ON DELETE CASCADE;

--
-- Constraints for table `di_userpermissions_users`
--
ALTER TABLE `di_userpermissions_users`
	ADD CONSTRAINT `di_userpermissions_users_userId_fk` FOREIGN KEY (`userId`) REFERENCES `di_users` (`id`) ON DELETE CASCADE,
	ADD CONSTRAINT `di_userpermissions_users_permissionId_fk` FOREIGN KEY (`permissionId`) REFERENCES `di_userpermissions` (`id`) ON DELETE CASCADE;

--
-- Constraints for table `di_users`
--
ALTER TABLE `di_users`
	ADD CONSTRAINT `di_users_preferredLocale_fk` FOREIGN KEY (`preferredLocale`) REFERENCES `di_locales` (`locale`) ON DELETE SET NULL ON UPDATE CASCADE,
	ADD CONSTRAINT `di_users_id_fk` FOREIGN KEY (`id`) REFERENCES `di_elements` (`id`) ON DELETE CASCADE;

--
-- Constraints for table `di_widgets`
--
ALTER TABLE `di_widgets`
	ADD CONSTRAINT `di_widgets_userId_fk` FOREIGN KEY (`userId`) REFERENCES `di_users` (`id`) ON DELETE CASCADE;

SET FOREIGN_KEY_CHECKS = 1;
