-- Generated by Craft v2.2.2581 on 9 Sep 2014 13:11:52.

--
-- Disable foreign key checks and autocommit.
--

SET FOREIGN_KEY_CHECKS = 0;
SET SQL_MODE = "NO_AUTO_VALUE_ON_ZERO";
SET AUTOCOMMIT = 0;
SET NAMES utf8;


--
-- Schema for table `di_assetfiles`
--

DROP TABLE IF EXISTS `di_assetfiles`;

CREATE TABLE `di_assetfiles` (
  `id` int(11) NOT NULL,
  `sourceId` int(11) DEFAULT NULL,
  `folderId` int(11) NOT NULL,
  `filename` varchar(255) COLLATE utf8_unicode_ci NOT NULL,
  `kind` varchar(50) COLLATE utf8_unicode_ci NOT NULL DEFAULT 'unknown',
  `width` smallint(6) unsigned DEFAULT NULL,
  `height` smallint(6) unsigned DEFAULT NULL,
  `size` int(11) unsigned DEFAULT NULL,
  `dateModified` datetime DEFAULT NULL,
  `dateCreated` datetime NOT NULL,
  `dateUpdated` datetime NOT NULL,
  `uid` char(36) COLLATE utf8_unicode_ci NOT NULL DEFAULT '0',
  PRIMARY KEY (`id`),
  UNIQUE KEY `di_assetfiles_filename_folderId_unq_idx` (`filename`,`folderId`),
  KEY `di_assetfiles_sourceId_fk` (`sourceId`),
  KEY `di_assetfiles_folderId_fk` (`folderId`)
) ENGINE=InnoDB DEFAULT CHARSET=utf8 COLLATE=utf8_unicode_ci;

--
-- Data for table `di_assetfiles`
--

INSERT INTO `di_assetfiles` (`id`, `sourceId`, `folderId`, `filename`, `kind`, `width`, `height`, `size`, `dateModified`, `dateCreated`, `dateUpdated`, `uid`) VALUES ('5', '1', '1', '36522-Tabby-kitten-white-background.jpg', 'image', '1275', '1028', '224896', '2014-09-04 13:00:15', '2014-09-04 13:00:15', '2014-09-04 13:00:15', 'cac7b5bc-dfac-4d1f-8961-578bc0a51d51');
INSERT INTO `di_assetfiles` (`id`, `sourceId`, `folderId`, `filename`, `kind`, `width`, `height`, `size`, `dateModified`, `dateCreated`, `dateUpdated`, `uid`) VALUES ('18', '1', '1', 'forest-hills-hut-2745.jpg', 'image', '2048', '1536', '1404908', '2014-09-08 08:21:11', '2014-09-08 08:21:12', '2014-09-08 08:21:12', '9ec80324-dc6f-47aa-84a0-ecf365eb77ec');
INSERT INTO `di_assetfiles` (`id`, `sourceId`, `folderId`, `filename`, `kind`, `width`, `height`, `size`, `dateModified`, `dateCreated`, `dateUpdated`, `uid`) VALUES ('21', '1', '1', 'tree.jpg', 'image', '1920', '1080', '2752885', '2014-09-08 10:52:43', '2014-09-08 10:52:45', '2014-09-08 10:52:45', 'f1229442-b856-4294-ab89-881e8fddc8ff');



--
-- Schema for table `di_assetfolders`
--

DROP TABLE IF EXISTS `di_assetfolders`;

CREATE TABLE `di_assetfolders` (
  `id` int(11) NOT NULL AUTO_INCREMENT,
  `parentId` int(11) DEFAULT NULL,
  `sourceId` int(11) DEFAULT NULL,
  `name` varchar(255) COLLATE utf8_unicode_ci NOT NULL,
  `path` varchar(255) COLLATE utf8_unicode_ci DEFAULT NULL,
  `dateCreated` datetime NOT NULL,
  `dateUpdated` datetime NOT NULL,
  `uid` char(36) COLLATE utf8_unicode_ci NOT NULL DEFAULT '0',
  PRIMARY KEY (`id`),
  UNIQUE KEY `di_assetfolders_name_parentId_sourceId_unq_idx` (`name`,`parentId`,`sourceId`),
  KEY `di_assetfolders_parentId_fk` (`parentId`),
  KEY `di_assetfolders_sourceId_fk` (`sourceId`)
) ENGINE=InnoDB AUTO_INCREMENT=4 DEFAULT CHARSET=utf8 COLLATE=utf8_unicode_ci;

--
-- Data for table `di_assetfolders`
--

INSERT INTO `di_assetfolders` (`id`, `parentId`, `sourceId`, `name`, `path`, `dateCreated`, `dateUpdated`, `uid`) VALUES ('1', NULL, '1', 'Images', '', '2014-09-04 12:32:41', '2014-09-04 12:32:41', '075be443-89b1-457d-96b6-f4b7142c59b0');
INSERT INTO `di_assetfolders` (`id`, `parentId`, `sourceId`, `name`, `path`, `dateCreated`, `dateUpdated`, `uid`) VALUES ('2', '1', '1', 'images', 'images/', '2014-09-04 14:15:52', '2014-09-04 14:15:52', 'daa88664-dd43-4352-a10c-ef343e3759ba');
INSERT INTO `di_assetfolders` (`id`, `parentId`, `sourceId`, `name`, `path`, `dateCreated`, `dateUpdated`, `uid`) VALUES ('3', '2', '1', 'content', 'images/content/', '2014-09-04 14:22:23', '2014-09-04 14:22:23', 'fdc4c5ca-61cd-4fd9-947e-1d5cb928b614');



--
-- Schema for table `di_assetindexdata`
--

DROP TABLE IF EXISTS `di_assetindexdata`;

CREATE TABLE `di_assetindexdata` (
  `id` int(11) NOT NULL AUTO_INCREMENT,
  `sessionId` varchar(36) COLLATE utf8_unicode_ci NOT NULL DEFAULT '',
  `sourceId` int(10) NOT NULL,
  `offset` int(10) NOT NULL,
  `uri` varchar(255) COLLATE utf8_unicode_ci DEFAULT NULL,
  `size` int(10) DEFAULT NULL,
  `recordId` int(10) DEFAULT NULL,
  `dateCreated` datetime NOT NULL,
  `dateUpdated` datetime NOT NULL,
  `uid` char(36) COLLATE utf8_unicode_ci NOT NULL DEFAULT '0',
  PRIMARY KEY (`id`),
  UNIQUE KEY `di_assetindexdata_sessionId_sourceId_offset_unq_idx` (`sessionId`,`sourceId`,`offset`),
  KEY `di_assetindexdata_sourceId_fk` (`sourceId`)
) ENGINE=InnoDB DEFAULT CHARSET=utf8 COLLATE=utf8_unicode_ci;

--
-- Schema for table `di_assetsources`
--

DROP TABLE IF EXISTS `di_assetsources`;

CREATE TABLE `di_assetsources` (
  `id` int(11) NOT NULL AUTO_INCREMENT,
  `name` varchar(255) COLLATE utf8_unicode_ci NOT NULL,
  `type` varchar(150) COLLATE utf8_unicode_ci NOT NULL,
  `settings` text COLLATE utf8_unicode_ci,
  `sortOrder` tinyint(4) DEFAULT NULL,
  `fieldLayoutId` int(10) DEFAULT NULL,
  `dateCreated` datetime NOT NULL,
  `dateUpdated` datetime NOT NULL,
  `uid` char(36) COLLATE utf8_unicode_ci NOT NULL DEFAULT '0',
  PRIMARY KEY (`id`),
  UNIQUE KEY `di_assetsources_name_unq_idx` (`name`),
  KEY `di_assetsources_fieldLayoutId_fk` (`fieldLayoutId`)
) ENGINE=InnoDB AUTO_INCREMENT=2 DEFAULT CHARSET=utf8 COLLATE=utf8_unicode_ci;

--
-- Data for table `di_assetsources`
--

INSERT INTO `di_assetsources` (`id`, `name`, `type`, `settings`, `sortOrder`, `fieldLayoutId`, `dateCreated`, `dateUpdated`, `uid`) VALUES ('1', 'Images', 'Local', '{\"path\":\"images\\/\",\"url\":\"http:\\/\\/dropinn\\/images\\/\"}', '1', '7', '2014-09-04 12:32:41', '2014-09-04 12:59:54', '8bc05512-2116-4cf6-b413-9eadc843a646');



--
-- Schema for table `di_assettransformindex`
--

DROP TABLE IF EXISTS `di_assettransformindex`;

CREATE TABLE `di_assettransformindex` (
  `id` int(11) NOT NULL AUTO_INCREMENT,
  `fileId` int(11) NOT NULL,
  `filename` varchar(255) COLLATE utf8_unicode_ci DEFAULT NULL,
  `format` varchar(255) COLLATE utf8_unicode_ci DEFAULT NULL,
  `location` varchar(255) COLLATE utf8_unicode_ci NOT NULL,
  `sourceId` int(11) DEFAULT NULL,
  `fileExists` tinyint(1) DEFAULT NULL,
  `inProgress` tinyint(1) DEFAULT NULL,
  `dateIndexed` datetime DEFAULT NULL,
  `dateCreated` datetime NOT NULL,
  `dateUpdated` datetime NOT NULL,
  `uid` char(36) COLLATE utf8_unicode_ci NOT NULL DEFAULT '0',
  PRIMARY KEY (`id`),
  KEY `di_assettransformindex_sourceId_fileId_location_idx` (`sourceId`,`fileId`,`location`)
) ENGINE=InnoDB AUTO_INCREMENT=15 DEFAULT CHARSET=utf8 COLLATE=utf8_unicode_ci;

--
-- Data for table `di_assettransformindex`
--

INSERT INTO `di_assettransformindex` (`id`, `fileId`, `filename`, `format`, `location`, `sourceId`, `fileExists`, `inProgress`, `dateIndexed`, `dateCreated`, `dateUpdated`, `uid`) VALUES ('3', '5', '36522-Tabby-kitten-white-background.jpg', NULL, '_article', '1', '1', '0', '2014-09-05 12:01:38', '2014-09-05 12:01:38', '2014-09-05 12:01:39', '666b994d-c3e8-4599-b592-0febbd3c08fd');
INSERT INTO `di_assettransformindex` (`id`, `fileId`, `filename`, `format`, `location`, `sourceId`, `fileExists`, `inProgress`, `dateIndexed`, `dateCreated`, `dateUpdated`, `uid`) VALUES ('4', '5', '36522-Tabby-kitten-white-background.jpg', NULL, '_article2x', '1', '1', '0', '2014-09-05 12:01:38', '2014-09-05 12:01:38', '2014-09-05 12:01:39', '99a1b611-a4d1-4e5e-b22f-8d83860c86c1');
INSERT INTO `di_assettransformindex` (`id`, `fileId`, `filename`, `format`, `location`, `sourceId`, `fileExists`, `inProgress`, `dateIndexed`, `dateCreated`, `dateUpdated`, `uid`) VALUES ('5', '5', '36522-Tabby-kitten-white-background.jpg', NULL, '_thumbHalf', '1', '1', '0', '2014-09-05 12:48:55', '2014-09-05 12:48:55', '2014-09-05 12:48:55', 'aa1aa72f-78f1-43a0-9e8e-6f716635beb5');
INSERT INTO `di_assettransformindex` (`id`, `fileId`, `filename`, `format`, `location`, `sourceId`, `fileExists`, `inProgress`, `dateIndexed`, `dateCreated`, `dateUpdated`, `uid`) VALUES ('6', '5', '36522-Tabby-kitten-white-background.jpg', NULL, '_thumbHalf2x', '1', '1', '0', '2014-09-05 12:48:55', '2014-09-05 12:48:55', '2014-09-05 12:48:56', '5662f286-892b-4ac9-8d37-08fbdcbc9c1d');
INSERT INTO `di_assettransformindex` (`id`, `fileId`, `filename`, `format`, `location`, `sourceId`, `fileExists`, `inProgress`, `dateIndexed`, `dateCreated`, `dateUpdated`, `uid`) VALUES ('7', '5', '36522-Tabby-kitten-white-background.jpg', NULL, '_posterDesktop', '1', '1', '0', '2014-09-05 13:41:26', '2014-09-05 13:41:26', '2014-09-05 13:41:27', '15c91bf6-3433-4254-9ee0-d28183b7bf3b');
INSERT INTO `di_assettransformindex` (`id`, `fileId`, `filename`, `format`, `location`, `sourceId`, `fileExists`, `inProgress`, `dateIndexed`, `dateCreated`, `dateUpdated`, `uid`) VALUES ('8', '5', '36522-Tabby-kitten-white-background.jpg', NULL, '_posterDesktop2x', '1', '1', '0', '2014-09-05 13:41:26', '2014-09-05 13:41:26', '2014-09-05 13:41:28', '58c590d2-f906-4125-a4c3-f7075a0e8568');
INSERT INTO `di_assettransformindex` (`id`, `fileId`, `filename`, `format`, `location`, `sourceId`, `fileExists`, `inProgress`, `dateIndexed`, `dateCreated`, `dateUpdated`, `uid`) VALUES ('9', '18', 'forest-hills-hut-2745.jpg', NULL, '_thumbHalf', '1', '1', '0', '2014-09-08 08:55:53', '2014-09-08 08:55:53', '2014-09-08 08:55:54', '462cbb6c-662f-43c1-9598-930fcceecf8b');
INSERT INTO `di_assettransformindex` (`id`, `fileId`, `filename`, `format`, `location`, `sourceId`, `fileExists`, `inProgress`, `dateIndexed`, `dateCreated`, `dateUpdated`, `uid`) VALUES ('10', '18', 'forest-hills-hut-2745.jpg', NULL, '_thumbHalf2x', '1', '1', '0', '2014-09-08 08:55:53', '2014-09-08 08:55:53', '2014-09-08 08:55:54', '02c03016-745b-44d4-a9b0-7bef9ae77523');
INSERT INTO `di_assettransformindex` (`id`, `fileId`, `filename`, `format`, `location`, `sourceId`, `fileExists`, `inProgress`, `dateIndexed`, `dateCreated`, `dateUpdated`, `uid`) VALUES ('11', '21', 'tree.jpg', NULL, '_thumbHalf', '1', '1', '0', '2014-09-08 13:33:03', '2014-09-08 13:33:03', '2014-09-08 13:33:03', '4e8f5b78-64ec-4581-a70f-56d2919f5d84');
INSERT INTO `di_assettransformindex` (`id`, `fileId`, `filename`, `format`, `location`, `sourceId`, `fileExists`, `inProgress`, `dateIndexed`, `dateCreated`, `dateUpdated`, `uid`) VALUES ('12', '21', 'tree.jpg', NULL, '_thumbHalf2x', '1', '1', '0', '2014-09-08 13:33:03', '2014-09-08 13:33:03', '2014-09-08 13:33:03', '769f8b89-98ab-496e-a7ee-c83968965c9c');
INSERT INTO `di_assettransformindex` (`id`, `fileId`, `filename`, `format`, `location`, `sourceId`, `fileExists`, `inProgress`, `dateIndexed`, `dateCreated`, `dateUpdated`, `uid`) VALUES ('13', '18', 'forest-hills-hut-2745.jpg', NULL, '_thumb', '1', '1', '0', '2014-09-08 16:22:30', '2014-09-08 16:22:30', '2014-09-08 16:22:31', '8f53dd6f-3ac4-404d-853d-b8cc7258434f');
INSERT INTO `di_assettransformindex` (`id`, `fileId`, `filename`, `format`, `location`, `sourceId`, `fileExists`, `inProgress`, `dateIndexed`, `dateCreated`, `dateUpdated`, `uid`) VALUES ('14', '18', 'forest-hills-hut-2745.jpg', NULL, '_thumb2x', '1', '1', '0', '2014-09-08 16:22:30', '2014-09-08 16:22:30', '2014-09-08 16:22:31', 'ff98f080-2ee1-403e-a9a0-d6f169d98093');



--
-- Schema for table `di_assettransforms`
--

DROP TABLE IF EXISTS `di_assettransforms`;

CREATE TABLE `di_assettransforms` (
  `id` int(11) NOT NULL AUTO_INCREMENT,
  `name` varchar(255) COLLATE utf8_unicode_ci NOT NULL,
  `handle` varchar(255) COLLATE utf8_unicode_ci NOT NULL,
  `mode` enum('stretch','fit','crop') COLLATE utf8_unicode_ci NOT NULL DEFAULT 'crop',
  `position` enum('top-left','top-center','top-right','center-left','center-center','center-right','bottom-left','bottom-center','bottom-right') COLLATE utf8_unicode_ci NOT NULL DEFAULT 'center-center',
  `height` int(10) DEFAULT NULL,
  `width` int(10) DEFAULT NULL,
  `format` varchar(255) COLLATE utf8_unicode_ci DEFAULT NULL,
  `quality` int(10) DEFAULT NULL,
  `dimensionChangeTime` datetime DEFAULT NULL,
  `dateCreated` datetime NOT NULL,
  `dateUpdated` datetime NOT NULL,
  `uid` char(36) COLLATE utf8_unicode_ci NOT NULL DEFAULT '0',
  PRIMARY KEY (`id`),
  UNIQUE KEY `di_assettransforms_name_unq_idx` (`name`),
  UNIQUE KEY `di_assettransforms_handle_unq_idx` (`handle`)
) ENGINE=InnoDB AUTO_INCREMENT=11 DEFAULT CHARSET=utf8 COLLATE=utf8_unicode_ci;

--
-- Data for table `di_assettransforms`
--

INSERT INTO `di_assettransforms` (`id`, `name`, `handle`, `mode`, `position`, `height`, `width`, `format`, `quality`, `dimensionChangeTime`, `dateCreated`, `dateUpdated`, `uid`) VALUES ('1', 'Thumb Half 2x', 'thumbHalf2x', 'crop', 'center-center', '400', '800', NULL, '60', '2014-09-05 12:48:48', '2014-09-04 13:04:14', '2014-09-05 12:48:48', '5d45fcdf-8fc3-45f7-bf88-0d35bade416c');
INSERT INTO `di_assettransforms` (`id`, `name`, `handle`, `mode`, `position`, `height`, `width`, `format`, `quality`, `dimensionChangeTime`, `dateCreated`, `dateUpdated`, `uid`) VALUES ('2', 'Thumb Half', 'thumbHalf', 'crop', 'center-center', '200', '400', NULL, '60', '2014-09-05 12:48:39', '2014-09-04 13:06:08', '2014-09-05 12:48:39', '0f826ca1-c1ee-43cc-b988-9b462bbdbdc6');
INSERT INTO `di_assettransforms` (`id`, `name`, `handle`, `mode`, `position`, `height`, `width`, `format`, `quality`, `dimensionChangeTime`, `dateCreated`, `dateUpdated`, `uid`) VALUES ('3', 'Poster Desktop 2x', 'posterDesktop2x', 'fit', 'center-center', '1400', '2400', NULL, '70', '2014-09-05 13:20:19', '2014-09-05 11:56:11', '2014-09-05 13:20:19', 'fd8c1a75-b2bc-4313-9086-c4219c3db8c2');
INSERT INTO `di_assettransforms` (`id`, `name`, `handle`, `mode`, `position`, `height`, `width`, `format`, `quality`, `dimensionChangeTime`, `dateCreated`, `dateUpdated`, `uid`) VALUES ('4', 'Poster Desktop', 'posterDesktop', 'fit', 'center-center', '700', '1200', NULL, '60', '2014-09-05 13:20:26', '2014-09-05 11:56:33', '2014-09-05 13:20:26', 'b2343304-f00f-4876-9ced-decb1a044c29');
INSERT INTO `di_assettransforms` (`id`, `name`, `handle`, `mode`, `position`, `height`, `width`, `format`, `quality`, `dimensionChangeTime`, `dateCreated`, `dateUpdated`, `uid`) VALUES ('5', 'Poster Mobile 2x', 'posterMobile2x', 'stretch', 'center-center', '700', '700', NULL, NULL, '2014-09-05 13:00:12', '2014-09-05 11:58:40', '2014-09-05 13:00:12', '9fc2ed6b-7f18-4a0b-8238-5f9ae81f7f2c');
INSERT INTO `di_assettransforms` (`id`, `name`, `handle`, `mode`, `position`, `height`, `width`, `format`, `quality`, `dimensionChangeTime`, `dateCreated`, `dateUpdated`, `uid`) VALUES ('6', 'Poster Mobile', 'posterMobile', 'stretch', 'center-center', '400', '400', NULL, '60', '2014-09-05 13:00:08', '2014-09-05 11:59:39', '2014-09-05 13:00:08', '780cded4-014d-4b30-9fa7-27a96e00cb35');
INSERT INTO `di_assettransforms` (`id`, `name`, `handle`, `mode`, `position`, `height`, `width`, `format`, `quality`, `dimensionChangeTime`, `dateCreated`, `dateUpdated`, `uid`) VALUES ('7', 'Article', 'article', 'fit', 'center-center', NULL, '800', NULL, NULL, '2014-09-05 12:00:10', '2014-09-05 12:00:10', '2014-09-05 12:00:10', '715951b4-acd2-4124-9ccd-2bec2af99607');
INSERT INTO `di_assettransforms` (`id`, `name`, `handle`, `mode`, `position`, `height`, `width`, `format`, `quality`, `dimensionChangeTime`, `dateCreated`, `dateUpdated`, `uid`) VALUES ('8', 'Article 2x', 'article2x', 'crop', 'center-center', NULL, '1600', NULL, NULL, '2014-09-05 12:00:31', '2014-09-05 12:00:31', '2014-09-05 12:00:31', 'f601fa55-e45e-46f9-9408-c6aa427516c2');
INSERT INTO `di_assettransforms` (`id`, `name`, `handle`, `mode`, `position`, `height`, `width`, `format`, `quality`, `dimensionChangeTime`, `dateCreated`, `dateUpdated`, `uid`) VALUES ('9', 'Thumb 2x', 'thumb2x', 'crop', 'center-center', '800', '800', NULL, '60', '2014-09-08 16:21:26', '2014-09-08 16:21:26', '2014-09-08 16:21:26', '3048e8b2-505c-4fef-b7df-19f77f539413');
INSERT INTO `di_assettransforms` (`id`, `name`, `handle`, `mode`, `position`, `height`, `width`, `format`, `quality`, `dimensionChangeTime`, `dateCreated`, `dateUpdated`, `uid`) VALUES ('10', 'Thumb', 'thumb', 'crop', 'center-center', '400', '400', NULL, '60', '2014-09-08 16:21:37', '2014-09-08 16:21:37', '2014-09-08 16:21:37', '94455eb0-b10c-4010-a19f-e87064a0f8ae');



--
-- Schema for table `di_categories`
--

DROP TABLE IF EXISTS `di_categories`;

CREATE TABLE `di_categories` (
  `id` int(11) NOT NULL,
  `groupId` int(11) NOT NULL,
  `dateCreated` datetime NOT NULL,
  `dateUpdated` datetime NOT NULL,
  `uid` char(36) COLLATE utf8_unicode_ci NOT NULL DEFAULT '0',
  PRIMARY KEY (`id`),
  KEY `di_categories_groupId_fk` (`groupId`)
) ENGINE=InnoDB DEFAULT CHARSET=utf8 COLLATE=utf8_unicode_ci;

--
-- Data for table `di_categories`
--

INSERT INTO `di_categories` (`id`, `groupId`, `dateCreated`, `dateUpdated`, `uid`) VALUES ('6', '1', '2014-09-04 13:09:04', '2014-09-04 13:09:04', '09197b4f-bbbf-4c28-9b31-aa6a10236f7d');
INSERT INTO `di_categories` (`id`, `groupId`, `dateCreated`, `dateUpdated`, `uid`) VALUES ('7', '1', '2014-09-04 13:09:17', '2014-09-04 13:09:17', 'cf99b7f8-6816-4af0-af8e-91e78f9ff7ab');



--
-- Schema for table `di_categorygroups`
--

DROP TABLE IF EXISTS `di_categorygroups`;

CREATE TABLE `di_categorygroups` (
  `id` int(11) NOT NULL AUTO_INCREMENT,
  `structureId` int(11) NOT NULL,
  `fieldLayoutId` int(11) DEFAULT NULL,
  `name` varchar(255) COLLATE utf8_unicode_ci NOT NULL,
  `handle` varchar(255) COLLATE utf8_unicode_ci NOT NULL,
  `hasUrls` tinyint(1) unsigned NOT NULL DEFAULT '1',
  `template` varchar(500) COLLATE utf8_unicode_ci DEFAULT NULL,
  `dateCreated` datetime NOT NULL,
  `dateUpdated` datetime NOT NULL,
  `uid` char(36) COLLATE utf8_unicode_ci NOT NULL DEFAULT '0',
  PRIMARY KEY (`id`),
  UNIQUE KEY `di_categorygroups_name_unq_idx` (`name`),
  UNIQUE KEY `di_categorygroups_handle_unq_idx` (`handle`),
  KEY `di_categorygroups_structureId_fk` (`structureId`),
  KEY `di_categorygroups_fieldLayoutId_fk` (`fieldLayoutId`)
) ENGINE=InnoDB AUTO_INCREMENT=2 DEFAULT CHARSET=utf8 COLLATE=utf8_unicode_ci;

--
-- Data for table `di_categorygroups`
--

INSERT INTO `di_categorygroups` (`id`, `structureId`, `fieldLayoutId`, `name`, `handle`, `hasUrls`, `template`, `dateCreated`, `dateUpdated`, `uid`) VALUES ('1', '1', '77', 'Countries', 'countries', '1', 'countries/index', '2014-09-04 13:08:47', '2014-09-08 14:12:26', '23a72960-2df6-4430-8764-41e6e23c43f1');



--
-- Schema for table `di_categorygroups_i18n`
--

DROP TABLE IF EXISTS `di_categorygroups_i18n`;

CREATE TABLE `di_categorygroups_i18n` (
  `id` int(11) NOT NULL AUTO_INCREMENT,
  `groupId` int(11) NOT NULL,
  `locale` char(12) COLLATE utf8_unicode_ci NOT NULL,
  `urlFormat` varchar(255) COLLATE utf8_unicode_ci DEFAULT NULL,
  `nestedUrlFormat` varchar(255) COLLATE utf8_unicode_ci DEFAULT NULL,
  `dateCreated` datetime NOT NULL,
  `dateUpdated` datetime NOT NULL,
  `uid` char(36) COLLATE utf8_unicode_ci NOT NULL DEFAULT '0',
  PRIMARY KEY (`id`),
  UNIQUE KEY `di_categorygroups_i18n_groupId_locale_unq_idx` (`groupId`,`locale`),
  KEY `di_categorygroups_i18n_locale_fk` (`locale`)
) ENGINE=InnoDB AUTO_INCREMENT=2 DEFAULT CHARSET=utf8 COLLATE=utf8_unicode_ci;

--
-- Data for table `di_categorygroups_i18n`
--

INSERT INTO `di_categorygroups_i18n` (`id`, `groupId`, `locale`, `urlFormat`, `nestedUrlFormat`, `dateCreated`, `dateUpdated`, `uid`) VALUES ('1', '1', 'en_gb', 'countries/{slug}', '{parent.uri}/{slug}', '2014-09-04 13:08:47', '2014-09-05 09:18:10', 'b2c89477-6ad5-4604-b425-2dc6d54ef6cf');



--
-- Schema for table `di_content`
--

DROP TABLE IF EXISTS `di_content`;

CREATE TABLE `di_content` (
  `id` int(11) NOT NULL AUTO_INCREMENT,
  `elementId` int(11) NOT NULL,
  `locale` char(12) COLLATE utf8_unicode_ci NOT NULL,
  `title` varchar(255) COLLATE utf8_unicode_ci DEFAULT NULL,
  `field_heading` text COLLATE utf8_unicode_ci,
  `field_brief` text COLLATE utf8_unicode_ci,
  `field_leadImageFormat` varchar(255) COLLATE utf8_unicode_ci DEFAULT NULL,
  `field_subheading` text COLLATE utf8_unicode_ci,
  `dateCreated` datetime NOT NULL,
  `dateUpdated` datetime NOT NULL,
  `uid` char(36) COLLATE utf8_unicode_ci NOT NULL DEFAULT '0',
  PRIMARY KEY (`id`),
  UNIQUE KEY `di_content_elementId_locale_unq_idx` (`elementId`,`locale`),
  KEY `di_content_title_idx` (`title`),
  KEY `di_content_locale_fk` (`locale`)
) ENGINE=InnoDB AUTO_INCREMENT=15 DEFAULT CHARSET=utf8 COLLATE=utf8_unicode_ci;

--
-- Data for table `di_content`
--

INSERT INTO `di_content` (`id`, `elementId`, `locale`, `title`, `field_heading`, `field_brief`, `field_leadImageFormat`, `field_subheading`, `dateCreated`, `dateUpdated`, `uid`) VALUES ('1', '1', 'en_gb', NULL, NULL, NULL, NULL, NULL, '2014-09-04 11:28:58', '2014-09-04 11:28:58', 'e7f28a22-f949-43fa-8633-deac4bd7cbd0');
INSERT INTO `di_content` (`id`, `elementId`, `locale`, `title`, `field_heading`, `field_brief`, `field_leadImageFormat`, `field_subheading`, `dateCreated`, `dateUpdated`, `uid`) VALUES ('2', '2', 'en_gb', 'Homepage', 'Welcome to Dropinn!', 'Welcome to\r\nDrop Inn Ministries', 'fill', NULL, '2014-09-04 11:28:59', '2014-09-08 10:53:01', 'f5d4e920-ef2c-4da8-bd4a-0f2546ed1012');
INSERT INTO `di_content` (`id`, `elementId`, `locale`, `title`, `field_heading`, `field_brief`, `field_leadImageFormat`, `field_subheading`, `dateCreated`, `dateUpdated`, `uid`) VALUES ('3', '3', 'en_gb', 'We just installed Craft!', '', 'asd asd asd', 'poster', '', '2014-09-04 11:28:59', '2014-09-08 14:43:58', '0068a531-debf-4e42-bca7-9fd88258c053');
INSERT INTO `di_content` (`id`, `elementId`, `locale`, `title`, `field_heading`, `field_brief`, `field_leadImageFormat`, `field_subheading`, `dateCreated`, `dateUpdated`, `uid`) VALUES ('4', '4', 'en_gb', 'The Papers', 'Maecenas rhoncus eu lacus ut venenatis', 'Hello there', 'poster', 'Lorem ipsum dolor sit amet, consectetur adipiscing elit. Suspendisse nec finibus velit. Phasellus diam odio, venenatis et ultrices id, condimentum vitae leo.', '2014-09-04 11:29:17', '2014-09-09 13:07:34', '8b97ff86-f2c4-41da-8758-67c1ed0ad22a');
INSERT INTO `di_content` (`id`, `elementId`, `locale`, `title`, `field_heading`, `field_brief`, `field_leadImageFormat`, `field_subheading`, `dateCreated`, `dateUpdated`, `uid`) VALUES ('5', '5', 'en_gb', '36522-Tabby-kitten-white-background', NULL, NULL, NULL, NULL, '2014-09-04 13:00:15', '2014-09-04 13:00:15', '74618dde-a455-4f00-8894-56fa473fb177');
INSERT INTO `di_content` (`id`, `elementId`, `locale`, `title`, `field_heading`, `field_brief`, `field_leadImageFormat`, `field_subheading`, `dateCreated`, `dateUpdated`, `uid`) VALUES ('6', '6', 'en_gb', 'Burkina Faso', NULL, NULL, NULL, NULL, '2014-09-04 13:09:04', '2014-09-04 13:09:04', 'ee015b3c-cd1d-4bf9-b7f9-9dc3aefca4b8');
INSERT INTO `di_content` (`id`, `elementId`, `locale`, `title`, `field_heading`, `field_brief`, `field_leadImageFormat`, `field_subheading`, `dateCreated`, `dateUpdated`, `uid`) VALUES ('7', '7', 'en_gb', 'Ukraine', NULL, NULL, NULL, NULL, '2014-09-04 13:09:17', '2014-09-04 13:09:17', '6946d5ea-e651-4e7a-a481-c4a0ab5a1d3a');
INSERT INTO `di_content` (`id`, `elementId`, `locale`, `title`, `field_heading`, `field_brief`, `field_leadImageFormat`, `field_subheading`, `dateCreated`, `dateUpdated`, `uid`) VALUES ('8', '8', 'en_gb', NULL, NULL, NULL, NULL, NULL, '2014-09-04 14:22:09', '2014-09-04 14:22:09', '13980e9e-14d2-46aa-b6df-81b24f3e1cb0');
INSERT INTO `di_content` (`id`, `elementId`, `locale`, `title`, `field_heading`, `field_brief`, `field_leadImageFormat`, `field_subheading`, `dateCreated`, `dateUpdated`, `uid`) VALUES ('9', '18', 'en_gb', 'forest-hills-hut-2745', NULL, NULL, NULL, NULL, '2014-09-08 08:21:12', '2014-09-08 08:21:12', '31afa592-87f5-4485-9973-afefd22d2c0a');
INSERT INTO `di_content` (`id`, `elementId`, `locale`, `title`, `field_heading`, `field_brief`, `field_leadImageFormat`, `field_subheading`, `dateCreated`, `dateUpdated`, `uid`) VALUES ('12', '20', 'en_gb', 'Shops', 'Shops', '', 'poster', '', '2014-09-08 08:41:38', '2014-09-08 08:43:28', '0e4efebd-ea2a-49e2-8373-44fe234e7772');
INSERT INTO `di_content` (`id`, `elementId`, `locale`, `title`, `field_heading`, `field_brief`, `field_leadImageFormat`, `field_subheading`, `dateCreated`, `dateUpdated`, `uid`) VALUES ('13', '21', 'en_gb', 'tree', NULL, NULL, NULL, NULL, '2014-09-08 10:52:45', '2014-09-08 10:52:45', '8ccf034e-9f47-4215-8371-222fab806d6b');
INSERT INTO `di_content` (`id`, `elementId`, `locale`, `title`, `field_heading`, `field_brief`, `field_leadImageFormat`, `field_subheading`, `dateCreated`, `dateUpdated`, `uid`) VALUES ('14', '22', 'en_gb', 'Contact', 'Contact', '', 'poster', 'Drop Inn Ministries, 171 Dobbin Rd, Richhill\r\nCounty Armagh, UK, BT61 9LW', '2014-09-08 13:06:50', '2014-09-08 16:10:43', 'c77cb0c7-6f2d-4281-9833-c9604cda5b8b');



--
-- Schema for table `di_deprecationerrors`
--

DROP TABLE IF EXISTS `di_deprecationerrors`;

CREATE TABLE `di_deprecationerrors` (
  `id` int(11) NOT NULL AUTO_INCREMENT,
  `key` varchar(255) COLLATE utf8_unicode_ci NOT NULL,
  `fingerprint` varchar(255) COLLATE utf8_unicode_ci NOT NULL,
  `lastOccurrence` datetime NOT NULL,
  `file` varchar(255) COLLATE utf8_unicode_ci NOT NULL,
  `line` smallint(6) unsigned NOT NULL,
  `class` varchar(255) COLLATE utf8_unicode_ci DEFAULT NULL,
  `method` varchar(255) COLLATE utf8_unicode_ci DEFAULT NULL,
  `template` varchar(255) COLLATE utf8_unicode_ci DEFAULT NULL,
  `templateLine` smallint(6) unsigned DEFAULT NULL,
  `message` varchar(255) COLLATE utf8_unicode_ci DEFAULT NULL,
  `traces` text COLLATE utf8_unicode_ci,
  `dateCreated` datetime NOT NULL,
  `dateUpdated` datetime NOT NULL,
  `uid` char(36) COLLATE utf8_unicode_ci NOT NULL DEFAULT '0',
  PRIMARY KEY (`id`),
  UNIQUE KEY `di_deprecationerrors_key_fingerprint_unq_idx` (`key`,`fingerprint`)
) ENGINE=InnoDB DEFAULT CHARSET=utf8 COLLATE=utf8_unicode_ci;

--
-- Schema for table `di_elements`
--

DROP TABLE IF EXISTS `di_elements`;

CREATE TABLE `di_elements` (
  `id` int(11) NOT NULL AUTO_INCREMENT,
  `type` varchar(150) COLLATE utf8_unicode_ci NOT NULL,
  `enabled` tinyint(1) unsigned NOT NULL DEFAULT '1',
  `archived` tinyint(1) unsigned NOT NULL DEFAULT '0',
  `dateCreated` datetime NOT NULL,
  `dateUpdated` datetime NOT NULL,
  `uid` char(36) COLLATE utf8_unicode_ci NOT NULL DEFAULT '0',
  PRIMARY KEY (`id`),
  KEY `di_elements_type_idx` (`type`),
  KEY `di_elements_enabled_idx` (`enabled`),
  KEY `di_elements_archived_idx` (`archived`)
) ENGINE=InnoDB AUTO_INCREMENT=24 DEFAULT CHARSET=utf8 COLLATE=utf8_unicode_ci;

--
-- Data for table `di_elements`
--

INSERT INTO `di_elements` (`id`, `type`, `enabled`, `archived`, `dateCreated`, `dateUpdated`, `uid`) VALUES ('1', 'User', '1', '0', '2014-09-04 11:28:58', '2014-09-04 11:28:58', '7d07934f-0708-4ab2-b278-a103ff62f5f6');
INSERT INTO `di_elements` (`id`, `type`, `enabled`, `archived`, `dateCreated`, `dateUpdated`, `uid`) VALUES ('2', 'Entry', '1', '0', '2014-09-04 11:28:59', '2014-09-08 10:53:01', 'ecaef6b0-0162-4255-a78f-3934c3a1fcd4');
INSERT INTO `di_elements` (`id`, `type`, `enabled`, `archived`, `dateCreated`, `dateUpdated`, `uid`) VALUES ('3', 'Entry', '1', '0', '2014-09-04 11:28:59', '2014-09-08 14:43:58', 'ca1c9fce-00b1-4d4f-836d-a5c7bf269d09');
INSERT INTO `di_elements` (`id`, `type`, `enabled`, `archived`, `dateCreated`, `dateUpdated`, `uid`) VALUES ('4', 'Entry', '1', '0', '2014-09-04 11:29:17', '2014-09-09 13:07:34', '782040bf-9516-439a-9701-81d05102c60c');
INSERT INTO `di_elements` (`id`, `type`, `enabled`, `archived`, `dateCreated`, `dateUpdated`, `uid`) VALUES ('5', 'Asset', '1', '0', '2014-09-04 13:00:15', '2014-09-04 13:00:15', 'a2429ed1-58de-461c-8e46-41c899a59e92');
INSERT INTO `di_elements` (`id`, `type`, `enabled`, `archived`, `dateCreated`, `dateUpdated`, `uid`) VALUES ('6', 'Category', '1', '0', '2014-09-04 13:09:04', '2014-09-04 13:09:04', '27ee7e87-d69a-42d0-8a00-92c6feaa2f73');
INSERT INTO `di_elements` (`id`, `type`, `enabled`, `archived`, `dateCreated`, `dateUpdated`, `uid`) VALUES ('7', 'Category', '1', '0', '2014-09-04 13:09:17', '2014-09-04 13:09:17', '26ec1fc3-d636-48a8-b17f-d9914a4e35e2');
INSERT INTO `di_elements` (`id`, `type`, `enabled`, `archived`, `dateCreated`, `dateUpdated`, `uid`) VALUES ('8', 'Tag', '1', '0', '2014-09-04 14:22:09', '2014-09-04 14:22:09', 'ea104a1a-9d47-4056-8980-4f25fa22e2ca');
INSERT INTO `di_elements` (`id`, `type`, `enabled`, `archived`, `dateCreated`, `dateUpdated`, `uid`) VALUES ('9', 'MatrixBlock', '1', '0', '2014-09-04 14:22:23', '2014-09-09 13:07:34', '5329e031-728e-4059-b5da-826db0d836be');
INSERT INTO `di_elements` (`id`, `type`, `enabled`, `archived`, `dateCreated`, `dateUpdated`, `uid`) VALUES ('11', 'MatrixBlock', '1', '0', '2014-09-04 14:29:49', '2014-09-09 13:07:34', '9199070b-793e-4988-9e58-a19580cce6be');
INSERT INTO `di_elements` (`id`, `type`, `enabled`, `archived`, `dateCreated`, `dateUpdated`, `uid`) VALUES ('13', 'MatrixBlock', '1', '0', '2014-09-04 14:59:40', '2014-09-09 13:07:34', '7078af1b-544d-417e-b13b-346268c301d6');
INSERT INTO `di_elements` (`id`, `type`, `enabled`, `archived`, `dateCreated`, `dateUpdated`, `uid`) VALUES ('14', 'MatrixBlock', '1', '0', '2014-09-05 14:14:23', '2014-09-09 13:07:34', 'a56e4ed5-3463-4e18-850f-925a9b49802c');
INSERT INTO `di_elements` (`id`, `type`, `enabled`, `archived`, `dateCreated`, `dateUpdated`, `uid`) VALUES ('15', 'MatrixBlock', '1', '0', '2014-09-05 14:47:07', '2014-09-09 13:07:34', '778d1bea-4da9-4f22-a06f-bcc1ef568a31');
INSERT INTO `di_elements` (`id`, `type`, `enabled`, `archived`, `dateCreated`, `dateUpdated`, `uid`) VALUES ('16', 'MatrixBlock', '1', '0', '2014-09-05 15:32:07', '2014-09-09 13:07:34', '7dd371f7-c660-4cc9-adb2-8722a1ab3108');
INSERT INTO `di_elements` (`id`, `type`, `enabled`, `archived`, `dateCreated`, `dateUpdated`, `uid`) VALUES ('18', 'Asset', '1', '0', '2014-09-08 08:21:12', '2014-09-08 08:21:12', '142a87fe-11a2-47d5-b468-153844443e90');
INSERT INTO `di_elements` (`id`, `type`, `enabled`, `archived`, `dateCreated`, `dateUpdated`, `uid`) VALUES ('20', 'Entry', '1', '0', '2014-09-08 08:41:38', '2014-09-08 08:43:28', '7b2a408f-8889-49c8-b66b-97a25ffb6a01');
INSERT INTO `di_elements` (`id`, `type`, `enabled`, `archived`, `dateCreated`, `dateUpdated`, `uid`) VALUES ('21', 'Asset', '1', '0', '2014-09-08 10:52:45', '2014-09-08 10:52:45', '1b65ed7c-9443-4b91-93d8-b3db5d39f7ed');
INSERT INTO `di_elements` (`id`, `type`, `enabled`, `archived`, `dateCreated`, `dateUpdated`, `uid`) VALUES ('22', 'Entry', '1', '0', '2014-09-08 13:06:50', '2014-09-08 16:10:43', 'd13554fd-fbad-449c-ad72-b065ec348de8');
INSERT INTO `di_elements` (`id`, `type`, `enabled`, `archived`, `dateCreated`, `dateUpdated`, `uid`) VALUES ('23', 'MatrixBlock', '1', '0', '2014-09-09 11:26:48', '2014-09-09 13:07:34', '9b1e7b8a-7bf9-4d65-b6e6-e2badf9d90ba');



--
-- Schema for table `di_elements_i18n`
--

DROP TABLE IF EXISTS `di_elements_i18n`;

CREATE TABLE `di_elements_i18n` (
  `id` int(11) NOT NULL AUTO_INCREMENT,
  `elementId` int(11) NOT NULL,
  `locale` char(12) COLLATE utf8_unicode_ci NOT NULL,
  `slug` varchar(255) COLLATE utf8_unicode_ci DEFAULT NULL,
  `uri` varchar(255) COLLATE utf8_unicode_ci DEFAULT NULL,
  `enabled` tinyint(1) unsigned NOT NULL DEFAULT '1',
  `dateCreated` datetime NOT NULL,
  `dateUpdated` datetime NOT NULL,
  `uid` char(36) COLLATE utf8_unicode_ci NOT NULL DEFAULT '0',
  PRIMARY KEY (`id`),
  UNIQUE KEY `di_elements_i18n_elementId_locale_unq_idx` (`elementId`,`locale`),
  UNIQUE KEY `di_elements_i18n_uri_locale_unq_idx` (`uri`,`locale`),
  KEY `di_elements_i18n_slug_locale_idx` (`slug`,`locale`),
  KEY `di_elements_i18n_enabled_idx` (`enabled`),
  KEY `di_elements_i18n_locale_fk` (`locale`)
) ENGINE=InnoDB AUTO_INCREMENT=25 DEFAULT CHARSET=utf8 COLLATE=utf8_unicode_ci;

--
-- Data for table `di_elements_i18n`
--

INSERT INTO `di_elements_i18n` (`id`, `elementId`, `locale`, `slug`, `uri`, `enabled`, `dateCreated`, `dateUpdated`, `uid`) VALUES ('1', '1', 'en_gb', '', NULL, '1', '2014-09-04 11:28:58', '2014-09-04 11:28:58', '26463fe5-b50e-4131-bc3f-73e81c43e5a0');
INSERT INTO `di_elements_i18n` (`id`, `elementId`, `locale`, `slug`, `uri`, `enabled`, `dateCreated`, `dateUpdated`, `uid`) VALUES ('2', '2', 'en_gb', 'homepage', '__home__', '1', '2014-09-04 11:28:59', '2014-09-08 10:53:01', '3fd4c9df-b25b-4985-9c5e-94f805540807');
INSERT INTO `di_elements_i18n` (`id`, `elementId`, `locale`, `slug`, `uri`, `enabled`, `dateCreated`, `dateUpdated`, `uid`) VALUES ('3', '3', 'en_gb', 'we-just-installed-craft', 'news/2014/we-just-installed-craft', '1', '2014-09-04 11:28:59', '2014-09-08 14:43:58', '46aa2c93-d1d3-490e-8802-c6010349a5d8');
INSERT INTO `di_elements_i18n` (`id`, `elementId`, `locale`, `slug`, `uri`, `enabled`, `dateCreated`, `dateUpdated`, `uid`) VALUES ('4', '4', 'en_gb', 'the-papers', 'news/2014/the-papers', '1', '2014-09-04 11:29:17', '2014-09-09 13:07:34', 'e79e2a3f-82f8-4107-a77c-67a830ea1fae');
INSERT INTO `di_elements_i18n` (`id`, `elementId`, `locale`, `slug`, `uri`, `enabled`, `dateCreated`, `dateUpdated`, `uid`) VALUES ('5', '5', 'en_gb', '36522-tabby-kitten-white-background', NULL, '1', '2014-09-04 13:00:15', '2014-09-04 13:00:15', '71e837f1-0f5e-4531-bdbc-a543a202a5d4');
INSERT INTO `di_elements_i18n` (`id`, `elementId`, `locale`, `slug`, `uri`, `enabled`, `dateCreated`, `dateUpdated`, `uid`) VALUES ('6', '6', 'en_gb', 'burkina-faso', 'countries/burkina-faso', '1', '2014-09-04 13:09:04', '2014-09-05 09:18:11', '99e64bef-734c-492d-9fc8-476ba6fc39da');
INSERT INTO `di_elements_i18n` (`id`, `elementId`, `locale`, `slug`, `uri`, `enabled`, `dateCreated`, `dateUpdated`, `uid`) VALUES ('7', '7', 'en_gb', 'ukraine', 'countries/ukraine', '1', '2014-09-04 13:09:17', '2014-09-05 09:18:11', 'a58282a1-8205-4466-a7b5-f670f3a38cdc');
INSERT INTO `di_elements_i18n` (`id`, `elementId`, `locale`, `slug`, `uri`, `enabled`, `dateCreated`, `dateUpdated`, `uid`) VALUES ('8', '8', 'en_gb', '', NULL, '1', '2014-09-04 14:22:09', '2014-09-04 14:22:09', 'a2e9eb4c-4d1a-4ca3-8a63-19439238fe18');
INSERT INTO `di_elements_i18n` (`id`, `elementId`, `locale`, `slug`, `uri`, `enabled`, `dateCreated`, `dateUpdated`, `uid`) VALUES ('9', '9', 'en_gb', '', NULL, '1', '2014-09-04 14:22:23', '2014-09-09 13:07:34', '6563e606-2bb0-40aa-bf96-55f70e3737ef');
INSERT INTO `di_elements_i18n` (`id`, `elementId`, `locale`, `slug`, `uri`, `enabled`, `dateCreated`, `dateUpdated`, `uid`) VALUES ('11', '11', 'en_gb', '', NULL, '1', '2014-09-04 14:29:49', '2014-09-09 13:07:34', 'f56cf09d-81a7-47a1-8e3d-ffd130f38578');
INSERT INTO `di_elements_i18n` (`id`, `elementId`, `locale`, `slug`, `uri`, `enabled`, `dateCreated`, `dateUpdated`, `uid`) VALUES ('13', '13', 'en_gb', '', NULL, '1', '2014-09-04 14:59:40', '2014-09-09 13:07:34', '8fbe139d-b7a6-40d0-a7ae-58c1348eb139');
INSERT INTO `di_elements_i18n` (`id`, `elementId`, `locale`, `slug`, `uri`, `enabled`, `dateCreated`, `dateUpdated`, `uid`) VALUES ('14', '14', 'en_gb', '', NULL, '1', '2014-09-05 14:14:23', '2014-09-09 13:07:34', '0a2a7745-bd43-4f5b-91e4-c3b4c833429a');
INSERT INTO `di_elements_i18n` (`id`, `elementId`, `locale`, `slug`, `uri`, `enabled`, `dateCreated`, `dateUpdated`, `uid`) VALUES ('15', '15', 'en_gb', '', NULL, '1', '2014-09-05 14:47:07', '2014-09-09 13:07:34', '7030cf63-e48a-4982-a8b7-f125ba70a440');
INSERT INTO `di_elements_i18n` (`id`, `elementId`, `locale`, `slug`, `uri`, `enabled`, `dateCreated`, `dateUpdated`, `uid`) VALUES ('16', '16', 'en_gb', '', NULL, '1', '2014-09-05 15:32:07', '2014-09-09 13:07:34', 'b240ba50-2889-4b31-bd6c-2de8e5a95d16');
INSERT INTO `di_elements_i18n` (`id`, `elementId`, `locale`, `slug`, `uri`, `enabled`, `dateCreated`, `dateUpdated`, `uid`) VALUES ('18', '18', 'en_gb', 'forest-hills-hut-2745', NULL, '1', '2014-09-08 08:21:12', '2014-09-08 08:21:12', '15cb4370-d9f0-4830-aa41-ef6dfb54c13b');
INSERT INTO `di_elements_i18n` (`id`, `elementId`, `locale`, `slug`, `uri`, `enabled`, `dateCreated`, `dateUpdated`, `uid`) VALUES ('21', '20', 'en_gb', 'shops', 'shops', '1', '2014-09-08 08:41:38', '2014-09-08 08:43:29', '27d0d4d7-bc1f-417d-bcb0-bf0b17253ac3');
INSERT INTO `di_elements_i18n` (`id`, `elementId`, `locale`, `slug`, `uri`, `enabled`, `dateCreated`, `dateUpdated`, `uid`) VALUES ('22', '21', 'en_gb', 'tree', NULL, '1', '2014-09-08 10:52:45', '2014-09-08 10:52:45', '5c525658-7cf5-4774-998e-703eaf591b3a');
INSERT INTO `di_elements_i18n` (`id`, `elementId`, `locale`, `slug`, `uri`, `enabled`, `dateCreated`, `dateUpdated`, `uid`) VALUES ('23', '22', 'en_gb', 'contact', 'contact', '1', '2014-09-08 13:06:50', '2014-09-08 16:10:43', '4eee84a2-2e2b-48a8-855d-1f992d0bf997');
INSERT INTO `di_elements_i18n` (`id`, `elementId`, `locale`, `slug`, `uri`, `enabled`, `dateCreated`, `dateUpdated`, `uid`) VALUES ('24', '23', 'en_gb', '', NULL, '1', '2014-09-09 11:26:48', '2014-09-09 13:07:34', '61428712-0363-4cc7-bc4d-169e00075ceb');



--
-- Schema for table `di_emailmessages`
--

DROP TABLE IF EXISTS `di_emailmessages`;

CREATE TABLE `di_emailmessages` (
  `id` int(11) NOT NULL AUTO_INCREMENT,
  `key` char(150) COLLATE utf8_unicode_ci NOT NULL,
  `locale` char(12) COLLATE utf8_unicode_ci NOT NULL,
  `subject` varchar(1000) COLLATE utf8_unicode_ci NOT NULL,
  `body` text COLLATE utf8_unicode_ci NOT NULL,
  `dateCreated` datetime NOT NULL,
  `dateUpdated` datetime NOT NULL,
  `uid` char(36) COLLATE utf8_unicode_ci NOT NULL DEFAULT '0',
  PRIMARY KEY (`id`),
  UNIQUE KEY `di_emailmessages_key_locale_unq_idx` (`key`,`locale`),
  KEY `di_emailmessages_locale_fk` (`locale`)
) ENGINE=InnoDB DEFAULT CHARSET=utf8 COLLATE=utf8_unicode_ci;

--
-- Schema for table `di_entries`
--

DROP TABLE IF EXISTS `di_entries`;

CREATE TABLE `di_entries` (
  `id` int(11) NOT NULL,
  `sectionId` int(11) NOT NULL,
  `typeId` int(11) DEFAULT NULL,
  `authorId` int(11) DEFAULT NULL,
  `postDate` datetime DEFAULT NULL,
  `expiryDate` datetime DEFAULT NULL,
  `dateCreated` datetime NOT NULL,
  `dateUpdated` datetime NOT NULL,
  `uid` char(36) COLLATE utf8_unicode_ci NOT NULL DEFAULT '0',
  PRIMARY KEY (`id`),
  KEY `di_entries_sectionId_idx` (`sectionId`),
  KEY `di_entries_typeId_idx` (`typeId`),
  KEY `di_entries_postDate_idx` (`postDate`),
  KEY `di_entries_expiryDate_idx` (`expiryDate`),
  KEY `di_entries_authorId_fk` (`authorId`)
) ENGINE=InnoDB DEFAULT CHARSET=utf8 COLLATE=utf8_unicode_ci;

--
-- Data for table `di_entries`
--

INSERT INTO `di_entries` (`id`, `sectionId`, `typeId`, `authorId`, `postDate`, `expiryDate`, `dateCreated`, `dateUpdated`, `uid`) VALUES ('2', '1', '1', NULL, '2014-09-04 11:28:59', NULL, '2014-09-04 11:28:59', '2014-09-08 10:53:01', '105be1c4-e0ed-4a80-a6ef-987a58e18d88');
INSERT INTO `di_entries` (`id`, `sectionId`, `typeId`, `authorId`, `postDate`, `expiryDate`, `dateCreated`, `dateUpdated`, `uid`) VALUES ('3', '2', '2', '1', '2014-09-04 11:28:00', NULL, '2014-09-04 11:28:59', '2014-09-08 14:43:58', '43a2d009-62ec-4bea-aa02-7106351af5b3');
INSERT INTO `di_entries` (`id`, `sectionId`, `typeId`, `authorId`, `postDate`, `expiryDate`, `dateCreated`, `dateUpdated`, `uid`) VALUES ('4', '2', '2', '1', '2014-09-05 11:29:00', NULL, '2014-09-04 11:29:17', '2014-09-09 13:07:34', 'c1bc5274-08de-4269-8921-08972a96d4a7');
INSERT INTO `di_entries` (`id`, `sectionId`, `typeId`, `authorId`, `postDate`, `expiryDate`, `dateCreated`, `dateUpdated`, `uid`) VALUES ('20', '4', '4', NULL, '2014-09-08 08:41:38', NULL, '2014-09-08 08:41:38', '2014-09-08 08:43:29', '659c25e8-4ee2-46f1-be70-4bce0c26aaed');
INSERT INTO `di_entries` (`id`, `sectionId`, `typeId`, `authorId`, `postDate`, `expiryDate`, `dateCreated`, `dateUpdated`, `uid`) VALUES ('22', '5', '5', NULL, '2014-09-08 13:06:50', NULL, '2014-09-08 13:06:50', '2014-09-08 16:10:43', 'a631a408-eb0c-4f94-9e01-21543a89c4ef');



--
-- Schema for table `di_entrydrafts`
--

DROP TABLE IF EXISTS `di_entrydrafts`;

CREATE TABLE `di_entrydrafts` (
  `id` int(11) NOT NULL AUTO_INCREMENT,
  `entryId` int(11) NOT NULL,
  `sectionId` int(11) NOT NULL,
  `creatorId` int(11) NOT NULL,
  `locale` char(12) COLLATE utf8_unicode_ci NOT NULL,
  `name` varchar(255) COLLATE utf8_unicode_ci NOT NULL,
  `notes` tinytext COLLATE utf8_unicode_ci,
  `data` mediumtext COLLATE utf8_unicode_ci NOT NULL,
  `dateCreated` datetime NOT NULL,
  `dateUpdated` datetime NOT NULL,
  `uid` char(36) COLLATE utf8_unicode_ci NOT NULL DEFAULT '0',
  PRIMARY KEY (`id`),
  KEY `di_entrydrafts_entryId_locale_idx` (`entryId`,`locale`),
  KEY `di_entrydrafts_sectionId_fk` (`sectionId`),
  KEY `di_entrydrafts_creatorId_fk` (`creatorId`),
  KEY `di_entrydrafts_locale_fk` (`locale`)
) ENGINE=InnoDB DEFAULT CHARSET=utf8 COLLATE=utf8_unicode_ci;

--
-- Schema for table `di_entrytypes`
--

DROP TABLE IF EXISTS `di_entrytypes`;

CREATE TABLE `di_entrytypes` (
  `id` int(11) NOT NULL AUTO_INCREMENT,
  `sectionId` int(11) NOT NULL,
  `fieldLayoutId` int(11) DEFAULT NULL,
  `name` varchar(255) COLLATE utf8_unicode_ci NOT NULL,
  `handle` varchar(255) COLLATE utf8_unicode_ci NOT NULL,
  `hasTitleField` tinyint(1) unsigned NOT NULL DEFAULT '1',
  `titleLabel` varchar(255) COLLATE utf8_unicode_ci DEFAULT 'Title',
  `titleFormat` varchar(255) COLLATE utf8_unicode_ci DEFAULT NULL,
  `sortOrder` tinyint(4) DEFAULT NULL,
  `dateCreated` datetime NOT NULL,
  `dateUpdated` datetime NOT NULL,
  `uid` char(36) COLLATE utf8_unicode_ci NOT NULL DEFAULT '0',
  PRIMARY KEY (`id`),
  UNIQUE KEY `di_entrytypes_name_sectionId_unq_idx` (`name`,`sectionId`),
  UNIQUE KEY `di_entrytypes_handle_sectionId_unq_idx` (`handle`,`sectionId`),
  KEY `di_entrytypes_sectionId_fk` (`sectionId`),
  KEY `di_entrytypes_fieldLayoutId_fk` (`fieldLayoutId`)
) ENGINE=InnoDB AUTO_INCREMENT=6 DEFAULT CHARSET=utf8 COLLATE=utf8_unicode_ci;

--
-- Data for table `di_entrytypes`
--

INSERT INTO `di_entrytypes` (`id`, `sectionId`, `fieldLayoutId`, `name`, `handle`, `hasTitleField`, `titleLabel`, `titleFormat`, `sortOrder`, `dateCreated`, `dateUpdated`, `uid`) VALUES ('1', '1', '62', 'Homepage', 'homepage', '0', NULL, '{section.name|raw}', NULL, '2014-09-04 11:28:59', '2014-09-05 16:48:19', '7dbd9cc0-1e81-4527-8c1e-0e05b2b2195a');
INSERT INTO `di_entrytypes` (`id`, `sectionId`, `fieldLayoutId`, `name`, `handle`, `hasTitleField`, `titleLabel`, `titleFormat`, `sortOrder`, `dateCreated`, `dateUpdated`, `uid`) VALUES ('2', '2', '90', 'News', 'news', '1', 'Title', NULL, NULL, '2014-09-04 11:28:59', '2014-09-09 13:10:23', '1627eadd-e11d-406c-9569-89a7f5d0d72d');
INSERT INTO `di_entrytypes` (`id`, `sectionId`, `fieldLayoutId`, `name`, `handle`, `hasTitleField`, `titleLabel`, `titleFormat`, `sortOrder`, `dateCreated`, `dateUpdated`, `uid`) VALUES ('4', '4', '65', 'Shops', 'shops', '0', NULL, '{section.name|raw}', NULL, '2014-09-08 08:41:38', '2014-09-08 08:43:11', '552bbb95-0f12-4227-aa66-065d1bee32f0');
INSERT INTO `di_entrytypes` (`id`, `sectionId`, `fieldLayoutId`, `name`, `handle`, `hasTitleField`, `titleLabel`, `titleFormat`, `sortOrder`, `dateCreated`, `dateUpdated`, `uid`) VALUES ('5', '5', '75', 'Contact', 'contact', '0', NULL, '{section.name|raw}', NULL, '2014-09-08 13:06:50', '2014-09-08 13:11:15', 'aff72b04-7bad-4524-991f-c4b5a8d9943a');



--
-- Schema for table `di_entryversions`
--

DROP TABLE IF EXISTS `di_entryversions`;

CREATE TABLE `di_entryversions` (
  `id` int(11) NOT NULL AUTO_INCREMENT,
  `entryId` int(11) NOT NULL,
  `sectionId` int(11) NOT NULL,
  `creatorId` int(11) DEFAULT NULL,
  `locale` char(12) COLLATE utf8_unicode_ci NOT NULL,
  `num` smallint(6) unsigned NOT NULL,
  `notes` tinytext COLLATE utf8_unicode_ci,
  `data` mediumtext COLLATE utf8_unicode_ci NOT NULL,
  `dateCreated` datetime NOT NULL,
  `dateUpdated` datetime NOT NULL,
  `uid` char(36) COLLATE utf8_unicode_ci NOT NULL DEFAULT '0',
  PRIMARY KEY (`id`),
  KEY `di_entryversions_entryId_locale_idx` (`entryId`,`locale`),
  KEY `di_entryversions_sectionId_fk` (`sectionId`),
  KEY `di_entryversions_creatorId_fk` (`creatorId`),
  KEY `di_entryversions_locale_fk` (`locale`)
) ENGINE=InnoDB DEFAULT CHARSET=utf8 COLLATE=utf8_unicode_ci;

--
-- Schema for table `di_fieldgroups`
--

DROP TABLE IF EXISTS `di_fieldgroups`;

CREATE TABLE `di_fieldgroups` (
  `id` int(11) NOT NULL AUTO_INCREMENT,
  `name` varchar(255) COLLATE utf8_unicode_ci NOT NULL,
  `dateCreated` datetime NOT NULL,
  `dateUpdated` datetime NOT NULL,
  `uid` char(36) COLLATE utf8_unicode_ci NOT NULL DEFAULT '0',
  PRIMARY KEY (`id`),
  UNIQUE KEY `di_fieldgroups_name_unq_idx` (`name`)
) ENGINE=InnoDB AUTO_INCREMENT=5 DEFAULT CHARSET=utf8 COLLATE=utf8_unicode_ci;

--
-- Data for table `di_fieldgroups`
--

INSERT INTO `di_fieldgroups` (`id`, `name`, `dateCreated`, `dateUpdated`, `uid`) VALUES ('1', 'Tags Categories', '2014-09-04 11:28:59', '2014-09-08 13:09:39', '4c2861d8-6b67-40ff-aac9-cdfcc239ac5d');
INSERT INTO `di_fieldgroups` (`id`, `name`, `dateCreated`, `dateUpdated`, `uid`) VALUES ('2', 'Article Body', '2014-09-08 12:59:30', '2014-09-08 13:09:55', '1b16e6e6-634d-43b4-b27c-71998cd50a6a');
INSERT INTO `di_fieldgroups` (`id`, `name`, `dateCreated`, `dateUpdated`, `uid`) VALUES ('3', 'Summary', '2014-09-08 13:07:49', '2014-09-08 13:07:49', '834f7ba8-573f-467c-8e71-ab9d35c35951');
INSERT INTO `di_fieldgroups` (`id`, `name`, `dateCreated`, `dateUpdated`, `uid`) VALUES ('4', 'Lead Image', '2014-09-08 13:08:39', '2014-09-08 13:08:39', '3dcd44e8-7f71-4319-8b80-6029cbd6a2df');



--
-- Schema for table `di_fieldlayoutfields`
--

DROP TABLE IF EXISTS `di_fieldlayoutfields`;

CREATE TABLE `di_fieldlayoutfields` (
  `id` int(11) NOT NULL AUTO_INCREMENT,
  `layoutId` int(11) NOT NULL,
  `tabId` int(11) DEFAULT NULL,
  `fieldId` int(11) NOT NULL,
  `required` tinyint(1) unsigned NOT NULL DEFAULT '0',
  `sortOrder` tinyint(4) DEFAULT NULL,
  `dateCreated` datetime NOT NULL,
  `dateUpdated` datetime NOT NULL,
  `uid` char(36) COLLATE utf8_unicode_ci NOT NULL DEFAULT '0',
  PRIMARY KEY (`id`),
  UNIQUE KEY `di_fieldlayoutfields_layoutId_fieldId_unq_idx` (`layoutId`,`fieldId`),
  KEY `di_fieldlayoutfields_sortOrder_idx` (`sortOrder`),
  KEY `di_fieldlayoutfields_tabId_fk` (`tabId`),
  KEY `di_fieldlayoutfields_fieldId_fk` (`fieldId`)
) ENGINE=InnoDB AUTO_INCREMENT=240 DEFAULT CHARSET=utf8 COLLATE=utf8_unicode_ci;

--
-- Data for table `di_fieldlayoutfields`
--

INSERT INTO `di_fieldlayoutfields` (`id`, `layoutId`, `tabId`, `fieldId`, `required`, `sortOrder`, `dateCreated`, `dateUpdated`, `uid`) VALUES ('143', '62', '11', '1', '1', '1', '2014-09-05 16:48:18', '2014-09-05 16:48:18', '8e1be30f-e3e9-4085-8dae-add6c180263e');
INSERT INTO `di_fieldlayoutfields` (`id`, `layoutId`, `tabId`, `fieldId`, `required`, `sortOrder`, `dateCreated`, `dateUpdated`, `uid`) VALUES ('144', '62', '11', '16', '0', '2', '2014-09-05 16:48:18', '2014-09-05 16:48:18', '32ef8a57-3efc-4536-81b5-ae6942a4820f');
INSERT INTO `di_fieldlayoutfields` (`id`, `layoutId`, `tabId`, `fieldId`, `required`, `sortOrder`, `dateCreated`, `dateUpdated`, `uid`) VALUES ('145', '62', '11', '17', '0', '3', '2014-09-05 16:48:18', '2014-09-05 16:48:18', '3009f088-2c27-40d3-bfb3-5a4c3c1f068c');
INSERT INTO `di_fieldlayoutfields` (`id`, `layoutId`, `tabId`, `fieldId`, `required`, `sortOrder`, `dateCreated`, `dateUpdated`, `uid`) VALUES ('146', '62', '11', '14', '1', '4', '2014-09-05 16:48:19', '2014-09-05 16:48:19', 'c86eaccc-21d6-4890-92e0-1a26c69e323f');
INSERT INTO `di_fieldlayoutfields` (`id`, `layoutId`, `tabId`, `fieldId`, `required`, `sortOrder`, `dateCreated`, `dateUpdated`, `uid`) VALUES ('147', '62', '11', '2', '0', '5', '2014-09-05 16:48:19', '2014-09-05 16:48:19', '526665c6-8128-453b-a25d-0fca15546d97');
INSERT INTO `di_fieldlayoutfields` (`id`, `layoutId`, `tabId`, `fieldId`, `required`, `sortOrder`, `dateCreated`, `dateUpdated`, `uid`) VALUES ('148', '65', '12', '1', '0', '1', '2014-09-08 08:43:11', '2014-09-08 08:43:11', '30d44da9-76c5-4cb5-8fef-04d019f22e29');
INSERT INTO `di_fieldlayoutfields` (`id`, `layoutId`, `tabId`, `fieldId`, `required`, `sortOrder`, `dateCreated`, `dateUpdated`, `uid`) VALUES ('149', '65', '12', '16', '0', '2', '2014-09-08 08:43:11', '2014-09-08 08:43:11', '9c7a3392-3414-4bf8-bebd-0188ae0e71ff');
INSERT INTO `di_fieldlayoutfields` (`id`, `layoutId`, `tabId`, `fieldId`, `required`, `sortOrder`, `dateCreated`, `dateUpdated`, `uid`) VALUES ('150', '65', '12', '17', '0', '3', '2014-09-08 08:43:11', '2014-09-08 08:43:11', '45e53ff0-744a-495f-b710-b48d8e5ac58b');
INSERT INTO `di_fieldlayoutfields` (`id`, `layoutId`, `tabId`, `fieldId`, `required`, `sortOrder`, `dateCreated`, `dateUpdated`, `uid`) VALUES ('151', '65', '12', '23', '0', '4', '2014-09-08 08:43:11', '2014-09-08 08:43:11', '4343e691-6ba4-40d6-8fb3-c59c68334bc5');
INSERT INTO `di_fieldlayoutfields` (`id`, `layoutId`, `tabId`, `fieldId`, `required`, `sortOrder`, `dateCreated`, `dateUpdated`, `uid`) VALUES ('152', '65', '12', '14', '0', '5', '2014-09-08 08:43:11', '2014-09-08 08:43:11', 'b1b41c2c-a08e-4588-afe7-322560eaf268');
INSERT INTO `di_fieldlayoutfields` (`id`, `layoutId`, `tabId`, `fieldId`, `required`, `sortOrder`, `dateCreated`, `dateUpdated`, `uid`) VALUES ('188', '75', '19', '1', '0', '1', '2014-09-08 13:11:15', '2014-09-08 13:11:15', 'f49626a6-f947-491d-94fd-e7e6024e5147');
INSERT INTO `di_fieldlayoutfields` (`id`, `layoutId`, `tabId`, `fieldId`, `required`, `sortOrder`, `dateCreated`, `dateUpdated`, `uid`) VALUES ('189', '75', '19', '23', '0', '2', '2014-09-08 13:11:15', '2014-09-08 13:11:15', '5653d18b-79ac-45a5-92b9-d781b6253a38');
INSERT INTO `di_fieldlayoutfields` (`id`, `layoutId`, `tabId`, `fieldId`, `required`, `sortOrder`, `dateCreated`, `dateUpdated`, `uid`) VALUES ('190', '75', '19', '14', '0', '3', '2014-09-08 13:11:15', '2014-09-08 13:11:15', 'b314f2fc-2dd6-4fbc-85df-e49adea9cb6f');
INSERT INTO `di_fieldlayoutfields` (`id`, `layoutId`, `tabId`, `fieldId`, `required`, `sortOrder`, `dateCreated`, `dateUpdated`, `uid`) VALUES ('191', '75', '20', '16', '0', '1', '2014-09-08 13:11:15', '2014-09-08 13:11:15', 'e5225468-7831-4f63-b87b-50c75d624218');
INSERT INTO `di_fieldlayoutfields` (`id`, `layoutId`, `tabId`, `fieldId`, `required`, `sortOrder`, `dateCreated`, `dateUpdated`, `uid`) VALUES ('192', '75', '20', '17', '0', '2', '2014-09-08 13:11:15', '2014-09-08 13:11:15', '1dd51cfe-c5ef-4fa8-ba0a-4efd14d8c0c5');
INSERT INTO `di_fieldlayoutfields` (`id`, `layoutId`, `tabId`, `fieldId`, `required`, `sortOrder`, `dateCreated`, `dateUpdated`, `uid`) VALUES ('216', '84', NULL, '5', '0', '1', '2014-09-09 11:43:05', '2014-09-09 11:43:05', 'db073767-e6b2-4401-b4d3-391284afe404');
INSERT INTO `di_fieldlayoutfields` (`id`, `layoutId`, `tabId`, `fieldId`, `required`, `sortOrder`, `dateCreated`, `dateUpdated`, `uid`) VALUES ('217', '85', NULL, '6', '0', '1', '2014-09-09 11:43:05', '2014-09-09 11:43:05', '8a964893-1421-418c-9521-f4ee2a1eb2ff');
INSERT INTO `di_fieldlayoutfields` (`id`, `layoutId`, `tabId`, `fieldId`, `required`, `sortOrder`, `dateCreated`, `dateUpdated`, `uid`) VALUES ('218', '85', NULL, '7', '0', '2', '2014-09-09 11:43:05', '2014-09-09 11:43:05', '67179c70-0b7c-4f38-ad63-2b86aaca9e11');
INSERT INTO `di_fieldlayoutfields` (`id`, `layoutId`, `tabId`, `fieldId`, `required`, `sortOrder`, `dateCreated`, `dateUpdated`, `uid`) VALUES ('219', '85', NULL, '8', '0', '3', '2014-09-09 11:43:05', '2014-09-09 11:43:05', '2ac0275e-fa9d-4944-8721-70af6402935e');
INSERT INTO `di_fieldlayoutfields` (`id`, `layoutId`, `tabId`, `fieldId`, `required`, `sortOrder`, `dateCreated`, `dateUpdated`, `uid`) VALUES ('220', '86', NULL, '9', '0', '1', '2014-09-09 11:43:05', '2014-09-09 11:43:05', '21f50d6a-eeee-4959-a00d-51f1c7a4c894');
INSERT INTO `di_fieldlayoutfields` (`id`, `layoutId`, `tabId`, `fieldId`, `required`, `sortOrder`, `dateCreated`, `dateUpdated`, `uid`) VALUES ('221', '86', NULL, '10', '0', '2', '2014-09-09 11:43:05', '2014-09-09 11:43:05', '30d6ca7b-6c5a-441c-aac9-32647dc5bbf5');
INSERT INTO `di_fieldlayoutfields` (`id`, `layoutId`, `tabId`, `fieldId`, `required`, `sortOrder`, `dateCreated`, `dateUpdated`, `uid`) VALUES ('222', '87', NULL, '11', '0', '1', '2014-09-09 11:43:05', '2014-09-09 11:43:05', 'f046366e-6a81-4e71-b129-5ff2dbb7982a');
INSERT INTO `di_fieldlayoutfields` (`id`, `layoutId`, `tabId`, `fieldId`, `required`, `sortOrder`, `dateCreated`, `dateUpdated`, `uid`) VALUES ('223', '87', NULL, '12', '0', '2', '2014-09-09 11:43:05', '2014-09-09 11:43:05', 'dd5ad583-7f46-4f45-9028-02ccf58f5df2');
INSERT INTO `di_fieldlayoutfields` (`id`, `layoutId`, `tabId`, `fieldId`, `required`, `sortOrder`, `dateCreated`, `dateUpdated`, `uid`) VALUES ('224', '87', NULL, '13', '0', '3', '2014-09-09 11:43:05', '2014-09-09 11:43:05', 'd72532b5-e2fa-41b9-8b6e-8242f6a3e171');
INSERT INTO `di_fieldlayoutfields` (`id`, `layoutId`, `tabId`, `fieldId`, `required`, `sortOrder`, `dateCreated`, `dateUpdated`, `uid`) VALUES ('225', '87', NULL, '18', '0', '4', '2014-09-09 11:43:05', '2014-09-09 11:43:05', '0e1b414a-c9b7-44af-94b8-6fe473ba7295');
INSERT INTO `di_fieldlayoutfields` (`id`, `layoutId`, `tabId`, `fieldId`, `required`, `sortOrder`, `dateCreated`, `dateUpdated`, `uid`) VALUES ('226', '88', NULL, '19', '0', '1', '2014-09-09 11:43:05', '2014-09-09 11:43:05', 'dfa09544-bc1b-493a-9d31-7ac935302920');
INSERT INTO `di_fieldlayoutfields` (`id`, `layoutId`, `tabId`, `fieldId`, `required`, `sortOrder`, `dateCreated`, `dateUpdated`, `uid`) VALUES ('227', '88', NULL, '20', '0', '2', '2014-09-09 11:43:05', '2014-09-09 11:43:05', '530b72ea-9c6c-4482-860e-ed715ebdb3f5');
INSERT INTO `di_fieldlayoutfields` (`id`, `layoutId`, `tabId`, `fieldId`, `required`, `sortOrder`, `dateCreated`, `dateUpdated`, `uid`) VALUES ('228', '88', NULL, '21', '0', '3', '2014-09-09 11:43:05', '2014-09-09 11:43:05', '294b968e-4a1a-4122-bc01-b9048cdeebac');
INSERT INTO `di_fieldlayoutfields` (`id`, `layoutId`, `tabId`, `fieldId`, `required`, `sortOrder`, `dateCreated`, `dateUpdated`, `uid`) VALUES ('229', '88', NULL, '22', '0', '4', '2014-09-09 11:43:05', '2014-09-09 11:43:05', '2ec8bc5e-d37c-4c84-bfda-909334dd496c');
INSERT INTO `di_fieldlayoutfields` (`id`, `layoutId`, `tabId`, `fieldId`, `required`, `sortOrder`, `dateCreated`, `dateUpdated`, `uid`) VALUES ('230', '89', NULL, '24', '0', '1', '2014-09-09 11:43:05', '2014-09-09 11:43:05', '34693f8e-4c4b-4dee-8243-2fb9c360b138');
INSERT INTO `di_fieldlayoutfields` (`id`, `layoutId`, `tabId`, `fieldId`, `required`, `sortOrder`, `dateCreated`, `dateUpdated`, `uid`) VALUES ('231', '89', NULL, '25', '0', '2', '2014-09-09 11:43:05', '2014-09-09 11:43:05', '17cb3ac4-4463-43e8-b827-91d53315f74c');
INSERT INTO `di_fieldlayoutfields` (`id`, `layoutId`, `tabId`, `fieldId`, `required`, `sortOrder`, `dateCreated`, `dateUpdated`, `uid`) VALUES ('232', '90', '24', '1', '0', '1', '2014-09-09 13:10:23', '2014-09-09 13:10:23', '94ffca3c-3aae-447e-8cb0-98e4d213609f');
INSERT INTO `di_fieldlayoutfields` (`id`, `layoutId`, `tabId`, `fieldId`, `required`, `sortOrder`, `dateCreated`, `dateUpdated`, `uid`) VALUES ('233', '90', '24', '23', '0', '2', '2014-09-09 13:10:23', '2014-09-09 13:10:23', '12914ab4-3e3d-4963-8e52-80689f7bc37d');
INSERT INTO `di_fieldlayoutfields` (`id`, `layoutId`, `tabId`, `fieldId`, `required`, `sortOrder`, `dateCreated`, `dateUpdated`, `uid`) VALUES ('234', '90', '24', '14', '1', '3', '2014-09-09 13:10:23', '2014-09-09 13:10:23', 'a5af3453-149d-4b84-b5d3-818ee0ce726b');
INSERT INTO `di_fieldlayoutfields` (`id`, `layoutId`, `tabId`, `fieldId`, `required`, `sortOrder`, `dateCreated`, `dateUpdated`, `uid`) VALUES ('235', '90', '24', '16', '0', '4', '2014-09-09 13:10:23', '2014-09-09 13:10:23', '576b87d6-bd08-4fc0-b912-ef96b81a87a8');
INSERT INTO `di_fieldlayoutfields` (`id`, `layoutId`, `tabId`, `fieldId`, `required`, `sortOrder`, `dateCreated`, `dateUpdated`, `uid`) VALUES ('236', '90', '24', '17', '0', '5', '2014-09-09 13:10:23', '2014-09-09 13:10:23', 'b365d659-4733-454e-9d36-8c3c5bf1adcf');
INSERT INTO `di_fieldlayoutfields` (`id`, `layoutId`, `tabId`, `fieldId`, `required`, `sortOrder`, `dateCreated`, `dateUpdated`, `uid`) VALUES ('237', '90', '25', '2', '0', '1', '2014-09-09 13:10:23', '2014-09-09 13:10:23', 'ab0bc3e5-9612-42a2-bd8d-30c7db4d5557');
INSERT INTO `di_fieldlayoutfields` (`id`, `layoutId`, `tabId`, `fieldId`, `required`, `sortOrder`, `dateCreated`, `dateUpdated`, `uid`) VALUES ('238', '90', '26', '3', '0', '1', '2014-09-09 13:10:23', '2014-09-09 13:10:23', '941f82e0-c21d-4761-a4ca-6585d1ad3d7c');
INSERT INTO `di_fieldlayoutfields` (`id`, `layoutId`, `tabId`, `fieldId`, `required`, `sortOrder`, `dateCreated`, `dateUpdated`, `uid`) VALUES ('239', '90', '26', '15', '0', '2', '2014-09-09 13:10:23', '2014-09-09 13:10:23', '09330d8e-18c3-4671-a707-bc565da620e0');



--
-- Schema for table `di_fieldlayouts`
--

DROP TABLE IF EXISTS `di_fieldlayouts`;

CREATE TABLE `di_fieldlayouts` (
  `id` int(11) NOT NULL AUTO_INCREMENT,
  `type` varchar(150) COLLATE utf8_unicode_ci NOT NULL,
  `dateCreated` datetime NOT NULL,
  `dateUpdated` datetime NOT NULL,
  `uid` char(36) COLLATE utf8_unicode_ci NOT NULL DEFAULT '0',
  PRIMARY KEY (`id`),
  KEY `di_fieldlayouts_type_idx` (`type`)
) ENGINE=InnoDB AUTO_INCREMENT=91 DEFAULT CHARSET=utf8 COLLATE=utf8_unicode_ci;

--
-- Data for table `di_fieldlayouts`
--

INSERT INTO `di_fieldlayouts` (`id`, `type`, `dateCreated`, `dateUpdated`, `uid`) VALUES ('7', 'Asset', '2014-09-04 12:59:54', '2014-09-04 12:59:54', 'a9845800-cd67-43f6-8bd1-68df85c49fc7');
INSERT INTO `di_fieldlayouts` (`id`, `type`, `dateCreated`, `dateUpdated`, `uid`) VALUES ('9', 'Tag', '2014-09-04 14:08:11', '2014-09-04 14:08:11', '65f892a6-2242-423d-b13f-8611e6b200e4');
INSERT INTO `di_fieldlayouts` (`id`, `type`, `dateCreated`, `dateUpdated`, `uid`) VALUES ('10', 'Tag', '2014-09-04 14:08:38', '2014-09-04 14:08:38', 'aebbf8aa-3f0c-455c-bbf2-1b3e09edf42f');
INSERT INTO `di_fieldlayouts` (`id`, `type`, `dateCreated`, `dateUpdated`, `uid`) VALUES ('11', 'Tag', '2014-09-04 14:08:52', '2014-09-04 14:08:52', '88242659-5e90-49ca-b1ad-f93717a09094');
INSERT INTO `di_fieldlayouts` (`id`, `type`, `dateCreated`, `dateUpdated`, `uid`) VALUES ('62', 'Entry', '2014-09-05 16:48:18', '2014-09-05 16:48:18', '228b0b8a-6c11-4c31-906f-3a412046f2d5');
INSERT INTO `di_fieldlayouts` (`id`, `type`, `dateCreated`, `dateUpdated`, `uid`) VALUES ('63', 'Entry', '2014-09-08 08:39:54', '2014-09-08 08:39:54', '645484ff-a105-44d4-a3e5-f1423d446862');
INSERT INTO `di_fieldlayouts` (`id`, `type`, `dateCreated`, `dateUpdated`, `uid`) VALUES ('65', 'Entry', '2014-09-08 08:43:11', '2014-09-08 08:43:11', 'a797be8f-b299-45c0-a20b-c152f06f30a8');
INSERT INTO `di_fieldlayouts` (`id`, `type`, `dateCreated`, `dateUpdated`, `uid`) VALUES ('75', 'Entry', '2014-09-08 13:11:15', '2014-09-08 13:11:15', 'efd6012c-d9f9-47a1-b3ad-531e28ee292e');
INSERT INTO `di_fieldlayouts` (`id`, `type`, `dateCreated`, `dateUpdated`, `uid`) VALUES ('77', 'Category', '2014-09-08 14:12:26', '2014-09-08 14:12:26', 'fe609c70-880d-4e70-9491-057bbcdecd8d');
INSERT INTO `di_fieldlayouts` (`id`, `type`, `dateCreated`, `dateUpdated`, `uid`) VALUES ('84', 'MatrixBlock', '2014-09-09 11:43:05', '2014-09-09 11:43:05', 'b531a2a9-aff0-4849-8a36-180f730bf50b');
INSERT INTO `di_fieldlayouts` (`id`, `type`, `dateCreated`, `dateUpdated`, `uid`) VALUES ('85', 'MatrixBlock', '2014-09-09 11:43:05', '2014-09-09 11:43:05', '6f6d2c48-9117-44a8-8d4f-b6540c41552e');
INSERT INTO `di_fieldlayouts` (`id`, `type`, `dateCreated`, `dateUpdated`, `uid`) VALUES ('86', 'MatrixBlock', '2014-09-09 11:43:05', '2014-09-09 11:43:05', 'bd3c3fbf-bf52-485a-a2be-c16dab0b4766');
INSERT INTO `di_fieldlayouts` (`id`, `type`, `dateCreated`, `dateUpdated`, `uid`) VALUES ('87', 'MatrixBlock', '2014-09-09 11:43:05', '2014-09-09 11:43:05', 'cb53b707-0700-444a-ab94-3c49d30f919b');
INSERT INTO `di_fieldlayouts` (`id`, `type`, `dateCreated`, `dateUpdated`, `uid`) VALUES ('88', 'MatrixBlock', '2014-09-09 11:43:05', '2014-09-09 11:43:05', '857182be-3b19-455a-8996-b63675d19932');
INSERT INTO `di_fieldlayouts` (`id`, `type`, `dateCreated`, `dateUpdated`, `uid`) VALUES ('89', 'MatrixBlock', '2014-09-09 11:43:05', '2014-09-09 11:43:05', 'adba2a60-001a-401c-b8f8-7d95c69c6a36');
INSERT INTO `di_fieldlayouts` (`id`, `type`, `dateCreated`, `dateUpdated`, `uid`) VALUES ('90', 'Entry', '2014-09-09 13:10:23', '2014-09-09 13:10:23', '8e9079a1-6b2f-4590-bff2-8bbc74e077ec');



--
-- Schema for table `di_fieldlayouttabs`
--

DROP TABLE IF EXISTS `di_fieldlayouttabs`;

CREATE TABLE `di_fieldlayouttabs` (
  `id` int(11) NOT NULL AUTO_INCREMENT,
  `layoutId` int(11) NOT NULL,
  `name` varchar(255) COLLATE utf8_unicode_ci NOT NULL,
  `sortOrder` tinyint(4) DEFAULT NULL,
  `dateCreated` datetime NOT NULL,
  `dateUpdated` datetime NOT NULL,
  `uid` char(36) COLLATE utf8_unicode_ci NOT NULL DEFAULT '0',
  PRIMARY KEY (`id`),
  KEY `di_fieldlayouttabs_sortOrder_idx` (`sortOrder`),
  KEY `di_fieldlayouttabs_layoutId_fk` (`layoutId`)
) ENGINE=InnoDB AUTO_INCREMENT=27 DEFAULT CHARSET=utf8 COLLATE=utf8_unicode_ci;

--
-- Data for table `di_fieldlayouttabs`
--

INSERT INTO `di_fieldlayouttabs` (`id`, `layoutId`, `name`, `sortOrder`, `dateCreated`, `dateUpdated`, `uid`) VALUES ('11', '62', 'Content', '1', '2014-09-05 16:48:18', '2014-09-05 16:48:18', 'da7f5b15-ea02-46a5-9337-aee619c089d3');
INSERT INTO `di_fieldlayouttabs` (`id`, `layoutId`, `name`, `sortOrder`, `dateCreated`, `dateUpdated`, `uid`) VALUES ('12', '65', 'Tab 1', '1', '2014-09-08 08:43:11', '2014-09-08 08:43:11', '03c0b592-0b2b-40a5-89bd-76f773855242');
INSERT INTO `di_fieldlayouttabs` (`id`, `layoutId`, `name`, `sortOrder`, `dateCreated`, `dateUpdated`, `uid`) VALUES ('19', '75', 'Summary', '1', '2014-09-08 13:11:15', '2014-09-08 13:11:15', '2f982ccb-100b-4b9c-9ef1-34123901e532');
INSERT INTO `di_fieldlayouttabs` (`id`, `layoutId`, `name`, `sortOrder`, `dateCreated`, `dateUpdated`, `uid`) VALUES ('20', '75', 'Lead Image', '2', '2014-09-08 13:11:15', '2014-09-08 13:11:15', 'de1cba7c-b6f8-4b1f-99df-2d197623d68b');
INSERT INTO `di_fieldlayouttabs` (`id`, `layoutId`, `name`, `sortOrder`, `dateCreated`, `dateUpdated`, `uid`) VALUES ('24', '90', 'Summary', '1', '2014-09-09 13:10:23', '2014-09-09 13:10:23', '17ffd0bd-38fb-4919-8137-8d498f22b13e');
INSERT INTO `di_fieldlayouttabs` (`id`, `layoutId`, `name`, `sortOrder`, `dateCreated`, `dateUpdated`, `uid`) VALUES ('25', '90', 'Body', '2', '2014-09-09 13:10:23', '2014-09-09 13:10:23', '65206dfe-648c-4133-a454-6ea71078801a');
INSERT INTO `di_fieldlayouttabs` (`id`, `layoutId`, `name`, `sortOrder`, `dateCreated`, `dateUpdated`, `uid`) VALUES ('26', '90', 'Categories / Tags', '3', '2014-09-09 13:10:23', '2014-09-09 13:10:23', '0ca05ff8-620a-4325-be22-067ce318dfc8');



--
-- Schema for table `di_fields`
--

DROP TABLE IF EXISTS `di_fields`;

CREATE TABLE `di_fields` (
  `id` int(11) NOT NULL AUTO_INCREMENT,
  `groupId` int(11) DEFAULT NULL,
  `name` varchar(255) COLLATE utf8_unicode_ci NOT NULL,
  `handle` varchar(58) COLLATE utf8_unicode_ci NOT NULL,
  `context` varchar(255) COLLATE utf8_unicode_ci NOT NULL DEFAULT 'global',
  `instructions` text COLLATE utf8_unicode_ci,
  `translatable` tinyint(1) unsigned NOT NULL DEFAULT '0',
  `type` varchar(150) COLLATE utf8_unicode_ci NOT NULL,
  `settings` text COLLATE utf8_unicode_ci,
  `dateCreated` datetime NOT NULL,
  `dateUpdated` datetime NOT NULL,
  `uid` char(36) COLLATE utf8_unicode_ci NOT NULL DEFAULT '0',
  PRIMARY KEY (`id`),
  UNIQUE KEY `di_fields_handle_context_unq_idx` (`handle`,`context`),
  KEY `di_fields_context_idx` (`context`),
  KEY `di_fields_groupId_fk` (`groupId`)
) ENGINE=InnoDB AUTO_INCREMENT=26 DEFAULT CHARSET=utf8 COLLATE=utf8_unicode_ci;

--
-- Data for table `di_fields`
--

INSERT INTO `di_fields` (`id`, `groupId`, `name`, `handle`, `context`, `instructions`, `translatable`, `type`, `settings`, `dateCreated`, `dateUpdated`, `uid`) VALUES ('1', '3', 'Heading', 'heading', 'global', '', '0', 'PlainText', '{\"placeholder\":\"\",\"maxLength\":\"\",\"multiline\":\"\",\"initialRows\":\"4\"}', '2014-09-04 11:28:59', '2014-09-08 13:08:01', '5f6f177a-079d-41ef-bfaf-3e4fdc9d6b93');
INSERT INTO `di_fields` (`id`, `groupId`, `name`, `handle`, `context`, `instructions`, `translatable`, `type`, `settings`, `dateCreated`, `dateUpdated`, `uid`) VALUES ('2', '2', 'Body', 'body', 'global', '', '0', 'Matrix', '{\"maxBlocks\":null}', '2014-09-04 11:28:59', '2014-09-09 11:43:05', '3be9ebcc-8a98-420b-9148-7913c96f512a');
INSERT INTO `di_fields` (`id`, `groupId`, `name`, `handle`, `context`, `instructions`, `translatable`, `type`, `settings`, `dateCreated`, `dateUpdated`, `uid`) VALUES ('3', '1', 'Tags', 'tags', 'global', NULL, '0', 'Tags', '{\"source\":\"taggroup:1\"}', '2014-09-04 11:28:59', '2014-09-04 11:28:59', '69aa2d41-c508-4131-b44b-0bc340a6ecbc');
INSERT INTO `di_fields` (`id`, `groupId`, `name`, `handle`, `context`, `instructions`, `translatable`, `type`, `settings`, `dateCreated`, `dateUpdated`, `uid`) VALUES ('5', NULL, 'Text', 'text', 'matrixBlockType:1', NULL, '0', 'RichText', '{\"configFile\":\"\",\"cleanupHtml\":\"1\",\"purifyHtml\":\"1\"}', '2014-09-04 14:21:28', '2014-09-09 11:43:05', 'b137b9f1-2b2d-410d-9f61-63370c7c03a8');
INSERT INTO `di_fields` (`id`, `groupId`, `name`, `handle`, `context`, `instructions`, `translatable`, `type`, `settings`, `dateCreated`, `dateUpdated`, `uid`) VALUES ('6', NULL, 'Asset', 'asset', 'matrixBlockType:2', NULL, '0', 'Assets', '{\"useSingleFolder\":\"\",\"sources\":\"*\",\"defaultUploadLocationSource\":\"1\",\"defaultUploadLocationSubpath\":\"images\\/content\\/\",\"singleUploadLocationSource\":\"1\",\"singleUploadLocationSubpath\":\"\",\"restrictFiles\":\"\",\"limit\":\"\"}', '2014-09-04 14:21:28', '2014-09-09 11:43:05', '3d0470c8-23c4-4698-8d7e-28cd8bf5825b');
INSERT INTO `di_fields` (`id`, `groupId`, `name`, `handle`, `context`, `instructions`, `translatable`, `type`, `settings`, `dateCreated`, `dateUpdated`, `uid`) VALUES ('7', NULL, 'Asset Placement', 'assetPlacement', 'matrixBlockType:2', NULL, '0', 'Dropdown', '{\"options\":[{\"label\":\"Full Width\",\"value\":\"full\",\"default\":\"\"},{\"label\":\"Inset\",\"value\":\"inset\",\"default\":\"\"},{\"label\":\"Inset Half\",\"value\":\"inset-half\",\"default\":\"\"},{\"label\":\"Margin\",\"value\":\"margin\",\"default\":\"\"}]}', '2014-09-04 14:21:28', '2014-09-09 11:43:05', '197d8ef0-59b0-44cf-897f-6a873b3726d8');
INSERT INTO `di_fields` (`id`, `groupId`, `name`, `handle`, `context`, `instructions`, `translatable`, `type`, `settings`, `dateCreated`, `dateUpdated`, `uid`) VALUES ('8', NULL, 'Asset Caption', 'assetCaption', 'matrixBlockType:2', NULL, '0', 'PlainText', '{\"placeholder\":\"\",\"maxLength\":\"\",\"multiline\":\"\",\"initialRows\":\"4\"}', '2014-09-04 14:21:28', '2014-09-09 11:43:05', 'd113d39d-9cc2-4142-b632-1540afe8f32d');
INSERT INTO `di_fields` (`id`, `groupId`, `name`, `handle`, `context`, `instructions`, `translatable`, `type`, `settings`, `dateCreated`, `dateUpdated`, `uid`) VALUES ('9', NULL, 'Heading', 'heading', 'matrixBlockType:3', NULL, '0', 'PlainText', '{\"placeholder\":\"\",\"maxLength\":\"\",\"multiline\":\"\",\"initialRows\":\"4\"}', '2014-09-04 14:58:34', '2014-09-09 11:43:05', '96579c37-6d57-484e-80a5-8c327d0fe6f4');
INSERT INTO `di_fields` (`id`, `groupId`, `name`, `handle`, `context`, `instructions`, `translatable`, `type`, `settings`, `dateCreated`, `dateUpdated`, `uid`) VALUES ('10', NULL, 'HeadingType', 'headingType', 'matrixBlockType:3', NULL, '0', 'Dropdown', '{\"options\":[{\"label\":\"h2\",\"value\":\"h2\",\"default\":\"1\"},{\"label\":\"h3\",\"value\":\"h3\",\"default\":\"\"},{\"label\":\"h4\",\"value\":\"h4\",\"default\":\"\"}]}', '2014-09-04 14:58:34', '2014-09-09 11:43:05', '5dc13701-8ffc-42a2-8f7b-e82d5ba06f6a');
INSERT INTO `di_fields` (`id`, `groupId`, `name`, `handle`, `context`, `instructions`, `translatable`, `type`, `settings`, `dateCreated`, `dateUpdated`, `uid`) VALUES ('11', NULL, 'Quote', 'quote', 'matrixBlockType:4', NULL, '0', 'RichText', '{\"configFile\":\"Simple.json\",\"cleanupHtml\":\"1\",\"purifyHtml\":\"1\"}', '2014-09-04 14:58:34', '2014-09-09 11:43:05', '6cb3dcee-c8d4-493a-b079-d818bbc913f2');
INSERT INTO `di_fields` (`id`, `groupId`, `name`, `handle`, `context`, `instructions`, `translatable`, `type`, `settings`, `dateCreated`, `dateUpdated`, `uid`) VALUES ('12', NULL, 'Cite', 'cite', 'matrixBlockType:4', NULL, '0', 'PlainText', '{\"placeholder\":\"\",\"maxLength\":\"\",\"multiline\":\"\",\"initialRows\":\"4\"}', '2014-09-04 14:58:34', '2014-09-09 11:43:05', 'f7004da0-8ce0-46ef-a9d6-5cf2accc1b74');
INSERT INTO `di_fields` (`id`, `groupId`, `name`, `handle`, `context`, `instructions`, `translatable`, `type`, `settings`, `dateCreated`, `dateUpdated`, `uid`) VALUES ('13', NULL, 'Cite Link', 'citeLink', 'matrixBlockType:4', NULL, '0', 'PlainText', '{\"placeholder\":\"\",\"maxLength\":\"\",\"multiline\":\"\",\"initialRows\":\"4\"}', '2014-09-04 14:58:34', '2014-09-09 11:43:05', '570caca2-3c09-476c-867e-e13b846843bf');
INSERT INTO `di_fields` (`id`, `groupId`, `name`, `handle`, `context`, `instructions`, `translatable`, `type`, `settings`, `dateCreated`, `dateUpdated`, `uid`) VALUES ('14', '3', 'Brief', 'brief', 'global', '', '0', 'PlainText', '{\"placeholder\":\"\",\"maxLength\":\"\",\"multiline\":\"1\",\"initialRows\":\"4\"}', '2014-09-04 15:42:19', '2014-09-08 13:08:09', '4ad9d0d7-d9c2-4382-b8a9-113252fb34f7');
INSERT INTO `di_fields` (`id`, `groupId`, `name`, `handle`, `context`, `instructions`, `translatable`, `type`, `settings`, `dateCreated`, `dateUpdated`, `uid`) VALUES ('15', '1', 'Categories', 'categories', 'global', '', '0', 'Categories', '{\"source\":\"group:1\",\"limit\":\"\"}', '2014-09-05 08:48:20', '2014-09-05 08:48:20', 'c38dee0f-ad3e-4814-935e-3690abd1db42');
INSERT INTO `di_fields` (`id`, `groupId`, `name`, `handle`, `context`, `instructions`, `translatable`, `type`, `settings`, `dateCreated`, `dateUpdated`, `uid`) VALUES ('16', '4', 'Lead Image', 'leadImage', 'global', '', '0', 'Assets', '{\"useSingleFolder\":\"\",\"sources\":[\"folder:1\"],\"defaultUploadLocationSource\":\"1\",\"defaultUploadLocationSubpath\":\"images\\/content\",\"singleUploadLocationSource\":\"1\",\"singleUploadLocationSubpath\":\"\",\"restrictFiles\":\"\",\"limit\":\"1\"}', '2014-09-05 11:52:04', '2014-09-08 13:08:46', 'f237e599-005b-4cfc-b74f-2a018e56800d');
INSERT INTO `di_fields` (`id`, `groupId`, `name`, `handle`, `context`, `instructions`, `translatable`, `type`, `settings`, `dateCreated`, `dateUpdated`, `uid`) VALUES ('17', '4', 'Lead Image Format', 'leadImageFormat', 'global', '', '0', 'Dropdown', '{\"options\":[{\"label\":\"Poster\",\"value\":\"poster\",\"default\":\"\"},{\"label\":\"Background\",\"value\":\"background\",\"default\":\"\"},{\"label\":\"Photo\",\"value\":\"photo\",\"default\":\"1\"},{\"label\":\"Fill\",\"value\":\"fill\",\"default\":\"\"},{\"label\":\"None\",\"value\":\"none\",\"default\":\"\"}]}', '2014-09-05 13:10:50', '2014-09-08 13:08:56', '19860ca5-53c4-4f5a-b225-7b7d104b9393');
INSERT INTO `di_fields` (`id`, `groupId`, `name`, `handle`, `context`, `instructions`, `translatable`, `type`, `settings`, `dateCreated`, `dateUpdated`, `uid`) VALUES ('18', NULL, 'Asset Placement', 'assetPlacement', 'matrixBlockType:4', NULL, '0', 'Dropdown', '{\"options\":[{\"label\":\"Full\",\"value\":\"full\",\"default\":\"\"},{\"label\":\"Inset\",\"value\":\"inset\",\"default\":\"\"},{\"label\":\"Inset Half\",\"value\":\"inset-half\",\"default\":\"\"},{\"label\":\"Margin\",\"value\":\"margin\",\"default\":\"\"}]}', '2014-09-05 14:32:29', '2014-09-09 11:43:05', '10f36f87-bc46-4746-8adf-f9c656e949f6');
INSERT INTO `di_fields` (`id`, `groupId`, `name`, `handle`, `context`, `instructions`, `translatable`, `type`, `settings`, `dateCreated`, `dateUpdated`, `uid`) VALUES ('19', NULL, 'InfoTitle', 'infoTitle', 'matrixBlockType:5', NULL, '0', 'PlainText', '{\"placeholder\":\"\",\"maxLength\":\"\",\"multiline\":\"\",\"initialRows\":\"4\"}', '2014-09-05 14:32:29', '2014-09-09 11:43:05', '36c454f4-54fc-40d7-a1ce-8663087f67a4');
INSERT INTO `di_fields` (`id`, `groupId`, `name`, `handle`, `context`, `instructions`, `translatable`, `type`, `settings`, `dateCreated`, `dateUpdated`, `uid`) VALUES ('20', NULL, 'Info Brief', 'infoBrief', 'matrixBlockType:5', NULL, '0', 'RichText', '{\"configFile\":\"\",\"cleanupHtml\":\"1\",\"purifyHtml\":\"1\"}', '2014-09-05 14:32:29', '2014-09-09 11:43:05', '9b2ab85e-c278-442f-9909-8ccc7c0f3ee0');
INSERT INTO `di_fields` (`id`, `groupId`, `name`, `handle`, `context`, `instructions`, `translatable`, `type`, `settings`, `dateCreated`, `dateUpdated`, `uid`) VALUES ('21', NULL, 'Info Table', 'infoTable', 'matrixBlockType:5', NULL, '0', 'Table', '{\"columns\":{\"col1\":{\"heading\":\"Label\",\"handle\":\"label\",\"width\":\"\",\"type\":\"singleline\"},\"col2\":{\"heading\":\"Detail 1\",\"handle\":\"detail1\",\"width\":\"\",\"type\":\"multiline\"},\"col3\":{\"heading\":\"Detail 2\",\"handle\":\"detail2\",\"width\":\"\",\"type\":\"multiline\"},\"col4\":{\"heading\":\"Detail 3\",\"handle\":\"detail3\",\"width\":\"\",\"type\":\"multiline\"}},\"defaults\":{\"row1\":{\"col1\":\"\",\"col2\":\"\",\"col3\":\"\",\"col4\":\"\"}}}', '2014-09-05 14:32:29', '2014-09-09 11:43:05', 'dbfb3837-2a00-4928-abb6-11303b5d5eca');
INSERT INTO `di_fields` (`id`, `groupId`, `name`, `handle`, `context`, `instructions`, `translatable`, `type`, `settings`, `dateCreated`, `dateUpdated`, `uid`) VALUES ('22', NULL, 'Asset Placement', 'assetPlacement', 'matrixBlockType:5', NULL, '0', 'Dropdown', '{\"options\":[{\"label\":\"Full\",\"value\":\"full\",\"default\":\"\"},{\"label\":\"Inset\",\"value\":\"inset\",\"default\":\"\"},{\"label\":\"Inset Half\",\"value\":\"inset-half\",\"default\":\"\"},{\"label\":\"Margin\",\"value\":\"margin\",\"default\":\"\"}]}', '2014-09-05 14:32:29', '2014-09-09 11:43:05', '799be267-fed0-40ce-ae91-12a2e9e91f46');
INSERT INTO `di_fields` (`id`, `groupId`, `name`, `handle`, `context`, `instructions`, `translatable`, `type`, `settings`, `dateCreated`, `dateUpdated`, `uid`) VALUES ('23', '3', 'Sub Heading', 'subheading', 'global', 'Introduce an article or subtitle the Heading', '0', 'PlainText', '{\"placeholder\":\"\",\"maxLength\":\"\",\"multiline\":\"1\",\"initialRows\":\"4\"}', '2014-09-05 16:03:42', '2014-09-08 13:09:05', 'b1f60ab7-f3b2-4002-8e85-b9e170347391');
INSERT INTO `di_fields` (`id`, `groupId`, `name`, `handle`, `context`, `instructions`, `translatable`, `type`, `settings`, `dateCreated`, `dateUpdated`, `uid`) VALUES ('24', NULL, 'Embed Media', 'embedMedia', 'matrixBlockType:6', NULL, '0', 'Embedder', NULL, '2014-09-09 11:26:18', '2014-09-09 11:43:05', '5c898222-f10d-4378-b00f-e6961155a60f');
INSERT INTO `di_fields` (`id`, `groupId`, `name`, `handle`, `context`, `instructions`, `translatable`, `type`, `settings`, `dateCreated`, `dateUpdated`, `uid`) VALUES ('25', NULL, 'Asset Placement', 'assetPlacement', 'matrixBlockType:6', NULL, '0', 'Dropdown', '{\"options\":[{\"label\":\"Full\",\"value\":\"full\",\"default\":\"1\"},{\"label\":\"Inset\",\"value\":\"inset\",\"default\":\"\"},{\"label\":\"Inset Half\",\"value\":\"inset-half\",\"default\":\"\"},{\"label\":\"Margin\",\"value\":\"margin\",\"default\":\"\"}]}', '2014-09-09 11:43:05', '2014-09-09 11:43:05', '8df9155d-df84-47b8-8940-423e80cf6c40');



--
-- Schema for table `di_globalsets`
--

DROP TABLE IF EXISTS `di_globalsets`;

CREATE TABLE `di_globalsets` (
  `id` int(11) NOT NULL,
  `name` varchar(255) COLLATE utf8_unicode_ci NOT NULL,
  `handle` varchar(255) COLLATE utf8_unicode_ci NOT NULL,
  `fieldLayoutId` int(10) DEFAULT NULL,
  `dateCreated` datetime NOT NULL,
  `dateUpdated` datetime NOT NULL,
  `uid` char(36) COLLATE utf8_unicode_ci NOT NULL DEFAULT '0',
  PRIMARY KEY (`id`),
  UNIQUE KEY `di_globalsets_name_unq_idx` (`name`),
  UNIQUE KEY `di_globalsets_handle_unq_idx` (`handle`),
  KEY `di_globalsets_fieldLayoutId_fk` (`fieldLayoutId`)
) ENGINE=InnoDB DEFAULT CHARSET=utf8 COLLATE=utf8_unicode_ci;

--
-- Schema for table `di_info`
--

DROP TABLE IF EXISTS `di_info`;

CREATE TABLE `di_info` (
  `id` int(11) NOT NULL AUTO_INCREMENT,
  `version` varchar(15) COLLATE utf8_unicode_ci NOT NULL,
  `build` int(11) unsigned NOT NULL,
  `schemaVersion` varchar(15) COLLATE utf8_unicode_ci NOT NULL,
  `releaseDate` datetime NOT NULL,
  `edition` tinyint(1) unsigned NOT NULL DEFAULT '0',
  `siteName` varchar(100) COLLATE utf8_unicode_ci NOT NULL,
  `siteUrl` varchar(255) COLLATE utf8_unicode_ci NOT NULL,
  `timezone` varchar(30) COLLATE utf8_unicode_ci DEFAULT NULL,
  `on` tinyint(1) unsigned NOT NULL DEFAULT '0',
  `maintenance` tinyint(1) unsigned NOT NULL DEFAULT '0',
  `track` varchar(40) COLLATE utf8_unicode_ci NOT NULL,
  `dateCreated` datetime NOT NULL,
  `dateUpdated` datetime NOT NULL,
  `uid` char(36) COLLATE utf8_unicode_ci NOT NULL DEFAULT '0',
  PRIMARY KEY (`id`)
) ENGINE=InnoDB AUTO_INCREMENT=2 DEFAULT CHARSET=utf8 COLLATE=utf8_unicode_ci;

--
-- Data for table `di_info`
--

INSERT INTO `di_info` (`id`, `version`, `build`, `schemaVersion`, `releaseDate`, `edition`, `siteName`, `siteUrl`, `timezone`, `on`, `maintenance`, `track`, `dateCreated`, `dateUpdated`, `uid`) VALUES ('1', '2.2', '2581', '2.2.0', '2014-09-04 21:04:11', '0', 'Drop Inn', 'http://dropinn', 'UTC', '1', '1', 'stable', '2014-09-04 11:28:57', '2014-09-09 13:11:51', '0b47734b-d5b5-4674-a015-56e8ab82458b');



--
-- Schema for table `di_locales`
--

DROP TABLE IF EXISTS `di_locales`;

CREATE TABLE `di_locales` (
  `locale` char(12) COLLATE utf8_unicode_ci NOT NULL,
  `sortOrder` tinyint(4) DEFAULT NULL,
  `dateCreated` datetime NOT NULL,
  `dateUpdated` datetime NOT NULL,
  `uid` char(36) COLLATE utf8_unicode_ci NOT NULL DEFAULT '0',
  PRIMARY KEY (`locale`),
  KEY `di_locales_sortOrder_idx` (`sortOrder`)
) ENGINE=InnoDB DEFAULT CHARSET=utf8 COLLATE=utf8_unicode_ci;

--
-- Data for table `di_locales`
--

INSERT INTO `di_locales` (`locale`, `sortOrder`, `dateCreated`, `dateUpdated`, `uid`) VALUES ('en_gb', '1', '2014-09-04 11:28:58', '2014-09-04 11:28:58', '8b240656-175f-4c15-bda4-8b3bc8b87525');



--
-- Schema for table `di_matrixblocks`
--

DROP TABLE IF EXISTS `di_matrixblocks`;

CREATE TABLE `di_matrixblocks` (
  `id` int(11) NOT NULL,
  `ownerId` int(11) NOT NULL,
  `fieldId` int(11) NOT NULL,
  `typeId` int(11) DEFAULT NULL,
  `sortOrder` tinyint(4) DEFAULT NULL,
  `ownerLocale` char(12) COLLATE utf8_unicode_ci DEFAULT NULL,
  `dateCreated` datetime NOT NULL,
  `dateUpdated` datetime NOT NULL,
  `uid` char(36) COLLATE utf8_unicode_ci NOT NULL DEFAULT '0',
  PRIMARY KEY (`id`),
  KEY `di_matrixblocks_ownerId_idx` (`ownerId`),
  KEY `di_matrixblocks_fieldId_idx` (`fieldId`),
  KEY `di_matrixblocks_typeId_idx` (`typeId`),
  KEY `di_matrixblocks_sortOrder_idx` (`sortOrder`),
  KEY `di_matrixblocks_ownerLocale_fk` (`ownerLocale`)
) ENGINE=InnoDB DEFAULT CHARSET=utf8 COLLATE=utf8_unicode_ci;

--
-- Data for table `di_matrixblocks`
--

INSERT INTO `di_matrixblocks` (`id`, `ownerId`, `fieldId`, `typeId`, `sortOrder`, `ownerLocale`, `dateCreated`, `dateUpdated`, `uid`) VALUES ('9', '4', '2', '1', '2', NULL, '2014-09-04 14:22:23', '2014-09-09 13:07:34', '9ec20fac-b23a-414e-8cc8-80be1068a9fe');
INSERT INTO `di_matrixblocks` (`id`, `ownerId`, `fieldId`, `typeId`, `sortOrder`, `ownerLocale`, `dateCreated`, `dateUpdated`, `uid`) VALUES ('11', '4', '2', '2', '1', NULL, '2014-09-04 14:29:49', '2014-09-09 13:07:34', 'd3ac6eeb-9baf-4396-8124-1db79aacc467');
INSERT INTO `di_matrixblocks` (`id`, `ownerId`, `fieldId`, `typeId`, `sortOrder`, `ownerLocale`, `dateCreated`, `dateUpdated`, `uid`) VALUES ('13', '4', '2', '4', '5', NULL, '2014-09-04 14:59:40', '2014-09-09 13:07:34', 'ce9daf82-436b-4948-9a58-8531d375185d');
INSERT INTO `di_matrixblocks` (`id`, `ownerId`, `fieldId`, `typeId`, `sortOrder`, `ownerLocale`, `dateCreated`, `dateUpdated`, `uid`) VALUES ('14', '4', '2', '1', '4', NULL, '2014-09-05 14:14:23', '2014-09-09 13:07:34', '96261821-d704-4fe8-9175-57528178f2c1');
INSERT INTO `di_matrixblocks` (`id`, `ownerId`, `fieldId`, `typeId`, `sortOrder`, `ownerLocale`, `dateCreated`, `dateUpdated`, `uid`) VALUES ('15', '4', '2', '5', '3', NULL, '2014-09-05 14:47:07', '2014-09-09 13:07:34', '6bb87f11-a733-4bd3-98fc-e92a3b93fa8b');
INSERT INTO `di_matrixblocks` (`id`, `ownerId`, `fieldId`, `typeId`, `sortOrder`, `ownerLocale`, `dateCreated`, `dateUpdated`, `uid`) VALUES ('16', '4', '2', '1', '7', NULL, '2014-09-05 15:32:07', '2014-09-09 13:07:34', '1c339a04-9d5c-4a99-98bc-de2edced0f6a');
INSERT INTO `di_matrixblocks` (`id`, `ownerId`, `fieldId`, `typeId`, `sortOrder`, `ownerLocale`, `dateCreated`, `dateUpdated`, `uid`) VALUES ('23', '4', '2', '6', '6', NULL, '2014-09-09 11:26:48', '2014-09-09 13:07:34', 'cf150b5a-b6da-47aa-885b-ce7e5a0e84df');



--
-- Schema for table `di_matrixblocktypes`
--

DROP TABLE IF EXISTS `di_matrixblocktypes`;

CREATE TABLE `di_matrixblocktypes` (
  `id` int(11) NOT NULL AUTO_INCREMENT,
  `fieldId` int(11) NOT NULL,
  `fieldLayoutId` int(11) DEFAULT NULL,
  `name` varchar(255) COLLATE utf8_unicode_ci NOT NULL,
  `handle` varchar(255) COLLATE utf8_unicode_ci NOT NULL,
  `sortOrder` tinyint(4) DEFAULT NULL,
  `dateCreated` datetime NOT NULL,
  `dateUpdated` datetime NOT NULL,
  `uid` char(36) COLLATE utf8_unicode_ci NOT NULL DEFAULT '0',
  PRIMARY KEY (`id`),
  UNIQUE KEY `di_matrixblocktypes_name_fieldId_unq_idx` (`name`,`fieldId`),
  UNIQUE KEY `di_matrixblocktypes_handle_fieldId_unq_idx` (`handle`,`fieldId`),
  KEY `di_matrixblocktypes_fieldId_fk` (`fieldId`),
  KEY `di_matrixblocktypes_fieldLayoutId_fk` (`fieldLayoutId`)
) ENGINE=InnoDB AUTO_INCREMENT=7 DEFAULT CHARSET=utf8 COLLATE=utf8_unicode_ci;

--
-- Data for table `di_matrixblocktypes`
--

INSERT INTO `di_matrixblocktypes` (`id`, `fieldId`, `fieldLayoutId`, `name`, `handle`, `sortOrder`, `dateCreated`, `dateUpdated`, `uid`) VALUES ('1', '2', '84', 'Text', 'text', '1', '2014-09-04 14:21:28', '2014-09-09 11:43:05', '813b7beb-2417-4594-96d6-9eef06f0e750');
INSERT INTO `di_matrixblocktypes` (`id`, `fieldId`, `fieldLayoutId`, `name`, `handle`, `sortOrder`, `dateCreated`, `dateUpdated`, `uid`) VALUES ('2', '2', '85', 'Asset', 'asset', '2', '2014-09-04 14:21:28', '2014-09-09 11:43:05', 'bfe0879b-e640-4285-9e0f-e5c906cb0859');
INSERT INTO `di_matrixblocktypes` (`id`, `fieldId`, `fieldLayoutId`, `name`, `handle`, `sortOrder`, `dateCreated`, `dateUpdated`, `uid`) VALUES ('3', '2', '86', 'Heading', 'heading', '3', '2014-09-04 14:58:34', '2014-09-09 11:43:05', 'ab0997a8-0ca8-484c-b25d-bc16d6ffae10');
INSERT INTO `di_matrixblocktypes` (`id`, `fieldId`, `fieldLayoutId`, `name`, `handle`, `sortOrder`, `dateCreated`, `dateUpdated`, `uid`) VALUES ('4', '2', '87', 'Quote', 'quote', '4', '2014-09-04 14:58:34', '2014-09-09 11:43:05', '6c271878-c053-4a16-bc8d-07f13c02a1ad');
INSERT INTO `di_matrixblocktypes` (`id`, `fieldId`, `fieldLayoutId`, `name`, `handle`, `sortOrder`, `dateCreated`, `dateUpdated`, `uid`) VALUES ('5', '2', '88', 'Info Box', 'ibox', '5', '2014-09-05 14:32:29', '2014-09-09 11:43:05', '3abe5c19-1aee-44b9-bd49-fb5427b16321');
INSERT INTO `di_matrixblocktypes` (`id`, `fieldId`, `fieldLayoutId`, `name`, `handle`, `sortOrder`, `dateCreated`, `dateUpdated`, `uid`) VALUES ('6', '2', '89', 'Embed', 'embed', '6', '2014-09-09 11:26:18', '2014-09-09 11:43:05', 'd9684a11-2ec0-4dee-80d7-0534c8630509');



--
-- Schema for table `di_matrixcontent_body`
--

DROP TABLE IF EXISTS `di_matrixcontent_body`;

CREATE TABLE `di_matrixcontent_body` (
  `id` int(11) NOT NULL AUTO_INCREMENT,
  `elementId` int(11) NOT NULL,
  `locale` char(12) COLLATE utf8_unicode_ci NOT NULL,
  `field_text_text` text COLLATE utf8_unicode_ci,
  `field_asset_assetPlacement` varchar(255) COLLATE utf8_unicode_ci DEFAULT NULL,
  `field_asset_assetCaption` text COLLATE utf8_unicode_ci,
  `field_heading_heading` text COLLATE utf8_unicode_ci,
  `field_heading_headingType` varchar(255) COLLATE utf8_unicode_ci DEFAULT NULL,
  `field_quote_quote` text COLLATE utf8_unicode_ci,
  `field_quote_cite` text COLLATE utf8_unicode_ci,
  `field_quote_citeLink` text COLLATE utf8_unicode_ci,
  `field_quote_assetPlacement` varchar(255) COLLATE utf8_unicode_ci DEFAULT NULL,
  `field_ibox_infoTitle` text COLLATE utf8_unicode_ci,
  `field_ibox_infoBrief` text COLLATE utf8_unicode_ci,
  `field_ibox_infoTable` text COLLATE utf8_unicode_ci,
  `field_ibox_assetPlacement` varchar(255) COLLATE utf8_unicode_ci DEFAULT NULL,
  `field_embed_embedMedia` varchar(255) COLLATE utf8_unicode_ci DEFAULT NULL,
  `field_embed_assetPlacement` varchar(255) COLLATE utf8_unicode_ci DEFAULT NULL,
  `dateCreated` datetime NOT NULL,
  `dateUpdated` datetime NOT NULL,
  `uid` char(36) COLLATE utf8_unicode_ci NOT NULL DEFAULT '0',
  PRIMARY KEY (`id`),
  UNIQUE KEY `di_matrixcontent_body_elementId_locale_unq_idx` (`elementId`,`locale`),
  KEY `di_matrixcontent_body_locale_fk` (`locale`)
) ENGINE=InnoDB AUTO_INCREMENT=11 DEFAULT CHARSET=utf8 COLLATE=utf8_unicode_ci;

--
-- Data for table `di_matrixcontent_body`
--

INSERT INTO `di_matrixcontent_body` (`id`, `elementId`, `locale`, `field_text_text`, `field_asset_assetPlacement`, `field_asset_assetCaption`, `field_heading_heading`, `field_heading_headingType`, `field_quote_quote`, `field_quote_cite`, `field_quote_citeLink`, `field_quote_assetPlacement`, `field_ibox_infoTitle`, `field_ibox_infoBrief`, `field_ibox_infoTable`, `field_ibox_assetPlacement`, `field_embed_embedMedia`, `field_embed_assetPlacement`, `dateCreated`, `dateUpdated`, `uid`) VALUES ('1', '9', 'en_gb', '<p>Lorem ipsum dolor sit amet, consectetur adipiscing elit. Suspendisse nec finibus velit. Phasellus diam odio, venenatis et ultrices id, condimentum vitae leo. Maecenas rhoncus eu lacus ut venenatis. Lorem ipsum dolor sit amet, consectetur adipiscing elit. Mauris ut ligula bibendum, pretium ligula a, pulvinar est. Suspendisse convallis, sapien in fermentum maximus, nunc risus consequat mauris, eget pharetra odio justo eu nibh. Integer maximus molestie arcu ut porta. Nulla non urna sed turpis imperdiet dapibus sed vel dui. Donec fermentum placerat risus, ut elementum ante venenatis sit amet. Suspendisse sit amet felis augue.</p><p>ras eu sem sit amet lacus tristique aliquet. Nam commodo pulvinar risus sed fermentum. Etiam consectetur, ex ut aliquet semper, nisl elit tempor leo, sit amet feugiat eros leo ac mauris. Phasellus maximus semper ante, ac tristique odio. Quisque at porta est, id fringilla neque. Vestibulum eleifend ipsum vel iaculis tristique. Duis venenatis metus id gravida semper. Sed auctor blandit mauris. Phasellus sollicitudin fringilla est vitae gravida. Suspendisse potenti.</p><h2><a href=\"http://vimeo.com/85111964\">The Doctrines of Grace</a> from <a href=\"http://vimeo.com/desiringgod\">Desiring God</a> on <a href=\"https://vimeo.com\">Vimeo</a>.</h2><p>Quisque tempus sapien eget ipsum viverra sodales. Suspendisse sollicitudin orci neque, ac facilisis felis laoreet vitae. Donec at posuere sapien, in vulputate nulla. Praesent neque diam, sodales non convallis at, ultrices at ex. Ut sagittis enim sit amet ex mattis, non sodales orci pharetra. Interdum et malesuada fames ac ante ipsum primis in faucibus. Maecenas posuere urna at lacus vehicula cursus. Morbi lacinia, dolor nec lobortis auctor, lectus magna sodales elit, sed rhoncus elit justo quis elit. Cras at tortor elit. Morbi faucibus est leo, ullamcorper semper augue lacinia non. Curabitur eu tincidunt libero.</p>', NULL, NULL, NULL, NULL, NULL, NULL, NULL, NULL, NULL, NULL, NULL, NULL, NULL, NULL, '2014-09-04 14:22:23', '2014-09-09 13:07:34', 'f6b1a22a-274d-4c3c-a4a3-a576fd0e01fc');
INSERT INTO `di_matrixcontent_body` (`id`, `elementId`, `locale`, `field_text_text`, `field_asset_assetPlacement`, `field_asset_assetCaption`, `field_heading_heading`, `field_heading_headingType`, `field_quote_quote`, `field_quote_cite`, `field_quote_citeLink`, `field_quote_assetPlacement`, `field_ibox_infoTitle`, `field_ibox_infoBrief`, `field_ibox_infoTable`, `field_ibox_assetPlacement`, `field_embed_embedMedia`, `field_embed_assetPlacement`, `dateCreated`, `dateUpdated`, `uid`) VALUES ('3', '11', 'en_gb', NULL, 'inset-half', 'Phasellus diam odio, venenatis et ultrices id, condimentum vitae leo.', NULL, NULL, NULL, NULL, NULL, NULL, NULL, NULL, NULL, NULL, NULL, NULL, '2014-09-04 14:29:49', '2014-09-09 13:07:34', '9f863344-6580-4689-8b0f-2a96250f9138');
INSERT INTO `di_matrixcontent_body` (`id`, `elementId`, `locale`, `field_text_text`, `field_asset_assetPlacement`, `field_asset_assetCaption`, `field_heading_heading`, `field_heading_headingType`, `field_quote_quote`, `field_quote_cite`, `field_quote_citeLink`, `field_quote_assetPlacement`, `field_ibox_infoTitle`, `field_ibox_infoBrief`, `field_ibox_infoTable`, `field_ibox_assetPlacement`, `field_embed_embedMedia`, `field_embed_assetPlacement`, `dateCreated`, `dateUpdated`, `uid`) VALUES ('5', '13', 'en_gb', NULL, NULL, NULL, NULL, NULL, '<p>Quisque tempus sapien eget ipsum viverra sodales. Suspendisse sollicitudin orci neque, ac facilisis felis laoreet vitae. Donec at posuere sapien, in vulputate nulla.</p>', 'Bob Smith', 'http://bbc.co.uk/', 'full', NULL, NULL, NULL, NULL, NULL, NULL, '2014-09-04 14:59:40', '2014-09-09 13:07:34', '4f79a134-5dd3-4c94-85b2-3ea00a7214be');
INSERT INTO `di_matrixcontent_body` (`id`, `elementId`, `locale`, `field_text_text`, `field_asset_assetPlacement`, `field_asset_assetCaption`, `field_heading_heading`, `field_heading_headingType`, `field_quote_quote`, `field_quote_cite`, `field_quote_citeLink`, `field_quote_assetPlacement`, `field_ibox_infoTitle`, `field_ibox_infoBrief`, `field_ibox_infoTable`, `field_ibox_assetPlacement`, `field_embed_embedMedia`, `field_embed_assetPlacement`, `dateCreated`, `dateUpdated`, `uid`) VALUES ('6', '14', 'en_gb', '<h2>A kitten</h2><p>Cras eu sem sit amet lacus tristique aliquet. Nam commodo pulvinar risus sed fermentum. Etiam consectetur, ex ut aliquet semper, nisl elit tempor leo, sit amet feugiat eros leo ac mauris. Phasellus maximus semper ante, ac tristique odio. Quisque at porta est, id fringilla neque. Vestibulum eleifend ipsum vel iaculis tristique. Duis venenatis metus id gravida semper. Sed auctor blandit mauris. Phasellus sollicitudin fringilla est vitae gravida. Suspendisse potentis</p>', NULL, NULL, NULL, NULL, NULL, NULL, NULL, NULL, NULL, NULL, NULL, NULL, NULL, NULL, '2014-09-05 14:14:23', '2014-09-09 13:07:34', '1a7c6b60-2075-4871-bf59-0c61b4ee3467');
INSERT INTO `di_matrixcontent_body` (`id`, `elementId`, `locale`, `field_text_text`, `field_asset_assetPlacement`, `field_asset_assetCaption`, `field_heading_heading`, `field_heading_headingType`, `field_quote_quote`, `field_quote_cite`, `field_quote_citeLink`, `field_quote_assetPlacement`, `field_ibox_infoTitle`, `field_ibox_infoBrief`, `field_ibox_infoTable`, `field_ibox_assetPlacement`, `field_embed_embedMedia`, `field_embed_assetPlacement`, `dateCreated`, `dateUpdated`, `uid`) VALUES ('7', '15', 'en_gb', NULL, NULL, NULL, NULL, NULL, NULL, NULL, NULL, NULL, 'Rota', '', '[{\"col1\":\"Sunday School\",\"col2\":\"Pauline Quilty\",\"col3\":\"Judith Dawson\",\"col4\":\"\"},{\"col1\":\"Tea \\/ Coffee\",\"col2\":\"Sharon Aherne\",\"col3\":\"\",\"col4\":\"\"}]', 'inset-half', NULL, NULL, '2014-09-05 14:47:07', '2014-09-09 13:07:34', '929a0519-7cb0-4650-ba7c-adbab4be5672');
INSERT INTO `di_matrixcontent_body` (`id`, `elementId`, `locale`, `field_text_text`, `field_asset_assetPlacement`, `field_asset_assetCaption`, `field_heading_heading`, `field_heading_headingType`, `field_quote_quote`, `field_quote_cite`, `field_quote_citeLink`, `field_quote_assetPlacement`, `field_ibox_infoTitle`, `field_ibox_infoBrief`, `field_ibox_infoTable`, `field_ibox_assetPlacement`, `field_embed_embedMedia`, `field_embed_assetPlacement`, `dateCreated`, `dateUpdated`, `uid`) VALUES ('8', '16', 'en_gb', '<p>Quisque tempus sapien eget ipsum viverra sodales. Suspendisse sollicitudin orci neque, ac facilisis felis laoreet vitae. Donec at posuere sapien, in vulputate nulla. Praesent neque diam, sodales non convallis at, ultrices at ex. Ut sagittis enim sit amet ex mattis, non sodales orci pharetra. Interdum et malesuada fames ac ante ipsum primis in faucibus. Maecenas posuere urna at lacus vehicula cursus. Morbi lacinia, dolor nec lobortis auctor, lectus magna sodales elit, sed rhoncus elit justo quis elit. Cras at tortor elit. Morbi faucibus est leo, ullamcorper semper augue lacinia non. Curabitur eu tincidunt libero.</p>', NULL, NULL, NULL, NULL, NULL, NULL, NULL, NULL, NULL, NULL, NULL, NULL, NULL, NULL, '2014-09-05 15:32:07', '2014-09-09 13:07:34', 'd8919e72-73f2-4686-9179-73f0e2b6abbb');
INSERT INTO `di_matrixcontent_body` (`id`, `elementId`, `locale`, `field_text_text`, `field_asset_assetPlacement`, `field_asset_assetCaption`, `field_heading_heading`, `field_heading_headingType`, `field_quote_quote`, `field_quote_cite`, `field_quote_citeLink`, `field_quote_assetPlacement`, `field_ibox_infoTitle`, `field_ibox_infoBrief`, `field_ibox_infoTable`, `field_ibox_assetPlacement`, `field_embed_embedMedia`, `field_embed_assetPlacement`, `dateCreated`, `dateUpdated`, `uid`) VALUES ('10', '23', 'en_gb', NULL, NULL, NULL, NULL, NULL, NULL, NULL, NULL, NULL, NULL, NULL, NULL, NULL, 'http://vimeo.com/85111964', 'inset-half', '2014-09-09 11:26:48', '2014-09-09 13:07:34', '6dabcfa5-0a89-4224-8c13-5c5b1c23f48f');



--
-- Schema for table `di_migrations`
--

DROP TABLE IF EXISTS `di_migrations`;

CREATE TABLE `di_migrations` (
  `id` int(11) NOT NULL AUTO_INCREMENT,
  `pluginId` int(11) DEFAULT NULL,
  `version` varchar(255) COLLATE utf8_unicode_ci NOT NULL,
  `applyTime` datetime NOT NULL,
  `dateCreated` datetime NOT NULL,
  `dateUpdated` datetime NOT NULL,
  `uid` char(36) COLLATE utf8_unicode_ci NOT NULL DEFAULT '0',
  PRIMARY KEY (`id`),
  UNIQUE KEY `di_migrations_version_unq_idx` (`version`),
  KEY `di_migrations_pluginId_fk` (`pluginId`)
) ENGINE=InnoDB AUTO_INCREMENT=51 DEFAULT CHARSET=utf8 COLLATE=utf8_unicode_ci;

--
-- Data for table `di_migrations`
--

INSERT INTO `di_migrations` (`id`, `pluginId`, `version`, `applyTime`, `dateCreated`, `dateUpdated`, `uid`) VALUES ('1', NULL, 'm000000_000000_base', '2014-09-04 11:28:58', '2014-09-04 11:28:58', '2014-09-04 11:28:58', 'e53ed005-a470-42ce-ae5f-398d9caf8f4a');
INSERT INTO `di_migrations` (`id`, `pluginId`, `version`, `applyTime`, `dateCreated`, `dateUpdated`, `uid`) VALUES ('2', NULL, 'm131203_000000_allow_orphan_assets', '2014-09-04 11:28:58', '2014-09-04 11:28:58', '2014-09-04 11:28:58', 'e86c9cf8-8ba6-46d9-a066-9fa1f58d3fe6');
INSERT INTO `di_migrations` (`id`, `pluginId`, `version`, `applyTime`, `dateCreated`, `dateUpdated`, `uid`) VALUES ('3', NULL, 'm131212_000001_add_missing_fk_to_emailmessages', '2014-09-04 11:28:58', '2014-09-04 11:28:58', '2014-09-04 11:28:58', '0f5c94be-4518-49c5-8037-7397115ebbfe');
INSERT INTO `di_migrations` (`id`, `pluginId`, `version`, `applyTime`, `dateCreated`, `dateUpdated`, `uid`) VALUES ('4', NULL, 'm140123_000000_update_widget_sort_orders', '2014-09-04 11:28:58', '2014-09-04 11:28:58', '2014-09-04 11:28:58', '750306bf-ea43-420a-a7fe-d76233b1f4ec');
INSERT INTO `di_migrations` (`id`, `pluginId`, `version`, `applyTime`, `dateCreated`, `dateUpdated`, `uid`) VALUES ('5', NULL, 'm140212_000000_clean_up_structures', '2014-09-04 11:28:58', '2014-09-04 11:28:58', '2014-09-04 11:28:58', '49f0e4bb-317a-4611-8bf7-f08bfed38cd5');
INSERT INTO `di_migrations` (`id`, `pluginId`, `version`, `applyTime`, `dateCreated`, `dateUpdated`, `uid`) VALUES ('6', NULL, 'm140217_000000_add_missing_indexes', '2014-09-04 11:28:58', '2014-09-04 11:28:58', '2014-09-04 11:28:58', '66e00296-7bc5-419b-857b-a3f03239c37f');
INSERT INTO `di_migrations` (`id`, `pluginId`, `version`, `applyTime`, `dateCreated`, `dateUpdated`, `uid`) VALUES ('7', NULL, 'm140223_000000_add_missing_element_rows', '2014-09-04 11:28:58', '2014-09-04 11:28:58', '2014-09-04 11:28:58', 'b8cebaa5-3b8c-4d63-b28e-1a04bbebb7e5');
INSERT INTO `di_migrations` (`id`, `pluginId`, `version`, `applyTime`, `dateCreated`, `dateUpdated`, `uid`) VALUES ('8', NULL, 'm140325_000000_fix_matrix_settings', '2014-09-04 11:28:58', '2014-09-04 11:28:58', '2014-09-04 11:28:58', 'be0130f6-6037-4b6f-be02-842db510bccc');
INSERT INTO `di_migrations` (`id`, `pluginId`, `version`, `applyTime`, `dateCreated`, `dateUpdated`, `uid`) VALUES ('9', NULL, 'm140401_000000_assignUserPermissions_permission', '2014-09-04 11:28:58', '2014-09-04 11:28:58', '2014-09-04 11:28:58', 'a66e7495-997c-49dd-b69d-f975ecbd58ec');
INSERT INTO `di_migrations` (`id`, `pluginId`, `version`, `applyTime`, `dateCreated`, `dateUpdated`, `uid`) VALUES ('10', NULL, 'm140401_000000_delete_the_deleted_files', '2014-09-04 11:28:58', '2014-09-04 11:28:58', '2014-09-04 11:28:58', '633a0be4-e3fc-4f7e-b23e-b47e70868e45');
INSERT INTO `di_migrations` (`id`, `pluginId`, `version`, `applyTime`, `dateCreated`, `dateUpdated`, `uid`) VALUES ('11', NULL, 'm140401_000001_structures', '2014-09-04 11:28:58', '2014-09-04 11:28:58', '2014-09-04 11:28:58', 'b96982b1-bb70-4992-bd95-a3387d564f28');
INSERT INTO `di_migrations` (`id`, `pluginId`, `version`, `applyTime`, `dateCreated`, `dateUpdated`, `uid`) VALUES ('12', NULL, 'm140401_000002_elements_i18n_tweaks', '2014-09-04 11:28:58', '2014-09-04 11:28:58', '2014-09-04 11:28:58', '906affec-dc5e-4c0e-85ae-450c21c91d83');
INSERT INTO `di_migrations` (`id`, `pluginId`, `version`, `applyTime`, `dateCreated`, `dateUpdated`, `uid`) VALUES ('13', NULL, 'm140401_000003_tag_groups', '2014-09-04 11:28:58', '2014-09-04 11:28:58', '2014-09-04 11:28:58', '2ee48a23-6343-4224-990f-b4d3504b6a27');
INSERT INTO `di_migrations` (`id`, `pluginId`, `version`, `applyTime`, `dateCreated`, `dateUpdated`, `uid`) VALUES ('14', NULL, 'm140401_000004_add_unverifiedemail_column_to_users', '2014-09-04 11:28:58', '2014-09-04 11:28:58', '2014-09-04 11:28:58', 'e1c7088d-747a-4acf-b2cd-007ca3ddae49');
INSERT INTO `di_migrations` (`id`, `pluginId`, `version`, `applyTime`, `dateCreated`, `dateUpdated`, `uid`) VALUES ('15', NULL, 'm140401_000005_translatable_matrix_fields', '2014-09-04 11:28:58', '2014-09-04 11:28:58', '2014-09-04 11:28:58', 'bc80c1f5-a8c6-4c69-8c4b-983dfe2d26c7');
INSERT INTO `di_migrations` (`id`, `pluginId`, `version`, `applyTime`, `dateCreated`, `dateUpdated`, `uid`) VALUES ('16', NULL, 'm140401_000006_translatable_relation_fields', '2014-09-04 11:28:58', '2014-09-04 11:28:58', '2014-09-04 11:28:58', '1e5fc74c-2a5b-4996-a80b-19db1ba2e6f5');
INSERT INTO `di_migrations` (`id`, `pluginId`, `version`, `applyTime`, `dateCreated`, `dateUpdated`, `uid`) VALUES ('17', NULL, 'm140401_000007_add_enabledbydefault_column_to_sections_i18n', '2014-09-04 11:28:58', '2014-09-04 11:28:58', '2014-09-04 11:28:58', '9813c3db-256a-48e5-af6e-fc71f87debbd');
INSERT INTO `di_migrations` (`id`, `pluginId`, `version`, `applyTime`, `dateCreated`, `dateUpdated`, `uid`) VALUES ('18', NULL, 'm140401_000008_fullpath_to_path', '2014-09-04 11:28:58', '2014-09-04 11:28:58', '2014-09-04 11:28:58', '0fd42d16-0f6d-483f-a264-7bdf84529015');
INSERT INTO `di_migrations` (`id`, `pluginId`, `version`, `applyTime`, `dateCreated`, `dateUpdated`, `uid`) VALUES ('19', NULL, 'm140401_000009_asset_field_layouts', '2014-09-04 11:28:58', '2014-09-04 11:28:58', '2014-09-04 11:28:58', 'cef9a3ba-833d-4921-83f9-1f9ccf1edcf4');
INSERT INTO `di_migrations` (`id`, `pluginId`, `version`, `applyTime`, `dateCreated`, `dateUpdated`, `uid`) VALUES ('20', NULL, 'm140401_000010_no_section_default_author', '2014-09-04 11:28:58', '2014-09-04 11:28:58', '2014-09-04 11:28:58', 'fde07570-ebba-41e0-9cc7-99a9b46163d1');
INSERT INTO `di_migrations` (`id`, `pluginId`, `version`, `applyTime`, `dateCreated`, `dateUpdated`, `uid`) VALUES ('21', NULL, 'm140401_000011_categories', '2014-09-04 11:28:58', '2014-09-04 11:28:58', '2014-09-04 11:28:58', 'c19aa9cb-b170-4bf7-b552-218fad55be52');
INSERT INTO `di_migrations` (`id`, `pluginId`, `version`, `applyTime`, `dateCreated`, `dateUpdated`, `uid`) VALUES ('22', NULL, 'm140401_000012_templatecaches', '2014-09-04 11:28:58', '2014-09-04 11:28:58', '2014-09-04 11:28:58', 'e074573a-aa79-49e8-8cf5-67ebd2a1d8d3');
INSERT INTO `di_migrations` (`id`, `pluginId`, `version`, `applyTime`, `dateCreated`, `dateUpdated`, `uid`) VALUES ('23', NULL, 'm140401_000013_allow_temp_source_transforms', '2014-09-04 11:28:58', '2014-09-04 11:28:58', '2014-09-04 11:28:58', '8cb68f82-b548-46ac-b335-895331c362a3');
INSERT INTO `di_migrations` (`id`, `pluginId`, `version`, `applyTime`, `dateCreated`, `dateUpdated`, `uid`) VALUES ('24', NULL, 'm140401_000014_entry_title_formats', '2014-09-04 11:28:58', '2014-09-04 11:28:58', '2014-09-04 11:28:58', 'ad56cbb6-18c5-4567-844f-0a23a26b0125');
INSERT INTO `di_migrations` (`id`, `pluginId`, `version`, `applyTime`, `dateCreated`, `dateUpdated`, `uid`) VALUES ('25', NULL, 'm140401_000015_tasks', '2014-09-04 11:28:58', '2014-09-04 11:28:58', '2014-09-04 11:28:58', '31fcdf8a-e032-41cc-8195-970be478715d');
INSERT INTO `di_migrations` (`id`, `pluginId`, `version`, `applyTime`, `dateCreated`, `dateUpdated`, `uid`) VALUES ('26', NULL, 'm140401_000016_varchar_classes', '2014-09-04 11:28:58', '2014-09-04 11:28:58', '2014-09-04 11:28:58', '83cf0536-50e2-473f-80ed-74b11d665e12');
INSERT INTO `di_migrations` (`id`, `pluginId`, `version`, `applyTime`, `dateCreated`, `dateUpdated`, `uid`) VALUES ('27', NULL, 'm140401_000017_add_transform_quality', '2014-09-04 11:28:58', '2014-09-04 11:28:58', '2014-09-04 11:28:58', 'eba80518-2b4f-48d9-9bea-0b73b473615f');
INSERT INTO `di_migrations` (`id`, `pluginId`, `version`, `applyTime`, `dateCreated`, `dateUpdated`, `uid`) VALUES ('28', NULL, 'm140401_000018_locale_routes', '2014-09-04 11:28:58', '2014-09-04 11:28:58', '2014-09-04 11:28:58', 'b201fc9d-0929-47ec-8c54-813e9b794b59');
INSERT INTO `di_migrations` (`id`, `pluginId`, `version`, `applyTime`, `dateCreated`, `dateUpdated`, `uid`) VALUES ('29', NULL, 'm140401_000019_editions', '2014-09-04 11:28:58', '2014-09-04 11:28:58', '2014-09-04 11:28:58', 'd718a3df-36d5-4ad9-bed0-4c5ec70b16f4');
INSERT INTO `di_migrations` (`id`, `pluginId`, `version`, `applyTime`, `dateCreated`, `dateUpdated`, `uid`) VALUES ('30', NULL, 'm140401_000019_rackspace_auth_api', '2014-09-04 11:28:58', '2014-09-04 11:28:58', '2014-09-04 11:28:58', '8f483cd0-347b-4e4f-aa4f-7f259761b065');
INSERT INTO `di_migrations` (`id`, `pluginId`, `version`, `applyTime`, `dateCreated`, `dateUpdated`, `uid`) VALUES ('31', NULL, 'm140401_000020_deprecationerrors_table', '2014-09-04 11:28:58', '2014-09-04 11:28:58', '2014-09-04 11:28:58', '40e0be75-81d9-4de4-a2f6-742f947d48af');
INSERT INTO `di_migrations` (`id`, `pluginId`, `version`, `applyTime`, `dateCreated`, `dateUpdated`, `uid`) VALUES ('32', NULL, 'm140401_000021_client_user', '2014-09-04 11:28:58', '2014-09-04 11:28:58', '2014-09-04 11:28:58', 'ab46acd8-64a0-45b1-bf9f-0011686aad79');
INSERT INTO `di_migrations` (`id`, `pluginId`, `version`, `applyTime`, `dateCreated`, `dateUpdated`, `uid`) VALUES ('33', NULL, 'm140401_100000_resave_elements', '2014-09-04 11:28:58', '2014-09-04 11:28:58', '2014-09-04 11:28:58', '97eda141-3a78-4ebd-b768-d01c738ff13c');
INSERT INTO `di_migrations` (`id`, `pluginId`, `version`, `applyTime`, `dateCreated`, `dateUpdated`, `uid`) VALUES ('34', NULL, 'm140401_100002_delete_compiled_templates', '2014-09-04 11:28:58', '2014-09-04 11:28:58', '2014-09-04 11:28:58', 'ed25702e-47d5-490a-8927-37862fbe0d17');
INSERT INTO `di_migrations` (`id`, `pluginId`, `version`, `applyTime`, `dateCreated`, `dateUpdated`, `uid`) VALUES ('35', NULL, 'm140403_000000_allow_orphan_assets_again', '2014-09-04 11:28:58', '2014-09-04 11:28:58', '2014-09-04 11:28:58', 'e7c0fcc1-b6bc-4297-8988-5827cc930c16');
INSERT INTO `di_migrations` (`id`, `pluginId`, `version`, `applyTime`, `dateCreated`, `dateUpdated`, `uid`) VALUES ('36', NULL, 'm140508_000000_fix_disabled_matrix_blocks', '2014-09-04 11:28:58', '2014-09-04 11:28:58', '2014-09-04 11:28:58', '7e5ef53f-3e4d-466d-85e5-20c2992189b5');
INSERT INTO `di_migrations` (`id`, `pluginId`, `version`, `applyTime`, `dateCreated`, `dateUpdated`, `uid`) VALUES ('37', NULL, 'm140520_000000_add_id_column_to_templatecachecriteria', '2014-09-04 11:28:58', '2014-09-04 11:28:58', '2014-09-04 11:28:58', '90f0183e-83bc-421e-b5f5-3b223cc758f0');
INSERT INTO `di_migrations` (`id`, `pluginId`, `version`, `applyTime`, `dateCreated`, `dateUpdated`, `uid`) VALUES ('38', NULL, 'm140603_000000_draft_names', '2014-09-04 11:28:58', '2014-09-04 11:28:58', '2014-09-04 11:28:58', '974357f4-c653-4153-a0b6-84de83cfc5ad');
INSERT INTO `di_migrations` (`id`, `pluginId`, `version`, `applyTime`, `dateCreated`, `dateUpdated`, `uid`) VALUES ('39', NULL, 'm140603_000001_draft_notes', '2014-09-04 11:28:58', '2014-09-04 11:28:58', '2014-09-04 11:28:58', '6d9b0487-a8a8-4779-8805-325afc713da9');
INSERT INTO `di_migrations` (`id`, `pluginId`, `version`, `applyTime`, `dateCreated`, `dateUpdated`, `uid`) VALUES ('40', NULL, 'm140603_000002_version_nums', '2014-09-04 11:28:58', '2014-09-04 11:28:58', '2014-09-04 11:28:58', '9672ede6-ac7e-489d-a813-d6442f2b1cc9');
INSERT INTO `di_migrations` (`id`, `pluginId`, `version`, `applyTime`, `dateCreated`, `dateUpdated`, `uid`) VALUES ('41', NULL, 'm140603_000003_version_toggling', '2014-09-04 11:28:58', '2014-09-04 11:28:58', '2014-09-04 11:28:58', '5e479fba-bb12-40c2-9ac5-1731751c9a96');
INSERT INTO `di_migrations` (`id`, `pluginId`, `version`, `applyTime`, `dateCreated`, `dateUpdated`, `uid`) VALUES ('42', NULL, 'm140603_000004_tokens', '2014-09-04 11:28:58', '2014-09-04 11:28:58', '2014-09-04 11:28:58', '3a9ff939-ce2e-4b7c-a074-8472271f0087');
INSERT INTO `di_migrations` (`id`, `pluginId`, `version`, `applyTime`, `dateCreated`, `dateUpdated`, `uid`) VALUES ('43', NULL, 'm140603_000005_asset_sources', '2014-09-04 11:28:58', '2014-09-04 11:28:58', '2014-09-04 11:28:58', 'fd99ac1d-e8e9-4d1e-abd2-cdc4e93f2e8b');
INSERT INTO `di_migrations` (`id`, `pluginId`, `version`, `applyTime`, `dateCreated`, `dateUpdated`, `uid`) VALUES ('44', NULL, 'm140716_000001_allow_temp_source_transforms_again', '2014-09-04 11:28:58', '2014-09-04 11:28:58', '2014-09-04 11:28:58', '0d157fef-96e5-4910-bc85-48fc98b59e0e');
INSERT INTO `di_migrations` (`id`, `pluginId`, `version`, `applyTime`, `dateCreated`, `dateUpdated`, `uid`) VALUES ('45', NULL, 'm140730_000001_add_filename_and_format_to_transformindex', '2014-09-04 11:28:58', '2014-09-04 11:28:58', '2014-09-04 11:28:58', '775b453c-2c5f-48f5-88d5-ef129dd87e4c');
INSERT INTO `di_migrations` (`id`, `pluginId`, `version`, `applyTime`, `dateCreated`, `dateUpdated`, `uid`) VALUES ('46', NULL, 'm140731_000001_resave_elements_with_assets_in_temp_sources', '2014-09-04 11:28:58', '2014-09-04 11:28:58', '2014-09-04 11:28:58', 'c9d28477-f41d-4531-b71e-69918222a534');
INSERT INTO `di_migrations` (`id`, `pluginId`, `version`, `applyTime`, `dateCreated`, `dateUpdated`, `uid`) VALUES ('47', NULL, 'm140815_000001_add_format_to_transforms', '2014-09-04 11:28:58', '2014-09-04 11:28:58', '2014-09-04 11:28:58', 'cce90f26-e011-4776-9933-fbd22b9b5fa1');
INSERT INTO `di_migrations` (`id`, `pluginId`, `version`, `applyTime`, `dateCreated`, `dateUpdated`, `uid`) VALUES ('48', NULL, 'm140822_000001_allow_more_than_128_items_per_field', '2014-09-04 11:28:58', '2014-09-04 11:28:58', '2014-09-04 11:28:58', 'dd7b2933-1716-4ff0-ad3c-6784abcad239');
INSERT INTO `di_migrations` (`id`, `pluginId`, `version`, `applyTime`, `dateCreated`, `dateUpdated`, `uid`) VALUES ('49', NULL, 'm140829_000001_single_title_formats', '2014-09-04 11:28:58', '2014-09-04 11:28:58', '2014-09-04 11:28:58', '8ca01d70-c3e9-4636-a67d-3f8736f19eee');
INSERT INTO `di_migrations` (`id`, `pluginId`, `version`, `applyTime`, `dateCreated`, `dateUpdated`, `uid`) VALUES ('50', NULL, 'm140831_000001_extended_cache_keys', '2014-09-04 11:28:58', '2014-09-04 11:28:58', '2014-09-04 11:28:58', 'a5d57ca3-d583-4f2a-be36-db5e3f5653c1');



--
-- Schema for table `di_plugins`
--

DROP TABLE IF EXISTS `di_plugins`;

CREATE TABLE `di_plugins` (
  `id` int(11) NOT NULL AUTO_INCREMENT,
  `class` varchar(150) COLLATE utf8_unicode_ci NOT NULL,
  `version` char(15) COLLATE utf8_unicode_ci NOT NULL,
  `enabled` tinyint(1) unsigned NOT NULL DEFAULT '0',
  `settings` text COLLATE utf8_unicode_ci,
  `installDate` datetime NOT NULL,
  `dateCreated` datetime NOT NULL,
  `dateUpdated` datetime NOT NULL,
  `uid` char(36) COLLATE utf8_unicode_ci NOT NULL DEFAULT '0',
  PRIMARY KEY (`id`)
) ENGINE=InnoDB AUTO_INCREMENT=2 DEFAULT CHARSET=utf8 COLLATE=utf8_unicode_ci;

--
-- Data for table `di_plugins`
--

INSERT INTO `di_plugins` (`id`, `class`, `version`, `enabled`, `settings`, `installDate`, `dateCreated`, `dateUpdated`, `uid`) VALUES ('1', 'Embedder', '0.9.0', '1', NULL, '2014-09-09 11:25:04', '2014-09-09 11:25:04', '2014-09-09 11:25:04', 'c29215a5-0fcf-403b-9f0c-ff7700481611');



--
-- Schema for table `di_rackspaceaccess`
--

DROP TABLE IF EXISTS `di_rackspaceaccess`;

CREATE TABLE `di_rackspaceaccess` (
  `id` int(11) NOT NULL AUTO_INCREMENT,
  `connectionKey` varchar(255) COLLATE utf8_unicode_ci NOT NULL,
  `token` varchar(255) COLLATE utf8_unicode_ci NOT NULL,
  `storageUrl` varchar(255) COLLATE utf8_unicode_ci NOT NULL,
  `cdnUrl` varchar(255) COLLATE utf8_unicode_ci NOT NULL,
  `dateCreated` datetime NOT NULL,
  `dateUpdated` datetime NOT NULL,
  `uid` char(36) COLLATE utf8_unicode_ci NOT NULL DEFAULT '0',
  PRIMARY KEY (`id`),
  UNIQUE KEY `di_rackspaceaccess_connectionKey_unq_idx` (`connectionKey`)
) ENGINE=InnoDB DEFAULT CHARSET=utf8 COLLATE=utf8_unicode_ci;

--
-- Schema for table `di_relations`
--

DROP TABLE IF EXISTS `di_relations`;

CREATE TABLE `di_relations` (
  `id` int(11) NOT NULL AUTO_INCREMENT,
  `fieldId` int(11) NOT NULL,
  `sourceId` int(11) NOT NULL,
  `sourceLocale` char(12) COLLATE utf8_unicode_ci DEFAULT NULL,
  `targetId` int(11) NOT NULL,
  `sortOrder` smallint(6) DEFAULT NULL,
  `dateCreated` datetime NOT NULL,
  `dateUpdated` datetime NOT NULL,
  `uid` char(36) COLLATE utf8_unicode_ci NOT NULL DEFAULT '0',
  PRIMARY KEY (`id`),
  UNIQUE KEY `di_relations_fieldId_sourceId_sourceLocale_targetId_unq_idx` (`fieldId`,`sourceId`,`sourceLocale`,`targetId`),
  KEY `di_relations_sourceId_fk` (`sourceId`),
  KEY `di_relations_sourceLocale_fk` (`sourceLocale`),
  KEY `di_relations_targetId_fk` (`targetId`)
) ENGINE=InnoDB AUTO_INCREMENT=208 DEFAULT CHARSET=utf8 COLLATE=utf8_unicode_ci;

--
-- Data for table `di_relations`
--

INSERT INTO `di_relations` (`id`, `fieldId`, `sourceId`, `sourceLocale`, `targetId`, `sortOrder`, `dateCreated`, `dateUpdated`, `uid`) VALUES ('123', '16', '2', NULL, '21', '1', '2014-09-08 10:53:01', '2014-09-08 10:53:01', 'efc17593-6485-4bed-9204-a942d58b8642');
INSERT INTO `di_relations` (`id`, `fieldId`, `sourceId`, `sourceLocale`, `targetId`, `sortOrder`, `dateCreated`, `dateUpdated`, `uid`) VALUES ('148', '15', '3', NULL, '7', '1', '2014-09-08 14:43:58', '2014-09-08 14:43:58', 'c46c1ec4-c0cb-4bc5-8860-0113ef0b3d7d');
INSERT INTO `di_relations` (`id`, `fieldId`, `sourceId`, `sourceLocale`, `targetId`, `sortOrder`, `dateCreated`, `dateUpdated`, `uid`) VALUES ('156', '16', '22', NULL, '21', '1', '2014-09-08 16:10:43', '2014-09-08 16:10:43', 'c9e92ffb-af3f-4eed-b492-777dbf1fec72');
INSERT INTO `di_relations` (`id`, `fieldId`, `sourceId`, `sourceLocale`, `targetId`, `sortOrder`, `dateCreated`, `dateUpdated`, `uid`) VALUES ('205', '6', '11', NULL, '5', '1', '2014-09-09 13:07:34', '2014-09-09 13:07:34', '074ab9c5-c22c-476d-972b-9795d90ccd76');
INSERT INTO `di_relations` (`id`, `fieldId`, `sourceId`, `sourceLocale`, `targetId`, `sortOrder`, `dateCreated`, `dateUpdated`, `uid`) VALUES ('206', '15', '4', NULL, '6', '1', '2014-09-09 13:07:34', '2014-09-09 13:07:34', 'd272f5e9-6f84-4294-8cd3-f4ff7de70402');
INSERT INTO `di_relations` (`id`, `fieldId`, `sourceId`, `sourceLocale`, `targetId`, `sortOrder`, `dateCreated`, `dateUpdated`, `uid`) VALUES ('207', '16', '4', NULL, '18', '1', '2014-09-09 13:07:34', '2014-09-09 13:07:34', 'a8e88846-cb8e-4072-a9fd-d011b3a88c80');



--
-- Schema for table `di_routes`
--

DROP TABLE IF EXISTS `di_routes`;

CREATE TABLE `di_routes` (
  `id` int(11) NOT NULL AUTO_INCREMENT,
  `locale` char(12) COLLATE utf8_unicode_ci DEFAULT NULL,
  `urlParts` varchar(255) COLLATE utf8_unicode_ci NOT NULL,
  `urlPattern` varchar(255) COLLATE utf8_unicode_ci NOT NULL,
  `template` varchar(255) COLLATE utf8_unicode_ci NOT NULL,
  `sortOrder` tinyint(4) DEFAULT NULL,
  `dateCreated` datetime NOT NULL,
  `dateUpdated` datetime NOT NULL,
  `uid` char(36) COLLATE utf8_unicode_ci NOT NULL DEFAULT '0',
  PRIMARY KEY (`id`),
  UNIQUE KEY `di_routes_urlPattern_unq_idx` (`urlPattern`),
  KEY `di_routes_locale_idx` (`locale`)
) ENGINE=InnoDB AUTO_INCREMENT=2 DEFAULT CHARSET=utf8 COLLATE=utf8_unicode_ci;

--
-- Data for table `di_routes`
--

INSERT INTO `di_routes` (`id`, `locale`, `urlParts`, `urlPattern`, `template`, `sortOrder`, `dateCreated`, `dateUpdated`, `uid`) VALUES ('1', NULL, '[\"countries\\/\",[\"page\",\"\\\\d+\"]]', 'countries\\/(?P<page>\\d+)', 'news/index', '1', '2014-09-08 14:05:17', '2014-09-08 14:09:32', 'c35da06c-997a-4da4-8ea0-4d8a2aaa4861');



--
-- Schema for table `di_searchindex`
--

DROP TABLE IF EXISTS `di_searchindex`;

CREATE TABLE `di_searchindex` (
  `elementId` int(11) NOT NULL,
  `attribute` varchar(25) COLLATE utf8_unicode_ci NOT NULL,
  `fieldId` int(11) NOT NULL,
  `locale` char(12) COLLATE utf8_unicode_ci NOT NULL,
  `keywords` text COLLATE utf8_unicode_ci NOT NULL,
  PRIMARY KEY (`elementId`,`attribute`,`fieldId`,`locale`),
  FULLTEXT KEY `di_searchindex_keywords_idx` (`keywords`)
) ENGINE=MyISAM DEFAULT CHARSET=utf8 COLLATE=utf8_unicode_ci;

--
-- Data for table `di_searchindex`
--

INSERT INTO `di_searchindex` (`elementId`, `attribute`, `fieldId`, `locale`, `keywords`) VALUES ('1', 'username', '0', 'en_gb', ' pwoods ');
INSERT INTO `di_searchindex` (`elementId`, `attribute`, `fieldId`, `locale`, `keywords`) VALUES ('1', 'firstname', '0', 'en_gb', '');
INSERT INTO `di_searchindex` (`elementId`, `attribute`, `fieldId`, `locale`, `keywords`) VALUES ('1', 'lastname', '0', 'en_gb', '');
INSERT INTO `di_searchindex` (`elementId`, `attribute`, `fieldId`, `locale`, `keywords`) VALUES ('1', 'fullname', '0', 'en_gb', '');
INSERT INTO `di_searchindex` (`elementId`, `attribute`, `fieldId`, `locale`, `keywords`) VALUES ('1', 'email', '0', 'en_gb', ' pwoods gcdtech com ');
INSERT INTO `di_searchindex` (`elementId`, `attribute`, `fieldId`, `locale`, `keywords`) VALUES ('1', 'slug', '0', 'en_gb', '');
INSERT INTO `di_searchindex` (`elementId`, `attribute`, `fieldId`, `locale`, `keywords`) VALUES ('2', 'field', '1', 'en_gb', ' welcome to dropinn ');
INSERT INTO `di_searchindex` (`elementId`, `attribute`, `fieldId`, `locale`, `keywords`) VALUES ('2', 'field', '2', 'en_gb', '');
INSERT INTO `di_searchindex` (`elementId`, `attribute`, `fieldId`, `locale`, `keywords`) VALUES ('17', 'field', '5', 'en_gb', ' asdasd ');
INSERT INTO `di_searchindex` (`elementId`, `attribute`, `fieldId`, `locale`, `keywords`) VALUES ('17', 'slug', '0', 'en_gb', '');
INSERT INTO `di_searchindex` (`elementId`, `attribute`, `fieldId`, `locale`, `keywords`) VALUES ('18', 'filename', '0', 'en_gb', ' forest hills hut 2745 jpg ');
INSERT INTO `di_searchindex` (`elementId`, `attribute`, `fieldId`, `locale`, `keywords`) VALUES ('18', 'extension', '0', 'en_gb', ' jpg ');
INSERT INTO `di_searchindex` (`elementId`, `attribute`, `fieldId`, `locale`, `keywords`) VALUES ('18', 'kind', '0', 'en_gb', ' image ');
INSERT INTO `di_searchindex` (`elementId`, `attribute`, `fieldId`, `locale`, `keywords`) VALUES ('18', 'slug', '0', 'en_gb', '');
INSERT INTO `di_searchindex` (`elementId`, `attribute`, `fieldId`, `locale`, `keywords`) VALUES ('18', 'title', '0', 'en_gb', ' forest hills hut 2745 ');
INSERT INTO `di_searchindex` (`elementId`, `attribute`, `fieldId`, `locale`, `keywords`) VALUES ('2', 'slug', '0', 'en_gb', ' homepage ');
INSERT INTO `di_searchindex` (`elementId`, `attribute`, `fieldId`, `locale`, `keywords`) VALUES ('2', 'title', '0', 'en_gb', ' homepage ');
INSERT INTO `di_searchindex` (`elementId`, `attribute`, `fieldId`, `locale`, `keywords`) VALUES ('3', 'field', '2', 'en_gb', '');
INSERT INTO `di_searchindex` (`elementId`, `attribute`, `fieldId`, `locale`, `keywords`) VALUES ('3', 'field', '15', 'en_gb', ' ukraine ');
INSERT INTO `di_searchindex` (`elementId`, `attribute`, `fieldId`, `locale`, `keywords`) VALUES ('3', 'field', '23', 'en_gb', '');
INSERT INTO `di_searchindex` (`elementId`, `attribute`, `fieldId`, `locale`, `keywords`) VALUES ('3', 'field', '14', 'en_gb', ' asd asd asd ');
INSERT INTO `di_searchindex` (`elementId`, `attribute`, `fieldId`, `locale`, `keywords`) VALUES ('3', 'field', '16', 'en_gb', '');
INSERT INTO `di_searchindex` (`elementId`, `attribute`, `fieldId`, `locale`, `keywords`) VALUES ('3', 'field', '17', 'en_gb', ' poster ');
INSERT INTO `di_searchindex` (`elementId`, `attribute`, `fieldId`, `locale`, `keywords`) VALUES ('3', 'field', '3', 'en_gb', '');
INSERT INTO `di_searchindex` (`elementId`, `attribute`, `fieldId`, `locale`, `keywords`) VALUES ('3', 'slug', '0', 'en_gb', ' we just installed craft ');
INSERT INTO `di_searchindex` (`elementId`, `attribute`, `fieldId`, `locale`, `keywords`) VALUES ('3', 'title', '0', 'en_gb', ' we just installed craft ');
INSERT INTO `di_searchindex` (`elementId`, `attribute`, `fieldId`, `locale`, `keywords`) VALUES ('4', 'field', '2', 'en_gb', ' 36522 tabby kitten white background phasellus diam odio venenatis et ultrices id condimentum vitae leo inset half lorem ipsum dolor sit amet consectetur adipiscing elit suspendisse nec finibus velit phasellus diam odio venenatis et ultrices id condimentum vitae leo maecenas rhoncus eu lacus ut venenatis lorem ipsum dolor sit amet consectetur adipiscing elit mauris ut ligula bibendum pretium ligula a pulvinar est suspendisse convallis sapien in fermentum maximus nunc risus consequat mauris eget pharetra odio justo eu nibh integer maximus molestie arcu ut porta nulla non urna sed turpis imperdiet dapibus sed vel dui donec fermentum placerat risus ut elementum ante venenatis sit amet suspendisse sit amet felis augue ras eu sem sit amet lacus tristique aliquet nam commodo pulvinar risus sed fermentum etiam consectetur ex ut aliquet semper nisl elit tempor leo sit amet feugiat eros leo ac mauris phasellus maximus semper ante ac tristique odio quisque at porta est id fringilla neque vestibulum eleifend ipsum vel iaculis tristique duis venenatis metus id gravida semper sed auctor blandit mauris phasellus sollicitudin fringilla est vitae gravida suspendisse potenti the doctrines of grace from desiring god on vimeo quisque tempus sapien eget ipsum viverra sodales suspendisse sollicitudin orci neque ac facilisis felis laoreet vitae donec at posuere sapien in vulputate nulla praesent neque diam sodales non convallis at ultrices at ex ut sagittis enim sit amet ex mattis non sodales orci pharetra interdum et malesuada fames ac ante ipsum primis in faucibus maecenas posuere urna at lacus vehicula cursus morbi lacinia dolor nec lobortis auctor lectus magna sodales elit sed rhoncus elit justo quis elit cras at tortor elit morbi faucibus est leo ullamcorper semper augue lacinia non curabitur eu tincidunt libero inset half sunday school pauline quilty judith dawson sunday school pauline quilty judith dawson tea coffee sharon aherne tea coffee sharon aherne rota a kittencras eu sem sit amet lacus tristique aliquet nam commodo pulvinar risus sed fermentum etiam consectetur ex ut aliquet semper nisl elit tempor leo sit amet feugiat eros leo ac mauris phasellus maximus semper ante ac tristique odio quisque at porta est id fringilla neque vestibulum eleifend ipsum vel iaculis tristique duis venenatis metus id gravida semper sed auctor blandit mauris phasellus sollicitudin fringilla est vitae gravida suspendisse potentis full bob smith http bbc co uk quisque tempus sapien eget ipsum viverra sodales suspendisse sollicitudin orci neque ac facilisis felis laoreet vitae donec at posuere sapien in vulputate nulla inset half http vimeo com 85111964 quisque tempus sapien eget ipsum viverra sodales suspendisse sollicitudin orci neque ac facilisis felis laoreet vitae donec at posuere sapien in vulputate nulla praesent neque diam sodales non convallis at ultrices at ex ut sagittis enim sit amet ex mattis non sodales orci pharetra interdum et malesuada fames ac ante ipsum primis in faucibus maecenas posuere urna at lacus vehicula cursus morbi lacinia dolor nec lobortis auctor lectus magna sodales elit sed rhoncus elit justo quis elit cras at tortor elit morbi faucibus est leo ullamcorper semper augue lacinia non curabitur eu tincidunt libero ');
INSERT INTO `di_searchindex` (`elementId`, `attribute`, `fieldId`, `locale`, `keywords`) VALUES ('4', 'field', '3', 'en_gb', '');
INSERT INTO `di_searchindex` (`elementId`, `attribute`, `fieldId`, `locale`, `keywords`) VALUES ('4', 'slug', '0', 'en_gb', ' the papers ');
INSERT INTO `di_searchindex` (`elementId`, `attribute`, `fieldId`, `locale`, `keywords`) VALUES ('4', 'title', '0', 'en_gb', ' the papers ');
INSERT INTO `di_searchindex` (`elementId`, `attribute`, `fieldId`, `locale`, `keywords`) VALUES ('5', 'filename', '0', 'en_gb', ' 36522 tabby kitten white background jpg ');
INSERT INTO `di_searchindex` (`elementId`, `attribute`, `fieldId`, `locale`, `keywords`) VALUES ('5', 'extension', '0', 'en_gb', ' jpg ');
INSERT INTO `di_searchindex` (`elementId`, `attribute`, `fieldId`, `locale`, `keywords`) VALUES ('5', 'kind', '0', 'en_gb', ' image ');
INSERT INTO `di_searchindex` (`elementId`, `attribute`, `fieldId`, `locale`, `keywords`) VALUES ('5', 'slug', '0', 'en_gb', '');
INSERT INTO `di_searchindex` (`elementId`, `attribute`, `fieldId`, `locale`, `keywords`) VALUES ('5', 'title', '0', 'en_gb', ' 36522 tabby kitten white background ');
INSERT INTO `di_searchindex` (`elementId`, `attribute`, `fieldId`, `locale`, `keywords`) VALUES ('6', 'slug', '0', 'en_gb', '');
INSERT INTO `di_searchindex` (`elementId`, `attribute`, `fieldId`, `locale`, `keywords`) VALUES ('6', 'title', '0', 'en_gb', ' burkina faso ');
INSERT INTO `di_searchindex` (`elementId`, `attribute`, `fieldId`, `locale`, `keywords`) VALUES ('7', 'slug', '0', 'en_gb', '');
INSERT INTO `di_searchindex` (`elementId`, `attribute`, `fieldId`, `locale`, `keywords`) VALUES ('7', 'title', '0', 'en_gb', ' ukraine ');
INSERT INTO `di_searchindex` (`elementId`, `attribute`, `fieldId`, `locale`, `keywords`) VALUES ('4', 'field', '1', 'en_gb', ' maecenas rhoncus eu lacus ut venenatis ');
INSERT INTO `di_searchindex` (`elementId`, `attribute`, `fieldId`, `locale`, `keywords`) VALUES ('4', 'field', '4', 'en_gb', '');
INSERT INTO `di_searchindex` (`elementId`, `attribute`, `fieldId`, `locale`, `keywords`) VALUES ('8', 'name', '0', 'en_gb', ' burkina faso ');
INSERT INTO `di_searchindex` (`elementId`, `attribute`, `fieldId`, `locale`, `keywords`) VALUES ('8', 'slug', '0', 'en_gb', '');
INSERT INTO `di_searchindex` (`elementId`, `attribute`, `fieldId`, `locale`, `keywords`) VALUES ('11', 'field', '7', 'en_gb', ' inset half ');
INSERT INTO `di_searchindex` (`elementId`, `attribute`, `fieldId`, `locale`, `keywords`) VALUES ('9', 'field', '5', 'en_gb', ' lorem ipsum dolor sit amet consectetur adipiscing elit suspendisse nec finibus velit phasellus diam odio venenatis et ultrices id condimentum vitae leo maecenas rhoncus eu lacus ut venenatis lorem ipsum dolor sit amet consectetur adipiscing elit mauris ut ligula bibendum pretium ligula a pulvinar est suspendisse convallis sapien in fermentum maximus nunc risus consequat mauris eget pharetra odio justo eu nibh integer maximus molestie arcu ut porta nulla non urna sed turpis imperdiet dapibus sed vel dui donec fermentum placerat risus ut elementum ante venenatis sit amet suspendisse sit amet felis augue ras eu sem sit amet lacus tristique aliquet nam commodo pulvinar risus sed fermentum etiam consectetur ex ut aliquet semper nisl elit tempor leo sit amet feugiat eros leo ac mauris phasellus maximus semper ante ac tristique odio quisque at porta est id fringilla neque vestibulum eleifend ipsum vel iaculis tristique duis venenatis metus id gravida semper sed auctor blandit mauris phasellus sollicitudin fringilla est vitae gravida suspendisse potenti the doctrines of grace from desiring god on vimeo quisque tempus sapien eget ipsum viverra sodales suspendisse sollicitudin orci neque ac facilisis felis laoreet vitae donec at posuere sapien in vulputate nulla praesent neque diam sodales non convallis at ultrices at ex ut sagittis enim sit amet ex mattis non sodales orci pharetra interdum et malesuada fames ac ante ipsum primis in faucibus maecenas posuere urna at lacus vehicula cursus morbi lacinia dolor nec lobortis auctor lectus magna sodales elit sed rhoncus elit justo quis elit cras at tortor elit morbi faucibus est leo ullamcorper semper augue lacinia non curabitur eu tincidunt libero ');
INSERT INTO `di_searchindex` (`elementId`, `attribute`, `fieldId`, `locale`, `keywords`) VALUES ('9', 'slug', '0', 'en_gb', '');
INSERT INTO `di_searchindex` (`elementId`, `attribute`, `fieldId`, `locale`, `keywords`) VALUES ('10', 'field', '6', 'en_gb', ' 36522 tabby kitten white background ');
INSERT INTO `di_searchindex` (`elementId`, `attribute`, `fieldId`, `locale`, `keywords`) VALUES ('10', 'field', '7', 'en_gb', ' inset ');
INSERT INTO `di_searchindex` (`elementId`, `attribute`, `fieldId`, `locale`, `keywords`) VALUES ('10', 'field', '8', 'en_gb', ' blah blah ');
INSERT INTO `di_searchindex` (`elementId`, `attribute`, `fieldId`, `locale`, `keywords`) VALUES ('10', 'slug', '0', 'en_gb', '');
INSERT INTO `di_searchindex` (`elementId`, `attribute`, `fieldId`, `locale`, `keywords`) VALUES ('11', 'field', '6', 'en_gb', ' 36522 tabby kitten white background ');
INSERT INTO `di_searchindex` (`elementId`, `attribute`, `fieldId`, `locale`, `keywords`) VALUES ('11', 'field', '8', 'en_gb', ' phasellus diam odio venenatis et ultrices id condimentum vitae leo ');
INSERT INTO `di_searchindex` (`elementId`, `attribute`, `fieldId`, `locale`, `keywords`) VALUES ('11', 'slug', '0', 'en_gb', '');
INSERT INTO `di_searchindex` (`elementId`, `attribute`, `fieldId`, `locale`, `keywords`) VALUES ('12', 'field', '9', 'en_gb', ' a kitten ');
INSERT INTO `di_searchindex` (`elementId`, `attribute`, `fieldId`, `locale`, `keywords`) VALUES ('12', 'field', '10', 'en_gb', ' h2 ');
INSERT INTO `di_searchindex` (`elementId`, `attribute`, `fieldId`, `locale`, `keywords`) VALUES ('12', 'slug', '0', 'en_gb', '');
INSERT INTO `di_searchindex` (`elementId`, `attribute`, `fieldId`, `locale`, `keywords`) VALUES ('13', 'field', '11', 'en_gb', ' quisque tempus sapien eget ipsum viverra sodales suspendisse sollicitudin orci neque ac facilisis felis laoreet vitae donec at posuere sapien in vulputate nulla ');
INSERT INTO `di_searchindex` (`elementId`, `attribute`, `fieldId`, `locale`, `keywords`) VALUES ('13', 'field', '12', 'en_gb', ' bob smith ');
INSERT INTO `di_searchindex` (`elementId`, `attribute`, `fieldId`, `locale`, `keywords`) VALUES ('13', 'field', '13', 'en_gb', ' http bbc co uk ');
INSERT INTO `di_searchindex` (`elementId`, `attribute`, `fieldId`, `locale`, `keywords`) VALUES ('13', 'slug', '0', 'en_gb', '');
INSERT INTO `di_searchindex` (`elementId`, `attribute`, `fieldId`, `locale`, `keywords`) VALUES ('4', 'field', '14', 'en_gb', ' hello there ');
INSERT INTO `di_searchindex` (`elementId`, `attribute`, `fieldId`, `locale`, `keywords`) VALUES ('4', 'field', '15', 'en_gb', ' burkina faso ');
INSERT INTO `di_searchindex` (`elementId`, `attribute`, `fieldId`, `locale`, `keywords`) VALUES ('4', 'field', '16', 'en_gb', ' forest hills hut 2745 ');
INSERT INTO `di_searchindex` (`elementId`, `attribute`, `fieldId`, `locale`, `keywords`) VALUES ('4', 'field', '17', 'en_gb', ' poster ');
INSERT INTO `di_searchindex` (`elementId`, `attribute`, `fieldId`, `locale`, `keywords`) VALUES ('14', 'field', '5', 'en_gb', ' a kittencras eu sem sit amet lacus tristique aliquet nam commodo pulvinar risus sed fermentum etiam consectetur ex ut aliquet semper nisl elit tempor leo sit amet feugiat eros leo ac mauris phasellus maximus semper ante ac tristique odio quisque at porta est id fringilla neque vestibulum eleifend ipsum vel iaculis tristique duis venenatis metus id gravida semper sed auctor blandit mauris phasellus sollicitudin fringilla est vitae gravida suspendisse potentis ');
INSERT INTO `di_searchindex` (`elementId`, `attribute`, `fieldId`, `locale`, `keywords`) VALUES ('16', 'field', '5', 'en_gb', ' quisque tempus sapien eget ipsum viverra sodales suspendisse sollicitudin orci neque ac facilisis felis laoreet vitae donec at posuere sapien in vulputate nulla praesent neque diam sodales non convallis at ultrices at ex ut sagittis enim sit amet ex mattis non sodales orci pharetra interdum et malesuada fames ac ante ipsum primis in faucibus maecenas posuere urna at lacus vehicula cursus morbi lacinia dolor nec lobortis auctor lectus magna sodales elit sed rhoncus elit justo quis elit cras at tortor elit morbi faucibus est leo ullamcorper semper augue lacinia non curabitur eu tincidunt libero ');
INSERT INTO `di_searchindex` (`elementId`, `attribute`, `fieldId`, `locale`, `keywords`) VALUES ('14', 'slug', '0', 'en_gb', '');
INSERT INTO `di_searchindex` (`elementId`, `attribute`, `fieldId`, `locale`, `keywords`) VALUES ('15', 'field', '19', 'en_gb', ' rota ');
INSERT INTO `di_searchindex` (`elementId`, `attribute`, `fieldId`, `locale`, `keywords`) VALUES ('15', 'field', '20', 'en_gb', '');
INSERT INTO `di_searchindex` (`elementId`, `attribute`, `fieldId`, `locale`, `keywords`) VALUES ('15', 'field', '21', 'en_gb', ' sunday school pauline quilty judith dawson sunday school pauline quilty judith dawson tea coffee sharon aherne tea coffee sharon aherne ');
INSERT INTO `di_searchindex` (`elementId`, `attribute`, `fieldId`, `locale`, `keywords`) VALUES ('15', 'field', '22', 'en_gb', ' inset half ');
INSERT INTO `di_searchindex` (`elementId`, `attribute`, `fieldId`, `locale`, `keywords`) VALUES ('15', 'slug', '0', 'en_gb', '');
INSERT INTO `di_searchindex` (`elementId`, `attribute`, `fieldId`, `locale`, `keywords`) VALUES ('13', 'field', '18', 'en_gb', ' full ');
INSERT INTO `di_searchindex` (`elementId`, `attribute`, `fieldId`, `locale`, `keywords`) VALUES ('16', 'slug', '0', 'en_gb', '');
INSERT INTO `di_searchindex` (`elementId`, `attribute`, `fieldId`, `locale`, `keywords`) VALUES ('2', 'field', '16', 'en_gb', ' tree ');
INSERT INTO `di_searchindex` (`elementId`, `attribute`, `fieldId`, `locale`, `keywords`) VALUES ('2', 'field', '17', 'en_gb', ' fill ');
INSERT INTO `di_searchindex` (`elementId`, `attribute`, `fieldId`, `locale`, `keywords`) VALUES ('2', 'field', '14', 'en_gb', ' welcome to drop inn ministries ');
INSERT INTO `di_searchindex` (`elementId`, `attribute`, `fieldId`, `locale`, `keywords`) VALUES ('19', 'slug', '0', 'en_gb', ' shops ');
INSERT INTO `di_searchindex` (`elementId`, `attribute`, `fieldId`, `locale`, `keywords`) VALUES ('19', 'title', '0', 'en_gb', ' shops ');
INSERT INTO `di_searchindex` (`elementId`, `attribute`, `fieldId`, `locale`, `keywords`) VALUES ('20', 'field', '1', 'en_gb', ' shops ');
INSERT INTO `di_searchindex` (`elementId`, `attribute`, `fieldId`, `locale`, `keywords`) VALUES ('20', 'field', '16', 'en_gb', '');
INSERT INTO `di_searchindex` (`elementId`, `attribute`, `fieldId`, `locale`, `keywords`) VALUES ('20', 'field', '17', 'en_gb', ' poster ');
INSERT INTO `di_searchindex` (`elementId`, `attribute`, `fieldId`, `locale`, `keywords`) VALUES ('20', 'field', '23', 'en_gb', '');
INSERT INTO `di_searchindex` (`elementId`, `attribute`, `fieldId`, `locale`, `keywords`) VALUES ('20', 'field', '14', 'en_gb', '');
INSERT INTO `di_searchindex` (`elementId`, `attribute`, `fieldId`, `locale`, `keywords`) VALUES ('20', 'slug', '0', 'en_gb', ' shops ');
INSERT INTO `di_searchindex` (`elementId`, `attribute`, `fieldId`, `locale`, `keywords`) VALUES ('20', 'title', '0', 'en_gb', ' shops ');
INSERT INTO `di_searchindex` (`elementId`, `attribute`, `fieldId`, `locale`, `keywords`) VALUES ('21', 'filename', '0', 'en_gb', ' tree jpg ');
INSERT INTO `di_searchindex` (`elementId`, `attribute`, `fieldId`, `locale`, `keywords`) VALUES ('4', 'field', '23', 'en_gb', ' lorem ipsum dolor sit amet consectetur adipiscing elit suspendisse nec finibus velit phasellus diam odio venenatis et ultrices id condimentum vitae leo ');
INSERT INTO `di_searchindex` (`elementId`, `attribute`, `fieldId`, `locale`, `keywords`) VALUES ('21', 'extension', '0', 'en_gb', ' jpg ');
INSERT INTO `di_searchindex` (`elementId`, `attribute`, `fieldId`, `locale`, `keywords`) VALUES ('21', 'kind', '0', 'en_gb', ' image ');
INSERT INTO `di_searchindex` (`elementId`, `attribute`, `fieldId`, `locale`, `keywords`) VALUES ('21', 'slug', '0', 'en_gb', '');
INSERT INTO `di_searchindex` (`elementId`, `attribute`, `fieldId`, `locale`, `keywords`) VALUES ('21', 'title', '0', 'en_gb', ' tree ');
INSERT INTO `di_searchindex` (`elementId`, `attribute`, `fieldId`, `locale`, `keywords`) VALUES ('22', 'field', '1', 'en_gb', ' contact ');
INSERT INTO `di_searchindex` (`elementId`, `attribute`, `fieldId`, `locale`, `keywords`) VALUES ('22', 'field', '16', 'en_gb', ' tree ');
INSERT INTO `di_searchindex` (`elementId`, `attribute`, `fieldId`, `locale`, `keywords`) VALUES ('22', 'field', '17', 'en_gb', ' poster ');
INSERT INTO `di_searchindex` (`elementId`, `attribute`, `fieldId`, `locale`, `keywords`) VALUES ('22', 'field', '23', 'en_gb', ' drop inn ministries 171 dobbin rd richhill county armagh uk bt61 9lw ');
INSERT INTO `di_searchindex` (`elementId`, `attribute`, `fieldId`, `locale`, `keywords`) VALUES ('22', 'field', '14', 'en_gb', '');
INSERT INTO `di_searchindex` (`elementId`, `attribute`, `fieldId`, `locale`, `keywords`) VALUES ('22', 'slug', '0', 'en_gb', ' contact ');
INSERT INTO `di_searchindex` (`elementId`, `attribute`, `fieldId`, `locale`, `keywords`) VALUES ('22', 'title', '0', 'en_gb', ' contact ');
INSERT INTO `di_searchindex` (`elementId`, `attribute`, `fieldId`, `locale`, `keywords`) VALUES ('3', 'field', '1', 'en_gb', '');
INSERT INTO `di_searchindex` (`elementId`, `attribute`, `fieldId`, `locale`, `keywords`) VALUES ('23', 'field', '25', 'en_gb', ' inset half ');
INSERT INTO `di_searchindex` (`elementId`, `attribute`, `fieldId`, `locale`, `keywords`) VALUES ('23', 'field', '24', 'en_gb', ' http vimeo com 85111964 ');
INSERT INTO `di_searchindex` (`elementId`, `attribute`, `fieldId`, `locale`, `keywords`) VALUES ('23', 'slug', '0', 'en_gb', '');



--
-- Schema for table `di_sections`
--

DROP TABLE IF EXISTS `di_sections`;

CREATE TABLE `di_sections` (
  `id` int(11) NOT NULL AUTO_INCREMENT,
  `structureId` int(11) DEFAULT NULL,
  `name` varchar(255) COLLATE utf8_unicode_ci NOT NULL,
  `handle` varchar(255) COLLATE utf8_unicode_ci NOT NULL,
  `type` enum('single','channel','structure') COLLATE utf8_unicode_ci NOT NULL DEFAULT 'channel',
  `hasUrls` tinyint(1) unsigned NOT NULL DEFAULT '1',
  `template` varchar(500) COLLATE utf8_unicode_ci DEFAULT NULL,
  `enableVersioning` tinyint(1) unsigned NOT NULL DEFAULT '0',
  `dateCreated` datetime NOT NULL,
  `dateUpdated` datetime NOT NULL,
  `uid` char(36) COLLATE utf8_unicode_ci NOT NULL DEFAULT '0',
  PRIMARY KEY (`id`),
  UNIQUE KEY `di_sections_name_unq_idx` (`name`),
  UNIQUE KEY `di_sections_handle_unq_idx` (`handle`),
  KEY `di_sections_structureId_fk` (`structureId`)
) ENGINE=InnoDB AUTO_INCREMENT=6 DEFAULT CHARSET=utf8 COLLATE=utf8_unicode_ci;

--
-- Data for table `di_sections`
--

INSERT INTO `di_sections` (`id`, `structureId`, `name`, `handle`, `type`, `hasUrls`, `template`, `enableVersioning`, `dateCreated`, `dateUpdated`, `uid`) VALUES ('1', NULL, 'Homepage', 'homepage', 'single', '1', 'index', '1', '2014-09-04 11:28:59', '2014-09-04 11:28:59', '186e5f18-b4e2-47f3-91bf-025ae232b3b3');
INSERT INTO `di_sections` (`id`, `structureId`, `name`, `handle`, `type`, `hasUrls`, `template`, `enableVersioning`, `dateCreated`, `dateUpdated`, `uid`) VALUES ('2', NULL, 'News', 'news', 'channel', '1', 'news/_entry', '1', '2014-09-04 11:28:59', '2014-09-04 11:28:59', '33068a0b-7efc-43de-8866-b2ccb41577b7');
INSERT INTO `di_sections` (`id`, `structureId`, `name`, `handle`, `type`, `hasUrls`, `template`, `enableVersioning`, `dateCreated`, `dateUpdated`, `uid`) VALUES ('4', NULL, 'Shops', 'shops', 'single', '1', 'shops', '1', '2014-09-08 08:41:38', '2014-09-08 08:41:38', 'e2e7f2bc-02e8-4ff2-b885-12fef13581e4');
INSERT INTO `di_sections` (`id`, `structureId`, `name`, `handle`, `type`, `hasUrls`, `template`, `enableVersioning`, `dateCreated`, `dateUpdated`, `uid`) VALUES ('5', NULL, 'Contact', 'contact', 'single', '1', 'contact', '1', '2014-09-08 13:06:50', '2014-09-08 13:06:50', '6712f3f4-f3e8-42ed-8258-9854d5e6bff7');



--
-- Schema for table `di_sections_i18n`
--

DROP TABLE IF EXISTS `di_sections_i18n`;

CREATE TABLE `di_sections_i18n` (
  `id` int(11) NOT NULL AUTO_INCREMENT,
  `sectionId` int(11) NOT NULL,
  `locale` char(12) COLLATE utf8_unicode_ci NOT NULL,
  `enabledByDefault` tinyint(1) unsigned NOT NULL DEFAULT '1',
  `urlFormat` varchar(255) COLLATE utf8_unicode_ci DEFAULT NULL,
  `nestedUrlFormat` varchar(255) COLLATE utf8_unicode_ci DEFAULT NULL,
  `dateCreated` datetime NOT NULL,
  `dateUpdated` datetime NOT NULL,
  `uid` char(36) COLLATE utf8_unicode_ci NOT NULL DEFAULT '0',
  PRIMARY KEY (`id`),
  UNIQUE KEY `di_sections_i18n_sectionId_locale_unq_idx` (`sectionId`,`locale`),
  KEY `di_sections_i18n_locale_fk` (`locale`)
) ENGINE=InnoDB AUTO_INCREMENT=6 DEFAULT CHARSET=utf8 COLLATE=utf8_unicode_ci;

--
-- Data for table `di_sections_i18n`
--

INSERT INTO `di_sections_i18n` (`id`, `sectionId`, `locale`, `enabledByDefault`, `urlFormat`, `nestedUrlFormat`, `dateCreated`, `dateUpdated`, `uid`) VALUES ('1', '1', 'en_gb', '1', '__home__', NULL, '2014-09-04 11:28:59', '2014-09-04 11:28:59', '019b52ce-8941-4f8b-9298-75d1d7e1718a');
INSERT INTO `di_sections_i18n` (`id`, `sectionId`, `locale`, `enabledByDefault`, `urlFormat`, `nestedUrlFormat`, `dateCreated`, `dateUpdated`, `uid`) VALUES ('2', '2', 'en_gb', '1', 'news/{postDate.year}/{slug}', NULL, '2014-09-04 11:28:59', '2014-09-04 11:28:59', 'ef02d134-cd06-4b7c-af79-97072a873269');
INSERT INTO `di_sections_i18n` (`id`, `sectionId`, `locale`, `enabledByDefault`, `urlFormat`, `nestedUrlFormat`, `dateCreated`, `dateUpdated`, `uid`) VALUES ('4', '4', 'en_gb', '0', 'shops', NULL, '2014-09-08 08:41:38', '2014-09-08 08:41:38', '4c775d44-1df4-4fca-a6f0-b447e2eea72f');
INSERT INTO `di_sections_i18n` (`id`, `sectionId`, `locale`, `enabledByDefault`, `urlFormat`, `nestedUrlFormat`, `dateCreated`, `dateUpdated`, `uid`) VALUES ('5', '5', 'en_gb', '0', 'contact', NULL, '2014-09-08 13:06:50', '2014-09-08 13:06:50', 'c451d55a-9702-4c5b-bc06-c20861a229e0');



--
-- Schema for table `di_sessions`
--

DROP TABLE IF EXISTS `di_sessions`;

CREATE TABLE `di_sessions` (
  `id` int(11) NOT NULL AUTO_INCREMENT,
  `userId` int(11) NOT NULL,
  `token` char(100) COLLATE utf8_unicode_ci NOT NULL,
  `dateCreated` datetime NOT NULL,
  `dateUpdated` datetime NOT NULL,
  `uid` char(36) COLLATE utf8_unicode_ci NOT NULL DEFAULT '0',
  PRIMARY KEY (`id`),
  KEY `di_sessions_uid_idx` (`uid`),
  KEY `di_sessions_token_idx` (`token`),
  KEY `di_sessions_dateUpdated_idx` (`dateUpdated`),
  KEY `di_sessions_userId_fk` (`userId`)
) ENGINE=InnoDB AUTO_INCREMENT=8 DEFAULT CHARSET=utf8 COLLATE=utf8_unicode_ci;

--
-- Data for table `di_sessions`
--

INSERT INTO `di_sessions` (`id`, `userId`, `token`, `dateCreated`, `dateUpdated`, `uid`) VALUES ('1', '1', '2615d42287b6c24d0fdf044441e009564be946a9czozNjoiYzU3MjcyMWEtZTQ0NS00YzVjLWFhMDMtY2VmYjdhMDQ0NTFlIjs=', '2014-09-04 11:28:59', '2014-09-04 11:28:59', '43b898f5-7694-4ac9-a798-08879b1d0f42');
INSERT INTO `di_sessions` (`id`, `userId`, `token`, `dateCreated`, `dateUpdated`, `uid`) VALUES ('2', '1', '21ed176dbcf2d1f3907524ede5ec941a05b29ba5czozNjoiMmRmNTRmZGQtNDdmZS00Y2VjLTgyNjQtZDYyNzQzZGM5ZjM0Ijs=', '2014-09-05 07:18:10', '2014-09-05 07:18:10', 'b77062ac-27dc-4eda-a92a-922ad6ba1c19');
INSERT INTO `di_sessions` (`id`, `userId`, `token`, `dateCreated`, `dateUpdated`, `uid`) VALUES ('3', '1', 'd58189832def8307900fd6434df40d7664537f30czozNjoiYTIzOTY0YjAtYTJiOS00MTBjLTk5NTEtYjk2YWUwMGI5MzJlIjs=', '2014-09-08 08:15:43', '2014-09-08 08:15:43', '86045869-79c4-44cd-b783-8f2ebbfafd47');
INSERT INTO `di_sessions` (`id`, `userId`, `token`, `dateCreated`, `dateUpdated`, `uid`) VALUES ('4', '1', '18266453c79e8e855340afc33af3adce7bad9f49czozNjoiZmE3MDE1NWEtMmI5NS00NWE5LThhM2QtOTNkMzA4NmNjZjA0Ijs=', '2014-09-08 12:59:23', '2014-09-08 12:59:23', '892d96d1-3c05-4086-86b8-61a639af898b');
INSERT INTO `di_sessions` (`id`, `userId`, `token`, `dateCreated`, `dateUpdated`, `uid`) VALUES ('5', '1', '4fce09f3d6327f3abae16518716314b7203f8c59czozNjoiYzZlMGMxODItNDRkYi00N2Y2LWI2OWEtZTdkYzMzYjVjOWUyIjs=', '2014-09-09 07:29:24', '2014-09-09 07:29:24', '61fce473-f7ff-48f5-b105-fbfc2aae431c');
INSERT INTO `di_sessions` (`id`, `userId`, `token`, `dateCreated`, `dateUpdated`, `uid`) VALUES ('6', '1', '8631bc00990caec893c3a7dd23e053008096140eczozNjoiM2Y1MmI1ZjQtY2Y5YS00OWU1LThjY2EtZTMxNzBkOGY1MDMwIjs=', '2014-09-09 09:14:50', '2014-09-09 09:14:50', '4c392822-06c1-41b0-8b50-8081d4f71853');
INSERT INTO `di_sessions` (`id`, `userId`, `token`, `dateCreated`, `dateUpdated`, `uid`) VALUES ('7', '1', 'd33f8df2e066518b487483a2e86e231711c8275eczozNjoiZGNiYWRlN2YtZDVhOS00NDg5LWI0MjMtODgwZTYwMjAxMzk1Ijs=', '2014-09-09 12:51:15', '2014-09-09 12:51:15', '11897408-7c2d-47e1-8b63-a7042c83377b');



--
-- Schema for table `di_shunnedmessages`
--

DROP TABLE IF EXISTS `di_shunnedmessages`;

CREATE TABLE `di_shunnedmessages` (
  `id` int(11) NOT NULL AUTO_INCREMENT,
  `userId` int(11) NOT NULL,
  `message` varchar(255) COLLATE utf8_unicode_ci NOT NULL,
  `expiryDate` datetime DEFAULT NULL,
  `dateCreated` datetime NOT NULL,
  `dateUpdated` datetime NOT NULL,
  `uid` char(36) COLLATE utf8_unicode_ci NOT NULL DEFAULT '0',
  PRIMARY KEY (`id`),
  UNIQUE KEY `di_shunnedmessages_userId_message_unq_idx` (`userId`,`message`)
) ENGINE=InnoDB DEFAULT CHARSET=utf8 COLLATE=utf8_unicode_ci;

--
-- Schema for table `di_structureelements`
--

DROP TABLE IF EXISTS `di_structureelements`;

CREATE TABLE `di_structureelements` (
  `id` int(11) NOT NULL AUTO_INCREMENT,
  `structureId` int(11) NOT NULL,
  `elementId` int(11) DEFAULT NULL,
  `root` int(11) unsigned DEFAULT NULL,
  `lft` int(11) unsigned NOT NULL,
  `rgt` int(11) unsigned NOT NULL,
  `level` smallint(6) unsigned NOT NULL,
  `dateCreated` datetime NOT NULL,
  `dateUpdated` datetime NOT NULL,
  `uid` char(36) COLLATE utf8_unicode_ci NOT NULL DEFAULT '0',
  PRIMARY KEY (`id`),
  UNIQUE KEY `di_structureelements_structureId_elementId_unq_idx` (`structureId`,`elementId`),
  KEY `di_structureelements_root_idx` (`root`),
  KEY `di_structureelements_lft_idx` (`lft`),
  KEY `di_structureelements_rgt_idx` (`rgt`),
  KEY `di_structureelements_level_idx` (`level`),
  KEY `di_structureelements_elementId_fk` (`elementId`)
) ENGINE=InnoDB AUTO_INCREMENT=4 DEFAULT CHARSET=utf8 COLLATE=utf8_unicode_ci;

--
-- Data for table `di_structureelements`
--

INSERT INTO `di_structureelements` (`id`, `structureId`, `elementId`, `root`, `lft`, `rgt`, `level`, `dateCreated`, `dateUpdated`, `uid`) VALUES ('1', '1', NULL, '1', '1', '6', '0', '2014-09-04 13:09:04', '2014-09-04 13:09:04', '0d7e6709-29ec-4374-bfce-5e3a7a3a4fe0');
INSERT INTO `di_structureelements` (`id`, `structureId`, `elementId`, `root`, `lft`, `rgt`, `level`, `dateCreated`, `dateUpdated`, `uid`) VALUES ('2', '1', '6', '1', '2', '3', '1', '2014-09-04 13:09:04', '2014-09-04 13:09:04', '6578a1be-ca40-4a0e-8fe5-e6df93322957');
INSERT INTO `di_structureelements` (`id`, `structureId`, `elementId`, `root`, `lft`, `rgt`, `level`, `dateCreated`, `dateUpdated`, `uid`) VALUES ('3', '1', '7', '1', '4', '5', '1', '2014-09-04 13:09:17', '2014-09-04 13:09:17', '60f69120-ad1a-46ff-ab02-1ea2366745fb');



--
-- Schema for table `di_structures`
--

DROP TABLE IF EXISTS `di_structures`;

CREATE TABLE `di_structures` (
  `id` int(11) NOT NULL AUTO_INCREMENT,
  `maxLevels` smallint(6) unsigned DEFAULT NULL,
  `movePermission` varchar(255) COLLATE utf8_unicode_ci DEFAULT NULL,
  `dateCreated` datetime NOT NULL,
  `dateUpdated` datetime NOT NULL,
  `uid` char(36) COLLATE utf8_unicode_ci NOT NULL DEFAULT '0',
  PRIMARY KEY (`id`)
) ENGINE=InnoDB AUTO_INCREMENT=2 DEFAULT CHARSET=utf8 COLLATE=utf8_unicode_ci;

--
-- Data for table `di_structures`
--

INSERT INTO `di_structures` (`id`, `maxLevels`, `movePermission`, `dateCreated`, `dateUpdated`, `uid`) VALUES ('1', NULL, NULL, '2014-09-04 13:08:47', '2014-09-08 14:12:26', '3ff4be69-e83e-4504-823c-093c73eeaa7f');



--
-- Schema for table `di_systemsettings`
--

DROP TABLE IF EXISTS `di_systemsettings`;

CREATE TABLE `di_systemsettings` (
  `id` int(11) NOT NULL AUTO_INCREMENT,
  `category` varchar(15) COLLATE utf8_unicode_ci NOT NULL,
  `settings` text COLLATE utf8_unicode_ci,
  `dateCreated` datetime NOT NULL,
  `dateUpdated` datetime NOT NULL,
  `uid` char(36) COLLATE utf8_unicode_ci NOT NULL DEFAULT '0',
  PRIMARY KEY (`id`),
  UNIQUE KEY `di_systemsettings_category_unq_idx` (`category`)
) ENGINE=InnoDB AUTO_INCREMENT=2 DEFAULT CHARSET=utf8 COLLATE=utf8_unicode_ci;

--
-- Data for table `di_systemsettings`
--

INSERT INTO `di_systemsettings` (`id`, `category`, `settings`, `dateCreated`, `dateUpdated`, `uid`) VALUES ('1', 'email', '{\"protocol\":\"php\",\"emailAddress\":\"pwoods@gcdtech.com\",\"senderName\":\"Drop Inn\"}', '2014-09-04 11:28:59', '2014-09-04 11:28:59', '0e898dc8-4af8-47a2-94fc-4292f04a6b26');



--
-- Schema for table `di_taggroups`
--

DROP TABLE IF EXISTS `di_taggroups`;

CREATE TABLE `di_taggroups` (
  `id` int(11) NOT NULL AUTO_INCREMENT,
  `name` varchar(255) COLLATE utf8_unicode_ci NOT NULL,
  `handle` varchar(255) COLLATE utf8_unicode_ci NOT NULL,
  `fieldLayoutId` int(10) DEFAULT NULL,
  `dateCreated` datetime NOT NULL,
  `dateUpdated` datetime NOT NULL,
  `uid` char(36) COLLATE utf8_unicode_ci NOT NULL DEFAULT '0',
  PRIMARY KEY (`id`),
  UNIQUE KEY `di_taggroups_name_unq_idx` (`name`),
  UNIQUE KEY `di_taggroups_handle_unq_idx` (`handle`),
  KEY `di_taggroups_fieldLayoutId_fk` (`fieldLayoutId`)
) ENGINE=InnoDB AUTO_INCREMENT=4 DEFAULT CHARSET=utf8 COLLATE=utf8_unicode_ci;

--
-- Data for table `di_taggroups`
--

INSERT INTO `di_taggroups` (`id`, `name`, `handle`, `fieldLayoutId`, `dateCreated`, `dateUpdated`, `uid`) VALUES ('1', 'Country', 'country', '9', '2014-09-04 11:28:59', '2014-09-04 14:08:11', '6fe8ca28-4313-4e1d-9627-bea74ba2b59e');
INSERT INTO `di_taggroups` (`id`, `name`, `handle`, `fieldLayoutId`, `dateCreated`, `dateUpdated`, `uid`) VALUES ('2', 'Location', 'location', '10', '2014-09-04 14:08:38', '2014-09-04 14:08:38', 'f2200cdc-539c-458f-8966-6a06edc8de16');
INSERT INTO `di_taggroups` (`id`, `name`, `handle`, `fieldLayoutId`, `dateCreated`, `dateUpdated`, `uid`) VALUES ('3', 'Ministry', 'ministry', '11', '2014-09-04 14:08:52', '2014-09-04 14:08:52', '0d47a122-9dc1-4c81-9638-d0240629baa8');



--
-- Schema for table `di_tags`
--

DROP TABLE IF EXISTS `di_tags`;

CREATE TABLE `di_tags` (
  `id` int(11) NOT NULL,
  `groupId` int(11) NOT NULL,
  `name` varchar(255) COLLATE utf8_unicode_ci NOT NULL,
  `dateCreated` datetime NOT NULL,
  `dateUpdated` datetime NOT NULL,
  `uid` char(36) COLLATE utf8_unicode_ci NOT NULL DEFAULT '0',
  PRIMARY KEY (`id`),
  UNIQUE KEY `di_tags_name_groupId_unq_idx` (`name`,`groupId`),
  KEY `di_tags_groupId_fk` (`groupId`)
) ENGINE=InnoDB DEFAULT CHARSET=utf8 COLLATE=utf8_unicode_ci;

--
-- Data for table `di_tags`
--

INSERT INTO `di_tags` (`id`, `groupId`, `name`, `dateCreated`, `dateUpdated`, `uid`) VALUES ('8', '1', 'burkina-faso', '2014-09-04 14:22:09', '2014-09-04 14:22:09', 'ef834a9a-2095-495c-91dc-76b95ce13b51');



--
-- Schema for table `di_tasks`
--

DROP TABLE IF EXISTS `di_tasks`;

CREATE TABLE `di_tasks` (
  `id` int(11) NOT NULL AUTO_INCREMENT,
  `root` int(11) unsigned DEFAULT NULL,
  `lft` int(11) unsigned NOT NULL,
  `rgt` int(11) unsigned NOT NULL,
  `level` smallint(6) unsigned NOT NULL,
  `currentStep` int(11) unsigned DEFAULT NULL,
  `totalSteps` int(11) unsigned DEFAULT NULL,
  `status` enum('pending','error','running') COLLATE utf8_unicode_ci DEFAULT NULL,
  `type` varchar(150) COLLATE utf8_unicode_ci NOT NULL,
  `description` varchar(255) COLLATE utf8_unicode_ci DEFAULT NULL,
  `settings` text COLLATE utf8_unicode_ci,
  `dateCreated` datetime NOT NULL,
  `dateUpdated` datetime NOT NULL,
  `uid` char(36) COLLATE utf8_unicode_ci NOT NULL DEFAULT '0',
  PRIMARY KEY (`id`),
  KEY `di_tasks_root_idx` (`root`),
  KEY `di_tasks_lft_idx` (`lft`),
  KEY `di_tasks_rgt_idx` (`rgt`),
  KEY `di_tasks_level_idx` (`level`)
) ENGINE=InnoDB AUTO_INCREMENT=112 DEFAULT CHARSET=utf8 COLLATE=utf8_unicode_ci;

--
-- Schema for table `di_templatecachecriteria`
--

DROP TABLE IF EXISTS `di_templatecachecriteria`;

CREATE TABLE `di_templatecachecriteria` (
  `id` int(11) NOT NULL AUTO_INCREMENT,
  `cacheId` int(11) NOT NULL,
  `type` varchar(150) COLLATE utf8_unicode_ci NOT NULL,
  `criteria` text COLLATE utf8_unicode_ci NOT NULL,
  PRIMARY KEY (`id`),
  KEY `di_templatecachecriteria_cacheId_fk` (`cacheId`),
  KEY `di_templatecachecriteria_type_idx` (`type`)
) ENGINE=InnoDB DEFAULT CHARSET=utf8 COLLATE=utf8_unicode_ci;

--
-- Schema for table `di_templatecacheelements`
--

DROP TABLE IF EXISTS `di_templatecacheelements`;

CREATE TABLE `di_templatecacheelements` (
  `cacheId` int(11) NOT NULL,
  `elementId` int(11) NOT NULL,
  KEY `di_templatecacheelements_cacheId_fk` (`cacheId`),
  KEY `di_templatecacheelements_elementId_fk` (`elementId`)
) ENGINE=InnoDB DEFAULT CHARSET=utf8 COLLATE=utf8_unicode_ci;

--
-- Schema for table `di_templatecaches`
--

DROP TABLE IF EXISTS `di_templatecaches`;

CREATE TABLE `di_templatecaches` (
  `id` int(11) NOT NULL AUTO_INCREMENT,
  `cacheKey` varchar(255) COLLATE utf8_unicode_ci NOT NULL,
  `locale` char(12) COLLATE utf8_unicode_ci NOT NULL,
  `path` varchar(255) COLLATE utf8_unicode_ci DEFAULT NULL,
  `expiryDate` datetime NOT NULL,
  `body` mediumtext COLLATE utf8_unicode_ci NOT NULL,
  PRIMARY KEY (`id`),
  KEY `di_templatecaches_expiryDate_cacheKey_locale_path_idx` (`expiryDate`,`cacheKey`,`locale`,`path`),
  KEY `di_templatecaches_locale_fk` (`locale`)
) ENGINE=InnoDB DEFAULT CHARSET=utf8 COLLATE=utf8_unicode_ci;

--
-- Schema for table `di_tokens`
--

DROP TABLE IF EXISTS `di_tokens`;

CREATE TABLE `di_tokens` (
  `id` int(11) NOT NULL AUTO_INCREMENT,
  `token` char(32) COLLATE utf8_unicode_ci NOT NULL,
  `route` text COLLATE utf8_unicode_ci,
  `usageLimit` tinyint(3) unsigned DEFAULT NULL,
  `usageCount` tinyint(3) unsigned DEFAULT NULL,
  `expiryDate` datetime NOT NULL,
  `dateCreated` datetime NOT NULL,
  `dateUpdated` datetime NOT NULL,
  `uid` char(36) COLLATE utf8_unicode_ci NOT NULL DEFAULT '0',
  PRIMARY KEY (`id`),
  UNIQUE KEY `di_tokens_token_unq_idx` (`token`),
  KEY `di_tokens_expiryDate_idx` (`expiryDate`)
) ENGINE=InnoDB DEFAULT CHARSET=utf8 COLLATE=utf8_unicode_ci;

--
-- Schema for table `di_usergroups`
--

DROP TABLE IF EXISTS `di_usergroups`;

CREATE TABLE `di_usergroups` (
  `id` int(11) NOT NULL AUTO_INCREMENT,
  `name` varchar(255) COLLATE utf8_unicode_ci NOT NULL,
  `handle` varchar(255) COLLATE utf8_unicode_ci NOT NULL,
  `dateCreated` datetime NOT NULL,
  `dateUpdated` datetime NOT NULL,
  `uid` char(36) COLLATE utf8_unicode_ci NOT NULL DEFAULT '0',
  PRIMARY KEY (`id`)
) ENGINE=InnoDB DEFAULT CHARSET=utf8 COLLATE=utf8_unicode_ci;

--
-- Schema for table `di_usergroups_users`
--

DROP TABLE IF EXISTS `di_usergroups_users`;

CREATE TABLE `di_usergroups_users` (
  `id` int(11) NOT NULL AUTO_INCREMENT,
  `groupId` int(11) NOT NULL,
  `userId` int(11) NOT NULL,
  `dateCreated` datetime NOT NULL,
  `dateUpdated` datetime NOT NULL,
  `uid` char(36) COLLATE utf8_unicode_ci NOT NULL DEFAULT '0',
  PRIMARY KEY (`id`),
  UNIQUE KEY `di_usergroups_users_groupId_userId_unq_idx` (`groupId`,`userId`),
  KEY `di_usergroups_users_userId_fk` (`userId`)
) ENGINE=InnoDB DEFAULT CHARSET=utf8 COLLATE=utf8_unicode_ci;

--
-- Schema for table `di_userpermissions`
--

DROP TABLE IF EXISTS `di_userpermissions`;

CREATE TABLE `di_userpermissions` (
  `id` int(11) NOT NULL AUTO_INCREMENT,
  `name` varchar(255) COLLATE utf8_unicode_ci NOT NULL,
  `dateCreated` datetime NOT NULL,
  `dateUpdated` datetime NOT NULL,
  `uid` char(36) COLLATE utf8_unicode_ci NOT NULL DEFAULT '0',
  PRIMARY KEY (`id`),
  UNIQUE KEY `di_userpermissions_name_unq_idx` (`name`)
) ENGINE=InnoDB DEFAULT CHARSET=utf8 COLLATE=utf8_unicode_ci;

--
-- Schema for table `di_userpermissions_usergroups`
--

DROP TABLE IF EXISTS `di_userpermissions_usergroups`;

CREATE TABLE `di_userpermissions_usergroups` (
  `id` int(11) NOT NULL AUTO_INCREMENT,
  `permissionId` int(11) NOT NULL,
  `groupId` int(11) NOT NULL,
  `dateCreated` datetime NOT NULL,
  `dateUpdated` datetime NOT NULL,
  `uid` char(36) COLLATE utf8_unicode_ci NOT NULL DEFAULT '0',
  PRIMARY KEY (`id`),
  UNIQUE KEY `di_userpermissions_usergroups_permissionId_groupId_unq_idx` (`permissionId`,`groupId`),
  KEY `di_userpermissions_usergroups_groupId_fk` (`groupId`)
) ENGINE=InnoDB DEFAULT CHARSET=utf8 COLLATE=utf8_unicode_ci;

--
-- Schema for table `di_userpermissions_users`
--

DROP TABLE IF EXISTS `di_userpermissions_users`;

CREATE TABLE `di_userpermissions_users` (
  `id` int(11) NOT NULL AUTO_INCREMENT,
  `permissionId` int(11) NOT NULL,
  `userId` int(11) NOT NULL,
  `dateCreated` datetime NOT NULL,
  `dateUpdated` datetime NOT NULL,
  `uid` char(36) COLLATE utf8_unicode_ci NOT NULL DEFAULT '0',
  PRIMARY KEY (`id`),
  UNIQUE KEY `di_userpermissions_users_permissionId_userId_unq_idx` (`permissionId`,`userId`),
  KEY `di_userpermissions_users_userId_fk` (`userId`)
) ENGINE=InnoDB DEFAULT CHARSET=utf8 COLLATE=utf8_unicode_ci;

--
-- Schema for table `di_users`
--

DROP TABLE IF EXISTS `di_users`;

CREATE TABLE `di_users` (
  `id` int(11) NOT NULL,
  `username` varchar(100) COLLATE utf8_unicode_ci NOT NULL,
  `photo` varchar(50) COLLATE utf8_unicode_ci DEFAULT NULL,
  `firstName` varchar(100) COLLATE utf8_unicode_ci DEFAULT NULL,
  `lastName` varchar(100) COLLATE utf8_unicode_ci DEFAULT NULL,
  `email` varchar(255) COLLATE utf8_unicode_ci NOT NULL,
  `password` char(255) COLLATE utf8_unicode_ci DEFAULT NULL,
  `preferredLocale` char(12) COLLATE utf8_unicode_ci DEFAULT NULL,
  `admin` tinyint(1) unsigned NOT NULL DEFAULT '0',
  `client` tinyint(1) unsigned NOT NULL DEFAULT '0',
  `status` enum('active','locked','suspended','pending','archived') COLLATE utf8_unicode_ci DEFAULT 'pending',
  `lastLoginDate` datetime DEFAULT NULL,
  `lastLoginAttemptIPAddress` varchar(45) COLLATE utf8_unicode_ci DEFAULT NULL,
  `invalidLoginWindowStart` datetime DEFAULT NULL,
  `invalidLoginCount` tinyint(4) unsigned DEFAULT NULL,
  `lastInvalidLoginDate` datetime DEFAULT NULL,
  `lockoutDate` datetime DEFAULT NULL,
  `verificationCode` char(100) COLLATE utf8_unicode_ci DEFAULT NULL,
  `verificationCodeIssuedDate` datetime DEFAULT NULL,
  `unverifiedEmail` varchar(255) COLLATE utf8_unicode_ci DEFAULT NULL,
  `passwordResetRequired` tinyint(1) unsigned NOT NULL DEFAULT '0',
  `lastPasswordChangeDate` datetime DEFAULT NULL,
  `dateCreated` datetime NOT NULL,
  `dateUpdated` datetime NOT NULL,
  `uid` char(36) COLLATE utf8_unicode_ci NOT NULL DEFAULT '0',
  PRIMARY KEY (`id`),
  UNIQUE KEY `di_users_username_unq_idx` (`username`),
  UNIQUE KEY `di_users_email_unq_idx` (`email`),
  KEY `di_users_verificationCode_idx` (`verificationCode`),
  KEY `di_users_uid_idx` (`uid`),
  KEY `di_users_preferredLocale_fk` (`preferredLocale`)
) ENGINE=InnoDB DEFAULT CHARSET=utf8 COLLATE=utf8_unicode_ci;

--
-- Data for table `di_users`
--

INSERT INTO `di_users` (`id`, `username`, `photo`, `firstName`, `lastName`, `email`, `password`, `preferredLocale`, `admin`, `client`, `status`, `lastLoginDate`, `lastLoginAttemptIPAddress`, `invalidLoginWindowStart`, `invalidLoginCount`, `lastInvalidLoginDate`, `lockoutDate`, `verificationCode`, `verificationCodeIssuedDate`, `unverifiedEmail`, `passwordResetRequired`, `lastPasswordChangeDate`, `dateCreated`, `dateUpdated`, `uid`) VALUES ('1', 'pwoods', NULL, NULL, NULL, 'pwoods@gcdtech.com', '$2a$13$yCHHP2czP2kQVQx6FRgpy.2yCRbhsDBtFcpDE.1vPho4s430Rj5gO', NULL, '1', '0', 'active', '2014-09-09 12:51:15', '127.0.0.1', NULL, NULL, NULL, NULL, NULL, NULL, NULL, '0', '2014-09-04 11:28:58', '2014-09-04 11:28:58', '2014-09-09 12:51:15', 'ebab63cf-3111-4d69-b1e2-b1fa2414c81f');



--
-- Schema for table `di_widgets`
--

DROP TABLE IF EXISTS `di_widgets`;

CREATE TABLE `di_widgets` (
  `id` int(11) NOT NULL AUTO_INCREMENT,
  `userId` int(11) NOT NULL,
  `type` varchar(150) COLLATE utf8_unicode_ci NOT NULL,
  `sortOrder` tinyint(4) DEFAULT NULL,
  `settings` text COLLATE utf8_unicode_ci,
  `enabled` tinyint(1) unsigned NOT NULL DEFAULT '1',
  `dateCreated` datetime NOT NULL,
  `dateUpdated` datetime NOT NULL,
  `uid` char(36) COLLATE utf8_unicode_ci NOT NULL DEFAULT '0',
  PRIMARY KEY (`id`),
  KEY `di_widgets_userId_fk` (`userId`)
) ENGINE=InnoDB AUTO_INCREMENT=6 DEFAULT CHARSET=utf8 COLLATE=utf8_unicode_ci;

--
-- Data for table `di_widgets`
--

INSERT INTO `di_widgets` (`id`, `userId`, `type`, `sortOrder`, `settings`, `enabled`, `dateCreated`, `dateUpdated`, `uid`) VALUES ('1', '1', 'QuickPost', '1', '{\"section\":\"2\"}', '1', '2014-09-04 11:29:01', '2014-09-04 11:29:01', '5109ebf5-2b9a-4ee1-8835-d1e50e9c27a9');
INSERT INTO `di_widgets` (`id`, `userId`, `type`, `sortOrder`, `settings`, `enabled`, `dateCreated`, `dateUpdated`, `uid`) VALUES ('2', '1', 'RecentEntries', '2', NULL, '1', '2014-09-04 11:29:01', '2014-09-04 11:29:01', 'c3d3b88e-8284-4e62-9a69-636f64bc73c0');
INSERT INTO `di_widgets` (`id`, `userId`, `type`, `sortOrder`, `settings`, `enabled`, `dateCreated`, `dateUpdated`, `uid`) VALUES ('3', '1', 'GetHelp', '3', NULL, '1', '2014-09-04 11:29:01', '2014-09-04 11:29:01', 'd4427589-70a1-4101-9597-55dcaef5f9f4');
INSERT INTO `di_widgets` (`id`, `userId`, `type`, `sortOrder`, `settings`, `enabled`, `dateCreated`, `dateUpdated`, `uid`) VALUES ('4', '1', 'Updates', '4', NULL, '1', '2014-09-04 11:29:01', '2014-09-04 11:29:01', '500e495d-d0be-4cf1-8582-f64619a55a85');
INSERT INTO `di_widgets` (`id`, `userId`, `type`, `sortOrder`, `settings`, `enabled`, `dateCreated`, `dateUpdated`, `uid`) VALUES ('5', '1', 'Feed', '5', '{\"url\":\"http:\\/\\/feeds.feedburner.com\\/blogandtonic\",\"title\":\"Blog & Tonic\"}', '1', '2014-09-04 11:29:01', '2014-09-04 11:29:01', '110fb220-07de-4a91-a3ae-90a5689c4b53');


--
-- Constraints for tables
--


--
-- Constraints for table `di_assetfiles`
--
ALTER TABLE `di_assetfiles`
	ADD CONSTRAINT `di_assetfiles_folderId_fk` FOREIGN KEY (`folderId`) REFERENCES `di_assetfolders` (`id`) ON DELETE CASCADE,
	ADD CONSTRAINT `di_assetfiles_id_fk` FOREIGN KEY (`id`) REFERENCES `di_elements` (`id`) ON DELETE CASCADE,
	ADD CONSTRAINT `di_assetfiles_sourceId_fk` FOREIGN KEY (`sourceId`) REFERENCES `di_assetsources` (`id`) ON DELETE CASCADE;

--
-- Constraints for table `di_assetfolders`
--
ALTER TABLE `di_assetfolders`
	ADD CONSTRAINT `di_assetfolders_sourceId_fk` FOREIGN KEY (`sourceId`) REFERENCES `di_assetsources` (`id`) ON DELETE CASCADE,
	ADD CONSTRAINT `di_assetfolders_parentId_fk` FOREIGN KEY (`parentId`) REFERENCES `di_assetfolders` (`id`) ON DELETE CASCADE;

--
-- Constraints for table `di_assetindexdata`
--
ALTER TABLE `di_assetindexdata`
	ADD CONSTRAINT `di_assetindexdata_sourceId_fk` FOREIGN KEY (`sourceId`) REFERENCES `di_assetsources` (`id`) ON DELETE CASCADE;

--
-- Constraints for table `di_assetsources`
--
ALTER TABLE `di_assetsources`
	ADD CONSTRAINT `di_assetsources_fieldLayoutId_fk` FOREIGN KEY (`fieldLayoutId`) REFERENCES `di_fieldlayouts` (`id`) ON DELETE SET NULL;

--
-- Constraints for table `di_categories`
--
ALTER TABLE `di_categories`
	ADD CONSTRAINT `di_categories_groupId_fk` FOREIGN KEY (`groupId`) REFERENCES `di_categorygroups` (`id`) ON DELETE CASCADE,
	ADD CONSTRAINT `di_categories_id_fk` FOREIGN KEY (`id`) REFERENCES `di_elements` (`id`) ON DELETE CASCADE;

--
-- Constraints for table `di_categorygroups`
--
ALTER TABLE `di_categorygroups`
	ADD CONSTRAINT `di_categorygroups_fieldLayoutId_fk` FOREIGN KEY (`fieldLayoutId`) REFERENCES `di_fieldlayouts` (`id`) ON DELETE SET NULL,
	ADD CONSTRAINT `di_categorygroups_structureId_fk` FOREIGN KEY (`structureId`) REFERENCES `di_structures` (`id`) ON DELETE CASCADE;

--
-- Constraints for table `di_categorygroups_i18n`
--
ALTER TABLE `di_categorygroups_i18n`
	ADD CONSTRAINT `di_categorygroups_i18n_locale_fk` FOREIGN KEY (`locale`) REFERENCES `di_locales` (`locale`) ON DELETE CASCADE ON UPDATE CASCADE,
	ADD CONSTRAINT `di_categorygroups_i18n_groupId_fk` FOREIGN KEY (`groupId`) REFERENCES `di_categorygroups` (`id`) ON DELETE CASCADE;

--
-- Constraints for table `di_content`
--
ALTER TABLE `di_content`
	ADD CONSTRAINT `di_content_elementId_fk` FOREIGN KEY (`elementId`) REFERENCES `di_elements` (`id`) ON DELETE CASCADE,
	ADD CONSTRAINT `di_content_locale_fk` FOREIGN KEY (`locale`) REFERENCES `di_locales` (`locale`) ON DELETE CASCADE ON UPDATE CASCADE;

--
-- Constraints for table `di_elements_i18n`
--
ALTER TABLE `di_elements_i18n`
	ADD CONSTRAINT `di_elements_i18n_locale_fk` FOREIGN KEY (`locale`) REFERENCES `di_locales` (`locale`) ON DELETE CASCADE ON UPDATE CASCADE,
	ADD CONSTRAINT `di_elements_i18n_elementId_fk` FOREIGN KEY (`elementId`) REFERENCES `di_elements` (`id`) ON DELETE CASCADE;

--
-- Constraints for table `di_emailmessages`
--
ALTER TABLE `di_emailmessages`
	ADD CONSTRAINT `di_emailmessages_locale_fk` FOREIGN KEY (`locale`) REFERENCES `di_locales` (`locale`) ON DELETE CASCADE ON UPDATE CASCADE;

--
-- Constraints for table `di_entries`
--
ALTER TABLE `di_entries`
	ADD CONSTRAINT `di_entries_authorId_fk` FOREIGN KEY (`authorId`) REFERENCES `di_users` (`id`) ON DELETE CASCADE,
	ADD CONSTRAINT `di_entries_id_fk` FOREIGN KEY (`id`) REFERENCES `di_elements` (`id`) ON DELETE CASCADE,
	ADD CONSTRAINT `di_entries_sectionId_fk` FOREIGN KEY (`sectionId`) REFERENCES `di_sections` (`id`) ON DELETE CASCADE,
	ADD CONSTRAINT `di_entries_typeId_fk` FOREIGN KEY (`typeId`) REFERENCES `di_entrytypes` (`id`) ON DELETE CASCADE;

--
-- Constraints for table `di_entrydrafts`
--
ALTER TABLE `di_entrydrafts`
	ADD CONSTRAINT `di_entrydrafts_locale_fk` FOREIGN KEY (`locale`) REFERENCES `di_locales` (`locale`) ON DELETE CASCADE ON UPDATE CASCADE,
	ADD CONSTRAINT `di_entrydrafts_creatorId_fk` FOREIGN KEY (`creatorId`) REFERENCES `di_users` (`id`) ON DELETE CASCADE,
	ADD CONSTRAINT `di_entrydrafts_entryId_fk` FOREIGN KEY (`entryId`) REFERENCES `di_entries` (`id`) ON DELETE CASCADE,
	ADD CONSTRAINT `di_entrydrafts_sectionId_fk` FOREIGN KEY (`sectionId`) REFERENCES `di_sections` (`id`) ON DELETE CASCADE;

--
-- Constraints for table `di_entrytypes`
--
ALTER TABLE `di_entrytypes`
	ADD CONSTRAINT `di_entrytypes_fieldLayoutId_fk` FOREIGN KEY (`fieldLayoutId`) REFERENCES `di_fieldlayouts` (`id`) ON DELETE SET NULL,
	ADD CONSTRAINT `di_entrytypes_sectionId_fk` FOREIGN KEY (`sectionId`) REFERENCES `di_sections` (`id`) ON DELETE CASCADE;

--
-- Constraints for table `di_entryversions`
--
ALTER TABLE `di_entryversions`
	ADD CONSTRAINT `di_entryversions_locale_fk` FOREIGN KEY (`locale`) REFERENCES `di_locales` (`locale`) ON DELETE CASCADE ON UPDATE CASCADE,
	ADD CONSTRAINT `di_entryversions_creatorId_fk` FOREIGN KEY (`creatorId`) REFERENCES `di_users` (`id`) ON DELETE SET NULL,
	ADD CONSTRAINT `di_entryversions_entryId_fk` FOREIGN KEY (`entryId`) REFERENCES `di_entries` (`id`) ON DELETE CASCADE,
	ADD CONSTRAINT `di_entryversions_sectionId_fk` FOREIGN KEY (`sectionId`) REFERENCES `di_sections` (`id`) ON DELETE CASCADE;

--
-- Constraints for table `di_fieldlayoutfields`
--
ALTER TABLE `di_fieldlayoutfields`
	ADD CONSTRAINT `di_fieldlayoutfields_fieldId_fk` FOREIGN KEY (`fieldId`) REFERENCES `di_fields` (`id`) ON DELETE CASCADE,
	ADD CONSTRAINT `di_fieldlayoutfields_layoutId_fk` FOREIGN KEY (`layoutId`) REFERENCES `di_fieldlayouts` (`id`) ON DELETE CASCADE,
	ADD CONSTRAINT `di_fieldlayoutfields_tabId_fk` FOREIGN KEY (`tabId`) REFERENCES `di_fieldlayouttabs` (`id`) ON DELETE CASCADE;

--
-- Constraints for table `di_fieldlayouttabs`
--
ALTER TABLE `di_fieldlayouttabs`
	ADD CONSTRAINT `di_fieldlayouttabs_layoutId_fk` FOREIGN KEY (`layoutId`) REFERENCES `di_fieldlayouts` (`id`) ON DELETE CASCADE;

--
-- Constraints for table `di_fields`
--
ALTER TABLE `di_fields`
	ADD CONSTRAINT `di_fields_groupId_fk` FOREIGN KEY (`groupId`) REFERENCES `di_fieldgroups` (`id`) ON DELETE CASCADE;

--
-- Constraints for table `di_globalsets`
--
ALTER TABLE `di_globalsets`
	ADD CONSTRAINT `di_globalsets_fieldLayoutId_fk` FOREIGN KEY (`fieldLayoutId`) REFERENCES `di_fieldlayouts` (`id`) ON DELETE SET NULL,
	ADD CONSTRAINT `di_globalsets_id_fk` FOREIGN KEY (`id`) REFERENCES `di_elements` (`id`) ON DELETE CASCADE;

--
-- Constraints for table `di_matrixblocks`
--
ALTER TABLE `di_matrixblocks`
	ADD CONSTRAINT `di_matrixblocks_typeId_fk` FOREIGN KEY (`typeId`) REFERENCES `di_matrixblocktypes` (`id`) ON DELETE CASCADE,
	ADD CONSTRAINT `di_matrixblocks_fieldId_fk` FOREIGN KEY (`fieldId`) REFERENCES `di_fields` (`id`) ON DELETE CASCADE,
	ADD CONSTRAINT `di_matrixblocks_id_fk` FOREIGN KEY (`id`) REFERENCES `di_elements` (`id`) ON DELETE CASCADE,
	ADD CONSTRAINT `di_matrixblocks_ownerId_fk` FOREIGN KEY (`ownerId`) REFERENCES `di_elements` (`id`) ON DELETE CASCADE,
	ADD CONSTRAINT `di_matrixblocks_ownerLocale_fk` FOREIGN KEY (`ownerLocale`) REFERENCES `di_locales` (`locale`) ON DELETE CASCADE ON UPDATE CASCADE;

--
-- Constraints for table `di_matrixblocktypes`
--
ALTER TABLE `di_matrixblocktypes`
	ADD CONSTRAINT `di_matrixblocktypes_fieldLayoutId_fk` FOREIGN KEY (`fieldLayoutId`) REFERENCES `di_fieldlayouts` (`id`) ON DELETE SET NULL,
	ADD CONSTRAINT `di_matrixblocktypes_fieldId_fk` FOREIGN KEY (`fieldId`) REFERENCES `di_fields` (`id`) ON DELETE CASCADE;

--
-- Constraints for table `di_matrixcontent_body`
--
ALTER TABLE `di_matrixcontent_body`
	ADD CONSTRAINT `di_matrixcontent_body_elementId_fk` FOREIGN KEY (`elementId`) REFERENCES `di_elements` (`id`) ON DELETE CASCADE,
	ADD CONSTRAINT `di_matrixcontent_body_locale_fk` FOREIGN KEY (`locale`) REFERENCES `di_locales` (`locale`) ON DELETE CASCADE ON UPDATE CASCADE;

--
-- Constraints for table `di_migrations`
--
ALTER TABLE `di_migrations`
	ADD CONSTRAINT `di_migrations_pluginId_fk` FOREIGN KEY (`pluginId`) REFERENCES `di_plugins` (`id`) ON DELETE CASCADE;

--
-- Constraints for table `di_relations`
--
ALTER TABLE `di_relations`
	ADD CONSTRAINT `di_relations_targetId_fk` FOREIGN KEY (`targetId`) REFERENCES `di_elements` (`id`) ON DELETE CASCADE,
	ADD CONSTRAINT `di_relations_fieldId_fk` FOREIGN KEY (`fieldId`) REFERENCES `di_fields` (`id`) ON DELETE CASCADE,
	ADD CONSTRAINT `di_relations_sourceId_fk` FOREIGN KEY (`sourceId`) REFERENCES `di_elements` (`id`) ON DELETE CASCADE,
	ADD CONSTRAINT `di_relations_sourceLocale_fk` FOREIGN KEY (`sourceLocale`) REFERENCES `di_locales` (`locale`) ON DELETE CASCADE ON UPDATE CASCADE;

--
-- Constraints for table `di_routes`
--
ALTER TABLE `di_routes`
	ADD CONSTRAINT `di_routes_locale_fk` FOREIGN KEY (`locale`) REFERENCES `di_locales` (`locale`) ON DELETE CASCADE ON UPDATE CASCADE;

--
-- Constraints for table `di_sections`
--
ALTER TABLE `di_sections`
	ADD CONSTRAINT `di_sections_structureId_fk` FOREIGN KEY (`structureId`) REFERENCES `di_structures` (`id`) ON DELETE SET NULL;

--
-- Constraints for table `di_sections_i18n`
--
ALTER TABLE `di_sections_i18n`
	ADD CONSTRAINT `di_sections_i18n_locale_fk` FOREIGN KEY (`locale`) REFERENCES `di_locales` (`locale`) ON DELETE CASCADE ON UPDATE CASCADE,
	ADD CONSTRAINT `di_sections_i18n_sectionId_fk` FOREIGN KEY (`sectionId`) REFERENCES `di_sections` (`id`) ON DELETE CASCADE;

--
-- Constraints for table `di_sessions`
--
ALTER TABLE `di_sessions`
	ADD CONSTRAINT `di_sessions_userId_fk` FOREIGN KEY (`userId`) REFERENCES `di_users` (`id`) ON DELETE CASCADE;

--
-- Constraints for table `di_shunnedmessages`
--
ALTER TABLE `di_shunnedmessages`
	ADD CONSTRAINT `di_shunnedmessages_userId_fk` FOREIGN KEY (`userId`) REFERENCES `di_users` (`id`) ON DELETE CASCADE;

--
-- Constraints for table `di_structureelements`
--
ALTER TABLE `di_structureelements`
	ADD CONSTRAINT `di_structureelements_elementId_fk` FOREIGN KEY (`elementId`) REFERENCES `di_elements` (`id`) ON DELETE CASCADE,
	ADD CONSTRAINT `di_structureelements_structureId_fk` FOREIGN KEY (`structureId`) REFERENCES `di_structures` (`id`) ON DELETE CASCADE;

--
-- Constraints for table `di_taggroups`
--
ALTER TABLE `di_taggroups`
	ADD CONSTRAINT `di_taggroups_fieldLayoutId_fk` FOREIGN KEY (`fieldLayoutId`) REFERENCES `di_fieldlayouts` (`id`) ON DELETE SET NULL;

--
-- Constraints for table `di_tags`
--
ALTER TABLE `di_tags`
	ADD CONSTRAINT `di_tags_groupId_fk` FOREIGN KEY (`groupId`) REFERENCES `di_taggroups` (`id`) ON DELETE CASCADE,
	ADD CONSTRAINT `di_tags_id_fk` FOREIGN KEY (`id`) REFERENCES `di_elements` (`id`) ON DELETE CASCADE;

--
-- Constraints for table `di_templatecachecriteria`
--
ALTER TABLE `di_templatecachecriteria`
	ADD CONSTRAINT `di_templatecachecriteria_cacheId_fk` FOREIGN KEY (`cacheId`) REFERENCES `di_templatecaches` (`id`) ON DELETE CASCADE;

--
-- Constraints for table `di_templatecacheelements`
--
ALTER TABLE `di_templatecacheelements`
	ADD CONSTRAINT `di_templatecacheelements_elementId_fk` FOREIGN KEY (`elementId`) REFERENCES `di_elements` (`id`) ON DELETE CASCADE,
	ADD CONSTRAINT `di_templatecacheelements_cacheId_fk` FOREIGN KEY (`cacheId`) REFERENCES `di_templatecaches` (`id`) ON DELETE CASCADE;

--
-- Constraints for table `di_templatecaches`
--
ALTER TABLE `di_templatecaches`
	ADD CONSTRAINT `di_templatecaches_locale_fk` FOREIGN KEY (`locale`) REFERENCES `di_locales` (`locale`) ON DELETE CASCADE ON UPDATE CASCADE;

--
-- Constraints for table `di_usergroups_users`
--
ALTER TABLE `di_usergroups_users`
	ADD CONSTRAINT `di_usergroups_users_userId_fk` FOREIGN KEY (`userId`) REFERENCES `di_users` (`id`) ON DELETE CASCADE,
	ADD CONSTRAINT `di_usergroups_users_groupId_fk` FOREIGN KEY (`groupId`) REFERENCES `di_usergroups` (`id`) ON DELETE CASCADE;

--
-- Constraints for table `di_userpermissions_usergroups`
--
ALTER TABLE `di_userpermissions_usergroups`
	ADD CONSTRAINT `di_userpermissions_usergroups_groupId_fk` FOREIGN KEY (`groupId`) REFERENCES `di_usergroups` (`id`) ON DELETE CASCADE,
	ADD CONSTRAINT `di_userpermissions_usergroups_permissionId_fk` FOREIGN KEY (`permissionId`) REFERENCES `di_userpermissions` (`id`) ON DELETE CASCADE;

--
-- Constraints for table `di_userpermissions_users`
--
ALTER TABLE `di_userpermissions_users`
	ADD CONSTRAINT `di_userpermissions_users_userId_fk` FOREIGN KEY (`userId`) REFERENCES `di_users` (`id`) ON DELETE CASCADE,
	ADD CONSTRAINT `di_userpermissions_users_permissionId_fk` FOREIGN KEY (`permissionId`) REFERENCES `di_userpermissions` (`id`) ON DELETE CASCADE;

--
-- Constraints for table `di_users`
--
ALTER TABLE `di_users`
	ADD CONSTRAINT `di_users_preferredLocale_fk` FOREIGN KEY (`preferredLocale`) REFERENCES `di_locales` (`locale`) ON DELETE SET NULL ON UPDATE CASCADE,
	ADD CONSTRAINT `di_users_id_fk` FOREIGN KEY (`id`) REFERENCES `di_elements` (`id`) ON DELETE CASCADE;

--
-- Constraints for table `di_widgets`
--
ALTER TABLE `di_widgets`
	ADD CONSTRAINT `di_widgets_userId_fk` FOREIGN KEY (`userId`) REFERENCES `di_users` (`id`) ON DELETE CASCADE;

SET FOREIGN_KEY_CHECKS = 1;
